reviewId,competitor,user_type,theme,theme_level,severity,severity_weight,rating,text
68455a3cfaae5094c85745a9,Yell,Customer,Privacy / unwanted contact,Primary,Low,1,3,"They beg for reviews, it’s very irritating. Had 7 emails after the job was done.  

"
69aaeb931552c9b0e6e5aa45,Yell,Service Provider / Business,Poor ROI / expensive leads,Primary,Medium,2,1,"Dear Customer Services,



I am writing to raise a formal complaint regarding the advertising agreement I entered into with Yell in November, at a cost of £298.80 per month.



From the outset, the service has failed to deliver what was represented during the sales process. Since the agreement began, I have received no business leads whatsoever that can be attributed to Yell, which represents a complete lack of return on what is a significant monthly cost to my business.



Furthermore, at the beginning of the agreement I was promised an induction call/meeting in which I would be guided through the service and advised on how best to optimise the advertising and maximise enquiries. This induction never took place, meaning I was never given any professional guidance regarding the setup, content, or input required from my side in order for the advertising to perform effectively.



This failure at the very start of the agreement raises serious concerns about whether the service has ever been properly implemented.



My experience with customer support has also been extremely disappointing. During a phone call today with a member of your team, Rash, I explained that I wished to terminate the agreement due to the total absence of results. Rather than attempting to address the issue or escalate the complaint, I was simply told that the contract was for one year and could not be cancelled, after which the call was abruptly ended.



This level of service and handling of a customer complaint is not acceptable.



In addition, I must highlight that the service being delivered appears materially different from the service that was represented to me during the sales process. The agreement was entered into on the understanding that Yell’s advertising platform would actively generate customer enquiries for my business and that I would receive onboarding support to help optimise the listing. Given that no leads have been generated and the promised induction support was never provided, I am concerned that there has been a significant failure between the sales representation and the service actually delivered. I therefore request that this be reviewed as part of your formal complaints and compliance process.



Given:



The complete absence of leads or measurable return,
The failure to deliver the promised induction and onboarding support, and
The unsatisfactory response from your team when raising these issues,




I am formally requesting that this agreement be terminated without further financial obligation.



I must also state that, based on the difference between what was represented during the sales process and what has actually been delivered, I am concerned that the agreement may have been mis-sold. I would therefore ask that this matter be reviewed by your compliance or senior complaints team as part of this formal complaint.



If this matter cannot be resolved promptly, I will consider escalating the issue further, including submitting a complaint to the Advertising Standards Authority regarding the representations made during the sales process, and raising the matter with Trading Standards in relation to the service that has been delivered.



Please treat this message as a formal complaint and request for contract review. I would appreciate a written response within 7 days from a senior member of your customer services or account management team confirming how this matter will be resolved.



If I do not receive a satisfactory response within this timeframe, I will have little option but to review and formally dispute any further payments associated with this agreement while the complaint is under investigation.



Regards

Lee Davies

Countrywide Shutters

020 8656 6901

"
69aaeb931552c9b0e6e5aa45,Yell,Service Provider / Business,Customer support,Secondary,Medium,2,1,"Dear Customer Services,



I am writing to raise a formal complaint regarding the advertising agreement I entered into with Yell in November, at a cost of £298.80 per month.



From the outset, the service has failed to deliver what was represented during the sales process. Since the agreement began, I have received no business leads whatsoever that can be attributed to Yell, which represents a complete lack of return on what is a significant monthly cost to my business.



Furthermore, at the beginning of the agreement I was promised an induction call/meeting in which I would be guided through the service and advised on how best to optimise the advertising and maximise enquiries. This induction never took place, meaning I was never given any professional guidance regarding the setup, content, or input required from my side in order for the advertising to perform effectively.



This failure at the very start of the agreement raises serious concerns about whether the service has ever been properly implemented.



My experience with customer support has also been extremely disappointing. During a phone call today with a member of your team, Rash, I explained that I wished to terminate the agreement due to the total absence of results. Rather than attempting to address the issue or escalate the complaint, I was simply told that the contract was for one year and could not be cancelled, after which the call was abruptly ended.



This level of service and handling of a customer complaint is not acceptable.



In addition, I must highlight that the service being delivered appears materially different from the service that was represented to me during the sales process. The agreement was entered into on the understanding that Yell’s advertising platform would actively generate customer enquiries for my business and that I would receive onboarding support to help optimise the listing. Given that no leads have been generated and the promised induction support was never provided, I am concerned that there has been a significant failure between the sales representation and the service actually delivered. I therefore request that this be reviewed as part of your formal complaints and compliance process.



Given:



The complete absence of leads or measurable return,
The failure to deliver the promised induction and onboarding support, and
The unsatisfactory response from your team when raising these issues,




I am formally requesting that this agreement be terminated without further financial obligation.



I must also state that, based on the difference between what was represented during the sales process and what has actually been delivered, I am concerned that the agreement may have been mis-sold. I would therefore ask that this matter be reviewed by your compliance or senior complaints team as part of this formal complaint.



If this matter cannot be resolved promptly, I will consider escalating the issue further, including submitting a complaint to the Advertising Standards Authority regarding the representations made during the sales process, and raising the matter with Trading Standards in relation to the service that has been delivered.



Please treat this message as a formal complaint and request for contract review. I would appreciate a written response within 7 days from a senior member of your customer services or account management team confirming how this matter will be resolved.



If I do not receive a satisfactory response within this timeframe, I will have little option but to review and formally dispute any further payments associated with this agreement while the complaint is under investigation.



Regards

Lee Davies

Countrywide Shutters

020 8656 6901

"
6a05de3563487ed5c2950143,Bark,Customer,Poor matching / location,Primary,Low,1,2,"Lots of contractors contacted me but they want to sell what they do and not what I am asking for.  Example - I want poured concrete for the driveway but they try to convince me interlocking is best but that's because that's their business.  Also, I have landscaping companies contacting me when it isn't landscaping that I needed.  The few contractors who came out to measure said they would provide an estimate, I never heard from them again after they leave. "
69f36232cf86b8012a7f20fc,Yell,Service Provider / Business,Poor ROI / expensive leads,Primary,Medium,2,1,"I had a bad experience with yellow before, so when they called and tried to sell to me again I wasn’t interested, but after a lot of ”talk” I  made a stupid mistake an fell for the talk of extra calls and generating more interest in my business. At no time did they tell
Me I had to create a business google page , I still have no clue what that is , I was just sent links and expected to follow the instructions, I suffer quite badly from dyslexia , at no point did anyone ask if I had any difficulties, and now I’ve mentioned I’ve got dyslexia and need help I’ve been totally ignored by my so-called business manager.
After 6 weeks I’ve not had a single phone call or enquiry, so please save your time and money , and use it on a business that actually values its customers and not just after a sale.

After leaving this review I was asked to leave my business details, I’ve spent the last 10 minutes being past from
Puller to post , still not able to speak to an actual person, someone need to call me or I’m going to be leaving 1 star reviews constantly "
6a7866df1ff9db21a6e345a7,Bark,Customer,Provider verification / safety,Primary,Medium,2,3,"Would like to have seen crb check paperwork & also insurance public liability document.
At first contact please.
Seems just a general handy person & not an experience gardener.
Thank you "
695dfaf09435e41c38bd4732,Bark,Service Provider / Business,Fake / invalid leads,Primary,Medium,2,2,"Useless lead provider. Very poor service!
They making fake job leads with no money return possible regardless of what happens, looking only to make money on you."
69c2e836406780c107573311,Yelp,Service Provider / Business,Poor ROI / expensive leads,Primary,Medium,2,1,Absolutely garbage I am advertising with them and I get a lot of called non for work just people trying to sell me advertising and leads . Save yourself time money and effort. Do not use yelp business ads complete and utter garbage.
6a692ab7ce4ffe6ae8e2c916,Bark,Service Provider / Business,Poor ROI / expensive leads,Primary,Medium,2,1,"I rarely leave negative reviews, but Bark’s customer service genuinely shocked me.

I spent over £100 on credits and didn’t get a single job from them. They refunded the credits back to my Bark account, which is apparently their policy, but completely refused to refund the money back to my original payment method.

Normally I’d accept that, but I explained my circumstances. I’d recently lost my job, was going through a formal grievance, and was facing serious financial hardship. I wasn’t asking for anything unreasonable - I simply asked them to make an exception so I could access money I’d already paid while I got back on my feet. I even told them I fully intended to come back and use Bark again once my situation had improved.

Instead, I got the same copy-and-paste policy response over and over again. No empathy. No understanding. No willingness to exercise any discretion whatsoever.

Policies exist for a reason, but good customer service is about recognising when exceptional circumstances deserve an exceptional response. Bark had every opportunity to show a bit of humanity and chose not to.

If you’re happy dealing with a company that sticks rigidly to policy regardless of the situation their customers are in, then Bark may be fine for you. Personally, I’ll remember how I was treated when I needed understanding the most."
6a692ab7ce4ffe6ae8e2c916,Bark,Service Provider / Business,Billing / refunds,Secondary,Medium,2,1,"I rarely leave negative reviews, but Bark’s customer service genuinely shocked me.

I spent over £100 on credits and didn’t get a single job from them. They refunded the credits back to my Bark account, which is apparently their policy, but completely refused to refund the money back to my original payment method.

Normally I’d accept that, but I explained my circumstances. I’d recently lost my job, was going through a formal grievance, and was facing serious financial hardship. I wasn’t asking for anything unreasonable - I simply asked them to make an exception so I could access money I’d already paid while I got back on my feet. I even told them I fully intended to come back and use Bark again once my situation had improved.

Instead, I got the same copy-and-paste policy response over and over again. No empathy. No understanding. No willingness to exercise any discretion whatsoever.

Policies exist for a reason, but good customer service is about recognising when exceptional circumstances deserve an exceptional response. Bark had every opportunity to show a bit of humanity and chose not to.

If you’re happy dealing with a company that sticks rigidly to policy regardless of the situation their customers are in, then Bark may be fine for you. Personally, I’ll remember how I was treated when I needed understanding the most."
69dd14143cb6866be78be8d4,Yell,Service Provider / Business,Platform usability / technical issues,Primary,Medium,2,1,"*update…. Since yell’s response promising resolution I’m yet to receive any sort of communication. 
You can tell from their reply it’s an outright lie as they haven’t asked for any of my website info or how to find my account! How will they investigate?  they will even lie on trust pilot! Staggering! *



I rarely leave negative reviews, but my experience with Yell has been extremely disappointing and ongoing.

I paid for their website design service at the beginning of December last year. Since then, the website has never been properly completed, never fully went live, and was never even transferred over to my correct domain name.

In the months that followed, the only contact I received was from third-party businesses attempting to sell me additional products and services — not meaningful updates or support regarding my own website.

IN NEARLY 6 MONTHS I HAVEN'T HAD ***ONE**** LEAD

To put this into perspective, my own self-built Wix website continues to generate significantly more daily traffic than anything Yell has produced, despite this being a service costing thousands per year.

More recently, I have spent the past three weeks trying to get basic amendments made so that my studio’s website can finally function as intended. Nothing has been actioned. Responses take over a week, when they come at all, and the delays now feel excessive and unjustified.

I raised a formal complaint via email last week using the address provided and, to date, I have received no response whatsoever.

This is not an isolated issue either — my husband experienced similar problems with his own website through Yell.

At this stage, I am exploring options to recover my money through Trading Standards and other routes, as I do not feel the service delivered reflects what was promised or paid for.

I would strongly advise others to proceed with caution before committing to Yell’s website services."
69dd14143cb6866be78be8d4,Yell,Service Provider / Business,Misleading claims / transparency,Secondary,Medium,2,1,"*update…. Since yell’s response promising resolution I’m yet to receive any sort of communication. 
You can tell from their reply it’s an outright lie as they haven’t asked for any of my website info or how to find my account! How will they investigate?  they will even lie on trust pilot! Staggering! *



I rarely leave negative reviews, but my experience with Yell has been extremely disappointing and ongoing.

I paid for their website design service at the beginning of December last year. Since then, the website has never been properly completed, never fully went live, and was never even transferred over to my correct domain name.

In the months that followed, the only contact I received was from third-party businesses attempting to sell me additional products and services — not meaningful updates or support regarding my own website.

IN NEARLY 6 MONTHS I HAVEN'T HAD ***ONE**** LEAD

To put this into perspective, my own self-built Wix website continues to generate significantly more daily traffic than anything Yell has produced, despite this being a service costing thousands per year.

More recently, I have spent the past three weeks trying to get basic amendments made so that my studio’s website can finally function as intended. Nothing has been actioned. Responses take over a week, when they come at all, and the delays now feel excessive and unjustified.

I raised a formal complaint via email last week using the address provided and, to date, I have received no response whatsoever.

This is not an isolated issue either — my husband experienced similar problems with his own website through Yell.

At this stage, I am exploring options to recover my money through Trading Standards and other routes, as I do not feel the service delivered reflects what was promised or paid for.

I would strongly advise others to proceed with caution before committing to Yell’s website services."
6878ee70b4e9ce188639bbad,Checkatrade,Customer,Finding a provider / low response,Primary,Medium,2,2,I got hold of the Electrician services through the Checkatrade leaflet. I have tried to get an Electrician through the app with unsuccessful search. No electrician wanted to service my job. The app is running through AI and it is not working. The best thing to do is get through the local Checkatrade leaflet information and contact details.
6a5e51eff5da40365d05c1dc,Bark,Customer,Pricing / quote transparency,Primary,Medium,2,1,"Got a guy to give me a price to trim a hedge. He asked for pictures so I sent them he would not give me his hourly rate   He quoted £600.00
I have trimmed the hedge many times myself and it takes about 2 hours 
"
69bc00b35944e848fb0f7bbb,Yelp,Service Provider / Business,Privacy / unwanted contact,Primary,Medium,2,1,The minute my add went live I wAs bombarded with marketers for Google from every state in USA. Of coarse this is charged to my account and I had the feeling it was yelp sales that instigated or made it happen so commissions would go up. In writing 48 hrs  over 100 calls trying to sell me on use ng them as advertising. I was forced to cancel yet yelp charged my credit card after shutting adds off. Add was not on and still charging me. I had to cancel my card. Got no responses from yelp when trying to address the issues. Find another advertising campaign yelp is bad news.
69bc00b35944e848fb0f7bbb,Yelp,Service Provider / Business,Billing / refunds,Secondary,Medium,2,1,The minute my add went live I wAs bombarded with marketers for Google from every state in USA. Of coarse this is charged to my account and I had the feeling it was yelp sales that instigated or made it happen so commissions would go up. In writing 48 hrs  over 100 calls trying to sell me on use ng them as advertising. I was forced to cancel yet yelp charged my credit card after shutting adds off. Add was not on and still charging me. I had to cancel my card. Got no responses from yelp when trying to address the issues. Find another advertising campaign yelp is bad news.
6a6584b433066bb43c34edd2,Bark,Service Provider / Business,Poor lead quality,Primary,Medium,2,3,"I like the ease of use, but a lot of leads are not accurate. Maybe needs to be clearer about what will happen for those using the service to search. "
6a6cb902a7233f85065f6305,Bark,Customer,Provider quality / no-show,Primary,Medium,2,1,"Approached 3 carpenters for kitchen revamp.
The first one cancelled our meeting 30 mins before hand, the second one turned up and was very rushed and rude, the third one measured up but never sent a quote - he then ghosted us!
Would I recommend this website?  Absolutely not"
6a48ea415588c7682f3f0330,Checkatrade,Customer,Finding a provider / low response,Primary,Medium,2,3,Only one tradesman got in touch and he hasn’t sent estimate ..so a complete waste of time actually. 
6a7e0c604804be65d039f714,Bark,Customer,Provider quality / no-show,Primary,Medium,2,2,Supposed to remove weeds and treat ground so they wouldn't come back.Wanted £1800 to repoint round crazy paving.So many weeds reappearing 
6928264b92e8c8cc429bd508,Yell,Service Provider / Business,Poor lead quality,Primary,High,3,1,"Avoid this company at all costs.
My experience with Yell has been financially damaging, emotionally draining, and riddled with systemic failures across almost every department I dealt with.

Apologies to Conor the account manager for having to write this.  He was a very nice and helpful guy.  The failings are systematic and nothing to do with him. 

I signed up for what was sold to me as a performance-based acquisition system designed to bring in paying customers. That was repeated across multiple calls and never corrected. In reality, what I received was a stream of low-quality, irrelevant enquiries that did not match the service I provide. This was completely different from the product that was advertised and sold to me.

Over six months, I paid approximately £6,000 for a service that failed on every level:

▪ Zero proactive campaign management

Ads were left switched off for long periods without anyone noticing.
When I asked why basic marketing fundamentals were missing (retargeting, exclusions, lookalikes, job-title targeting), I was told ads are “not proactively managed unless clients complain.” That alone speaks volumes.

▪ Wrong targeting and wrong messaging

Despite providing detailed instructions again and again, Yell repeatedly advertised the wrong message, the wrong offer, and targeted the wrong regions and demographics.

▪ Severe billing issues

Yell took duplicate payments, charged more months than agreed, and then told me to sort it out through my bank - something no reputable company should ever tell a customer. Months later, key refunds still were not resolved.

▪ Complete breakdown in communication

I raised multiple formal complaints.
Not one was acknowledged or responded to within the timeframes they themselves set.
Even now, they have not provided the required resolutions.

▪ Massive impact on my business

Before using Yell, my coaching business was stable with strong client numbers.
After months of failed delivery, wasted ad spend, mismanagement, and time spent correcting their errors, my business fell into serious financial distress.

I was forced to run my own ads at £5/day just to stay visible, because I had no budget left - all my capital was tied up in a system that did not function.

▪ Hours of my own time wasted

I spent countless hours writing emails, rewriting ad copy, guiding their staff, reviewing errors, submitting complaints, and trying to help them deliver the product I had already paid for. None of this work should ever fall on the client.

The only positive

Conor, the account manager, was polite and made genuine efforts - but even he was blocked by Yell’s broken internal systems. The problem is not staff like him. The problem is the structure, the lack of capability, and the systemic failures in the organisation.

Bottom line:

Yell sold me one thing, delivered something completely different, mishandled my payments, ignored my complaints, damaged my business, and wasted months of my time.

I cannot recommend strongly enough that businesses avoid Yell.

There are far better marketing services out there, and many far cheaper ones that will still outperform what I received.

As Yell have not responded or acknowledged my official complaint emails I have had to raise with the ASA, Trading Standards, ICO, CMA and prepare for small claims court.  I appreciate the polite response Penny however I’ve tried to settle this amicably for months now.  "
6928264b92e8c8cc429bd508,Yell,Service Provider / Business,Billing / refunds,Secondary,High,3,1,"Avoid this company at all costs.
My experience with Yell has been financially damaging, emotionally draining, and riddled with systemic failures across almost every department I dealt with.

Apologies to Conor the account manager for having to write this.  He was a very nice and helpful guy.  The failings are systematic and nothing to do with him. 

I signed up for what was sold to me as a performance-based acquisition system designed to bring in paying customers. That was repeated across multiple calls and never corrected. In reality, what I received was a stream of low-quality, irrelevant enquiries that did not match the service I provide. This was completely different from the product that was advertised and sold to me.

Over six months, I paid approximately £6,000 for a service that failed on every level:

▪ Zero proactive campaign management

Ads were left switched off for long periods without anyone noticing.
When I asked why basic marketing fundamentals were missing (retargeting, exclusions, lookalikes, job-title targeting), I was told ads are “not proactively managed unless clients complain.” That alone speaks volumes.

▪ Wrong targeting and wrong messaging

Despite providing detailed instructions again and again, Yell repeatedly advertised the wrong message, the wrong offer, and targeted the wrong regions and demographics.

▪ Severe billing issues

Yell took duplicate payments, charged more months than agreed, and then told me to sort it out through my bank - something no reputable company should ever tell a customer. Months later, key refunds still were not resolved.

▪ Complete breakdown in communication

I raised multiple formal complaints.
Not one was acknowledged or responded to within the timeframes they themselves set.
Even now, they have not provided the required resolutions.

▪ Massive impact on my business

Before using Yell, my coaching business was stable with strong client numbers.
After months of failed delivery, wasted ad spend, mismanagement, and time spent correcting their errors, my business fell into serious financial distress.

I was forced to run my own ads at £5/day just to stay visible, because I had no budget left - all my capital was tied up in a system that did not function.

▪ Hours of my own time wasted

I spent countless hours writing emails, rewriting ad copy, guiding their staff, reviewing errors, submitting complaints, and trying to help them deliver the product I had already paid for. None of this work should ever fall on the client.

The only positive

Conor, the account manager, was polite and made genuine efforts - but even he was blocked by Yell’s broken internal systems. The problem is not staff like him. The problem is the structure, the lack of capability, and the systemic failures in the organisation.

Bottom line:

Yell sold me one thing, delivered something completely different, mishandled my payments, ignored my complaints, damaged my business, and wasted months of my time.

I cannot recommend strongly enough that businesses avoid Yell.

There are far better marketing services out there, and many far cheaper ones that will still outperform what I received.

As Yell have not responded or acknowledged my official complaint emails I have had to raise with the ASA, Trading Standards, ICO, CMA and prepare for small claims court.  I appreciate the polite response Penny however I’ve tried to settle this amicably for months now.  "
69e0fcd1c287220ee0620095,Yell,Service Provider / Business,Customer support,Primary,Medium,2,1,tiffany could not understand my website request and i could see that we our 36 years relationship was not valued 
6a2781d4c11d85b9a3021c83,Yelp,Service Provider / Business,Review trust / moderation,Primary,Medium,2,1,"Yelp business reviews are a disaster. They claim their algorithm dictates which reviews are shown and which are not. However, if do not you buy their ad space they will exclude positive views as “ not recommended “ and include negative reviews only which effects business ratings. When questioned, they simply hide behind their algorithm. Very corrupt company. Example. Soon after turning down their ad campaign, they hid 10 positive reviews resulting in a rating of 4.0 to 2.8."
6a6164462d1011932417c1ff,Bark,Customer,Provider verification / safety,Primary,High,3,1,"The person did 41 minutes work for £750
I have contacted my bank and the police to get my money back "
68eab487cf7740fc20415c94,Bark,Service Provider / Business,Poor ROI / expensive leads,Primary,Medium,2,2,"The problem is, you’re not guaranteed to get any leads that result in actual work. I really don’t like it because it feels like every time you spend money to get credits, you’re just rolling the dice, hoping that someone bites.

It gets worse though, because if someone actually contacts you and requests a quote, you STILL have to pay to be able to communicate with them, and even then, you’re not guaranteed to get the job. 

It’s a gamble every time you buy credits, and I really don’t like throwing money at something that isn’t guaranteed to work. If I wanted to do that, I would just risk my hard-earned money by betting on horses.

In conclusion, I don’t recommend this platform. You’re better off doing jobs for family and friends to begin with and build a foundation, then let word of mouth do the rest. 

The key to success in business is being a good middle man, and Bark is a middle man you want to promptly excise from your business if you want it to fully thrive."
6a16ff6488b33fb44e43ae4a,Yell,Service Provider / Business,Poor ROI / expensive leads,Primary,Medium,2,1,"Not for small growing businesses. This will be an in-depth explanation of what I learned from one year with Yell and how yell will keep you trapped at a high price for their services,  leading to small business growth stunting.

TLDR- You won't own your website. The SEO is not good. Barely any leads from yell. Gaslighting and misleading sales pitches. A phone number extension that makes your backlinks unless once you leave yell.

I have a basic background in website design and SEO but went back to a service business. On the first phone call my website was ripped apart and told no one would find it then I was shown a graph of how many more people visit yell that other lead providers so that's how I would get leads (only later when in the contract they tell you they can't guarantee leads). I needed leads and it was made out that my website would be better. 
Down the line I had to redesign my website and fix SEO as it didn't hit any of the services I specifically asked to focus on. I've had to do extra work to fix the SEO so I can get viewed when people search for the terms my business relates to. 
-I called to complain several times about the lack of leads through yell. Yell have an extra ""£300p/m"" worth of marketing added to attempt to fix this. Nothing changed. I have watched closely the leads that come through yell and those other lead providers that I was shown on the graph initially. Even though I was top in many areas and on several services during my time with the extra marketing with yell I was having barely any leads while I watched many regularly come through other lead providers. This would indicate a misleading pitch by yell that did not apply to me and my area of services. 
-Because of the high cost (to a small business) of this service by yell and lack of leads, it forced me to have to market in other ways to make up the money I needed to pay to yell. I worked out in total that I didn't even make back 1/3rd of the total cost I paid to yell over a year, meaning a loss of 2/3rds the total cost. This was the only marketing I had a loss on over the year and I could have been much more ahead if I had used other marketing options rather than yell. Keep in mind I have several services I can market for, others may struggle more if they rely on 1 service.
-On cancelling the contract your website will get cut off, yell doesn't build you a website like other companies, they rent it to you meaning you have to stay with them at a high cost to keep the website. 
-On one phone call it was attempted gaslighting to say that my chosen marketing wouldn't work yet I was receiving regular jobs from that marketing and barely any from yell. 
-They will add a phone number extension for tracking calls. This was later used to again gaslight me to say how many leads yell was getting me, it was actually coming from the work I had previously put into my google, socials and advertising that had nothing to do with yell. I regularly checked where people found me and rarely did anyone answer yell. The extension number also had bad connection making it difficult to converse with customers, also looking highly unprofessional. My mobile number, which I used in other places to track the difference in lead numbers, never had a delay or connection issue. This extension number is what they will list on all the backlinks to the website meaning the backlinks are only useful while you are with yell. As soon as you cancel all that money you spent with them goes down the drain.

My recommendation- Get a website built by a company who specialise in building and doing SEO but ultimately you own the website and pay for ongoing hosting costs and domain name only. Don't allow anyone to add an extension number that you don't personally own so that your site cant be held hostage by a company. Look up professional reviews of yell to see how they operate."
6a16ff6488b33fb44e43ae4a,Yell,Service Provider / Business,Sales pressure / contract terms,Secondary,Medium,2,1,"Not for small growing businesses. This will be an in-depth explanation of what I learned from one year with Yell and how yell will keep you trapped at a high price for their services,  leading to small business growth stunting.

TLDR- You won't own your website. The SEO is not good. Barely any leads from yell. Gaslighting and misleading sales pitches. A phone number extension that makes your backlinks unless once you leave yell.

I have a basic background in website design and SEO but went back to a service business. On the first phone call my website was ripped apart and told no one would find it then I was shown a graph of how many more people visit yell that other lead providers so that's how I would get leads (only later when in the contract they tell you they can't guarantee leads). I needed leads and it was made out that my website would be better. 
Down the line I had to redesign my website and fix SEO as it didn't hit any of the services I specifically asked to focus on. I've had to do extra work to fix the SEO so I can get viewed when people search for the terms my business relates to. 
-I called to complain several times about the lack of leads through yell. Yell have an extra ""£300p/m"" worth of marketing added to attempt to fix this. Nothing changed. I have watched closely the leads that come through yell and those other lead providers that I was shown on the graph initially. Even though I was top in many areas and on several services during my time with the extra marketing with yell I was having barely any leads while I watched many regularly come through other lead providers. This would indicate a misleading pitch by yell that did not apply to me and my area of services. 
-Because of the high cost (to a small business) of this service by yell and lack of leads, it forced me to have to market in other ways to make up the money I needed to pay to yell. I worked out in total that I didn't even make back 1/3rd of the total cost I paid to yell over a year, meaning a loss of 2/3rds the total cost. This was the only marketing I had a loss on over the year and I could have been much more ahead if I had used other marketing options rather than yell. Keep in mind I have several services I can market for, others may struggle more if they rely on 1 service.
-On cancelling the contract your website will get cut off, yell doesn't build you a website like other companies, they rent it to you meaning you have to stay with them at a high cost to keep the website. 
-On one phone call it was attempted gaslighting to say that my chosen marketing wouldn't work yet I was receiving regular jobs from that marketing and barely any from yell. 
-They will add a phone number extension for tracking calls. This was later used to again gaslight me to say how many leads yell was getting me, it was actually coming from the work I had previously put into my google, socials and advertising that had nothing to do with yell. I regularly checked where people found me and rarely did anyone answer yell. The extension number also had bad connection making it difficult to converse with customers, also looking highly unprofessional. My mobile number, which I used in other places to track the difference in lead numbers, never had a delay or connection issue. This extension number is what they will list on all the backlinks to the website meaning the backlinks are only useful while you are with yell. As soon as you cancel all that money you spent with them goes down the drain.

My recommendation- Get a website built by a company who specialise in building and doing SEO but ultimately you own the website and pay for ongoing hosting costs and domain name only. Don't allow anyone to add an extension number that you don't personally own so that your site cant be held hostage by a company. Look up professional reviews of yell to see how they operate."
6a65eb2773389e4213706383,Bark,Unknown,Finding a provider / low response,Primary,Low,1,1,"If you looking for a service that will be useless, incompetent and just down right crap. This is the company for you. Wow bark they should change there name to the stuff that comes out the dog. "
6a035c63be8b97c66325cd90,Yelp,Service Provider / Business,Account access / cancellation,Primary,Medium,2,1,"Impossibile essere accettati - Una tremenda perdita di tempo - Profilo rifatto 3 volte - Poi se cerchi di contattarli ti bloccano l'accesso a quello che già hai fatto e compilato, quindi non puoi nemmeno più eliminare i dati che hai inserito. Però usano i dati per terze parti (mi sono ritrovato i dati a loro consegnati in altri portali come Apple Maps). Ma il mio profilo non è visibile in Yelp.com , perchè deve ancora essere accettato... Non ho parole. Vi auguro il meglio."
685a58e88d6b43ca71d1817f,Checkatrade,Customer,Finding a provider / low response,Primary,Medium,2,2,"Really disappointed at how many trades declined the work - three jobs in total - with no reason. Whilst we managed to find a workman eventually - and they were brilliant, we ended up having to source the companies ourselves. The whole process ended up delaying the work so wouldn't recommend. 
"
69d51dd7464d805be79173e4,Yell,Service Provider / Business,Sales pressure / contract terms,Primary,Medium,2,1,"Was bullied into the website, not signing a contract, asking to put photos on yell but people only google for searching, only received one function since it was up and running tried to stop it and couldnt, the actual website was poorly set up and rushed just to get money
They are ripping small businesses off as mine was just starting
So i would touch them with a barge pole
I have gone full time as a postie"
6a4270c3ac0073ccd39ca2a6,Yell,Service Provider / Business,Misleading claims / transparency,Primary,Medium,2,1,"Wouldn’t give even one star! Appalling. Fell for all the promises, they delivered on none and expect to bleed me dry! Full of what they can do and benefits etc.

Months, no one contacted me for work. Since read other people gad been sucked in. Aware there’s a group action through Croft’s solicitors. 

Don’t fall for their promises, all false. They are sharks. Hope there’s going to be media coverage on this. "
68b0ad5842ddaf58f5eb41cf,Checkatrade,Service Provider / Business,Account access / cancellation,Primary,Medium,2,3,"Have been with them for many years and recently they have been so unhelpful , they found some personal ccj against me and not the company and put my business account on hold .. I assured them it wasn’t a customer problem and although I proved it through the courts they still didn’t want to put my account live again .
I have a 9.9 review listing with them and can’t believe the way I’ve been treated .
"
67c6ab68b3d96ebc23c46b35,Yelp,Service Provider / Business,Billing / refunds,Primary,Medium,2,1,"Delinquenti. 
Avete rubato € 40.00 dalla mia carta di credito, nonostante non avessi usufruito dei vostri servizi e fatto immediatamente disdetta. Siete dei ladri, ho denunciato il tutto alla polizia postale, spero vi chiudono presto. State attenti, vi sottraggono mese x mese 49.00 euro x un servizio inesistente. "
6a46d1734f3b527373c61522,Checkatrade,Customer,Provider quality / no-show,Primary,High,3,1,"Had a cowboy REVAMP HOME LTD based in swindon 
checkatrade took months to pay a clear cut case.
only got £1000 through their scheme 
but £1000s lost and small claims battle to go.
useless company which allows fake reviews for cowboys "
6a0f22352035b5cbe852709b,Yell,Service Provider / Business,Misleading claims / transparency,Primary,High,3,1,"I had been a customer of for around 18 months and always paid on time. I then entered into a new agreement for the Accelerate Tier 5 package with SEO bolt-on at a cost of approximately £2,549 per month plus VAT.

The package was sold heavily around Yell’s “Guaranteed Leads” proposition, which is advertised prominently across their website and sales material as “The UK’s only digital marketing agency that guarantees leads” The package breakdown presented to me was approximately:
• £1,600 Google Ads
• £800 Sponsored Listings
• £450 SEO

Based on those representations, my understanding was that the Google Ads(later discovered via GOTU, white label marketing- not proper Google campaign management as sold) allocation represented substantial actual advertising spend into Google campaigns, while the Sponsored Listings element related to advertising on Yell’s own platform.

However, over time I became increasingly concerned about the transparency of the package, the operation of the Lead Guarantee, and the actual allocation of advertising spend.

The biggest issue for me is that the reality of how the package appears to operate is very different from the impression created during the sales process and marketing. The Yell Web site has it big and bold ""The UK’s only digital marketing agency that guarantees leads"" Then the live chat pops up and big and bold ""Guaranteed Leads, Exclusive to Yell""

For example:
• I later discovered that “margin fees” were embedded within the Google Ads allocation itself
• These management/margin fees were never separately itemised or visibly disclosed to me during the sales process
• The actual media spend versus retained management fees was never transparently reported but is understood to be around 50%. So £1600 Google Ad spend is actually £800 Google Ad spend and £800 for Yell Google Ad management.(This fee is important when we get to the performance)
• The Lead Guarantee itself appears subject to extensive conditions and internal reporting controls that are not obvious from the headline marketing claims.
In simple terms, the “Lead Guarantee” appears to mean:
Yell decide how leads are counted
Yell control the reporting
You still have to pay even if the guarantee is missed
Any credit is usually applied later, not automatically refunded
The guarantee is based on their calculations and definitions, not necessarily what a customer would view as a genuine lead
So while it is technically a “guarantee,” it operates more like:
a conditional account credit system controlled by Yell’s own terms and reporting.

I also formally raised concerns during the live agreement regarding lead delivery, reporting discrepancies, and lead quality. Despite this, no credit was ever disclosed or applied to my account at the time. It was only much later, during collections activity, (5 months later) that Yell alleged a credit had internally been calculated.

Another major concern was campaign performance itself. Yell’s own figures later disclosed over 22,000 clicks resulting in only 8 conversions (click to call, click to email or a form fill), with conversion costs exceeding £1,500 each over a 4 month reporting period. By comparison, my independently managed campaigns are currently achieving significantly stronger results at a fraction of the cost at 26 conversions at £48 per conversion during a 1 month reporting period. (These 26 conversions cost less than one conversion from Yell) The same 26 conversions would cost me £39,000 with Yell where as it costs £1248 with my new managed campaign. This leads to the 50% Google Ad management fee of £800. Are Yell qualified? Results would suggest, ""Unlikely""

There were also periods at the start of the agreement where parts of the advertising setup reportedly could not connect properly to Facebook/social campaigns, yet full billing continued and no reconciliation or adjustment of advertising allocation was ever provided.

My concern is that the practical operation of this package, the Lead Guarantee, and the transparency around spend allocation were materially different from the impression created by the sales process and marketing.

Consider the following actions:
• Get a a full written breakdown of actual media spend versus management fees
• Ask exactly how leads are classified and counted (missed calls, supplier calls, same number calling you)
• Ask what happens operationally if the Lead Guarantee is missed. Ask for written clarification on the process via email.
• Request direct platform reporting from Google Ads itself to see your spend v margin/management fees
• Read the full terms and conditions very carefully before signing

This package is far more complex and conditional than the headline “Guaranteed Leads” marketing suggests"
6a0f22352035b5cbe852709b,Yell,Service Provider / Business,Billing / refunds,Secondary,High,3,1,"I had been a customer of for around 18 months and always paid on time. I then entered into a new agreement for the Accelerate Tier 5 package with SEO bolt-on at a cost of approximately £2,549 per month plus VAT.

The package was sold heavily around Yell’s “Guaranteed Leads” proposition, which is advertised prominently across their website and sales material as “The UK’s only digital marketing agency that guarantees leads” The package breakdown presented to me was approximately:
• £1,600 Google Ads
• £800 Sponsored Listings
• £450 SEO

Based on those representations, my understanding was that the Google Ads(later discovered via GOTU, white label marketing- not proper Google campaign management as sold) allocation represented substantial actual advertising spend into Google campaigns, while the Sponsored Listings element related to advertising on Yell’s own platform.

However, over time I became increasingly concerned about the transparency of the package, the operation of the Lead Guarantee, and the actual allocation of advertising spend.

The biggest issue for me is that the reality of how the package appears to operate is very different from the impression created during the sales process and marketing. The Yell Web site has it big and bold ""The UK’s only digital marketing agency that guarantees leads"" Then the live chat pops up and big and bold ""Guaranteed Leads, Exclusive to Yell""

For example:
• I later discovered that “margin fees” were embedded within the Google Ads allocation itself
• These management/margin fees were never separately itemised or visibly disclosed to me during the sales process
• The actual media spend versus retained management fees was never transparently reported but is understood to be around 50%. So £1600 Google Ad spend is actually £800 Google Ad spend and £800 for Yell Google Ad management.(This fee is important when we get to the performance)
• The Lead Guarantee itself appears subject to extensive conditions and internal reporting controls that are not obvious from the headline marketing claims.
In simple terms, the “Lead Guarantee” appears to mean:
Yell decide how leads are counted
Yell control the reporting
You still have to pay even if the guarantee is missed
Any credit is usually applied later, not automatically refunded
The guarantee is based on their calculations and definitions, not necessarily what a customer would view as a genuine lead
So while it is technically a “guarantee,” it operates more like:
a conditional account credit system controlled by Yell’s own terms and reporting.

I also formally raised concerns during the live agreement regarding lead delivery, reporting discrepancies, and lead quality. Despite this, no credit was ever disclosed or applied to my account at the time. It was only much later, during collections activity, (5 months later) that Yell alleged a credit had internally been calculated.

Another major concern was campaign performance itself. Yell’s own figures later disclosed over 22,000 clicks resulting in only 8 conversions (click to call, click to email or a form fill), with conversion costs exceeding £1,500 each over a 4 month reporting period. By comparison, my independently managed campaigns are currently achieving significantly stronger results at a fraction of the cost at 26 conversions at £48 per conversion during a 1 month reporting period. (These 26 conversions cost less than one conversion from Yell) The same 26 conversions would cost me £39,000 with Yell where as it costs £1248 with my new managed campaign. This leads to the 50% Google Ad management fee of £800. Are Yell qualified? Results would suggest, ""Unlikely""

There were also periods at the start of the agreement where parts of the advertising setup reportedly could not connect properly to Facebook/social campaigns, yet full billing continued and no reconciliation or adjustment of advertising allocation was ever provided.

My concern is that the practical operation of this package, the Lead Guarantee, and the transparency around spend allocation were materially different from the impression created by the sales process and marketing.

Consider the following actions:
• Get a a full written breakdown of actual media spend versus management fees
• Ask exactly how leads are classified and counted (missed calls, supplier calls, same number calling you)
• Ask what happens operationally if the Lead Guarantee is missed. Ask for written clarification on the process via email.
• Request direct platform reporting from Google Ads itself to see your spend v margin/management fees
• Read the full terms and conditions very carefully before signing

This package is far more complex and conditional than the headline “Guaranteed Leads” marketing suggests"
6a638b492e81b53fa9f5585c,Yell,Service Provider / Business,Misleading claims / transparency,Primary,Medium,2,1,"Just had a call from Jack @ Yell. I might have considered getting involved with Yell but I find their patronising technique really off putting. They don't 'sell' like normal businesses - they try and tell you that you will fail without them. If that were the case, then how could we possibly be operating without them for the past X years? Maybe a good idea to lead with the positives and go from there? This way seems just too desperate, not to mention arrogant. See? I can give patronising, unsolicited advice too!   "
6a292b9e28adcbebdb9fb7c0,Checkatrade,Service Provider / Business,Account access / cancellation,Primary,High,3,1,"This company do not help the tradesman.Their employee
All they do when there's a problem. As with me, my account was hacked. I asked checker trade to put it right or help me do it. And can somebody firm me from customer services? Absolutely nothing all I got was a counts. Asking me for payments, 4 times a day for the last 5 weeks. This company are no more than a bunch of Cowboys demanding money.  By way of menasis, avoid this company like the plague.If you're a tradesman, they just hound you for money continuously, even there's a problem.\nThat they can fix , they don't do it , they just want to take you to court for the contract money , absolutely disgusting.damp proofing 2010..
............. Update............
This is an update to the previous messages. Check, a trade are still harassingly for payments. They expect me to pay each month for a service. I am clearly not getting they suspended my account because I told them it was hacked but they expect me to pay each and every month for the service. I am not getting and now. They are threatening me with collection agencies.  This is absolutely scandalous and unprofessional. I have phone them numerous times I have sent them emails that bounce back every time I get a call which has been 23 demands for money. I am left with the same answer.\n All they want is money and they are not bothered about my account being hacked and unusable.  All they want to do is suspend my account and expect me to keep paying a monthly fee again. I have told them I am not paying any monthly fees until my account is up and running. That is the service that I agreed to pay for not an account that is suspended and has been hacked. Check a trade, like to write and message underneath mine. So, the tradesmen will think everything is fine. Believe me, these are charlettons all they want is your blood.  And they will not listen to understanding and reasonableness, absolute unprofessional, think twice about joining checker trade, they have gone so far downhill, they're at the bottom, in my opinion. Absolutely.Disgraceful and should be looked at by a leading body as to where they go about demanding money by menasis. It took less than 10 seconds to get an automated review.\nReply, so nothing personal, just an automated reply.Absolutely disgraceful company"
6a292b9e28adcbebdb9fb7c0,Checkatrade,Service Provider / Business,Sales pressure / contract terms,Secondary,High,3,1,"This company do not help the tradesman.Their employee
All they do when there's a problem. As with me, my account was hacked. I asked checker trade to put it right or help me do it. And can somebody firm me from customer services? Absolutely nothing all I got was a counts. Asking me for payments, 4 times a day for the last 5 weeks. This company are no more than a bunch of Cowboys demanding money.  By way of menasis, avoid this company like the plague.If you're a tradesman, they just hound you for money continuously, even there's a problem.\nThat they can fix , they don't do it , they just want to take you to court for the contract money , absolutely disgusting.damp proofing 2010..
............. Update............
This is an update to the previous messages. Check, a trade are still harassingly for payments. They expect me to pay each month for a service. I am clearly not getting they suspended my account because I told them it was hacked but they expect me to pay each and every month for the service. I am not getting and now. They are threatening me with collection agencies.  This is absolutely scandalous and unprofessional. I have phone them numerous times I have sent them emails that bounce back every time I get a call which has been 23 demands for money. I am left with the same answer.\n All they want is money and they are not bothered about my account being hacked and unusable.  All they want to do is suspend my account and expect me to keep paying a monthly fee again. I have told them I am not paying any monthly fees until my account is up and running. That is the service that I agreed to pay for not an account that is suspended and has been hacked. Check a trade, like to write and message underneath mine. So, the tradesmen will think everything is fine. Believe me, these are charlettons all they want is your blood.  And they will not listen to understanding and reasonableness, absolute unprofessional, think twice about joining checker trade, they have gone so far downhill, they're at the bottom, in my opinion. Absolutely.Disgraceful and should be looked at by a leading body as to where they go about demanding money by menasis. It took less than 10 seconds to get an automated review.\nReply, so nothing personal, just an automated reply.Absolutely disgraceful company"
68aac8a00a3bdd54f478d7d1,Checkatrade,Service Provider / Business,Customer support,Primary,Medium,2,2,"When I joined Checkatrade over 10 years ago, I couldn’t rate it highly enough. Now it is no longer for the tradesperson. It costs 3 times as much and airs more on the side of the homeowner! Customer service is poor as well!"
6a5e1a029ea175e564ba1931,Checkatrade,Customer,Provider quality / no-show,Primary,Medium,2,1,"I chose a decorator exclusively because of their Checkatrade profile. The business had around 50 overwhelmingly positive reviews, almost all 10/10, which gave me the confidence to hand over the keys to my newly purchased home.

The workmanship I received was completely inconsistent with that reputation. I was left with defective decorating work, damage to my property and significant costs to have everything put right.

What has disappointed me even more is Checkatrade's handling of the complaint. Although they confirmed they would investigate the workmanship and the trader's conduct, they repeatedly focused on whether I had proof of payment. In my case, no payment was made because, after I challenged the quality of the work, the trader refused payment himself and said he would leave the work ""as a gift.""

Despite this unusual situation, I have still suffered financial loss and have been left with the cost of rectifying the damage. I also raised concerns about the significant discrepancy between the trader I encountered and the reputation presented on the Checkatrade profile, but I have received very little information about the investigation or what steps are being taken to protect other customers.

The value of a platform like Checkatrade is trust. Customers rely on the reviews, the vetting process and the reassurance that concerns will be investigated thoroughly when things go wrong. Unfortunately, my experience has left me questioning how much protection customers actually receive when a trader's work falls so far below the standard represented on the platform."
6a5e1a029ea175e564ba1931,Checkatrade,Customer,Provider verification / safety,Secondary,Medium,2,1,"I chose a decorator exclusively because of their Checkatrade profile. The business had around 50 overwhelmingly positive reviews, almost all 10/10, which gave me the confidence to hand over the keys to my newly purchased home.

The workmanship I received was completely inconsistent with that reputation. I was left with defective decorating work, damage to my property and significant costs to have everything put right.

What has disappointed me even more is Checkatrade's handling of the complaint. Although they confirmed they would investigate the workmanship and the trader's conduct, they repeatedly focused on whether I had proof of payment. In my case, no payment was made because, after I challenged the quality of the work, the trader refused payment himself and said he would leave the work ""as a gift.""

Despite this unusual situation, I have still suffered financial loss and have been left with the cost of rectifying the damage. I also raised concerns about the significant discrepancy between the trader I encountered and the reputation presented on the Checkatrade profile, but I have received very little information about the investigation or what steps are being taken to protect other customers.

The value of a platform like Checkatrade is trust. Customers rely on the reviews, the vetting process and the reassurance that concerns will be investigated thoroughly when things go wrong. Unfortunately, my experience has left me questioning how much protection customers actually receive when a trader's work falls so far below the standard represented on the platform."
69c121d8b10b35d1f2572b8c,Checkatrade,Customer,Platform usability / technical issues,Primary,Low,1,2,I don't like the Checkatrade system of have to describe a job then waiting for tradesmen to apply.  I want to be able to make my own choice.  So will not be using them in future.
69cad36beb02c94f7acd6cde,Yelp,Service Provider / Business,Account access / cancellation,Primary,Medium,2,1,"I opened up a yelp business page, i tried to close the account many times and they told me that they do not close accounts unless you shut down your company.  I don't want a yelp page anymore, you have no control over your account and now i cannot close it. Worse website ever !  "
6a65eda51b43c3913e96f805,Bark,Unknown,Platform usability / technical issues,Primary,Medium,2,1,The website just wouldn’t load. I thought it was my internet but every single other app and website worked on my phone. Very annoying
6a206689c8c8b2deaeb178bb,Bark,Service Provider / Business,Poor lead quality,Primary,Medium,2,2,"Update: After receiving a response from Bark here asking me to contact them directly so they could review my account, I did exactly that.

I first received a generic template response. I replied, reminding them that they had specifically offered to review my account. I then received another generic response explaining how their credit refund system works.

I’ve used Bark for around two years. I’m fully aware of how the credit refund process works, and in my experience refund requests are almost never approved—which is one of the reasons I wrote this review in the first place.

Unfortunately, this leaves me feeling that the public response here was simply for show, rather than a genuine attempt to investigate my concerns, so I can’t change my review.

To clarify, my main concern is that Bark now states they have confirmed with the customer that they still require the service. Despite this, I regularly respond to leads within one or two minutes of them being posted, only to have the customer tell me they no longer need the work.

When I’ve requested my credits back in these circumstances, the requests have been refused, with the explanation that Bark cannot be responsible if a customer changes their mind. Based on my experience, around 40% of the credits I’ve purchased have been spent on customers who no longer required the service, while approximately 50% of customers never answer the phone at all.

As an emergency plumber, where customers are supposedly looking for urgent assistance, those figures simply don’t reflect what I’d expect from genuine, active leads.

⸻

Original review

I’m undecided whether Bark is worth the money. I suppose it depends on the type of service you offer.

I’m an emergency plumber, and many of the leads I purchase are for urgent work (but not all) . Around 50% of the customers I call never answer the phone, which I find very unusual. That’s not something I experience through any other source of work.

Only around 10% of the leads I purchase actually result in work. I’ve also purchased more than 10 bathroom renovation leads, costing around 10–11 credits each, and not one has turned into a paying job.

What concerns me most is that Bark now states it has confirmed with the customer that they still require the service. However, I’ve responded to leads within one or two minutes of them being posted, only for the customer to tell me they no longer need the work. I’ve reported this to Bark and requested my credits back, but those requests have been refused.

Based on my own experience over the last two years, I struggle to justify the cost of Bark, particularly for emergency plumbing."
6a206689c8c8b2deaeb178bb,Bark,Service Provider / Business,Billing / refunds,Secondary,Medium,2,2,"Update: After receiving a response from Bark here asking me to contact them directly so they could review my account, I did exactly that.

I first received a generic template response. I replied, reminding them that they had specifically offered to review my account. I then received another generic response explaining how their credit refund system works.

I’ve used Bark for around two years. I’m fully aware of how the credit refund process works, and in my experience refund requests are almost never approved—which is one of the reasons I wrote this review in the first place.

Unfortunately, this leaves me feeling that the public response here was simply for show, rather than a genuine attempt to investigate my concerns, so I can’t change my review.

To clarify, my main concern is that Bark now states they have confirmed with the customer that they still require the service. Despite this, I regularly respond to leads within one or two minutes of them being posted, only to have the customer tell me they no longer need the work.

When I’ve requested my credits back in these circumstances, the requests have been refused, with the explanation that Bark cannot be responsible if a customer changes their mind. Based on my experience, around 40% of the credits I’ve purchased have been spent on customers who no longer required the service, while approximately 50% of customers never answer the phone at all.

As an emergency plumber, where customers are supposedly looking for urgent assistance, those figures simply don’t reflect what I’d expect from genuine, active leads.

⸻

Original review

I’m undecided whether Bark is worth the money. I suppose it depends on the type of service you offer.

I’m an emergency plumber, and many of the leads I purchase are for urgent work (but not all) . Around 50% of the customers I call never answer the phone, which I find very unusual. That’s not something I experience through any other source of work.

Only around 10% of the leads I purchase actually result in work. I’ve also purchased more than 10 bathroom renovation leads, costing around 10–11 credits each, and not one has turned into a paying job.

What concerns me most is that Bark now states it has confirmed with the customer that they still require the service. However, I’ve responded to leads within one or two minutes of them being posted, only for the customer to tell me they no longer need the work. I’ve reported this to Bark and requested my credits back, but those requests have been refused.

Based on my own experience over the last two years, I struggle to justify the cost of Bark, particularly for emergency plumbing."
699398e2e58f8066be52a6d8,Bark,Customer,Too many provider contacts / spam,Primary,Medium,2,2,"This was unreal. I signed into Bark to try and make contact with a local social media manager, and within 20 minutes my phone rang 30 times, and I received 100 emails. It was ridiculous and overwhelming. I even started getting texts and cell phone calls, even though I did not list me cell phone. "
6a7186bccb4ced8dd5c772e4,Bark,Service Provider / Business,Unresponsive leads,Primary,Medium,2,1,"
I had high hopes for Bark, but my experience has been extremely disappointing.
After purchasing credits, I contacted 21 leads through every method available: email, WhatsApp, and phone. Not a single email received a response, every WhatsApp message remained unread, and none of the phone calls were answered.
What frustrated me most was the lack of support from Bark. I contacted their customer service four times to either discuss the quality of the leads or request a credit refund, but received no meaningful response. Ironically, the only communication I received from Bark was after my credits had been used up and they wanted me to buy more.
The combination of unresponsive leads and poor customer service has left me with no confidence in the platform. From my experience, the service has not delivered value for money, and when I raised concerns, I felt completely ignored.
Unfortunately, I can't recommend Bark based on my experience. The worst response Bark could do is to send a generic reply saying “we’re sorry to hear this, please contact us” - I have - 4 times and you didn’t respond!!!"
6a7186bccb4ced8dd5c772e4,Bark,Service Provider / Business,Billing / refunds,Secondary,Medium,2,1,"
I had high hopes for Bark, but my experience has been extremely disappointing.
After purchasing credits, I contacted 21 leads through every method available: email, WhatsApp, and phone. Not a single email received a response, every WhatsApp message remained unread, and none of the phone calls were answered.
What frustrated me most was the lack of support from Bark. I contacted their customer service four times to either discuss the quality of the leads or request a credit refund, but received no meaningful response. Ironically, the only communication I received from Bark was after my credits had been used up and they wanted me to buy more.
The combination of unresponsive leads and poor customer service has left me with no confidence in the platform. From my experience, the service has not delivered value for money, and when I raised concerns, I felt completely ignored.
Unfortunately, I can't recommend Bark based on my experience. The worst response Bark could do is to send a generic reply saying “we’re sorry to hear this, please contact us” - I have - 4 times and you didn’t respond!!!"
69a96dda2afa32f8731e90e2,Yelp,Service Provider / Business,Account access / cancellation,Primary,Medium,2,1,"I had a worst experience with yelp. The business app reactive your account without notification. 
In my case I had my account on long term hold but somehow it automatically got activated without notification and I was charged $450.00 for the month. The quality of leads are extremely low in most instances no contact information is provided. 
Stay away from yelp!"
69a96dda2afa32f8731e90e2,Yelp,Service Provider / Business,Billing / refunds,Secondary,Medium,2,1,"I had a worst experience with yelp. The business app reactive your account without notification. 
In my case I had my account on long term hold but somehow it automatically got activated without notification and I was charged $450.00 for the month. The quality of leads are extremely low in most instances no contact information is provided. 
Stay away from yelp!"
6a4f7f9a631c3f67f78133b0,Checkatrade,Customer,Provider quality / no-show,Primary,Medium,2,1,Pleasant staff but poor performance. Arrived hours late with no notice. Did not have the equipment to do my settee. Broke a glass rose bowl. I managed to get a discount for the settee and bowl. This was not a deep clean and it was very expensive. 
6a467f16d4bf17b3b1fed169,Checkatrade,Service Provider / Business,Poor lead quality,Primary,Medium,2,1,We are receiving very poor leads 
68dfdf2cf2cc76ebd611c504,Bark,Customer,Pricing / quote transparency,Primary,Medium,2,2,Reasonable work but ripped off over price and held to ransom over work
6984f0bbfea24f32106a39ff,Checkatrade,Customer,Provider verification / safety,Primary,High,3,2,"I used checkatrade to get a window fixed and was fine. Then a few months ago I hired a builder through checkatrade, paid a deposit and was completely scammed out of £2,500. We even called checkatrade before making the payment and they assured us they had done checks and he was legitimate. They had no interest whatsoever in resolving our issue or telling us how they approved a scammer onto their site. Thankfully we got £1,500 back from our bank but are still out £1000 with no work ever done. Completely put me off. You call them and get sent round in circles and told to fill in forms that don't work. I wanted to trust them because now I don't know how I'll ever confidently book another builder. Stick to word of mouth as much as I'm gutted to say that.

Edit to add: see what I mean about being sent round in circles..."
69be6a6604edd03af2c20575,Bark,Customer,Platform usability / technical issues,Primary,Low,1,3,Bark was useful to identify and contact service providers. We can make the contact but there could be features that allow fixing timing cost and other details registered with the select provider.
6a623832b2a569b835cc797d,Yelp,Service Provider / Business,Misleading claims / transparency,Primary,Medium,2,1,"Yelp are absolutely scammers. While opening an account with them they said they will be no charges and the charges would be initiated next month but later 2 weeks they charged me $250 and I didn’t any single lead from Yelp. All the clicks were made by their supporting team to show the clicks on my account and to charge.
Absolutely ridiculous service and scamming."
6a623832b2a569b835cc797d,Yelp,Service Provider / Business,Billing / refunds,Secondary,Medium,2,1,"Yelp are absolutely scammers. While opening an account with them they said they will be no charges and the charges would be initiated next month but later 2 weeks they charged me $250 and I didn’t any single lead from Yelp. All the clicks were made by their supporting team to show the clicks on my account and to charge.
Absolutely ridiculous service and scamming."
69d0492a5ab28ee1c8d0bbf4,Yelp,Customer,Platform usability / technical issues,Primary,Medium,2,1,"Yelp is completely useless now as they continuously direct you to paid sponsors, intentionally misdirect you to sites you don't want, and do not display full reviews. Yelp is also misleading as they don't display full restaurant info on the website and misdirect links to their ap.  Really BAD and HOSTILE to users."
69d0492a5ab28ee1c8d0bbf4,Yelp,Customer,Misleading claims / transparency,Secondary,Medium,2,1,"Yelp is completely useless now as they continuously direct you to paid sponsors, intentionally misdirect you to sites you don't want, and do not display full reviews. Yelp is also misleading as they don't display full restaurant info on the website and misdirect links to their ap.  Really BAD and HOSTILE to users."
69f30d00fccf03d853c51a8a,Bark,Customer,Poor matching / location,Primary,Medium,2,2,"Sent me recommendations for a window cleaner 80 miles away. Demanded phone number and setting an account up. 

Far to bothersome, I'm not looking for a nuclear physicist"
6a558787c88b568333e0efba,Yelp,Service Provider / Business,Poor ROI / expensive leads,Primary,Medium,2,1,"I had a very disappointing experience with Yelp Ads.

I signed up for a 30-day free trial on May 22, 2026, and received absolutely zero legitimate leads. Instead, my business line was flooded with spam and solicitation calls from people who said they found my information through my Yelp ad. I have call logs, screenshots, and transcriptions documenting this.

Because the ads were disrupting my business and producing no results, I canceled on June 2, 2026, well before the trial ended. I also received an email from Yelp confirming the cancellation.

Despite that, Yelp charged me in July.

When I contacted Yelp, they refused to issue a refund and suggested that there were plenty of resources available to cancel, even though I had already canceled and had written confirmation proving it. I provided documentation, but they still closed the matter and said the decision was final.

I have proof of the cancellation, the charge, the spam calls, and my communications with Yelp. I have disputed the charge with my bank.

Small-business owners should be extremely cautious and save every cancellation email and screenshot."
6a558787c88b568333e0efba,Yelp,Service Provider / Business,Billing / refunds,Secondary,Medium,2,1,"I had a very disappointing experience with Yelp Ads.

I signed up for a 30-day free trial on May 22, 2026, and received absolutely zero legitimate leads. Instead, my business line was flooded with spam and solicitation calls from people who said they found my information through my Yelp ad. I have call logs, screenshots, and transcriptions documenting this.

Because the ads were disrupting my business and producing no results, I canceled on June 2, 2026, well before the trial ended. I also received an email from Yelp confirming the cancellation.

Despite that, Yelp charged me in July.

When I contacted Yelp, they refused to issue a refund and suggested that there were plenty of resources available to cancel, even though I had already canceled and had written confirmation proving it. I provided documentation, but they still closed the matter and said the decision was final.

I have proof of the cancellation, the charge, the spam calls, and my communications with Yelp. I have disputed the charge with my bank.

Small-business owners should be extremely cautious and save every cancellation email and screenshot."
6926104850781964fe987dcb,Bark,Customer,Poor matching / location,Primary,Low,1,2,"I received responses from property maintenance companies, rather than roofing specialists. One company visited to assess and promply produced a hideously high quote,they had a terrible review on line,  another was a conservatory company, nothing in their website suggested they did roof repairs. I got the impression all responders were desperate for work, but lacked appropriate skills. There sre a lot of dodgy 'roofers' out there so I'll stick to using well establushed roofing specialists only"
6924c3f852b70e89306ce1c6,Yell,Service Provider / Business,Misleading claims / transparency,Primary,Medium,2,1,"They are not delivering what they promise, a lot of empty promises "
6a7ddfd768b195dfe6dcbc75,Checkatrade,Customer,Provider quality / no-show,Primary,Medium,2,1,"Cowboy traders, fake support, and zero accountability. Checkatrade Express overcharged me, blocked my complaint, replied to my review with a nonexistent email, and sent me in circles. Their trader failed my EICR just to upsell a £1,000 fuseboard replacement — another electrician passed it with no replacement. This service is a joke. Avoid."
6a7ddfd768b195dfe6dcbc75,Checkatrade,Customer,Pricing / quote transparency,Secondary,Medium,2,1,"Cowboy traders, fake support, and zero accountability. Checkatrade Express overcharged me, blocked my complaint, replied to my review with a nonexistent email, and sent me in circles. Their trader failed my EICR just to upsell a £1,000 fuseboard replacement — another electrician passed it with no replacement. This service is a joke. Avoid."
6926e017443cbb5d2618fbb3,Bark,Customer,Finding a provider / low response,Primary,Medium,2,2,"only one company contacted me  relating to the loft work 2 weeks now have gone by since his contact  still not called round to quote or examine the job, considering hes only 4 miles up the road a waste of time! "
6a02ea793f2b539fefed3b23,Checkatrade,Customer,Privacy / unwanted contact,Primary,Low,1,3,I didn't expect to get a text.  Just giving a rating via the web was enough.  Just to be clear - this is about the review process.  I was completely happy with the trader.
6a5742c546a82072eebe8377,Checkatrade,Service Provider / Business,Fake / invalid leads,Primary,Medium,2,1,"How can i rate a company who takes 400£ from me and promises to give me 15 leads per month but instead i get contact details of people, if you can reach them say they never heard about the checkatrade or people who you can’t reach. From the 15 leads it maybe in best case that 3/5 are real, the rest is fake.
Is that not a scam? "
6a2bef059ad70aa8b7c4344a,Yell,Service Provider / Business,Poor lead quality,Primary,Medium,2,1,"My experience with Yell has been extremely disappointing and, unfortunately, what began in January 2026 remains an ongoing saga.

Immediately following a formal review of my campaign, I raised serious concerns regarding lead quality, lead classification, campaign performance and the overall value being delivered. I was informed that my Account Manager carried out an audit with his manager, both agreed there were concerns, and the matter was escalated internally. Despite this, the issues were ultimately rejected and I have yet to receive what I consider to be satisfactory evidence addressing the points raised.

A major concern was the classification of leads. I challenged whether supplier calls, missed calls, existing customers and other non-sales contacts should have been counted towards campaign performance and lead guarantee figures. Despite repeatedly requesting evidence, I do not believe these concerns have been properly addressed.

The performance of the campaign was also deeply concerning. Based on the figures provided to me by Yell, my analysis showed that the effective cost per conversion was in excess of £1,500. For any small business, that level of performance raises serious questions about campaign management, optimisation and value for money.

What makes this particularly frustrating is that since leaving Yell, my business has achieved dramatically different results. Under independent Google Ads management, I have generated more genuine enquiries and secured more new customers in approximately three months than I achieved during the eighteen months Yell managed the account. My current campaign is producing conversions at approximately £48 each and the business is now thriving.

I was also disappointed by the lack of transparency surrounding fees and advertising spend. Google publishes policies for third-party partners that emphasise transparency regarding services, fees and the management of advertising accounts. As a business owner investing significant sums each month, I believe clients should have clear visibility of where their money is being spent and exactly what value is being delivered.

Rather than reaching a satisfactory resolution, this dispute has continued since January and remains unresolved. Throughout the process I have repeatedly requested evidence to support the conclusions being presented, but I have found the responses largely consist of assertions rather than the underlying information required to independently verify the position.

Every business will have its own experience, but mine has been one of ongoing dispute, poor transparency, unresolved concerns and disappointing results relative to the investment made.

There is no lead guarantee, it should be called something else as it appeared to focus almost entirely on the quantity of enquiries rather than the quality of those enquiries.

As a business owner, I don't measure success by how many people contact me. I measure success by how many genuine opportunities are created and how many customers are won.

The impression I was left with was that once a contact had been recorded, the emphasis was on counting it towards the lead target rather than examining whether it represented a realistic sales opportunity for my business.

From my perspective, there seemed to be a significant difference between what Yell considered a lead and what I considered a genuine prospective customer.

That distinction matters because businesses do not grow from lead numbers on a report. They grow from relevant enquiries, quotations, sales and profitable work.

If a supplier call, a missed call, an existing customer, your Auntie or someone looking for a product you do not offer can all contribute towards a lead target, then business owners should look very carefully at how success is being measured before placing too much reliance on a lead guarantee.


If you are considering Yell, I would strongly recommend asking detailed questions about lead validation, campaign management, reporting transparency and exactly how your advertising budget is being allocated before signing any agreement.
Also go over their terms and conditions with a fine tooth comb before signing. 

I see all these 5 star reviews with new customers, lets see how many stars they give in 3 months time."
6a2bef059ad70aa8b7c4344a,Yell,Service Provider / Business,Poor ROI / expensive leads,Secondary,Medium,2,1,"My experience with Yell has been extremely disappointing and, unfortunately, what began in January 2026 remains an ongoing saga.

Immediately following a formal review of my campaign, I raised serious concerns regarding lead quality, lead classification, campaign performance and the overall value being delivered. I was informed that my Account Manager carried out an audit with his manager, both agreed there were concerns, and the matter was escalated internally. Despite this, the issues were ultimately rejected and I have yet to receive what I consider to be satisfactory evidence addressing the points raised.

A major concern was the classification of leads. I challenged whether supplier calls, missed calls, existing customers and other non-sales contacts should have been counted towards campaign performance and lead guarantee figures. Despite repeatedly requesting evidence, I do not believe these concerns have been properly addressed.

The performance of the campaign was also deeply concerning. Based on the figures provided to me by Yell, my analysis showed that the effective cost per conversion was in excess of £1,500. For any small business, that level of performance raises serious questions about campaign management, optimisation and value for money.

What makes this particularly frustrating is that since leaving Yell, my business has achieved dramatically different results. Under independent Google Ads management, I have generated more genuine enquiries and secured more new customers in approximately three months than I achieved during the eighteen months Yell managed the account. My current campaign is producing conversions at approximately £48 each and the business is now thriving.

I was also disappointed by the lack of transparency surrounding fees and advertising spend. Google publishes policies for third-party partners that emphasise transparency regarding services, fees and the management of advertising accounts. As a business owner investing significant sums each month, I believe clients should have clear visibility of where their money is being spent and exactly what value is being delivered.

Rather than reaching a satisfactory resolution, this dispute has continued since January and remains unresolved. Throughout the process I have repeatedly requested evidence to support the conclusions being presented, but I have found the responses largely consist of assertions rather than the underlying information required to independently verify the position.

Every business will have its own experience, but mine has been one of ongoing dispute, poor transparency, unresolved concerns and disappointing results relative to the investment made.

There is no lead guarantee, it should be called something else as it appeared to focus almost entirely on the quantity of enquiries rather than the quality of those enquiries.

As a business owner, I don't measure success by how many people contact me. I measure success by how many genuine opportunities are created and how many customers are won.

The impression I was left with was that once a contact had been recorded, the emphasis was on counting it towards the lead target rather than examining whether it represented a realistic sales opportunity for my business.

From my perspective, there seemed to be a significant difference between what Yell considered a lead and what I considered a genuine prospective customer.

That distinction matters because businesses do not grow from lead numbers on a report. They grow from relevant enquiries, quotations, sales and profitable work.

If a supplier call, a missed call, an existing customer, your Auntie or someone looking for a product you do not offer can all contribute towards a lead target, then business owners should look very carefully at how success is being measured before placing too much reliance on a lead guarantee.


If you are considering Yell, I would strongly recommend asking detailed questions about lead validation, campaign management, reporting transparency and exactly how your advertising budget is being allocated before signing any agreement.
Also go over their terms and conditions with a fine tooth comb before signing. 

I see all these 5 star reviews with new customers, lets see how many stars they give in 3 months time."
6a2ff923312c84495ea8016b,Yell,Service Provider / Business,Poor ROI / expensive leads,Primary,Medium,2,3,"Mixed experiences

Started well then went downhill. I am pleased with the website design and was impressed with my first Account Manager. Less pleased to have 3 Acc. Managers in less than a year and not being informed about it. The website worked well for 8 months, then the enquiries stopped. Yell.com's reaction? Buy more advertising! I was only put in touch with somebody helpful giving me useful advice when I made a complaint. I'm not I.T.-savvy & made this clear right from the start. I was told I'd get all the advice & help I needed. Except with my first Acc Mgr it hasn't happened. I feel like a blind man blundering around a minefield after my guides all ran away."
6a66f4795208ff869281272a,Bark,Customer,Platform usability / technical issues,Primary,Low,1,2,"Sold to everyone. Not able to select and review the companies profile. Aggresive marketing strategies and asking how we did after less then 2 working days.. 
Poor performing system for the customer."
6a57cdd4b8388d968491e2e0,Checkatrade,Customer,Pricing / quote transparency,Primary,Medium,2,1,"Based on an impressive website and a recommendation from Check a Trade, we contacted “Emergency Locksmiths 24.”
We knew that calling them out at 10.30pm would incur premium rates, but when we were charged £374 for ten minutes work, we were absolutely disgusted. That was nothing short of scandalous.
Check a Trade need to carry out far more stringent checks before recommending companies like this.
Steer clear of “Emergency Locksmiths 24!!”"
6a56b7240350fcd333d21250,Bark,Customer,Provider quality / no-show,Primary,High,3,1,"My experience with Bark has been extremely disappointing.
I used Bark to find a contractor because I believed the platform offered a trustworthy way to connect with reputable tradespeople. Unfortunately, when serious issues arose with the work carried out, I found Bark to be of very little assistance in helping to resolve the dispute.
What concerns me most is how easy it appears for traders to create a profile and obtain work. As a customer, I was left with the impression that the checks carried out before allowing traders onto the platform were not as robust as I had expected.
When I later needed a business address in order to pursue legal action, Bark refused to provide it, citing data protection. While I understand that data protection laws exist, it left me with no practical way to serve legal documents on the trader, despite trying to resolve the matter properly through the courts.
In my experience, the platform offers very limited support once something goes wrong, leaving customers to deal with the consequences on their own. I would strongly encourage anyone considering using Bark to carry out thorough independent checks on any trader before agreeing to any work, rather than relying solely on reviews or the fact they are listed on the platform.
Based on my personal experience, I would not use Bark again."
6a56b7240350fcd333d21250,Bark,Customer,Dispute resolution / protection,Secondary,High,3,1,"My experience with Bark has been extremely disappointing.
I used Bark to find a contractor because I believed the platform offered a trustworthy way to connect with reputable tradespeople. Unfortunately, when serious issues arose with the work carried out, I found Bark to be of very little assistance in helping to resolve the dispute.
What concerns me most is how easy it appears for traders to create a profile and obtain work. As a customer, I was left with the impression that the checks carried out before allowing traders onto the platform were not as robust as I had expected.
When I later needed a business address in order to pursue legal action, Bark refused to provide it, citing data protection. While I understand that data protection laws exist, it left me with no practical way to serve legal documents on the trader, despite trying to resolve the matter properly through the courts.
In my experience, the platform offers very limited support once something goes wrong, leaving customers to deal with the consequences on their own. I would strongly encourage anyone considering using Bark to carry out thorough independent checks on any trader before agreeing to any work, rather than relying solely on reviews or the fact they are listed on the platform.
Based on my personal experience, I would not use Bark again."
69d54878de656849a8bb19f4,Yelp,Service Provider / Business,Privacy / unwanted contact,Primary,Medium,2,1,"I started my Yelp business profile. Their ads sales agent Chris Lewis called me unsolicited and when I hung up on him after realizing it was a sales call, he emailed me and stated ""You'll never get new customers that way"". Chris, I did not ask you to call, you are not my customer, and if i was open to yelp ads, i certainly am not anymore. "
697515cc13e278e47021c41e,Yell,Service Provider / Business,Misleading claims / transparency,Primary,Medium,2,1,"I was a loyal customer of yell for over 15 years. A rep came out to see me, would not leave me alone… he promised that for 750.00 a month my phone would be “off the hook and it would pay for itself” 
I was in a contract for 12 months and I had not one job come through from them, I persevered but After 6 months of paying this huge outgoing I rang to get out of this contract, the customer service was awful. I was made to pay an extra 2600.00 to leave the contract. I had a text from them today (just another advertising ploy) that has led me here to write this review… 
Avoid at all costs. 
Hence, I now advertise with google. 
"
697515cc13e278e47021c41e,Yell,Service Provider / Business,Sales pressure / contract terms,Secondary,Medium,2,1,"I was a loyal customer of yell for over 15 years. A rep came out to see me, would not leave me alone… he promised that for 750.00 a month my phone would be “off the hook and it would pay for itself” 
I was in a contract for 12 months and I had not one job come through from them, I persevered but After 6 months of paying this huge outgoing I rang to get out of this contract, the customer service was awful. I was made to pay an extra 2600.00 to leave the contract. I had a text from them today (just another advertising ploy) that has led me here to write this review… 
Avoid at all costs. 
Hence, I now advertise with google. 
"
6a7a0d6d8c2f54a717a3ca41,Bark,Customer,Provider quality / no-show,Primary,Medium,2,2,I gave a tradesman a five star review but the work deteriorated very quickly soon after. I’ve contacted bark to amend the review but it’s impossible to get a response. I won’t use them again or leave any reviews on their platform. 
6a7a0d6d8c2f54a717a3ca41,Bark,Customer,Customer support,Secondary,Medium,2,2,I gave a tradesman a five star review but the work deteriorated very quickly soon after. I’ve contacted bark to amend the review but it’s impossible to get a response. I won’t use them again or leave any reviews on their platform. 
6a4a79a795fa78e3b7bb58b8,Yelp,Customer,Review trust / moderation,Primary,Medium,2,1,I stayed at a family resort and found out a registered pedo lived there. I posted a review of the resort Sun outdoors Sarasota and someone from the resort called me after that my review was moved to the “not recommended “ dead zone. So apparently yelps $$ is more important than protecting children? Yelp fails. I had pictures and of course my receipts but the business paid to take it down. 
6989ab908538ba5e87ff2079,Checkatrade,Customer,Finding a provider / low response,Primary,Medium,2,2,"First time Checkatrade
Got onto the site easy, got three contractors good. But as small job only one replied gave a messenger quote.  I found it difficult to navigate  your site to view process. Possibly me?  So was unable to complete the process through your system. 
"
6989ab908538ba5e87ff2079,Checkatrade,Customer,Platform usability / technical issues,Secondary,Medium,2,2,"First time Checkatrade
Got onto the site easy, got three contractors good. But as small job only one replied gave a messenger quote.  I found it difficult to navigate  your site to view process. Possibly me?  So was unable to complete the process through your system. 
"
68762a456e97633fd78fa9e6,Bark,Service Provider / Business,Poor lead quality,Primary,Medium,2,2,"Je vais essayer d’être le plus honnête, factuel et direct possible. Bark vous envoi d’abord un ou deux contacts gratuits pour vous séduire, et il s’est avéré que l’un des deux contacts s’est transformé en rdv (restaurant situé à bois colombes, où le gérant cherchait un architecte pour un nouveau restaurant à créer).
Bref, suite à ces 2 contacts, étant architecte d’intérieur, j’ai décidé en début d’année 2025 de tester et d’élargir ma clientèle en passant entre autre par bark.
J’ai dû débourser pour l'ensemble des crédits un peu plus de 400 euros en tout, en sachant pour chaque contact intéressant, coûte aux environs de 45 et 55 euros. La moitié des contacts sont de faux contacts (agence immobilière, ne souhaite pas finalement être contacté, aucune réponse, …). Les autres contacts sont des particuliers qui ont peu de moyens, ou pour de la décoration (ou home staging). Sur un total de 13 contacts, deux rdv sérieux seulement, et des RDV sur place dont un particulier est un vrai gougeât et ne vous réponde même pas par manque de savoir-vivre (donne un faux numéro de rue lors du rdv mais connait très bien l'adresse). Le seul contact où j’étais en concurrence avec d’autres architectes était un client haut de gamme (étranger, le seul contact respectueux dans le lot des 13)… Finalement, aucun contact sur bark n’a abouti sur un projet.
La seule chose positive, c’est que bark vous rembourse des faux contacts (et il y en a beaucoup), mais sur 93% des contacts négatifs est un investissement trop maigre et ne vaut absolument pas le coup. Alors, vous perdrez de l’argent et du temps à brasser les bons clients, 7% pour ma part, n’est pas intéressant. Passez votre chemin, vous perdrez votre argent et du temps à brasser plus qu’autre chose."
69650cdd4667ca9f200c0f1e,Bark,Customer,Provider quality / no-show,Primary,Medium,2,3,"The contractor did not do a professional job and I am currently waiting to get the shabby job completed. Not happy at all that I wonder how you monitor the performance of the contractor on your platform. 
Will not recommend this person for any fence work. "
691b7d92717caf908f0c6695,Yelp,Service Provider / Business,Review trust / moderation,Primary,Medium,2,1,"Nur mit Anwalt kommt man hier auf sein Recht.
Yelp weiß selber das viele Negativ Bewertungen beleidigend sind, und klar eine Diffamierung eines Unternehmens, kommt ein Anwalt wird sofort gelöscht.
Will ein Unternehmen es selber klären keine Bereitschaft von diesem Unternehmen.
Aber man sieht es ja hier wie gut das Unternehmen selbst bei Trustpilot abschneidet.
Also ich kann nur sagen Geld investieren mit einem Anwalt das lohnt sich sehr, nur so kommt man bei diesem Unternehmen weiter.

Ich habe selbst stark beleidigende Bewertúngen bekommen, ich denke heutzutage haben beleidigungen im Netz nichts mehr verloren, oder sehen andere dieses Thema anders?"
69f3709960840a93e2233f48,Yell,Service Provider / Business,Poor ROI / expensive leads,Primary,Medium,2,2,"i am still waiting to get this going and it is amonth now 
no one is calling 
i would not use you again"
6895d65cabc7c92aed7da302,Yell,Service Provider / Business,Misleading claims / transparency,Primary,Medium,2,3,"Really nice guys, contactable and trying to help however, they’ve made promises and haven’t delivered. My business is new to their page but was told I’d be high up on yell.com and high with google, Facebook ads. None of which has happened, they’re created a nice website for me and any changes wanted it’s done within a day or two just don’t think promises and guarantees should be made if that’s not what can be delivered. "
6a5282e05dc7f6244186bb29,Yelp,Service Provider / Business,Review trust / moderation,Primary,Medium,2,1,"I am filing this complaint regarding Yelp’s review filtering practices and the impact they are having on my business.

Our business currently has approximately 37 five-star customer reviews that Yelp has placed in the “not recommended” section. These reviews appear to be from legitimate customers who used our services and took the time to share their experiences. However, Yelp does not include these reviews in our displayed rating, making them difficult for potential customers to find.

This creates a misleading impression of our business and does not accurately represent the feedback we have received from our customers. Yelp does not provide a clear explanation of why each review was removed from the recommended section, nor does it provide a meaningful appeal process for the business owner or reviewer.

I understand that Yelp uses automated software to identify potentially unreliable reviews. However, when dozens of legitimate five-star reviews are excluded, the system appears unfair, inaccurate, and damaging to the reputation of the business.

I am requesting that Yelp:

1. Conduct a manual review of the 37 five-star reviews currently marked as “not recommended.”
2. Provide a specific explanation for why each review was filtered.
3. Restore any reviews that were submitted by verified, legitimate customers.
4. Provide a fair and transparent appeal process for businesses affected by review filtering.
5. Correct our displayed rating to accurately reflect all legitimate customer feedback.

These reviews directly affect consumer perception, search visibility, and our ability to compete fairly. Businesses should not be financially or reputationally harmed by an automated system without transparency, accountability, or a reasonable opportunity to challenge inaccurate decisions.

I am requesting a written response explaining what Yelp will do to investigate and resolve this issue.
"
6a27ccb3661eceddd32f968e,Checkatrade,Service Provider / Business,Poor ROI / expensive leads,Primary,Medium,2,1,"Please Read Before joining ! This is my 4th review on this dreadful company, unsure if I can add photos here of the last 12 months of work this awful company has generated , I’m a 23 year member and so the only reason I keep my subscription is because I’ve built up over 500 reviews but unfortunately this company is charging extortionate amounts per month and is simply not generating any work apart from very small handyman jobs complete and utter waste of money."
65cccb57e127ee34381c68ac,Yell,Service Provider / Business,Platform usability / technical issues,Primary,Low,1,2,"I am in the process of updating my website and have found this has been a difficult process. Poor communication and I’ve asked for amendments which have not been completed. Not a great experience unfortunately and I’ve signed up for 12 months. Update as no one contacted me from the customer care team I had to contact them yet again myself to get this rectified. Yell unfortunately are happy to take your money but fail to communicate when things go wrong. The only response I’m getting from you is yourselves on here why has no one contacted me personally?

Kirk"
6979da54fc605a1150178b96,Bark,Customer,Provider quality / no-show,Primary,High,3,3,"We were told by Thomas that the work to be done would be used as a showcase and he would use our patio, once finished, for his website. I gave him the permission to put up his company advertising board after the work was done, but he must have changed his mind.
Once the preparation work was done, Thomas told me to lock the side gates overnight because there were thousands of pounds of equipment. I could only see a old compacting machine and a battered cement mixer. Who would steal them?? The workmen didn't have tools so they used our extension lead, hoses and buckets found in our shed without asking first. They only had one large grinder. They did not have a small grinder for the more smaller detailed work/cutting. They also didn't have any grinder discs when starting the work so Thomas had to buy some. Then the cement mixer didn't start and I had to supply a fuse and screwdriver to get it started. They also asked if I have voltage spliter? We agreed at the start to have boarders like the brochure, but when I looked outside they had already started laying the tiles without space for the boarders. The builders knew nothing about having boarders so I confronted Thomas. He said the boarders will become lose over time so would not recommend them, but he did not mention it at the time or during work being done. He also said he'll turf the boarders and the lawn but again it was another broken promise as he only patched it up using two rolls of grass. His staff left me some leftover grout and said that I could use it for any bits that he may have missed out!! The whole project was no showcase that's for sure and surprisingly no photos taken before and after. Thomas asked if I would like the front of the house done too as his men are on site and can start straight away. Had he done a brilliant job I would have said yes without a blink. Unfortunately the standard and promise work done was not up to the expectations he lead me to believe. "
6a7af76bf2bbbd411f2ec099,Bark,Service Provider / Business,Platform usability / technical issues,Primary,Medium,2,1,"total waste of time. They answer enquiries with AI, cannot even get their paying customer's name right, and do not have ANY understanding of their own platform. A total rip off for business. Avoid at all costs"
6989acb1a9535a6167c04c46,Yell,Service Provider / Business,Sales pressure / contract terms,Primary,Medium,2,1,I signed up with yell for business. They don’t care about having a positive impact on your business and how they can advertise for you. These people are crooks I didn’t even know what I was signing up for they put me under so much pressure. They just want your money. Every call I had with yell was about spending more money. Nothing was about the current statistics from being with yell…. Because it made no difference !!! I was told I was on a years contract so after a year I stopped paying. They decided to call me two months later to tell me I hadn’t paid for the next two months and now they are saying they will send it to a debt collectors if I don’t pay. They are quick to call you to get more money out of you but not to cancel what you want cancelled . ABSOLUTE SCAM.
6989acb1a9535a6167c04c46,Yell,Service Provider / Business,Account access / cancellation,Secondary,Medium,2,1,I signed up with yell for business. They don’t care about having a positive impact on your business and how they can advertise for you. These people are crooks I didn’t even know what I was signing up for they put me under so much pressure. They just want your money. Every call I had with yell was about spending more money. Nothing was about the current statistics from being with yell…. Because it made no difference !!! I was told I was on a years contract so after a year I stopped paying. They decided to call me two months later to tell me I hadn’t paid for the next two months and now they are saying they will send it to a debt collectors if I don’t pay. They are quick to call you to get more money out of you but not to cancel what you want cancelled . ABSOLUTE SCAM.
6633d8fe40d08b634f229dad,Yell,Service Provider / Business,Sales pressure / contract terms,Primary,Medium,2,2,"After receiving a call from a member of the Yell team no longer than six months ago, promising me tons of work recognition on Google and so much more I can honestly yell.com are the biggest cowboys around I’ve tried so long to leave Yell yet time after time to keep throwing a bogus contract in my face which by the way will not stand up in court what YELL does not want you to know is that they nearly went bust in 2018 and the only way they could keep their business Float Was locking small businesses in 12 month contracts they have scare tactics Such as they will send bailiffs around to your property and much more do not be afraid of this I have spoken to a lawyer and they mean absolutely nothing there is a petition on Facebook called yell.con CON 
EVERYBODY SIGN THIS PETITION SO FAR WE HAVE OVER 25,000 SIGNATURES IF YOU HAVE BEEN AFFECTED BY THIS SIGN THE PETITION AND LET’S TAKE THESE COWBOYS DOWN ONCE AND FOR ALL 
Do not listen to their bullying tactics when you Phone trying to cancel after a long time of trying to get off yell.com today I Phoned and informed them of this petition on Facebook and also another petition that my local Jewson is doing now suddenly they have finally removed me from Yell. Do not buy into the bullying tactics.

"
6633d8fe40d08b634f229dad,Yell,Service Provider / Business,Account access / cancellation,Secondary,Medium,2,2,"After receiving a call from a member of the Yell team no longer than six months ago, promising me tons of work recognition on Google and so much more I can honestly yell.com are the biggest cowboys around I’ve tried so long to leave Yell yet time after time to keep throwing a bogus contract in my face which by the way will not stand up in court what YELL does not want you to know is that they nearly went bust in 2018 and the only way they could keep their business Float Was locking small businesses in 12 month contracts they have scare tactics Such as they will send bailiffs around to your property and much more do not be afraid of this I have spoken to a lawyer and they mean absolutely nothing there is a petition on Facebook called yell.con CON 
EVERYBODY SIGN THIS PETITION SO FAR WE HAVE OVER 25,000 SIGNATURES IF YOU HAVE BEEN AFFECTED BY THIS SIGN THE PETITION AND LET’S TAKE THESE COWBOYS DOWN ONCE AND FOR ALL 
Do not listen to their bullying tactics when you Phone trying to cancel after a long time of trying to get off yell.com today I Phoned and informed them of this petition on Facebook and also another petition that my local Jewson is doing now suddenly they have finally removed me from Yell. Do not buy into the bullying tactics.

"
69fb6f15a2c77341054213d2,Yell,Service Provider / Business,Poor lead quality,Primary,Medium,2,1,"Avoid Yell Ltd at all costs.

Our experience has been extremely poor from start to finish. The advertising campaign was set up incorrectly, targeting the wrong audience and promoting services we do not even offer. As a result, the “leads” generated were largely useless.

Most enquiries were not genuine customers — many were irrelevant calls or even marketing spam. Despite being sold a service designed to generate real business opportunities, we received little to no value.

It was only after speaking with someone internally that we discovered the campaign had been set up incorrectly. By that stage, time and money had already been wasted. Yell continue to rely on surface-level metrics like clicks and call volumes, which mean nothing when the lead quality is so poor.

To make matters worse, they have now instructed Flint Bishop to pursue us for payment, despite the service clearly failing to meet reasonable commercial expectations.

Misleading performance, poor targeting, and a complete lack of accountability. I would strongly recommend other businesses look elsewhere for advertising."
6a5e524107a2e9ab8d01713b,Bark,Service Provider / Business,Fake / invalid leads,Primary,Medium,2,1,"I run a small electrical business in Ireland. At the start, Bark.com seemed very good until the job leads that I had purchased started to turn out to be fake! Yes, AI generated leads! I've heard them called, by other small business owners "" Ghost leads, bogus leads, manufactured leads"" etc.
An average small electrical job now costs 9 credits. In money terms, this is close to €30 including VAT.

I recently purchased eight different leads and only got to speak to one human!

I want to be CRYSTAL clear here! I've absolutely no problems with not getting a job as long as the lead is real and you get through to a human! They "" claim"" that the leads are verified but this is nonsense!

I've called and texted numbers and left messages and told people that I offer FREE NO OBLIGATION QUOTATIONS and still they never reply as the leads are fake! Here, the ratio is now about 2 in 10 ie 8 fake for every 10 purchased!

As far as I'm concerned, this now is very serious!

Alex Corcoran BEST ELECTRIC 
Galway 
Ireland 



"
6a5e524107a2e9ab8d01713b,Bark,Service Provider / Business,Unresponsive leads,Secondary,Medium,2,1,"I run a small electrical business in Ireland. At the start, Bark.com seemed very good until the job leads that I had purchased started to turn out to be fake! Yes, AI generated leads! I've heard them called, by other small business owners "" Ghost leads, bogus leads, manufactured leads"" etc.
An average small electrical job now costs 9 credits. In money terms, this is close to €30 including VAT.

I recently purchased eight different leads and only got to speak to one human!

I want to be CRYSTAL clear here! I've absolutely no problems with not getting a job as long as the lead is real and you get through to a human! They "" claim"" that the leads are verified but this is nonsense!

I've called and texted numbers and left messages and told people that I offer FREE NO OBLIGATION QUOTATIONS and still they never reply as the leads are fake! Here, the ratio is now about 2 in 10 ie 8 fake for every 10 purchased!

As far as I'm concerned, this now is very serious!

Alex Corcoran BEST ELECTRIC 
Galway 
Ireland 



"
697dd2a60fcd4404a097f9be,Yell,Service Provider / Business,Misleading claims / transparency,Primary,Medium,2,1,One of curly contacted me for my taxi business adds and SEO talking like they are best promising me a lot positive work and etc.. They promise to build up PHP coding website very professional they got a very good team they can do it easily.. Giving me quota I said give me some time to read your company profile and your term and condition instantly he wasn ring me send me email to sign a contract I said I don't want to fall in contract jack the manager he send me confirming that if I'm not happy I cancel anytime.. Next time book a call with someone she's showing me all the free website which can be created by anyone and free I told them I'm not happy because they things you have promise me now u are playing I don't have any trust Jack I'm quite and I'm cancelling I have email I'm not going to use this service but still sending invoices of £298 for doing nothing not receive a single bookings for my taxi.. There are RIP OFF PLEASE STAY AWAY
697dd2a60fcd4404a097f9be,Yell,Service Provider / Business,Account access / cancellation,Secondary,Medium,2,1,One of curly contacted me for my taxi business adds and SEO talking like they are best promising me a lot positive work and etc.. They promise to build up PHP coding website very professional they got a very good team they can do it easily.. Giving me quota I said give me some time to read your company profile and your term and condition instantly he wasn ring me send me email to sign a contract I said I don't want to fall in contract jack the manager he send me confirming that if I'm not happy I cancel anytime.. Next time book a call with someone she's showing me all the free website which can be created by anyone and free I told them I'm not happy because they things you have promise me now u are playing I don't have any trust Jack I'm quite and I'm cancelling I have email I'm not going to use this service but still sending invoices of £298 for doing nothing not receive a single bookings for my taxi.. There are RIP OFF PLEASE STAY AWAY
6a767607bf74fc8c7675b909,Yelp,Customer,Review trust / moderation,Primary,Medium,2,1,Worst Review Platform. I don't know who still uses yelp in 2026 but Google is way better IMO. Yelp has a been riddled with fake accounts.
691dd62dd9c34b1e8ba1ee4f,Checkatrade,Customer,Finding a provider / low response,Primary,Medium,2,2,Mostly poor level of response ot tradesmen don't follow through. Some questionable traders not happy to proceed with questionable reviews. Don't trust. 
6a7260e490e34d59962e30e3,Bark,Service Provider / Business,Unresponsive leads,Primary,Medium,2,1,"Very disappointing experience as a supplier.

I paid £62 for 20 credits and ended up buying them twice, spending £122 in total. Most leads cost between 7 and 11 credits, meaning you can’t even contact three customers before having to buy more credits.

The biggest issue is the quality of the leads. The vast majority never reply, don’t acknowledge messages, and some don’t even read WhatsApp messages. I contacted five leads and didn’t receive a single response, not even a simple “thanks for your message” or “I’ll take a look.”

I now have six credits left, which isn’t even enough to contact another lead because all the available enquiries cost seven credits or more. It feels like you’re constantly being pushed to buy more credits without seeing any return.

After spending £122 with zero responses, it’s been a complete waste of time and money for my business. Unfortunately, I won’t be using Bark again."
6a7260e490e34d59962e30e3,Bark,Service Provider / Business,Poor ROI / expensive leads,Secondary,Medium,2,1,"Very disappointing experience as a supplier.

I paid £62 for 20 credits and ended up buying them twice, spending £122 in total. Most leads cost between 7 and 11 credits, meaning you can’t even contact three customers before having to buy more credits.

The biggest issue is the quality of the leads. The vast majority never reply, don’t acknowledge messages, and some don’t even read WhatsApp messages. I contacted five leads and didn’t receive a single response, not even a simple “thanks for your message” or “I’ll take a look.”

I now have six credits left, which isn’t even enough to contact another lead because all the available enquiries cost seven credits or more. It feels like you’re constantly being pushed to buy more credits without seeing any return.

After spending £122 with zero responses, it’s been a complete waste of time and money for my business. Unfortunately, I won’t be using Bark again."
66f5777a64967551f4726d49,Yell,Service Provider / Business,Poor ROI / expensive leads,Primary,Medium,2,3,You tell me you will get loads of work for wot I pay a month have ad 2 jobs off it
69dec4160930bf2a86d51730,Yelp,Service Provider / Business,Review trust / moderation,Primary,Medium,2,1,"These guys are parasites sucking the lifeblood out of small businesses. They hide all the positive reviews and then turn around and try to sell you expensive advertising. When it comes to the authenticity of a recipe, they don't care at all. If a customer leaves a nonsensical review, Yelp refuses to remove it. For example, if you sell champagne and a customer complains that the wine is 'carbonated and terrible' — you explain to Yelp that this is exactly how the product is supposed to be, but they couldn't care less. They prioritize ignorance over authenticity just to keep their platform messy and force you to pay."
68aefc7858493344191d4de1,Checkatrade,Customer,Provider quality / no-show,Primary,Medium,2,2,Used Checkatrade twice during the last 12 months to find tradespeople.  I have not been very impressed with the tradespeople I have found on there and would not use them in future to find further tradespeople.  In contrast Rated People provided me with an excellent plumber who fitted my radiators a couple of weeks ago.
69d995467adf3a7080b7c42b,Yell,Service Provider / Business,Misleading claims / transparency,Primary,Medium,2,1,"I have been missold a marketing package. I get no calls and I am being charged £168 a month for absolutely nothing. Big scam, do not sign up with yell."
6a6a8ac93970f54640efbfb5,Checkatrade,Service Provider / Business,Poor ROI / expensive leads,Primary,Medium,2,1,"I just started my gardening business and looked into using Checkatrade.
I got into contact with them and concluded it wasn't for me as they are too expensive for the limited amount of business they would bring in (they could gauge how much they could bring in in my area).

But that's all fine. The ANNOYING thing is that they keep e-mailing me, keep texting me and no matter how many times I unsubscribe or block their number they KEEP CONTACTING ME.
It's super annoying and I wished I never heard of them.

Don't waste your time, they are expensive and really obnoxious with their communications!

Edit: Per reply from this company I tried to contact their customer support, however the email address they gave me DOESN'T EXIST! (And I copy-pasted, so I didn't make a typo)"
6a0890685f86ebe6379e8bb7,Yelp,Customer,Review trust / moderation,Primary,Medium,2,1,"I am deeply disappointed with how this platform operates. They routinely filter out legitimate, detailed reviews from real customers while leaving questionable ratings untouched. Their algorithm lacks transparency and actively hurts community trust. Navigating their customer support provides no real help or resolution. I am switching to alternative platforms that offer better transparency and fairness."
6a0890685f86ebe6379e8bb7,Yelp,Customer,Customer support,Secondary,Medium,2,1,"I am deeply disappointed with how this platform operates. They routinely filter out legitimate, detailed reviews from real customers while leaving questionable ratings untouched. Their algorithm lacks transparency and actively hurts community trust. Navigating their customer support provides no real help or resolution. I am switching to alternative platforms that offer better transparency and fairness."
6a59516633557811a91539eb,Yelp,Customer,Review trust / moderation,Primary,Medium,2,1,"As the title says, this site is quite simply, horrible.  Everything about it is a pay-to-win scam. 
Yelp pays to keep their results at the top of Google searches, which they can easily afford because their entire business model is; The more you pay, the better your business is rated and more visible it is, on their site.  Leave an honest negative review of a business that's paying for ads/promotion on Yelp, all of a sudden it's gone.  Funny how business that aren't pumping money into Yelp don't get that ""benefit"".
The shady practices continue on mobile, where Yelp forces people to use the app once a mobile device is detected.  This is because they have some of the most intrusive, privacy invading, permissions in the app.  The app is also crammed with ads, on top of the businesses paying for ""protection"" from negative reviews and boosting their visibility.  
Finally, it's obvious many, MANY reviews are fake, just compare reviews on Yelp to those for the same business on Google.
"
6a59516633557811a91539eb,Yelp,Customer,Privacy / unwanted contact,Secondary,Medium,2,1,"As the title says, this site is quite simply, horrible.  Everything about it is a pay-to-win scam. 
Yelp pays to keep their results at the top of Google searches, which they can easily afford because their entire business model is; The more you pay, the better your business is rated and more visible it is, on their site.  Leave an honest negative review of a business that's paying for ads/promotion on Yelp, all of a sudden it's gone.  Funny how business that aren't pumping money into Yelp don't get that ""benefit"".
The shady practices continue on mobile, where Yelp forces people to use the app once a mobile device is detected.  This is because they have some of the most intrusive, privacy invading, permissions in the app.  The app is also crammed with ads, on top of the businesses paying for ""protection"" from negative reviews and boosting their visibility.  
Finally, it's obvious many, MANY reviews are fake, just compare reviews on Yelp to those for the same business on Google.
"
6a0208c2a6edb7ee1c85270f,Yelp,Service Provider / Business,Poor ROI / expensive leads,Primary,Medium,2,1,"Very disappointed with Yelp. Since starting ads with them, I have received mostly spam and scam calls instead of real customers. Some callers were asking for debit and credit card information, which was very concerning.  

I also tried contacting customer service to cancel the ads, but the experience was not helpful. On top of that, some real 5-star customer reviews on my business page were hidden, which made it even more frustrating.  

I spent money expecting real leads and support, but my experience was the opposite. I would not recommend Yelp for small businesses."
6a0208c2a6edb7ee1c85270f,Yelp,Service Provider / Business,Account access / cancellation,Secondary,Medium,2,1,"Very disappointed with Yelp. Since starting ads with them, I have received mostly spam and scam calls instead of real customers. Some callers were asking for debit and credit card information, which was very concerning.  

I also tried contacting customer service to cancel the ads, but the experience was not helpful. On top of that, some real 5-star customer reviews on my business page were hidden, which made it even more frustrating.  

I spent money expecting real leads and support, but my experience was the opposite. I would not recommend Yelp for small businesses."
6934e0aea16679f71d12e49b,Yell,Service Provider / Business,Poor ROI / expensive leads,Primary,Medium,2,3,"I just feel what I’m paying for ain’t worth the money… need to communicate more, ask to improve website, feel it lacks in. 
It shouldn’t be about money, I get the impression it is.. disappointing :( "
6a668f0622c420243e3dac1f,Bark,Service Provider / Business,Privacy / unwanted contact,Primary,Medium,2,1,Constantly spamming our business after asking several times not to Lucy Thompson 
6a0d84a81e2f260e46e854d7,Yell,Service Provider / Business,Platform usability / technical issues,Primary,Medium,2,1,"Horrible service. Website turned off on Thursday, still waiting for it to be turned back on. Was given 24 hrs last Thursday, given 3-4 hrs on Monday, was made Urgent yesterday. Still nothing. Time to take control of my own website I think. "
6a552fb71859414a5409206c,Checkatrade,Customer,Finding a provider / low response,Primary,Medium,2,2,"I’ve used this site in the past and have noticed a definite downturn in responses from the tradespeople. I had 4 replies for my job, and had to chase every single one of them, despite their willingness to quote. I closed 2 off after 3 chases and closed the 3rd as they stopped communicating after an initial single message exchange. I did go with the other one, but my was it tedious sorting it "
6a2153855a738235a49cf3b2,Bark,Customer,Platform usability / technical issues,Primary,Low,1,3,A bit too complicated 
6a61e27c3a15aa275610baeb,Bark,Customer,Finding a provider / low response,Primary,Medium,2,1,No one responded. I wonder if my request even went through. Thx
68c1701d3e55db31225ccfd9,Checkatrade,Customer,Finding a provider / low response,Primary,Medium,2,3,"Did not get any response. 
Disappointed  really"
6a558bda89732cb560d8dc87,Bark,Service Provider / Business,Platform usability / technical issues,Primary,Low,1,3,"Vous ne prenez pas en compte les professionnels de l'outre-mer (Martinique) car le numéro de téléphone n'est pas supporté. Je vous mettrai 5 étoiles dès que la France sera couverte par vos services. Je travaille à distance depuis la Martinique et tous mes clients en France hexagonale sont extrêmement satisfaits de mon travail et de ma rapidité (je travaille en plus en horaires décalés à cause du décalage horaire, ce qui est particulièrement intéressants sur de nombreux projets). Autrement je suis satisfait de la plateforme. Il manque peu de choses pour  un 5/5"
6a6b05ed9e95649e0aad502a,Bark,Service Provider / Business,Fake / invalid leads,Primary,Medium,2,1,emailed me about a fake job they wanted me to do then when asked to remove from the scam system they just kept asking me more questions. had to report them to ICO as they wont do what I ask.
6847f9aa2235bfe4df6006ff,Checkatrade,Service Provider / Business,Platform usability / technical issues,Primary,Low,1,2,I completed my details with checkatrade and did receive emails of offers to quote. I didn't find the site easy to move around. Clicking on review i was asked to complete a review rather than read reviews. 
6a04a37e72f0d5ed312074d7,Yelp,Customer,Review trust / moderation,Primary,Medium,2,1,"Yelp! refuses to factor in negative reviews of DLE Contracting (of Clarksville, TN), whose owner Dalton Levi Eatherly regularly livestreams himself harassing random African-Americans in Nashville, TN, and pointing a loaded gun at them when they react. An African-American family who used this company, based on Yelp's 5-star rating, could literally be endangering their lives. Yelp! must be BOYCOTTED, until they value the lives of people of color as much as the ""free speech"" of racist contractors."
69e68cc1a45db760eabbd43b,Yelp,Service Provider / Business,Poor ROI / expensive leads,Primary,Medium,2,1,"I’m a customer of Yalp for more than 10 years. This company is very bad.
Do not waste your money with them."
69cbcb1d4215480d43835bda,Checkatrade,Customer,Finding a provider / low response,Primary,Medium,2,3,"I used Checkeatrade to find someone that could fit a Starlink 'dish' for me. They only gave me one option, who was supposed to contact me, but they never have. 
But the most irritating part, is the constant reminders to leave reviews from Checkatrade. 
I'm sure this service 'could' work well, but maybe that could do some following up with the companies they recommend."
69f9e982d544eb9de7d4f2fd,Yelp,Customer,Finding a provider / low response,Primary,Low,1,1,"I submitted a request for bids on YELP and I got only one reply and that was doubled the price that I received from another fencing company not on YELP. I posted my experience on YELP about the YELP recommended vendor, and they deleted it. Why? don’t know except that they didn’t like the fact that I noted my experience was less then satisfactory. So to make it clear to the reader here I had 1800 feet of wire fence to be put up. All brush and old fencing materials was removed and ground graded.  So my complaint isn’t about the bid variance ($4.00 a foot versus $10.00 a foot), but how YELP handled the review. I will never use YELP again."
69b7fd7c2c38f11207d2e25f,Yell,Service Provider / Business,Account access / cancellation,Primary,Medium,2,1,"Do not use this company to set up your website no cooling off period if you are unhappy with the results, even if you let them know before a month in to your contract you are tied in to a year. My husband wanted to cancel his contract with immediate effect but Yell do not take him seriously and will not cancel the contract. Our solicitor told us to cancel the direct debit and we might take Yell to court if they continue to take my husbands money after he has continuously complained about the terrible service he has received and is now getting messages demanding setting up the direct debit for a website we don’t want!!! "
69b7fd7c2c38f11207d2e25f,Yell,Service Provider / Business,Billing / refunds,Secondary,Medium,2,1,"Do not use this company to set up your website no cooling off period if you are unhappy with the results, even if you let them know before a month in to your contract you are tied in to a year. My husband wanted to cancel his contract with immediate effect but Yell do not take him seriously and will not cancel the contract. Our solicitor told us to cancel the direct debit and we might take Yell to court if they continue to take my husbands money after he has continuously complained about the terrible service he has received and is now getting messages demanding setting up the direct debit for a website we don’t want!!! "
69c20bff88f3fdcc1ba93eda,Yell,Service Provider / Business,Sales pressure / contract terms,Primary,Medium,2,1,"0 Stars 
Never advertise with this company , you get phone call after phone call promising you the world from a pushy salesman , you then sign up not knowing you will
Be trapped in a 1 year contract no cooling off period even if you decide 8 hours later that it’s not right for your company , if the advertising’s isn’t working you still have to pay the high fees each month with no return to your investment I recommend all business stay clear of this company complete waste of time you will regret signing up with them . "
69c20bff88f3fdcc1ba93eda,Yell,Service Provider / Business,Poor ROI / expensive leads,Secondary,Medium,2,1,"0 Stars 
Never advertise with this company , you get phone call after phone call promising you the world from a pushy salesman , you then sign up not knowing you will
Be trapped in a 1 year contract no cooling off period even if you decide 8 hours later that it’s not right for your company , if the advertising’s isn’t working you still have to pay the high fees each month with no return to your investment I recommend all business stay clear of this company complete waste of time you will regret signing up with them . "
6a5f4643bb7e3f6a4f64fcf0,Bark,Customer,Finding a provider / low response,Primary,Medium,2,1,"No response to my request for a dog sitter, but Bark still wanted my contact details before allowing me to view the results.  "
695c44f07b6d5e0c2b60485f,Bark,Customer,Provider verification / safety,Primary,High,3,2,"I used your platform for 2 different vendors and although 1 turned out fine, I now realize I was scammed by the other. Chef Jay (Jacob Collins) from Indulgence Dining required a 70% deposit,  of which I paid and then he never showed up for the job."
695c44f07b6d5e0c2b60485f,Bark,Customer,Provider quality / no-show,Secondary,High,3,2,"I used your platform for 2 different vendors and although 1 turned out fine, I now realize I was scammed by the other. Chef Jay (Jacob Collins) from Indulgence Dining required a 70% deposit,  of which I paid and then he never showed up for the job."
6953a300629ee2dc1cc8d29c,Yell,Service Provider / Business,Platform usability / technical issues,Primary,Medium,2,2,"I’ve been left weeks without my own web site from beginning of Christmas I’m still without. My previous sight was simply removed from other company earlier…
I will have to ask for my money back."
6953a300629ee2dc1cc8d29c,Yell,Service Provider / Business,Billing / refunds,Secondary,Medium,2,2,"I’ve been left weeks without my own web site from beginning of Christmas I’m still without. My previous sight was simply removed from other company earlier…
I will have to ask for my money back."
6a467c1709e9d4737a21f3e6,Yell,Service Provider / Business,Poor ROI / expensive leads,Primary,Medium,2,1,"I used Yell.com for a 6-month paid advertising campaign and the results were extremely disappointing.

Despite paying for the service over several months, the campaign failed to generate any meaningful commercial return. In fact, the revenue generated from the campaign was significantly lower than what I had previously achieved through another provider/company. For a paid advertising service, that level of performance is unacceptable.

The issue was not just poor results; it was the overall lack of value. When a business invests in paid ads, the expectation is simple: measurable leads, proper campaign oversight, and a return that justifies the spend. In my experience, Yell.com delivered none of that at a commercially reasonable level.

After 6 months, I was left with wasted budget, poor lead generation, and no real confidence that the campaign was being managed in a way that protected my business interests.

Based on my experience, I would not recommend Yell.com for paid advertising unless you are prepared to risk spending money with little to no meaningful return. For businesses that rely on real enquiries and actual revenue, I would strongly suggest looking elsewhere.
"
68952e5993c602499ca38d67,Checkatrade,Customer,Finding a provider / low response,Primary,Medium,2,2,"Checkatrade used to be great, however more recently tradespeople on this site have consistently not bothered to reply, or not followed up once they have sent msg saying they’re interested in the job. 

There is no feedback mechanism in Checkatrade to capture this, so members continue to do it. "
6a58b6dec868b47917520300,Checkatrade,Customer,Finding a provider / low response,Primary,Low,1,3,Easy to use site. Had about 4 responses to my advert but not had the job accepted and done as yet
6a74756d4e185ac9c9119bd6,Bark,Service Provider / Business,Privacy / unwanted contact,Primary,Medium,2,1,"Scraped our email off the internet, started sending unsolicited emails about DJ services.

Have never contacted them, nor intend to.

just spam "
6a45087703a3901aa496af3b,Yelp,Service Provider / Business,Misleading claims / transparency,Primary,Medium,2,1,I am a small business owner and Yelp coerced me into purchasing an ad package claiming an 80% increase in potential clientele. After one month and $400 I had zero new leads and no new clients. Yelp shows you these colorful charts with organic lead and none of it is true. The are undermining small business and no small business should use their services. 
6a58ac9b415128e0c93f063a,Bark,Service Provider / Business,Poor lead quality,Primary,Medium,2,2,Sehr schlechte lead Qualität unterirdisch 
69d401148ba4440cea30fdea,Checkatrade,Customer,Provider quality / no-show,Primary,Medium,2,2,The promised tradesperson did not show up on the agreed date. On contacting Checkatrade to explain the position it was left wholly to myself to sort out the issue. When I did get the tradesperson to my house it transpired that he had not been provided with my address by Checkatrade Express. A poor experience on this ocassion I thought.
6a583215ad5e1229d6ceec08,Yelp,Service Provider / Business,Sales pressure / contract terms,Primary,Medium,2,1,"★☆☆☆☆

If I could give less than one star, I would.

My experience with Yelp Ads has been extremely disappointing. 
The sales process felt aggressive, and canceling the service has been far more difficult than signing up. 
There is no clear option to cancel online through the app or business dashboard. Instead, I was told I must call during business hours just to stop my advertising.

As a small business owner, I found this process frustrating and unnecessarily time-consuming. 
I also felt pressured during my interactions with Yelp. 
Businesses should be able to cancel their subscriptions as easily as they can start them.

I cannot recommend Yelp Ads based on my experience."
6a583215ad5e1229d6ceec08,Yelp,Service Provider / Business,Account access / cancellation,Secondary,Medium,2,1,"★☆☆☆☆

If I could give less than one star, I would.

My experience with Yelp Ads has been extremely disappointing. 
The sales process felt aggressive, and canceling the service has been far more difficult than signing up. 
There is no clear option to cancel online through the app or business dashboard. Instead, I was told I must call during business hours just to stop my advertising.

As a small business owner, I found this process frustrating and unnecessarily time-consuming. 
I also felt pressured during my interactions with Yelp. 
Businesses should be able to cancel their subscriptions as easily as they can start them.

I cannot recommend Yelp Ads based on my experience."
6a3ac55f09ba3267e620a15c,Checkatrade,Service Provider / Business,Poor lead quality,Primary,Medium,2,1,"Awful, im a tradesmen and have been on checkatrade for over 10 years, i can honestly say it has gone downhill so much, its the most expensive its ever been and the quality of the leads is the worse its ever been, its become a really expensive my builder, the reason it use to be good was that customers would go on to checkatrade and would specifically look through each local tradesmen and message ones that had good reviews, so it was worth the tradesmen building up a good amount of reviews as it would entice customers to use you, now customers just go and post a job they want doing, then checkatrade have the nerve to charge the tradesman again on top of the £300 a month fee to bid on a job to buy credits to unlock these leads!  its literally my builder but much more expensive, its a race to the bottom for the tradesmen as the customers now just go for the cheapest price given to them. i absolutely will not be renewing and do not recommend to any other tradesmen to join"
69122c9942df85df5b8a0f01,Yell,Service Provider / Business,Misleading claims / transparency,Primary,Medium,2,1,Scammers !!! They're never will provide you with service which they're promised !!! Avoid the and better deal with google ads direct yourself as with yell you will only loose money's!!!
67d821fbbcb158a82cad9b6e,Yelp,Service Provider / Business,Poor ROI / expensive leads,Primary,Medium,2,1,esta app no aporta nada positivo a un negocio
6a421f5d16ee165a59114e49,Checkatrade,Customer,Platform usability / technical issues,Primary,Low,1,1,Had to set up an account but account wouldn't show the job request I'd made. Clicked in the link in the email to see who could complete the job in the local area and kept getting error messages. If it wasn't for the good reviews I'd think it was a scam site. Gave up trying to access the responses after half an hour of trying to sign in/retrying the email link. Engaging with checkatrade has been a complete waste of time. 
67e3fa2ef67fc2f1ad08fb3b,Yell,Service Provider / Business,Misleading claims / transparency,Primary,Medium,2,2,I feel that the rep was so good at her sales job and that I’m so desperate to help my business that I have been preyed on a little and bought in to 12 months of just more debt. I feel that Yell used Google - Microsoft and Alexsa as more ways to reel me in believing it was going to work for my business. I only signed up last week but I already regret my decision in signing up. 
69b6a2ca07a3354ca03dd12d,Checkatrade,Customer,Privacy / unwanted contact,Primary,Medium,2,2,"A real pain in the arse. I left a review on their site, I’m now bombarded by emails and texts. I never signed up for this harassment, "
6a55ebf3bd4dbd44b2f98aa3,Checkatrade,Customer,Provider quality / no-show,Primary,Medium,2,1,"It's OK to looking for companies, but if something goes wrong, they looking for any excuse to not pay the guarantee. In my case the trader find through them didn't finish the job and their answer was that is not a substandard work but a complaint about the money. How an unfinished job is up to standard????"
6a27e8d5ed5b8c3c4793f4ff,Checkatrade,Customer,Finding a provider / low response,Primary,Low,1,2,I was looking for an electrician.  I got zero responses.
69aef8ec6da8741c8e04da6c,Yell,Service Provider / Business,Sales pressure / contract terms,Primary,Medium,2,2,"I have been signed up with them for the past two weeks and so far I haven’t seen any real difference. At the beginning I had an account manager, but suddenly they changed it without any explanation, which I’m not happy about.

They also pressure you to sign up for a 12-month contract, so please be careful. My rating is currently 2 stars, but I’m willing to update it if things improve"
6613047315174f04de80c6d1,Yell,Service Provider / Business,Billing / refunds,Primary,Medium,2,3,"I am pleased with my new website and appreciate the skill that has been put into making it attractive and professional and the helpfulness of the Yell tech team.  I would say however that my dealings with Yell have been frustrating at times, I didn't receive a phone call on two occasions that I was expecting one and am still awaiting a refund on the cost of the website build that I was told I wouldn't need to pay, so if those things could be remedied then they would be a great company."
69b03909706468c58e5ac165,Yell,Service Provider / Business,Misleading claims / transparency,Primary,Medium,2,1,"I had advertising with Yell, but the service delivered was far below what was promised. I received little to no support, and the only contact I got was regarding payments.

I formally requested cancellation of all services and confirmation that no further charges would be taken. Despite repeated attempts, the process has been slow and difficult.

Businesses should be aware that Yell’s advertising may not provide the results they promise, and cancelling can require persistence."
69b03909706468c58e5ac165,Yell,Service Provider / Business,Account access / cancellation,Secondary,Medium,2,1,"I had advertising with Yell, but the service delivered was far below what was promised. I received little to no support, and the only contact I got was regarding payments.

I formally requested cancellation of all services and confirmation that no further charges would be taken. Despite repeated attempts, the process has been slow and difficult.

Businesses should be aware that Yell’s advertising may not provide the results they promise, and cancelling can require persistence."
6706b4f94e30bc9414d8bf8e,Yelp,Service Provider / Business,Billing / refunds,Primary,Medium,2,1,"Très mauvaise expérience avec Yelp

Nous avons eu une expérience vraiment décevante avec Yelp. Au départ, ils nous ont fait miroiter des promotions intéressantes sur des publicités. J’ai dit que je n’étais pas intéressée parce que j’avais des doutes, surtout concernant l’abonnement automatique. Ils m’ont assuré que tout serait sous contrôle, en me disant qu’ils allaient me contacter un mois à l’avance pour voir si je souhaitais annuler avant la prochaine facturation.

Eh bien, ils ne nous ont jamais rappelés, et quand on a réalisé que l’abonnement se renouvelait, il était trop tard. Ils nous ont pris 400$ sans nous consulter, et quand on a essayé de leur expliquer la situation et de trouver une solution, ils ont refusé de nous rembourser, rejetant la faute sur nous.

On a passé beaucoup de temps à essayer de régler ce problème, mais ils n’ont jamais voulu coopérer. Pour moi, c’est un service insultant et inacceptable. Je déconseille fortement de faire affaire avec eux.

Tu peux bien sûr modifier ce texte selon tes préférences ou ajouter des détails supplémentaires. Si tu veux qu’on ajuste quelque chose, fais-moi signe!"
69c59c8f9caeb51121c23e76,Bark,Service Provider / Business,Unresponsive leads,Primary,Medium,2,2,"I was contacted by the company who stated they could provide reliable business leads and offered a guarantee. What I found curious was that 'leads' were entirely unresponsive, which is unusual and that as soon as your 'credits' have run out, you then start receiving emails stating 'X wants to work with you...10 (e.g) credits to respond'. "
69c59c8f9caeb51121c23e76,Bark,Service Provider / Business,Misleading claims / transparency,Secondary,Medium,2,2,"I was contacted by the company who stated they could provide reliable business leads and offered a guarantee. What I found curious was that 'leads' were entirely unresponsive, which is unusual and that as soon as your 'credits' have run out, you then start receiving emails stating 'X wants to work with you...10 (e.g) credits to respond'. "
6a33b38e9e29c8a1f118aa57,Checkatrade,Service Provider / Business,Poor lead quality,Primary,Medium,2,1,"Very scammy company to be honest, we've been with Checkatrade well over a decade, and they are just consistently and relentlessly putting their charges up and costs up by excessive amounts! The whole firm now comes across as very sneaky and sleezy. The leads they provide are marginally above useless, and the contact/support staff are rude and unhelpful. Clearly, a company is being stripped of any quality to cover shareholders' pockets. Shame as they used to be great. if your a small trade business, be careful as they certainly know how to sting the little guys."
6a33b38e9e29c8a1f118aa57,Checkatrade,Service Provider / Business,Customer support,Secondary,Medium,2,1,"Very scammy company to be honest, we've been with Checkatrade well over a decade, and they are just consistently and relentlessly putting their charges up and costs up by excessive amounts! The whole firm now comes across as very sneaky and sleezy. The leads they provide are marginally above useless, and the contact/support staff are rude and unhelpful. Clearly, a company is being stripped of any quality to cover shareholders' pockets. Shame as they used to be great. if your a small trade business, be careful as they certainly know how to sting the little guys."
67f6470007e0ae5e49409cd4,Yell,Service Provider / Business,Sales pressure / contract terms,Primary,Medium,2,2,"A waste of time and money! I would not recommend using them. As a customer; they offered a hard sell and were persistent in their goal of 'reeling me in'! Once I had signed up they were very pushy, getting you to sign up for extras, which have no advantage (I was caught in this trap), also they don't make it easy, for you to leave. You are committed to pay up to the end of your contract."
67f6470007e0ae5e49409cd4,Yell,Service Provider / Business,Poor ROI / expensive leads,Secondary,Medium,2,2,"A waste of time and money! I would not recommend using them. As a customer; they offered a hard sell and were persistent in their goal of 'reeling me in'! Once I had signed up they were very pushy, getting you to sign up for extras, which have no advantage (I was caught in this trap), also they don't make it easy, for you to leave. You are committed to pay up to the end of your contract."
6a39d54a3b76cb32c42d5a01,Checkatrade,Customer,Provider quality / no-show,Primary,Medium,2,3,One company were very good and we reviewed but another company was very poor £40.00 for five minutes work.
6a550d66df315ad80e457d52,Checkatrade,Service Provider / Business,Misleading claims / transparency,Primary,Medium,2,1,Completely regret signing up as a tradesman. They lied about how many leads I will get per month. Every phone call I recieved has been an Indian scammer 
6a71da8b0e5e01d4cf7063e6,Yell,Service Provider / Business,Misleading claims / transparency,Primary,Medium,2,1,"I joined Yell on 8 July expecting professional marketing support for my business, viaUNO Cars.

Before signing up, I clearly explained to the salesperson, Devan Appalsamy, that I already had a professionally built website and did not want or need another one. Despite this, I later discovered I had been enrolled on a website package.

Since joining, I have made multiple attempts to contact Yell—roughly every couple of days—requesting to speak with Devan Appalsamy and later my account manager, Niall Reynolds, to resolve the issue and discuss leaving the contract. Despite repeatedly requesting a callback, neither of them, nor anyone else at Yell, contacted me.

Today is 4 August, almost a month since I signed up, and I am still waiting for meaningful communication about my concerns, the services I have paid for, my request to cancel the agreement, and a refund.

As a business owner, I find the lack of communication completely unacceptable. My experience has been that once the agreement was signed, the level of support I expected simply wasn’t there. I have spent weeks chasing updates instead of receiving them.

I can only comment on my own experience, and unfortunately it has been extremely disappointing. I hope Yell improves its customer service, onboarding process and communication with new clients so that other businesses do not have the same experience I have had. I will keep my review until my canceling and refunding situation is resolved! AVOID!!!!"
6a71da8b0e5e01d4cf7063e6,Yell,Service Provider / Business,Billing / refunds,Secondary,Medium,2,1,"I joined Yell on 8 July expecting professional marketing support for my business, viaUNO Cars.

Before signing up, I clearly explained to the salesperson, Devan Appalsamy, that I already had a professionally built website and did not want or need another one. Despite this, I later discovered I had been enrolled on a website package.

Since joining, I have made multiple attempts to contact Yell—roughly every couple of days—requesting to speak with Devan Appalsamy and later my account manager, Niall Reynolds, to resolve the issue and discuss leaving the contract. Despite repeatedly requesting a callback, neither of them, nor anyone else at Yell, contacted me.

Today is 4 August, almost a month since I signed up, and I am still waiting for meaningful communication about my concerns, the services I have paid for, my request to cancel the agreement, and a refund.

As a business owner, I find the lack of communication completely unacceptable. My experience has been that once the agreement was signed, the level of support I expected simply wasn’t there. I have spent weeks chasing updates instead of receiving them.

I can only comment on my own experience, and unfortunately it has been extremely disappointing. I hope Yell improves its customer service, onboarding process and communication with new clients so that other businesses do not have the same experience I have had. I will keep my review until my canceling and refunding situation is resolved! AVOID!!!!"
6a7f3871312b778239830f6c,Bark,Service Provider / Business,Account access / cancellation,Primary,Medium,2,1,"Shocking app, seems to take small business owners money for credits and then suspend the account, I call them up to see what’s happened and they said they would look into and get back to me, but obviously they didn’t. 

They also tell you on the app that they have spoken to the customer when really they are the customer or they have lied because the number the customer has left doesn’t work. "
687634d494129f06e95cb153,Checkatrade,Service Provider / Business,Misleading claims / transparency,Primary,Medium,2,2,"misleading information. after a third call with the company information was made clear and the service is way more expensive than initially advertised and explained on the initial call. no trial periods exists, minimum commitment is 1 year. Too risky to try at the high cost and long commitment term it has."
69e1e28cd9d63ed0abfc87dd,Checkatrade,Customer,Provider quality / no-show,Primary,Medium,2,3,A number of candidates who initially expressed interest were timewasters /didn't show up /lost interest. Finally got the right person to do the job .
6a688eeaf5a7867fd65cd4bc,Bark,Customer,Provider verification / safety,Primary,Medium,2,1,Company took my money but never returned to do the job
6a241ed0315c8e6ae9570737,Yelp,Customer,Review trust / moderation,Primary,Medium,2,1,Most of their listings are useless! They banned me after I left a bad review for a lousy business. They let anybody list any BS business on their site!
6941200fdea239c838273bbb,Yell,Service Provider / Business,Misleading claims / transparency,Primary,Medium,2,1,"I was promised to be put on the  first page of Google but instead was put on the first page of there site that is on the 3rd page of Google.  Then I was told they would build me a Web site but it took 5months and I had to complain about it to get it live . I get charged £360 a month for hardly and leads at all . I wished I had never used them 
Total waste of money "
6941200fdea239c838273bbb,Yell,Service Provider / Business,Poor ROI / expensive leads,Secondary,Medium,2,1,"I was promised to be put on the  first page of Google but instead was put on the first page of there site that is on the 3rd page of Google.  Then I was told they would build me a Web site but it took 5months and I had to complain about it to get it live . I get charged £360 a month for hardly and leads at all . I wished I had never used them 
Total waste of money "
68beccd58864bbe355a8d123,Checkatrade,Customer,Provider quality / no-show,Primary,Medium,2,3,You should  look at some of the people   that turn up give it all the talk then do not really want  the job over price it and walk away  
6a672ba8acc20aead0febf70,Bark,Customer,Finding a provider / low response,Primary,Low,1,1,I put in for dog grooming and at the end didn't get any dog grooming  would not use again 
6a6e3bf5e875e9326bda98d0,Checkatrade,Customer,Review trust / moderation,Primary,Medium,2,1,The reviews of work done have no resemblance to the work carried out for me.I used checkatrade twice.In both instances the work done made it worse than it was previously.One was for guttering.This rogue company gives a reasonable price for what was a simple job and then does a shoddy job making me feel like crying with the guttering.They then seem aggressive and as a single woman you just hand over the money or you feel there may be repercussions.They then request £850 if I want a piece of guttering replaced and a simple downpipe.Another so called painter decorator ruined the wooden sash windows and ledges with thick streaky paint and sticks of paint down the areas that he painted.Filler was not sanded before painted so it looks like a seven year old took a paint brush to my house.Inwill never trust this platform again.
6a6e3bf5e875e9326bda98d0,Checkatrade,Customer,Provider quality / no-show,Secondary,Medium,2,1,The reviews of work done have no resemblance to the work carried out for me.I used checkatrade twice.In both instances the work done made it worse than it was previously.One was for guttering.This rogue company gives a reasonable price for what was a simple job and then does a shoddy job making me feel like crying with the guttering.They then seem aggressive and as a single woman you just hand over the money or you feel there may be repercussions.They then request £850 if I want a piece of guttering replaced and a simple downpipe.Another so called painter decorator ruined the wooden sash windows and ledges with thick streaky paint and sticks of paint down the areas that he painted.Filler was not sanded before painted so it looks like a seven year old took a paint brush to my house.Inwill never trust this platform again.
6872d2283da73e95930ca400,Checkatrade,Customer,Finding a provider / low response,Primary,Low,1,2,Disappointing response to recent job postings and residual problems left by earlier separate jobs .
6976fa33ecf69d6119c06435,Bark,Service Provider / Business,Too much provider competition,Primary,Low,1,3,If you’re want tree work you literally have a couple of minutes to get the lead when it comes in. Leads cost £ 86.40 for 50 credits if you pay an extra the monthly subscription for elite. Most tree jobs are 18 credits so you can win 2 leads and very slim chance of winning. Probably off best using facebook adds
6a24c34272cc77cc431a1ecc,Yelp,Service Provider / Business,Poor ROI / expensive leads,Primary,Medium,2,1,"Yelp and similar platforms simply take money from contractors without delivering any results. Don't expect help from Yelp—it’s pointless. You could spend your last dime and end up with nothing; that is an undeniable fact. I stopped using Yelp three years ago—canceling payments and leaving the platform—which resulted in a total loss of funds. Nevertheless, the damage done to my company could still be rectified if someone from Yelp's management reads this review. Please set things right before it’s too late; as a human being, I just want you to resolve this issue!"
6842f91daa218f2585c7b547,Yell,Service Provider / Business,Poor ROI / expensive leads,Primary,Medium,2,3,"For an £1400.00 budget, first impressions are not the best! Traffic ..Flatlined, Changed the telephone number, not explained why and once money was transfered...no service...not impressed."
69bd53dcecee8e6ba1eaf174,Yell,Service Provider / Business,Poor lead quality,Primary,Medium,2,2,"So it started good as used previously. Went through what would suit - website and reputation manager 
But then it all went downhill. 
- was pushed into okaying the website even when I advised I was on holiday and apparently it couldn’t wait. Consequently website wasn’t what I wanted and I rebuilt it myself. 
- I was left a voicemail from account manager saying “no wonder you’re not getting any leads when you don’t answer the phone” - I was working 
- the leads were usually spam or people wanting buffets 
- I was marketed as a hog roast for months and it’s something I don’t do. 
- new and old account managers would book a call and then never call 
- new and old account managers just want to sell me more products. Why would I pay more when it hasn’t worked? 
- When I would answer they just want to sell you things and will not get off the phone when you tell them you’re busy 
- I am given tips on what I need to do. I do it and then it’s never good enough 
- I cancelled the direct debit and pay manually. I now get called 3 times a day to reinstate the direct debit 
- I have a month left and honestly it’s been a waste of money "
69bd53dcecee8e6ba1eaf174,Yell,Service Provider / Business,Poor ROI / expensive leads,Secondary,Medium,2,2,"So it started good as used previously. Went through what would suit - website and reputation manager 
But then it all went downhill. 
- was pushed into okaying the website even when I advised I was on holiday and apparently it couldn’t wait. Consequently website wasn’t what I wanted and I rebuilt it myself. 
- I was left a voicemail from account manager saying “no wonder you’re not getting any leads when you don’t answer the phone” - I was working 
- the leads were usually spam or people wanting buffets 
- I was marketed as a hog roast for months and it’s something I don’t do. 
- new and old account managers would book a call and then never call 
- new and old account managers just want to sell me more products. Why would I pay more when it hasn’t worked? 
- When I would answer they just want to sell you things and will not get off the phone when you tell them you’re busy 
- I am given tips on what I need to do. I do it and then it’s never good enough 
- I cancelled the direct debit and pay manually. I now get called 3 times a day to reinstate the direct debit 
- I have a month left and honestly it’s been a waste of money "
69032c834021d99e7e633c03,Checkatrade,Customer,Provider quality / no-show,Primary,Medium,2,2,"Complained to Checkatrade regarding the poor service whereby we were overcharged for garden work. This company were hired to lop and shape trees and shrubs but refused to lop the more difficult tree and really just wanted to do a quick job. 
It seems that Checkatrade  are only interested in publishing good reviews. They require a lengthy questionnaire to be completed upon complaint which is time consuming and designed to deter the complainant."
69032c834021d99e7e633c03,Checkatrade,Customer,Pricing / quote transparency,Secondary,Medium,2,2,"Complained to Checkatrade regarding the poor service whereby we were overcharged for garden work. This company were hired to lop and shape trees and shrubs but refused to lop the more difficult tree and really just wanted to do a quick job. 
It seems that Checkatrade  are only interested in publishing good reviews. They require a lengthy questionnaire to be completed upon complaint which is time consuming and designed to deter the complainant."
6a0657ad0bc20b314d7468fd,Yelp,Customer,Poor matching / location,Primary,Low,1,2,"It seems Yelp is simply a sales lead tool; my most recent posting for businesses to contact me ignored the request I made and simply messaged me to offer their services; many of the providers didn't or couldn't provide what I had asked for, they were simply reaching out to try and sell me what they had to offer in spite of my very specific request.  The replies were basically spam messages."
6a6e2a160dd0126f7024be70,Bark,Customer,Provider quality / no-show,Primary,Medium,2,1,The company that was suggested to us did a very bad job. My 88 year mother got ripped off by this company unfortunately. joeevergreen_gmail.com 
69a63519ea09e34df858f37b,Yelp,Customer,Review trust / moderation,Primary,Medium,2,1,"Yelp caters to corporations/businesses and hides and/or threatens particular negative reviews in some instances. After telling of a detailed, horrific incident a the Denver 'Humane' Society euthanasia center, yelp deleted my review saying it was because I gave a personal account of the situation. I listed facts and wanted to warn others or to prepare or make other arrangements but yelp not only deleted the review but threatened me as well. Yelp is not operating with intergrity and is more like a nazi-type organization that believes in simply eliminating anything they don't like. "
6960e7ff0bc357ce5365d198,Checkatrade,Customer,Privacy / unwanted contact,Primary,Medium,2,3,"While I appreciated the companies I used through Checktrade, I'm not fond of how they share my personal information, including my phone number. Consequently, most of them contacted me directly via WhatsApp and phone.

I wish they have an option to limit communication before selecting a company. I'm happy to share my number ONCE I decide which company to do business with, but I'd prefer not to be bombarded with calls. I recently had a terrible experience receiving pushy calls from multiple companies."
6960e7ff0bc357ce5365d198,Checkatrade,Customer,Too many provider contacts / spam,Secondary,Medium,2,3,"While I appreciated the companies I used through Checktrade, I'm not fond of how they share my personal information, including my phone number. Consequently, most of them contacted me directly via WhatsApp and phone.

I wish they have an option to limit communication before selecting a company. I'm happy to share my number ONCE I decide which company to do business with, but I'd prefer not to be bombarded with calls. I recently had a terrible experience receiving pushy calls from multiple companies."
6a57fd755c90e98262c5ac0a,Checkatrade,Customer,Finding a provider / low response,Primary,Medium,2,1,"Absolutely abysmal. 99% of their tradespeople declined to even get in touch with me. And it was a simple electrical job I needed doing. Avoid. Instead, get in touch with someone recomended by friends or family."
65a96cb95784cd6da4887192,Yell,Service Provider / Business,Poor ROI / expensive leads,Primary,Medium,2,2,So disappointed in yell used then for a Web design and advertising of my new business was told I would get lots of leads for work due to the amount of people looking at there websites but unfortunately after a year I've received nothing from it apart from 2 call asking for a emergency plumber which isn't my trade or business explained this to yell but they just didn't want to know they never contact me but at the start they said I would get regular call to review how it was going but nothing they charge way over the odds as well charging me nearly £200 a month for doing nothing absolutely disappointing save yourself time and money use someone else
6a61e0b000be517a3afa4df4,Bark,Customer,Finding a provider / low response,Primary,Medium,2,1,Kind of rubbish got pested by an AI call bot over and over again. No response from agencies. Found what I was looking for on Facebook. Bark is a bit of a redundant service.
6a5df58d460159c488ced1c8,Bark,Customer,Poor matching / location,Primary,Medium,2,3,"It was ok ,but very bland ,trying to be all things to all people .and i got results from hundreds of miles away and some not relevant It's the new kid on the block and needs to do well .try it ,its free,and albeit with faults i did find a tradesman."
69c128aae69670358f2451fe,Checkatrade,Customer,Provider quality / no-show,Primary,Medium,2,3,"The guy misdiagnosed the problem of the leak. There wasn’t any damp on the ceiling only the bottom of the wall next to the toilet. He put a flexipipe in the loft? But the leak was still there in the bathroom.  I mentioned that it was probably the toilet. He fitted something into the cistern and the leak stopped. I paid him £180 the first time he came. Luckily he didn’t ask for more the second visit. 
"
6a672d3021efff564898bb6d,Bark,Customer,Finding a provider / low response,Primary,Low,1,1,No responses from request.  Few emails from trades I didnt ask for.
6a2179b20249882f3eaa53df,Checkatrade,Customer,Dispute resolution / protection,Primary,Medium,2,1,I had chosen  them because of support if needed as back up if dealing with a problem to resolve with a tradesmen sadly this as been proven wrong after going round  in circles  for months the support is not there to my suprise I have been driven into  despair to the point you just  give up up on checkatrade support team something  to consider when using  them if you have to resolve  a dispute 
6a2179b20249882f3eaa53df,Checkatrade,Customer,Customer support,Secondary,Medium,2,1,I had chosen  them because of support if needed as back up if dealing with a problem to resolve with a tradesmen sadly this as been proven wrong after going round  in circles  for months the support is not there to my suprise I have been driven into  despair to the point you just  give up up on checkatrade support team something  to consider when using  them if you have to resolve  a dispute 
6a70f784d6f1149ba169beac,Bark,Service Provider / Business,Unresponsive leads,Primary,Medium,2,1,"I had high hopes for Bark, but my experience has been extremely disappointing.
After purchasing credits, I contacted 21 leads through every method available: email, WhatsApp, and phone. Not a single email received a response, every WhatsApp message remained unread, and none of the phone calls were answered.
What frustrated me most was the lack of support from Bark. I contacted their customer service four times to either discuss the quality of the leads or request a credit refund, but received no meaningful response. Ironically, the only communication I received from Bark was after my credits had been used up and they wanted me to buy more.
The combination of unresponsive leads and poor customer service has left me with no confidence in the platform. From my experience, the service has not delivered value for money, and when I raised concerns, I felt completely ignored.
Unfortunately, I can't recommend Bark based on my experience. And the worst response Bark could do is send a generic reply to this feedback saying “we take these issues seriously………” Clearly not the case"
6a70f784d6f1149ba169beac,Bark,Service Provider / Business,Billing / refunds,Secondary,Medium,2,1,"I had high hopes for Bark, but my experience has been extremely disappointing.
After purchasing credits, I contacted 21 leads through every method available: email, WhatsApp, and phone. Not a single email received a response, every WhatsApp message remained unread, and none of the phone calls were answered.
What frustrated me most was the lack of support from Bark. I contacted their customer service four times to either discuss the quality of the leads or request a credit refund, but received no meaningful response. Ironically, the only communication I received from Bark was after my credits had been used up and they wanted me to buy more.
The combination of unresponsive leads and poor customer service has left me with no confidence in the platform. From my experience, the service has not delivered value for money, and when I raised concerns, I felt completely ignored.
Unfortunately, I can't recommend Bark based on my experience. And the worst response Bark could do is send a generic reply to this feedback saying “we take these issues seriously………” Clearly not the case"
699fff780df8bc4626c119f1,Yell,Service Provider / Business,Account access / cancellation,Primary,Medium,2,1,This is my second review as my business had given yell.com plenty of time to realise I was jumping ship after being ripped off. I left several message and spoke  to several people I was leaving. Someone decided he’d get me to stay yet I kept saying there’s no chance of me continuing. The final outcome is when my contract finished!!!! I called to say please be aware I’m not staying and have been telling you for months!!!! They’ve now ripped me off for another £300. I hate this company and if you are a small business!!!! Stay away
699fff780df8bc4626c119f1,Yell,Service Provider / Business,Sales pressure / contract terms,Secondary,Medium,2,1,This is my second review as my business had given yell.com plenty of time to realise I was jumping ship after being ripped off. I left several message and spoke  to several people I was leaving. Someone decided he’d get me to stay yet I kept saying there’s no chance of me continuing. The final outcome is when my contract finished!!!! I called to say please be aware I’m not staying and have been telling you for months!!!! They’ve now ripped me off for another £300. I hate this company and if you are a small business!!!! Stay away
6a616d8cbbe7569868e1c869,Bark,Service Provider / Business,Fake / invalid leads,Primary,Medium,2,1,"Absolute scam of a site.  Do not sign uo, leads do not answer calls ever. One client messaged and said he didn't post the ad.  Leads that have wrong information still costs trades with no refund .  It is a scam site just like highpages. "
6a616d8cbbe7569868e1c869,Bark,Service Provider / Business,Unresponsive leads,Secondary,Medium,2,1,"Absolute scam of a site.  Do not sign uo, leads do not answer calls ever. One client messaged and said he didn't post the ad.  Leads that have wrong information still costs trades with no refund .  It is a scam site just like highpages. "
697893cf985a5aaaae1853a4,Bark,Customer,Provider quality / no-show,Primary,Medium,2,3,The builder has not returned my calls when he said he would return to do the end work required. How do I know it's been done properly ( chimney)?
65c267f343b410e56cb90d0a,Bark,Service Provider / Business,Unresponsive leads,Primary,Medium,2,2,"Ich bin ein Heilpraktiker Psychotherapie der sich durch eine Flut von ""Anfragemails"" dazu hinreißen ließ ein Profil bei Bark einzurichten und Anfragen zu beantworten. 
Mein Fazit ist ernüchternd. Von bisher 19 angeschriebenen Interessenten 
- Nur ein Auftrag
- 3 Absagen
- Beim Rest keinerlei Reaktion (trotz Nutzung unterschiedlicher Kanäle wie Email oder Whatsapp/Handy).
Bei Whatsapp-Nachrichten wurden diese größtenteils nicht einmal gelesen. 

Bark räumt eine bestimmte Anzahl von Credits (Gebührenpunkte) anfänglich kostenlos ein und wirbt damit diese einmalig zu erneuern falls bis zum Aufbrauchen dieser Credits kein Auftrag zustande kommt (""Get-Hired-Garantie“). 
Dieses Versprechen wurde bei mir nicht eingehalten, die nächsten Credits musste ich bezahlen. 

Mein Wunsch ist deshalb:
- Einlösen des Versprechens mit den Credits
- Eine genauere Kontrolle der Anfrageprofile auf Echtheit
- Entfernen von Fake-Profilen und schwarze Liste für deren Urheber (Anfragen von 5 unterschiedlichen Anbietern + Rückmeldung das bei allen keine Reaktion erfolgte würde ich als einen guten Indikator für ein Fake-Profil sehen)

Update 29.02.2024:
Nach einer Mail an bark wurde das durch die ""Get-Hired-Garantie“ abgedeckte Kreditpaket erstattet.
Bei den anderen Punkten bisher keine Veränderung."
693b03d45ac084b11eefc5f9,Checkatrade,Customer,Review trust / moderation,Primary,Medium,2,3,Posted a review which was not placed on my sub contractors page. I had to chase to find out why.
6a7b16a45610308f65f9aba2,Checkatrade,Customer,Provider quality / no-show,Primary,Medium,2,1,"* Recently organised a tradesman advertised on ""Checkatrade"" with a 5* recommendation.
* This individual was absolutely useless, and I felt that Checkatrade provided false and misleading credentials of this bodge/job/man to me.
* My perception is that this individual has not been vetted, as long as he pays Checkatrade registration fees, that suffices as qualification to work under the umbrella of Checkatrade.
* I would provide Checkatrade feedback on this individual, but research has informed me that adverse comments about so called professionals advertised on Checkatrade are not published.
"
6a7b16a45610308f65f9aba2,Checkatrade,Customer,Provider verification / safety,Secondary,Medium,2,1,"* Recently organised a tradesman advertised on ""Checkatrade"" with a 5* recommendation.
* This individual was absolutely useless, and I felt that Checkatrade provided false and misleading credentials of this bodge/job/man to me.
* My perception is that this individual has not been vetted, as long as he pays Checkatrade registration fees, that suffices as qualification to work under the umbrella of Checkatrade.
* I would provide Checkatrade feedback on this individual, but research has informed me that adverse comments about so called professionals advertised on Checkatrade are not published.
"
6a0c3e93b837caeec9aed46b,Checkatrade,Customer,Privacy / unwanted contact,Primary,Low,1,3,Too many emails 
68ecc97e3734bf1b9e491ca4,Bark,Unknown,Privacy / unwanted contact,Primary,Low,1,2,To  many  emails received. I  felt  bombarded.
6a733590c7f3f91670eb5013,Checkatrade,Customer,Platform usability / technical issues,Primary,Low,1,1,"Checkatrade are at best pointless and entirely useless, they allegedly send a code to log on which lasts for 5 minutes but as the code isn’t sent for 10-15 minutes one wonders why, then you are bombarded with stupid pointless emails without being able to log on to your job to read replies"
690e22b41475970b42b648d6,Yell,Service Provider / Business,Poor ROI / expensive leads,Primary,Medium,2,3,"Had a Website built by Yell (Wix site) and whilst it was an upgrade, it was expensive for what we got and the continual monthly cost didnt warrant the service level or restricted access we had to our own site. The Yell ads proved unsuccessful in generating any leads. The Wix back end was clunky and proved troublesome when trying to integrate or use the payment subscription service. In all a 3/5 experience. "
6a68f6bf3f070b2623abf0c6,Yelp,Service Provider / Business,Misleading claims / transparency,Primary,Medium,2,1,"We are small business and one morning Yelp calls me and tells me shows me numbers and figures that I can reach to. The guy M promised to call the next day to set. up campaign and ended up charging $150 without setting up my campaign, when I noticed the charge and questioned, a lady got back saying, I can get you a refund ONLY if you are ready to continue with us. What a lame agency! You don't care about small business, you want to rob a slice from them. I do not recommend Yelp, they do not even respond to emails and they won't help you. They are good at charging you and lying to you about leads that never happens. I wish I didn't pick up their call. "
6a68f6bf3f070b2623abf0c6,Yelp,Service Provider / Business,Billing / refunds,Secondary,Medium,2,1,"We are small business and one morning Yelp calls me and tells me shows me numbers and figures that I can reach to. The guy M promised to call the next day to set. up campaign and ended up charging $150 without setting up my campaign, when I noticed the charge and questioned, a lady got back saying, I can get you a refund ONLY if you are ready to continue with us. What a lame agency! You don't care about small business, you want to rob a slice from them. I do not recommend Yelp, they do not even respond to emails and they won't help you. They are good at charging you and lying to you about leads that never happens. I wish I didn't pick up their call. "
68c33c95145d184f373a14a1,Checkatrade,Customer,Privacy / unwanted contact,Primary,Low,1,3,An electrian phoned me to let me know I had put the wrong  trade down  which I then  changed. Problem  sorted quickly  once I got the right  trade involved.  But too many emails asking for feedback
69f3a793b7bb063f0a950b62,Checkatrade,Customer,Finding a provider / low response,Primary,Low,1,3,"From memory, there was only 1 roofing specialist from which to choose and, whilst he completed the job remarkably quickly  our feeling is that we would have been well advised to have sought an alternative estimate. "
6973cf975ba8edc8ec205457,Checkatrade,Customer,Too many provider contacts / spam,Primary,Low,1,3,"It was very efficient, however I need one tradesperson and twelve contacted me which was a hassle and I had to contact them all. "
69f36f366ed268597a76e346,Yelp,Service Provider / Business,Review trust / moderation,Primary,Medium,2,1,"My business closed almost 8 years ago, yet they are allowing malicious fake reviews from fake users to be posted. Attempting to remove my listing is like banging my head against the wall. Please do not trust them with your business listing. "
69f5eea7078e6d34ea8f0318,Bark,Customer,Finding a provider / low response,Primary,Low,1,2,I had very few responses and the one that we met was not acceptable.
69fd3137a2a00e005bca9549,Yelp,Service Provider / Business,Review trust / moderation,Primary,Medium,2,1,"It’s disappointing to see how platforms claim to support small businesses while filtering or hiding many authentic positive customer experiences, yet prominently displaying a single negative review.
We were repeatedly encouraged to purchase advertising, and after declining, it became difficult not to question the visibility of our genuine customer feedback. Transparency should matter for both businesses and consumers.
As a business owner, we welcome honest feedback and continuously improve from it. But review platforms should ensure fairness, authenticity, and balanced representation — not create environments where businesses feel pressured into paid advertising to protect their reputation.
"
69fd3137a2a00e005bca9549,Yelp,Service Provider / Business,Sales pressure / contract terms,Secondary,Medium,2,1,"It’s disappointing to see how platforms claim to support small businesses while filtering or hiding many authentic positive customer experiences, yet prominently displaying a single negative review.
We were repeatedly encouraged to purchase advertising, and after declining, it became difficult not to question the visibility of our genuine customer feedback. Transparency should matter for both businesses and consumers.
As a business owner, we welcome honest feedback and continuously improve from it. But review platforms should ensure fairness, authenticity, and balanced representation — not create environments where businesses feel pressured into paid advertising to protect their reputation.
"
6a12ff8c3d935add484c51c2,Yelp,Customer,Review trust / moderation,Primary,Medium,2,1,Takes down reviews on the lease owners comment  they  been tested with four different individuals anything that’s negative about the premises it gets taken down immediately because of the relationships with the business and yelp
68f1d204edaf48f4a6443d4e,Yelp,Service Provider / Business,Review trust / moderation,Primary,Medium,2,2,They hardball owners into doing business on their platform. The business model is very crazy. The algorithm only put up bad reviews 
6a28132d1c46845c9df00ef6,Yelp,Unknown,Platform usability / technical issues,Primary,Low,1,1,Get your sign-up system sorted. Amateurs
6a58dfe5810e52131209a64d,Checkatrade,Customer,Provider verification / safety,Primary,High,3,1,"Don't use checkatrade. Everyone on their app is a scammer. Got quoted 10k for house works related to 'damp issues', but an independent damp survey highlighted no damp issues; the worker completely lied to get my money. Do not use checkatrade, and definitely do not use Paul & Co Plumbing "
65fdeeceea64f1dc663b6e4c,Yell,Service Provider / Business,Review trust / moderation,Primary,Medium,2,2,Well not a bad tho the fact my company could receive a review from a none customer is beyond me I fought my case in regards to this and infact it's quite obvious is fake but after all the emails and the fact it's clear to see what was said was they couldn't remove the fake review was told to ignore and get more customers to bury it with review all I can say is if you put you life into your business and value your reputation don't use Yell as they don't care about lies the only reason I am still using them is that when a customer checks my reviews it ovo that the review is done personally rather than genuine review but ovo Yell don't share the same intelligence 
6a6494e7bef2fd190c229026,Yell,Unknown,Privacy / unwanted contact,Primary,Low,1,1,"I previously rated my contact with them. I made a Subject Access Request. You will see their response. However they can block out the bits they claim they cannot disclose. Very simple. I feel the ICO will be happy with this. I feel YELL have put obstacles in the way unnecessarily.
I hope they will be helpful this time ?  Yell have been most awkward & unhelpful. I wouldn’t recommend to anyone."
6a26fe39c99ecb9b6955d3dd,Yell,Service Provider / Business,Poor ROI / expensive leads,Primary,Medium,2,1,"Not worth the money, In hindsight have seen better designed websites by local companies which aren’t just templates thrown together. The outlay hasn’t covered any of the costs so far "
6a1cb7d485320d7fa1114d74,Checkatrade,Customer,Review trust / moderation,Primary,Medium,2,2,"Checkatrade can be useful for finding local tradespeople, but my experience with their review moderation completely undermined my trust in the platform. Every negative review I submitted was either rejected or later removed, while positive reviews were published without issue.

That creates a heavily skewed picture of traders and makes the ratings difficult to trust. A review platform should reflect both positive and negative customer experiences fairly, not selectively present feedback that benefits the business model.

If you search Reddit and other forums, you’ll find many similar complaints from other customers."
6a5b93fd1e9479dcc76e3f96,Bark,Customer,Pricing / quote transparency,Primary,Medium,2,2,The person who came to clean my drive charged me £373 for about half hour's work.  He did use some chemical I think but even so that seems extortionate
69fd67636035eeeb8c1c7435,Bark,Service Provider / Business,Poor ROI / expensive leads,Primary,Medium,2,3,"The website is very good in general but the way the credits are charged for certain adds is very expensive and has gotten alot dearer in the last year or so,I feel your loosing good trades people as your pricing them out of perfect jobs for them with rates your charging for certain advertisements "
69ac89f2529f533847c559e7,Yelp,Service Provider / Business,Billing / refunds,Primary,Medium,2,1,Yelp is a scam! They prey on cash strapped small businesses with their free trials then $15 per hour ads! Don’t sign up! They will hit your credit card with $126 for two today if you decide to leave because it’s not working.
6a4e42eb673f7dd2ef731c21,Checkatrade,Service Provider / Business,Poor ROI / expensive leads,Primary,Medium,2,1,"I would strongly advise anyone considering Checkatrade to think carefully before signing up.

During my membership, I received just 2 leads in an entire month, which was nowhere near what was promised or expected. Despite the lack of results, I was told I couldn't cancel my membership and had to continue paying until the full 12-month contract had ended.

The customer service was extremely disappointing. There was very little willingness to help or find a fair solution, despite the poor performance of the service. Instead of supporting their customers, they simply pointed to the contract and expected me to keep paying for something that wasn't delivering any value.

Overall, it was a frustrating and expensive experience. I wouldn't recommend Checkatrade based on the poor lead generation, inflexible contract terms, and lack of customer care."
6a4e42eb673f7dd2ef731c21,Checkatrade,Service Provider / Business,Sales pressure / contract terms,Secondary,Medium,2,1,"I would strongly advise anyone considering Checkatrade to think carefully before signing up.

During my membership, I received just 2 leads in an entire month, which was nowhere near what was promised or expected. Despite the lack of results, I was told I couldn't cancel my membership and had to continue paying until the full 12-month contract had ended.

The customer service was extremely disappointing. There was very little willingness to help or find a fair solution, despite the poor performance of the service. Instead of supporting their customers, they simply pointed to the contract and expected me to keep paying for something that wasn't delivering any value.

Overall, it was a frustrating and expensive experience. I wouldn't recommend Checkatrade based on the poor lead generation, inflexible contract terms, and lack of customer care."
690b083f48c6259991f4b622,Yell,Service Provider / Business,Poor ROI / expensive leads,Primary,Medium,2,1,"Don't make the same mistake I did. Yell are nothing like the Yellow Pages of old, who were brilliant. I signed up for the enhanced listing for £12 per month and didn't expect miracles for that sort of money. I certainly wasn't disappointed. I got nothing. No calls, no website contacts. Zip.  However, the lack of response isn't the worst part of dealing with Yell. That would be the constant phone calls from 'SEO experts' and 'website consultants attempting to 'upgrade' the listing. It got so bad at one point that we blocked them on the phone system. "
6a3eb05d9a59c95827d8d0ad,Checkatrade,Service Provider / Business,Poor ROI / expensive leads,Primary,Medium,2,1,"I’m a plumber and gas engineer, I’ve been with checkatrade about 5 years now, and I’m sure 1 million percent that now is a total waste of money to have them, also wanted to mention another fact, i had a complaint from only one home owner about a second fix in a bathroom, now is about 1 month they suspended my profile without making sure or giving me any evidence I’m ”guilty “or not, so basically they suspended my account about 1 month i don’t know even when my account will return “live “ and they want even the 405£ for only plumbing category which i paid monthly, so please stay faraway from them because they are totally useless very poor communication and definitely whoever will ask me if it worth checkatrade definitely my answer will be NO and whatever will be in my power and in my hands i will do to stop anyone getting involved with them "
6a14aaefdbfe94f21e111d3e,Yelp,Customer,Review trust / moderation,Primary,Medium,2,1,Very  frustrating. Yelp used to be a site that you  could rely on when you  had the need to give  a review about something. Not any more. Since it like most sites now rely on algorithms instead of human involvement. Most reviews don't get published. If you  do too many negative reviews the system flags you. So even if your reviews maybe negative you're denied a forum for rating an entity whether it be a business or even  mental health center. If you are being  judged by artificial intelligence and that is the criteria for judging whether someone or something is legitimate then nothing will ever come to light and businesses and facilities will never be held to a higher standard or accountable.
69fde7a3b3ed8e4e7ce4e831,Yell,Service Provider / Business,Privacy / unwanted contact,Primary,Medium,2,1,"I tried reporting a major security failure on my Yell-managed Wix site. Despite multiple urgent requests, a chat and a phone call to support (ref: Aqeel), Yell has failed to act, or at least acknowledge my issues.
An unauthorized ex-staff member is still receiving confidential customer data via site automations, on which I have zero control or authorization!
As a business owner in London, I find this lack of accountability regarding UK GDPR compliance unacceptable.
Yell’s refusal to revoke this access or grant me the administrative rights to secure my own business data is a serious liability. 
I am now preparing a formal report for the ICO, and try to  get attention and perhaps an intervention from a senior manager to stop this breach. 
Stay away from this company!!"
69fde7a3b3ed8e4e7ce4e831,Yell,Service Provider / Business,Customer support,Secondary,Medium,2,1,"I tried reporting a major security failure on my Yell-managed Wix site. Despite multiple urgent requests, a chat and a phone call to support (ref: Aqeel), Yell has failed to act, or at least acknowledge my issues.
An unauthorized ex-staff member is still receiving confidential customer data via site automations, on which I have zero control or authorization!
As a business owner in London, I find this lack of accountability regarding UK GDPR compliance unacceptable.
Yell’s refusal to revoke this access or grant me the administrative rights to secure my own business data is a serious liability. 
I am now preparing a formal report for the ICO, and try to  get attention and perhaps an intervention from a senior manager to stop this breach. 
Stay away from this company!!"
6a4c0074417c42c2e974b880,Checkatrade,Customer,Provider quality / no-show,Primary,Medium,2,1,"Initially I had a builder from Checkatrade. Things were going fine. Until a week before work was supposed to have started he cancelled the whole job.
The experience with other builders on this site has been disappointing. From not getting back to me with a quote- to deciding when they should come round to see the job. They forget who the client is. Very disappointed ☹️ "
691de4f703858c838b00d318,Yell,Service Provider / Business,Misleading claims / transparency,Primary,High,3,1,"they sell you an amazing story of how you will grow and make lots of money and i fell for it like an idiot!! 
£359 a month for practicly nothing! i paid for 3 months and then cancelled my direct debit , now they want me to sit in front of a computer so they can tell me. 
 more lies on a screen. 
This awfull company has pushed me over the edge and left me with so much stress and pushed my mental state over the limit! with what they have done

they did get in contact with me only to tell me i needed to pay 80% of the contract for it all to end ... yep like thats going to happen lol . 
send me the court date and i will make sure i am ther thanks 

Thanks for the useless reply yell.com. Your customer service is awful and the contract you suckered me into has more holes than a t-bag so look forward to the court date thanks. 

i could go on but simply dont have the time and now have to try and recover my losses in a cost of living crisis when i was already struggling to get by.
thanks yell for making my life much harder and i will see you in the small claims court for mis sold advertising and compensation"
691de4f703858c838b00d318,Yell,Service Provider / Business,Billing / refunds,Secondary,High,3,1,"they sell you an amazing story of how you will grow and make lots of money and i fell for it like an idiot!! 
£359 a month for practicly nothing! i paid for 3 months and then cancelled my direct debit , now they want me to sit in front of a computer so they can tell me. 
 more lies on a screen. 
This awfull company has pushed me over the edge and left me with so much stress and pushed my mental state over the limit! with what they have done

they did get in contact with me only to tell me i needed to pay 80% of the contract for it all to end ... yep like thats going to happen lol . 
send me the court date and i will make sure i am ther thanks 

Thanks for the useless reply yell.com. Your customer service is awful and the contract you suckered me into has more holes than a t-bag so look forward to the court date thanks. 

i could go on but simply dont have the time and now have to try and recover my losses in a cost of living crisis when i was already struggling to get by.
thanks yell for making my life much harder and i will see you in the small claims court for mis sold advertising and compensation"
6a5506660468ebb3be469520,Yelp,Service Provider / Business,Misleading claims / transparency,Primary,Medium,2,1,Yelp is the worst company that I have EVER had the displeasure in working with.  I feel like I got scammed by the company. 
6a71da2bb214755d1f40472e,Yell,Service Provider / Business,Misleading claims / transparency,Primary,Medium,2,1,"I joined Yell on 8 July expecting professional marketing support for my business, viaUNO Cars.

Before signing up, I clearly explained to the salesperson, Devan Appalsamy, that I already had a professionally built website and did not want or need another one. Despite this, I later discovered I had been enrolled on a website package.

Since joining, I have made multiple attempts to contact Yell—roughly every couple of days—requesting to speak with Devan Appalsamy and later my account manager, Niall Reynolds, to resolve the issue and discuss leaving the contract. Despite repeatedly requesting a callback, neither of them, nor anyone else at Yell, contacted me.

Today is 4 August, almost a month since I signed up, and I am still waiting for meaningful communication about my concerns, the services I have paid for, my request to cancel the agreement, and a refund.

As a business owner, I find the lack of communication completely unacceptable. My experience has been that once the agreement was signed, the level of support I expected simply wasn’t there. I have spent weeks chasing updates instead of receiving them.

I can only comment on my own experience, and unfortunately it has been extremely disappointing. I hope Yell improves its customer service, onboarding process and communication with new clients so that other businesses do not have the same experience I have had. I will keep my review until my canceling and refunding situation is resolved! AVOID!!!!"
6a71da2bb214755d1f40472e,Yell,Service Provider / Business,Billing / refunds,Secondary,Medium,2,1,"I joined Yell on 8 July expecting professional marketing support for my business, viaUNO Cars.

Before signing up, I clearly explained to the salesperson, Devan Appalsamy, that I already had a professionally built website and did not want or need another one. Despite this, I later discovered I had been enrolled on a website package.

Since joining, I have made multiple attempts to contact Yell—roughly every couple of days—requesting to speak with Devan Appalsamy and later my account manager, Niall Reynolds, to resolve the issue and discuss leaving the contract. Despite repeatedly requesting a callback, neither of them, nor anyone else at Yell, contacted me.

Today is 4 August, almost a month since I signed up, and I am still waiting for meaningful communication about my concerns, the services I have paid for, my request to cancel the agreement, and a refund.

As a business owner, I find the lack of communication completely unacceptable. My experience has been that once the agreement was signed, the level of support I expected simply wasn’t there. I have spent weeks chasing updates instead of receiving them.

I can only comment on my own experience, and unfortunately it has been extremely disappointing. I hope Yell improves its customer service, onboarding process and communication with new clients so that other businesses do not have the same experience I have had. I will keep my review until my canceling and refunding situation is resolved! AVOID!!!!"
6a67e3a5813363a32a0b4ce2,Yelp,Customer,Review trust / moderation,Primary,Medium,2,1,They hung up on me after they removed my review for a company I utilized and spent time writing a review for . 
6a22d207f141eed63383883e,Checkatrade,Customer,Provider quality / no-show,Primary,Medium,2,1,I had a problem with an electrician I got through checkatrade he left holes round his new sockets which he told me to fill after charging£285.00 to replace  three sockets and put up a new light fitting for me it’s cost me more to rectify his mistakes I had to get a plaster in from trust a trader. Who did an excellant job. Checkatrade has asked me about ten times how much I want refunded I have told them half of what I paid. They ask the same question over and over again. So I definitely will not be going through them for a trades man again they should take a leaf out off trust a trader. So please be careful who you hire. 
69b2ac401ab01be9508fb626,Yell,Service Provider / Business,Poor ROI / expensive leads,Primary,High,3,1,"Spent thousands and got nothing in return. No support, no enquiries. The only contact is daily calls and texts chasing payment. Avoid if you value your money.
I might start leaving a review every time I'm contacted by them and they can see what it's like to be harassed continuously to the detriment of your business "
69b2ac401ab01be9508fb626,Yell,Service Provider / Business,Customer support,Secondary,High,3,1,"Spent thousands and got nothing in return. No support, no enquiries. The only contact is daily calls and texts chasing payment. Avoid if you value your money.
I might start leaving a review every time I'm contacted by them and they can see what it's like to be harassed continuously to the detriment of your business "
68e8c6dda958819f662d9d57,Checkatrade,Customer,Finding a provider / low response,Primary,Low,1,3,"Neutral. One company did not follow through to quote, only one other did quote - for nearly ten times the price that I eventually got the job done via another online source of handymen. Maybe the nature of the job needing done affects how useful this site is."
69e5caa71575fbd8e2e11eab,Checkatrade,Customer,Platform usability / technical issues,Primary,Low,1,3,It's a good idea but much harder than finding tradesmen in other ways. It is not easy to see whether needs are fulfilled until a while after the job but the correspondence on email is constant and intrusive.
6a29d8a2748b5594b3c2470d,Checkatrade,Service Provider / Business,Fake / invalid leads,Primary,Medium,2,1,"Dare’s Cleaning Services Limited subscribed to Checkatrade based on the representations made regarding the enquiries provided to tradespeople through the platform.

During the subscription period, Dare’s Cleaning Services Limited raised concerns regarding a number of enquiries received through the service. These concerns related to overlapping contact details and enquiries which, in the view of Dare’s Cleaning Services Limited, warranted further investigation.

In correspondence, Checkatrade explained that some situations could arise through homeowner error and indicated that duplicate submissions could not always be completely prevented. However, Checkatrade’s later court Defence stated that its investigation had identified no duplicate, non-genuine or spam leads. Dare’s Cleaning Services Limited considered this difficult to reconcile with the earlier correspondence, and it formed part of the concerns raised throughout the dispute.

Dare’s Cleaning Services Limited subsequently requested cancellation of the subscription. Dare’s Cleaning Services Limited understood from Checkatrade’s correspondence that cancellation was to be dealt with by telephone. Dare’s Cleaning Services Limited requested that communications be conducted in writing by email so that a clear and verifiable record could be maintained.

When the matter was not resolved, Dare’s Cleaning Services Limited issued a Letter Before Action and subsequently commenced County Court proceedings.

Following the commencement of proceedings, Checkatrade issued a credit memo. The matter later proceeded to a Dispute Resolution Hearing before the County Court.

At the hearing, Checkatrade confirmed to the court that the agreement/subscription had been cancelled, that no further payments were due from Dare’s Cleaning Services Limited, and that any sums allegedly due had been written off. The court order records Checkatrade’s confirmation that the agreement/subscription had been cancelled, that no further payments were due from Dare’s Cleaning Services Limited, and that any sums allegedly due had been written off. The claim was dismissed and no order as to costs was made.

The purpose of the proceedings was not primarily to recover money, but to obtain certainty that the subscription had been brought to an end and that no future debt recovery action would be pursued.

Based on this experience, tradespeople should carefully review contractual terms, maintain detailed written records, and obtain important information and confirmations in writing wherever possible. Where agreements are discussed by telephone, it may be prudent to request written confirmation of the key terms before accepting or proceeding with any agreement.

This review reflects the experience of Dare’s Cleaning Services Limited and the outcome recorded in the County Court order."
6a29d8a2748b5594b3c2470d,Checkatrade,Service Provider / Business,Billing / refunds,Secondary,Medium,2,1,"Dare’s Cleaning Services Limited subscribed to Checkatrade based on the representations made regarding the enquiries provided to tradespeople through the platform.

During the subscription period, Dare’s Cleaning Services Limited raised concerns regarding a number of enquiries received through the service. These concerns related to overlapping contact details and enquiries which, in the view of Dare’s Cleaning Services Limited, warranted further investigation.

In correspondence, Checkatrade explained that some situations could arise through homeowner error and indicated that duplicate submissions could not always be completely prevented. However, Checkatrade’s later court Defence stated that its investigation had identified no duplicate, non-genuine or spam leads. Dare’s Cleaning Services Limited considered this difficult to reconcile with the earlier correspondence, and it formed part of the concerns raised throughout the dispute.

Dare’s Cleaning Services Limited subsequently requested cancellation of the subscription. Dare’s Cleaning Services Limited understood from Checkatrade’s correspondence that cancellation was to be dealt with by telephone. Dare’s Cleaning Services Limited requested that communications be conducted in writing by email so that a clear and verifiable record could be maintained.

When the matter was not resolved, Dare’s Cleaning Services Limited issued a Letter Before Action and subsequently commenced County Court proceedings.

Following the commencement of proceedings, Checkatrade issued a credit memo. The matter later proceeded to a Dispute Resolution Hearing before the County Court.

At the hearing, Checkatrade confirmed to the court that the agreement/subscription had been cancelled, that no further payments were due from Dare’s Cleaning Services Limited, and that any sums allegedly due had been written off. The court order records Checkatrade’s confirmation that the agreement/subscription had been cancelled, that no further payments were due from Dare’s Cleaning Services Limited, and that any sums allegedly due had been written off. The claim was dismissed and no order as to costs was made.

The purpose of the proceedings was not primarily to recover money, but to obtain certainty that the subscription had been brought to an end and that no future debt recovery action would be pursued.

Based on this experience, tradespeople should carefully review contractual terms, maintain detailed written records, and obtain important information and confirmations in writing wherever possible. Where agreements are discussed by telephone, it may be prudent to request written confirmation of the key terms before accepting or proceeding with any agreement.

This review reflects the experience of Dare’s Cleaning Services Limited and the outcome recorded in the County Court order."
6a437e481c56d2ce91c0a178,Checkatrade,Service Provider / Business,Billing / refunds,Primary,Medium,2,1,"Thank you for your reply to my previous review.

I appreciate your response, but simply asking me to call your support team does not address the issues I have raised.

Around two months ago, Checkatrade charged me approximately double for a product that I had never requested. Following my complaint, I received an apology acknowledging that this charge should not have been applied.

In my view, this fundamentally changed the agreement between us. I had agreed to pay for one service, not for additional products or charges that I had never authorised. As a result, I lost confidence in the billing process and cancelled the Direct Debit until the matter could be resolved.

At that point, I specifically requested a call with a manager so that I could make the following month's payment once the billing error had been corrected. That call never happened.

Instead, my account was blocked.

My account has now been blocked for approximately one month. During that time I have received no leads and my business has had no visibility on the platform. Despite providing no active service during that period, Checkatrade is now demanding payment for two full months, including a month in which my account remained blocked.

Had my request been escalated to a manager when I first asked, this entire situation could have been resolved within a single day.

Instead, I made around fifteen calls asking for the matter to be escalated. Every person I spoke to told me they were not a manager and were unable or unwilling to escalate my concerns. Eventually I received an email stating that my complaint had reached the highest level available, despite none of my questions having been answered and no resolution having been provided.

Throughout this process I have continued to receive payment demands rather than clear written answers.

I have also seen Checkatrade state that a previous call could not proceed because I failed the security verification. That is not an accurate representation of what happened.

The call in question was initiated by me and was not about outstanding payments. I contacted Checkatrade to complain about the inconsistency of the lead system, after receiving around 150 leads one week and only three the following week. It was a completely different issue. Referring to that conversation as if it related to this payment dispute is misleading and does not address the concerns I have repeatedly raised.

This experience has left me with the impression that the system places significant pressure on small businesses to pay first and resolve disputes later. That has been my experience.

My account remains blocked, I have received no leads, yet I am still being asked to pay for a service that, from my perspective, has not been delivered.

This is exactly why I believe Trustpilot should distinguish between reviews of tradespeople and reviews of Checkatrade as a business. The platform should be judged not only on the quality of the independent trades listed on it, but also on its billing practices, transparency, dispute resolution and the way it treats the businesses that pay to use it."
6a437e481c56d2ce91c0a178,Checkatrade,Service Provider / Business,Sales pressure / contract terms,Secondary,Medium,2,1,"Thank you for your reply to my previous review.

I appreciate your response, but simply asking me to call your support team does not address the issues I have raised.

Around two months ago, Checkatrade charged me approximately double for a product that I had never requested. Following my complaint, I received an apology acknowledging that this charge should not have been applied.

In my view, this fundamentally changed the agreement between us. I had agreed to pay for one service, not for additional products or charges that I had never authorised. As a result, I lost confidence in the billing process and cancelled the Direct Debit until the matter could be resolved.

At that point, I specifically requested a call with a manager so that I could make the following month's payment once the billing error had been corrected. That call never happened.

Instead, my account was blocked.

My account has now been blocked for approximately one month. During that time I have received no leads and my business has had no visibility on the platform. Despite providing no active service during that period, Checkatrade is now demanding payment for two full months, including a month in which my account remained blocked.

Had my request been escalated to a manager when I first asked, this entire situation could have been resolved within a single day.

Instead, I made around fifteen calls asking for the matter to be escalated. Every person I spoke to told me they were not a manager and were unable or unwilling to escalate my concerns. Eventually I received an email stating that my complaint had reached the highest level available, despite none of my questions having been answered and no resolution having been provided.

Throughout this process I have continued to receive payment demands rather than clear written answers.

I have also seen Checkatrade state that a previous call could not proceed because I failed the security verification. That is not an accurate representation of what happened.

The call in question was initiated by me and was not about outstanding payments. I contacted Checkatrade to complain about the inconsistency of the lead system, after receiving around 150 leads one week and only three the following week. It was a completely different issue. Referring to that conversation as if it related to this payment dispute is misleading and does not address the concerns I have repeatedly raised.

This experience has left me with the impression that the system places significant pressure on small businesses to pay first and resolve disputes later. That has been my experience.

My account remains blocked, I have received no leads, yet I am still being asked to pay for a service that, from my perspective, has not been delivered.

This is exactly why I believe Trustpilot should distinguish between reviews of tradespeople and reviews of Checkatrade as a business. The platform should be judged not only on the quality of the independent trades listed on it, but also on its billing practices, transparency, dispute resolution and the way it treats the businesses that pay to use it."
69c831c07a98bcde1162b482,Yelp,Service Provider / Business,Billing / refunds,Primary,Medium,2,1,"Started using yelp for the business signed up for something after receiving a promotion.And then, when the promotion was over, they charged his fourteen hundred dollars within a week, unbounced to us... when you sign up for the program, you sign up for everything.All at once, and then they just take you and then you try and fight it.And they say they rendered services which they never did.. complete fraudsters trash. "
68c56ad14a80a4e2bae7b88f,Bark,Customer,Platform usability / technical issues,Primary,Low,1,2,Well I by mistake hit mobile. I cant leave house so I was trying to change my requested. I got kicked out and told call bark.  I then just goggle and got someone to come my home. 
6929a0631ef317725b7bd908,Yell,Service Provider / Business,Account access / cancellation,Primary,Medium,2,1,being charged for another whole month that doesn't start until 8th Dec when I have cancelled on 28th Nov is wrong. You can easily pro rata this. I would never return to this company and certainly never recommend. Just wish I had taken notice of the reviews before I signed up!!
6929a0631ef317725b7bd908,Yell,Service Provider / Business,Billing / refunds,Secondary,Medium,2,1,being charged for another whole month that doesn't start until 8th Dec when I have cancelled on 28th Nov is wrong. You can easily pro rata this. I would never return to this company and certainly never recommend. Just wish I had taken notice of the reviews before I signed up!!
68b865b9646ea41939e3d167,Checkatrade,Customer,Provider quality / no-show,Primary,Medium,2,3,"We had a very mixed response when we used Checkatrade

One: We were looking for someone to paint the outside of the house. This went very well.  We got several prices, chose one and everything worked out really well. Accordingly, we left feedback on the site to convey how happy we were. 

Two: We decided to repeat the experience and looked for someone to fix a leak in the roof. This experience was appalling. Each roofer diagnosed the problem differently and the prices ranged from £350 to almost £4,000. 

The most expensive roofer offered to pop in and carry out the job (for £4,000) that afternoon. 

I didn’t dare leave feedback on the site. "
69984b66dccfab399430da44,Yell,Service Provider / Business,Platform usability / technical issues,Primary,Low,1,1,Hi I signed up for yells complete package including a professional website and listings all over the place .I got a terrible amateur website and listings in the wrong area and now they are demanding £2000 for appalling work which I have refused to pay and are preparing to defend myself in court .avoid like Covid 
68c95c657592f364c104f54f,Bark,Service Provider / Business,Customer support,Primary,Medium,2,3,J’essaye de joindre Bark sans succès. Je ne suis pas encore affiliée à leur plateforme et hésite. 
6a7f3dbaeac2dd882a8454c5,Checkatrade,Service Provider / Business,Poor ROI / expensive leads,Primary,Medium,2,1,"Terrible. Want advert money. No reviews.
Do not use them!"
69a5b065a1700bb907edf0eb,Yelp,Service Provider / Business,Customer support,Primary,Medium,2,1,"LONG PHONE WAIT TIMES, NO OPTION FOR CALLBACK, NO ESTIMATE TIME, GIVES FREE CREDIT BUT STILL CHARGES YOUR CARD, UTTER BS, THEY SUCK.

PAY 2 PLAY"
69b3ffe3e587a1ff8cf30cc3,Yell,Service Provider / Business,Poor ROI / expensive leads,Primary,Medium,2,1,"We were over sold a product by Yell which costs over £3000 per month with VAT. The product is really good but too much for a small business.
As a tiny business we have found that this is unsustainable.
We called billing and our account manager to try and get this package down graded to an affordable one but they were completely inflexible.
As a result of this we have no option but to close our business down ."
6a1fb1bb4c96409be5999d7b,Yelp,Service Provider / Business,Review trust / moderation,Primary,Medium,2,1,"As a small business owner, I find Yelp's review system extremely frustrating and unfair. When false or misleading reviews are posted, businesses are often left with little to no meaningful opportunity to present their side of the story. It feels like Yelp is quick to publish accusations but slow to investigate whether the claims are actually accurate.
In my experience, even when there is evidence that a reviewer never entered the business, visited outside of operating hours, or provided misleading information, Yelp still allows the review to remain visible. This creates a one-sided narrative that can damage the reputation of hardworking business owners who have spent years building trust in their communities.
A review platform should be focused on fairness, transparency, and factual information. Instead, it often feels as though businesses are presumed guilty while reviewers are automatically believed. Small businesses deserve a fair process to challenge false claims and provide evidence when reviews are inaccurate.
Yelp has the power to influence public perception, and with that power comes the responsibility to ensure reviews are truthful and balanced. Unfortunately, that has not been my experience."
6a1fb1bb4c96409be5999d7b,Yelp,Service Provider / Business,Misleading claims / transparency,Secondary,Medium,2,1,"As a small business owner, I find Yelp's review system extremely frustrating and unfair. When false or misleading reviews are posted, businesses are often left with little to no meaningful opportunity to present their side of the story. It feels like Yelp is quick to publish accusations but slow to investigate whether the claims are actually accurate.
In my experience, even when there is evidence that a reviewer never entered the business, visited outside of operating hours, or provided misleading information, Yelp still allows the review to remain visible. This creates a one-sided narrative that can damage the reputation of hardworking business owners who have spent years building trust in their communities.
A review platform should be focused on fairness, transparency, and factual information. Instead, it often feels as though businesses are presumed guilty while reviewers are automatically believed. Small businesses deserve a fair process to challenge false claims and provide evidence when reviews are inaccurate.
Yelp has the power to influence public perception, and with that power comes the responsibility to ensure reviews are truthful and balanced. Unfortunately, that has not been my experience."
672729d5f6ddcd126cfc2249,Yelp,Service Provider / Business,Fake / invalid leads,Primary,Medium,2,2,"I tried using Yelp for advertising, but I received fake requests from outside my area. When I canceled, they insisted I still pay for a useless service"
6a2861c5eeece069dfcb1264,Yelp,Customer,Review trust / moderation,Primary,Medium,2,1,"If you’re thinking of trusting Yelp, don’t.

This platform is turned into a pay‑to‑sanitize machine where businesses can BUY THEIR WAY OUT of accountability, and Yelp will bend over backwards to make sure negative reviews disappear.

My review was removed with some generic “conflict of interest” excuse — the same copy‑paste bullshit they use whenever a business waves a check in their face. Meanwhile, the actual conflict of interest is Yelp taking money from the same companies they’re supposed to keep honest.

Yelp isn’t protecting consumers BUT  protecting its paying clients.

They’ll find any excuse from “relationship with the business”, to “unclear experience”, to  “violates guidelines”, all sort of possible BS which ""fits the script"". 

However when you look all over online, you’ll see the same pattern:
zero‑star reviews vanish, legitimate complaints get buried, and businesses with crap reputations magically sit at 4.5 stars.

And good luck talking to a human.
There is no support, no accountability, no transparency. Just automated messages, dead ends, and a wall of silence while they quietly clean up the reputation of whoever pays them.

Yelp has become exactly what it claims to fight: a platform where money decides the truth.

If you’re anyone with a real experience to share, prepare to be ignored, filtered, or deleted.

Yelp is not a review platform anymore  but a a conflict‑of‑interest factory."
6a2861c5eeece069dfcb1264,Yelp,Customer,Customer support,Secondary,Medium,2,1,"If you’re thinking of trusting Yelp, don’t.

This platform is turned into a pay‑to‑sanitize machine where businesses can BUY THEIR WAY OUT of accountability, and Yelp will bend over backwards to make sure negative reviews disappear.

My review was removed with some generic “conflict of interest” excuse — the same copy‑paste bullshit they use whenever a business waves a check in their face. Meanwhile, the actual conflict of interest is Yelp taking money from the same companies they’re supposed to keep honest.

Yelp isn’t protecting consumers BUT  protecting its paying clients.

They’ll find any excuse from “relationship with the business”, to “unclear experience”, to  “violates guidelines”, all sort of possible BS which ""fits the script"". 

However when you look all over online, you’ll see the same pattern:
zero‑star reviews vanish, legitimate complaints get buried, and businesses with crap reputations magically sit at 4.5 stars.

And good luck talking to a human.
There is no support, no accountability, no transparency. Just automated messages, dead ends, and a wall of silence while they quietly clean up the reputation of whoever pays them.

Yelp has become exactly what it claims to fight: a platform where money decides the truth.

If you’re anyone with a real experience to share, prepare to be ignored, filtered, or deleted.

Yelp is not a review platform anymore  but a a conflict‑of‑interest factory."
6a57be453cb6466cc2c7d496,Checkatrade,Customer,Provider quality / no-show,Primary,Medium,2,1,Kept mucking me around on dates. Initially i was amenable but then having waited a further two weeks he then wanted to change the date again so I gave up.  
6a737de887f6140c574a7799,Bark,Service Provider / Business,Poor lead quality,Primary,Medium,2,1,"As a professional (Personal trainers / online coaches) just avoid. Waste of time and money. Use the money on sponsored ads or build your socials.

Bark is designed to take professionals money and not land customers/clients. There needs to be a better system to draw out genuine interest and those who aren’t certain they want a service.

Luckily my bank allows me to request my month back if I wasn’t satisfied with the service


"
6a737de887f6140c574a7799,Bark,Service Provider / Business,Poor ROI / expensive leads,Secondary,Medium,2,1,"As a professional (Personal trainers / online coaches) just avoid. Waste of time and money. Use the money on sponsored ads or build your socials.

Bark is designed to take professionals money and not land customers/clients. There needs to be a better system to draw out genuine interest and those who aren’t certain they want a service.

Luckily my bank allows me to request my month back if I wasn’t satisfied with the service


"
69f11985f6fde478b3ef6b01,Yelp,Service Provider / Business,Review trust / moderation,Primary,Medium,2,1,Yelp only posts negative reviews and hides the positive ones. They don't give the person who is reviewed the chance to respond and it hurts businesses. They pop up a year later. They asked us to pay to do business with them once and we refused. I would never do business with a sketchy company that only post negative reviews almost to bully people into using them. Not honest at all!!!
6a341bb3efbae119debc362d,Bark,Service Provider / Business,Poor ROI / expensive leads,Primary,Medium,2,1,"Il est intéressant de voir la tendance (des avis) qui ne sent pas bon pour BARK.
Il est rassurant de constater que d’autres (Karine Roche T. ; PatouS ; Massé Daniel) ce dernier mois sont arrivés aux mêmes conclusions que nous.
nous sommes des prestataires sérieux et avons souscrit à BARK Elite Pro pour avoir des demandes entrantes via BARK. Que de promesses et de projet annoncés sans aucune réalité - aucun retour et ces projets existent-ils vraiment. C’est plus que douteux et c’est confirmé en lisant les avis.
Il est indiqué abonnement sans engagement pour une mise en avant et de nouveau: des pseudos projets et RIEN. 
Au-delà zéro service client et non Sophie MARTIN N’existe pas.
Et plus parlant encore - bonne chance pour trouver le moyen de stopper l’abonnement IL n’y en a qu’UN le mail france-AT-bark.com.
voici ce qui est annoncé dans leur CG : 
« 3.1Vous pouvez toujours mettre fin à votre contrat avec nous, en cessant d’utiliser les Services de mise en relation. Si vous avez ouvert un compte client sur le Site web, vous devrez nous contacter par courrier électronique, par téléphone ou par voie postale en utilisant les coordonnées indiquées ci-dessus. »
Rien n’est vrai: le téléphone renvoi vers le mail et pas d’adresse postale en France.

il y a aussi dans le centre d’aide : 
« 
Nous sommes désolés d'apprendre que vous envisagez d'annuler votre abonnement Elite Pro. Avant de poursuivre, veuillez noter que vous perdrez les avantages suivants :
•	2 réponses gratuites chaque semaine
•	20 % de réduction sur tous les packs de crédits
•	Assistance téléphonique prioritaire
•	Demandes de remboursement de crédit en un clic
Si vous êtes sûr de vouloir annuler, vous pouvez le faire en suivant ces étapes :
1.	Connectez-vous à votre compte Bark.
2.	Cliquez sur « Paramètres » dans le coin supérieur droit et sélectionnez « Elite Pro ».
3.	En bas de la page, cliquez sur « Gérer l’abonnement ».
4.	Sélectionnez votre abonnement Elite Pro (le prix est indiqué).
5.	Cliquez sur « Annuler l'abonnement ».
Si vous ne voyez pas ces options dans votre compte, pas de souci ! Il vous suffit de remplir ce formulaire d’annulation , et nous nous occupons du reste.
« 

Là non plus, rien n'est vrai ! pas d'options - pas de formulaire d'annulation-  RIEN!
Cela sent pour la France un bureau (et encore !) et 1 peut être 2 stagiaires pour répondre aux avis et aux mails et encore.
Ce n’est juste qu’une magnifique plateforme automatisée et point – rien de plus.
Aucun poste à pourvoir en France aussi faudrait-il qu’il y ait des locaux ?
Bref un conseil fuyez face à ce GRAND VIDE. État des lieux 69€/mois pendant 6 mois - des dizaines de réponses aux pseudos contacts = Retour surinvestissement = ZÉRO - rappelez-moi les avantages Elite Pro?
Je vais être un privilégié, cette fois , grâce à cet avis, puisque je vais avoir ma réponse automatisée , ou de la part du stagiaire en charge avec le traditionnel : 
« bonjour,

Merci d'avoir pris le temps de nous faire part de vos commentaires » 
Il n’est QUE là votre service client BARK, ADIEU 😉

----------------------------------------------------------
25/06/2026 suite à votre réponse, j'ai suivi votre conseil et renvoyé tous les éléments par mail à team(at)bark.com (qui était déjà en copie de tous les mails précédents) ce jour même.Je donnerai les suites, s'il y en a.Posture ou réalité ?
---------------------------------------------------------
26/06/2026 c'est bien une posture et si comme évoqué ce n'est pas de la mauvaise foi c'est de l'incompétence à l'état pur - après avoir renvoyé pour la 4ème fois toutes les informations voici la réponse de BARK : 
""
Bonjour,
 
Nous vous remercions pour votre réponse et vous présentons nos sincères excuses pour les délais, la frustration et les grandes difficultés que vous avez rencontrés en tentant de résoudre ce problème au cours des deux dernières semaines. Nous comprenons parfaitement votre frustration et pourquoi cette situation vous semble totalement inacceptable.
 
Nous tenons à vous assurer que notre équipe agit de bonne foi ; nous avons immédiatement utilisé les informations fournies dans votre message — y compris l'adresse e-mail  xxxx pour effectuer une recherche approfondie dans nos bases de données.
 
Cependant, comme nous vous l'avons déjà indiqué, nous n'avons trouvé aucun compte professionnel associé à l'adresse e-mail que vous nous avez communiquée. Il arrive souvent que l'adresse e-mail utilisée par une entreprise pour recevoir des propositions commerciales ou des demandes de devis diffère des identifiants de connexion spécifiques utilisés pour créer le compte d'abonnement principal.Afin de surmonter cet obstacle et de localiser immédiatement le bon profil, nous vous invitons à nous envoyer un e-mail ddepuis l'adresse associée... Ca continue!

"
697040b0471dec03b3be4291,Bark,Service Provider / Business,Poor lead quality,Primary,Medium,2,3,"I like the large pool of potential clients Bark gives me access to.  

There are a few areas where Bark could be better:  

1) Bark sends me notifications saying ""Fred is interested in working with your company"", when actually Fred did not say he was interested, all Fred did was view my profile, I find this a bit misleading...the current wording almost tricks me into spending my credits contacting Fred...

2) The location settings need tweaking, it should be possible to make my settings such that: I only see local 'leads' that want in person or remote service AND I see non-local 'leads' who only want remote service.  There is no point sending me leads who are not local and only want in person service..."
697040b0471dec03b3be4291,Bark,Service Provider / Business,Misleading claims / transparency,Secondary,Medium,2,3,"I like the large pool of potential clients Bark gives me access to.  

There are a few areas where Bark could be better:  

1) Bark sends me notifications saying ""Fred is interested in working with your company"", when actually Fred did not say he was interested, all Fred did was view my profile, I find this a bit misleading...the current wording almost tricks me into spending my credits contacting Fred...

2) The location settings need tweaking, it should be possible to make my settings such that: I only see local 'leads' that want in person or remote service AND I see non-local 'leads' who only want remote service.  There is no point sending me leads who are not local and only want in person service..."
6a5fa45c1d1b7761aae4a9c5,Yelp,Customer,Platform usability / technical issues,Primary,Low,1,2,"Used this to find a place for dinner. Picked a highly rated spot, drove all the way there, and it was closed for renovations. Nobody had updated the listing. The app is getting unreliable."
6a7b5e869ef5f9771266843e,Checkatrade,Customer,Finding a provider / low response,Primary,Low,1,1,I contacted checkatrade in the spring for a porch construction - three interested trades people - not a single contact. this has outlived its credibility
697a11d601a389c6aa3ea881,Yell,Service Provider / Business,Misleading claims / transparency,Primary,Medium,2,1,"if there was a minus -1 that would still
to high a score, complete rip off utter lies lies and misspelling at its highest level. check
out the face book group on yell antics , honestly do not use this company "
69e7585abaa3aef223a2560d,Yell,Service Provider / Business,Poor ROI / expensive leads,Primary,Medium,2,1,"Extremely poor experience with Yell. After spending thousands on advertising, I’ve had no return and no meaningful support whatsoever. The only contact I’ve received has been repeated phone calls and text messages chasing payment.
Despite making multiple requests to close my account, I am still being billed, including additional charges of over £40. This is unacceptable given I have clearly asked for the account to be closed.
I have also made formal GDPR requests regarding my personal data, which have not been responded to within the required timeframe. This raises serious concerns about their compliance with data protection obligations.
Overall, I’ve had no benefit from the service, constant pressure for payment, and ongoing issues even after trying to end the agreement. 
I now have to spend even more of my time that could be spent running my business to escalate this matter to the Information Commissioner’s Office."
69e7585abaa3aef223a2560d,Yell,Service Provider / Business,Privacy / unwanted contact,Secondary,Medium,2,1,"Extremely poor experience with Yell. After spending thousands on advertising, I’ve had no return and no meaningful support whatsoever. The only contact I’ve received has been repeated phone calls and text messages chasing payment.
Despite making multiple requests to close my account, I am still being billed, including additional charges of over £40. This is unacceptable given I have clearly asked for the account to be closed.
I have also made formal GDPR requests regarding my personal data, which have not been responded to within the required timeframe. This raises serious concerns about their compliance with data protection obligations.
Overall, I’ve had no benefit from the service, constant pressure for payment, and ongoing issues even after trying to end the agreement. 
I now have to spend even more of my time that could be spent running my business to escalate this matter to the Information Commissioner’s Office."
68cb12398e775cf1ded2a310,Checkatrade,Customer,Platform usability / technical issues,Primary,Low,1,3,"I listed a small job which was issued automatically to 3 traders, I opted for the first one to reply, notified the other 2 that the job had been allocated and then immediately closed down the jobs but Checkatrade kept issuing the jobs to other traders. Seems a good idea in theory, but the hassle and waste of time this causes both customers and traders alike can be considerable as a couple of traders who were contacted after my jobs were closed verified."
693ee6d60996f0bbb6d990b8,Yell,Service Provider / Business,Poor ROI / expensive leads,Primary,Medium,2,1,"Stay clear from yell for your advertisement, I’ve had 10 leads in 4 months they hooked me in with a lead guarantee so on the 5th month if I have not broken even I will get credits put on my account which they’re now trying to get me to pay 1 more month and get the credits added after. I’ve had reviews with my account manager Titus who has done absolutely nothing to help, a couple of emails which he’ll send 3 days after my email and late in the day so he doesn’t have to reply until the following week. Kirk I’ve spoken to a few times he’s a lot better, nicer guy actually trying to help me but unfortunately I’ve not had a single lead for months. I’m seeing reviews saying they had a bad start but it’s up now which is what I want but I’m 5 going on 6 months I’ve paid thousands and I am nowhere close to atleast breaking even. I think it’s been awful from start to finish I would stay clear of yell 10 leads in just under 6 months paid thousands and they’re still trying to get money off me even though I’m in a guarantee. "
693ee6d60996f0bbb6d990b8,Yell,Service Provider / Business,Misleading claims / transparency,Secondary,Medium,2,1,"Stay clear from yell for your advertisement, I’ve had 10 leads in 4 months they hooked me in with a lead guarantee so on the 5th month if I have not broken even I will get credits put on my account which they’re now trying to get me to pay 1 more month and get the credits added after. I’ve had reviews with my account manager Titus who has done absolutely nothing to help, a couple of emails which he’ll send 3 days after my email and late in the day so he doesn’t have to reply until the following week. Kirk I’ve spoken to a few times he’s a lot better, nicer guy actually trying to help me but unfortunately I’ve not had a single lead for months. I’m seeing reviews saying they had a bad start but it’s up now which is what I want but I’m 5 going on 6 months I’ve paid thousands and I am nowhere close to atleast breaking even. I think it’s been awful from start to finish I would stay clear of yell 10 leads in just under 6 months paid thousands and they’re still trying to get money off me even though I’m in a guarantee. "
6a59ef64607e6bba0af90ec2,Checkatrade,Customer,Provider quality / no-show,Primary,Medium,2,1,"Do find the website useful however I had 1 electrician complete work to a high standard booked him to come back he never turned up.  Contacted him said he'd call back with another date as there'd been an issue with his calendar.  Never contacted me.  Arranged another electrician contacted me with a price, confirmed date and time.  Again never turned up and didn't even bother to contact me.  Think it's just pot luck to be honest if you get a reliable tradespeople on here."
6a636d50e026c9ae86b1e99f,Yell,Service Provider / Business,Platform usability / technical issues,Primary,Medium,2,1,"I have been paying £125 per month since December, yet I still do not have a fully operational website.

Communication has been appalling. It is incredibly difficult to get anyone to respond, and when they finally do, they often don’t even complete the alterations that were requested. It regularly takes weeks just to receive a reply, making even the simplest website changes unnecessarily frustrating.

In reality, I’ve ended up doing the majority of the website design and alterations myself through the Wix platform because waiting for support simply wasn’t an option.

At this point, I feel completely let down. After paying for months, I expected a professional service and a finished, functioning website. Instead, I’ve spent my own time trying to fix issues while continuing to pay for a service that hasn’t been delivered as promised.

To be perfectly honest, I would like to discuss receiving a refund for the amount I’ve paid given the length of time this has been ongoing and the lack of progress.

If someone from Yell is willing to take ownership of this and actually resolve it properly, I’d welcome that. At the moment, however, I cannot recommend the service based on my experience."
6a636d50e026c9ae86b1e99f,Yell,Service Provider / Business,Billing / refunds,Secondary,Medium,2,1,"I have been paying £125 per month since December, yet I still do not have a fully operational website.

Communication has been appalling. It is incredibly difficult to get anyone to respond, and when they finally do, they often don’t even complete the alterations that were requested. It regularly takes weeks just to receive a reply, making even the simplest website changes unnecessarily frustrating.

In reality, I’ve ended up doing the majority of the website design and alterations myself through the Wix platform because waiting for support simply wasn’t an option.

At this point, I feel completely let down. After paying for months, I expected a professional service and a finished, functioning website. Instead, I’ve spent my own time trying to fix issues while continuing to pay for a service that hasn’t been delivered as promised.

To be perfectly honest, I would like to discuss receiving a refund for the amount I’ve paid given the length of time this has been ongoing and the lack of progress.

If someone from Yell is willing to take ownership of this and actually resolve it properly, I’d welcome that. At the moment, however, I cannot recommend the service based on my experience."
69e2609e771728e962849eba,Bark,Customer,Poor matching / location,Primary,Low,1,2,I requested a DJ in Creede Colorado and received 5 DJ services that are no where near the location I requested.
6a5e26cdd8422c47a930c962,Yelp,Service Provider / Business,Review trust / moderation,Primary,Medium,2,1,"As a small business owner, my experience with Yelp has been extremely disappointing.

Our company has been serving our community since 1948, and we've worked hard to earn our reputation through honest service and customer satisfaction. We recently discovered that more than 20 legitimate 5-star reviews from actual customers have been placed in Yelp's ""Not Currently Recommended"" section and do not count toward our public rating.

When I contacted Yelp Support, I was told the review recommendation system is fully automated and cannot be changed or reviewed manually. While I understand the need to prevent fake reviews, a system that hides genuine positive reviews while leaving negative reviews visible creates a misleading representation of a business's reputation.

As a result, potential customers—and even AI-powered recommendation tools—may see an inaccurate picture of our business despite hundreds of positive reviews on other platforms.

I believe Yelp should provide business owners with greater transparency about why reviews are filtered and offer a meaningful process for appealing legitimate customer reviews. Until then, I have little confidence that the rating shown on Yelp accurately reflects the quality of many businesses."
6a5e26cdd8422c47a930c962,Yelp,Service Provider / Business,Customer support,Secondary,Medium,2,1,"As a small business owner, my experience with Yelp has been extremely disappointing.

Our company has been serving our community since 1948, and we've worked hard to earn our reputation through honest service and customer satisfaction. We recently discovered that more than 20 legitimate 5-star reviews from actual customers have been placed in Yelp's ""Not Currently Recommended"" section and do not count toward our public rating.

When I contacted Yelp Support, I was told the review recommendation system is fully automated and cannot be changed or reviewed manually. While I understand the need to prevent fake reviews, a system that hides genuine positive reviews while leaving negative reviews visible creates a misleading representation of a business's reputation.

As a result, potential customers—and even AI-powered recommendation tools—may see an inaccurate picture of our business despite hundreds of positive reviews on other platforms.

I believe Yelp should provide business owners with greater transparency about why reviews are filtered and offer a meaningful process for appealing legitimate customer reviews. Until then, I have little confidence that the rating shown on Yelp accurately reflects the quality of many businesses."
6a6ddad9bd6efef90696f524,Bark,Service Provider / Business,Poor lead quality,Primary,Medium,2,1,"I'm an Architectural business that had used Bark previously several years ago. As I had time for a few additional appointments, I thought I'd try Bark once again and purchased some credits to generate enquiries.  To date I have used up all of my purchased credits and then the 'replacement' credits reimbursed under Bark's 'get hired guarantee'. The majority of leads simply don't respond to calls, messages, emails or texts. Some have incorrect contact info and a few, (who at least answer a call or email) have stated that they were exploring ideas and just looking for an idea of potential costs and had no intention of moving forwards. The only thing Bark seem to excel at is sending out 'how did we do' emails after any correspondence with them - this is usually after I've attempted to ask for credit refunds for clients who have posted incorrect contact information or have no response. "
6a6ddad9bd6efef90696f524,Bark,Service Provider / Business,Unresponsive leads,Secondary,Medium,2,1,"I'm an Architectural business that had used Bark previously several years ago. As I had time for a few additional appointments, I thought I'd try Bark once again and purchased some credits to generate enquiries.  To date I have used up all of my purchased credits and then the 'replacement' credits reimbursed under Bark's 'get hired guarantee'. The majority of leads simply don't respond to calls, messages, emails or texts. Some have incorrect contact info and a few, (who at least answer a call or email) have stated that they were exploring ideas and just looking for an idea of potential costs and had no intention of moving forwards. The only thing Bark seem to excel at is sending out 'how did we do' emails after any correspondence with them - this is usually after I've attempted to ask for credit refunds for clients who have posted incorrect contact information or have no response. "
68ca91f8ac447c6ad243183f,Bark,Service Provider / Business,Poor lead quality,Primary,Medium,2,2,"Review of Bark

Bark has really gone downhill in terms of lead quality over the past 4 years. It seems they are no longer advertising effectively and are now pulling leads from places like Gumtree. The problem is, these so-called “leads” often turn out to be unresponsive, I contacted two recently and never heard back.

As a children’s phonics and reading tutor, I need to know whether enquiries are from parents genuinely looking for a tutor for their child. Bark gives no way of filtering or getting more information before paying for a lead, so I end up wasting time and money.

I’ve now removed my services again, because the platform is not connecting me with serious clients who want professional tutoring. Unless Bark improves and returns to providing quality, relevant leads, I won’t be using it again."
68ca91f8ac447c6ad243183f,Bark,Service Provider / Business,Unresponsive leads,Secondary,Medium,2,2,"Review of Bark

Bark has really gone downhill in terms of lead quality over the past 4 years. It seems they are no longer advertising effectively and are now pulling leads from places like Gumtree. The problem is, these so-called “leads” often turn out to be unresponsive, I contacted two recently and never heard back.

As a children’s phonics and reading tutor, I need to know whether enquiries are from parents genuinely looking for a tutor for their child. Bark gives no way of filtering or getting more information before paying for a lead, so I end up wasting time and money.

I’ve now removed my services again, because the platform is not connecting me with serious clients who want professional tutoring. Unless Bark improves and returns to providing quality, relevant leads, I won’t be using it again."
693a991a91d6f1f5227622b7,Yell,Service Provider / Business,Poor ROI / expensive leads,Primary,Medium,2,1,I have nothing nice to say about yell. They’ve ripped me off £300 per month. Wouldn’t recommend to anyone large or small business.
6a35a3d9708dd56b6e581597,Checkatrade,Service Provider / Business,Billing / refunds,Primary,Medium,2,1,"I have been a member for years and checkatrade has turned awful.

Checkatrade wanted around £350 per month for leads, so I moved onto their PAYG model. During this process, categories that had been removed from my account for years suddenly appeared on my profile again and I was then charged for leads relating to work I do not undertake.
I immediately raised this and asked a very simple question: who reactivated these categories and when? Despite five emails, I still have not been given an answer.

My complaint was escalated to a senior member of staff and I was promised a written outcome. Since then I have sent five follow-up emails and have received no response whatsoever. The only thing I have received are automated emails asking me to rate the service.

The most frustrating part is not even the disputed charges, it's the complete lack of communication and accountability when trying to get answers.

Based on my experience, I would strongly advise other tradespeople to keep a close eye on their account settings, categories and lead charges. I have completely lost confidence in the company and know a number of other trades who are now moving away from the platform."
6a2bb7a52ec4e1f225a08b23,Checkatrade,Service Provider / Business,Review trust / moderation,Primary,Medium,2,1,"I’ve been with Checkatrade 5 years in the beginning they were great a good company to work with 
But now they just don’t care about the tradesmen the small businesses that are there paying customers 
I had a review put on my profile that was untrue they also pulled the job lead so all my evidence disappeared and Checkatrade won’t help me retrieve the messages which are in their app
Since putting the call centre in South Africa it’s harder and harder to get support Daniel and ladorna Checkatrade review team were very unhelpful and will only discuss through email 
The person who left the review on my profile asked for it to be deleted but Checkatrade refused 
Checkatrade clearly do not care about their paying customers 
"
6a2bb7a52ec4e1f225a08b23,Checkatrade,Service Provider / Business,Customer support,Secondary,Medium,2,1,"I’ve been with Checkatrade 5 years in the beginning they were great a good company to work with 
But now they just don’t care about the tradesmen the small businesses that are there paying customers 
I had a review put on my profile that was untrue they also pulled the job lead so all my evidence disappeared and Checkatrade won’t help me retrieve the messages which are in their app
Since putting the call centre in South Africa it’s harder and harder to get support Daniel and ladorna Checkatrade review team were very unhelpful and will only discuss through email 
The person who left the review on my profile asked for it to be deleted but Checkatrade refused 
Checkatrade clearly do not care about their paying customers 
"
6a475256899776d66c7ab9a2,Bark,Service Provider / Business,Unresponsive leads,Primary,Medium,2,3,I respond to people who are interested in the job but many don’t so i don’t understand why they are on bark
6a5dee2cdabe511bfe4c42fc,Bark,Customer,Platform usability / technical issues,Primary,Low,1,1,Took far too long it input info. You wanted too much info from me and gave me nothing back. I had to wait to be contacted by who knows who ? Would not use again. Highly annoying service 
697dfe3e9abb8a8aee2eb7e7,Checkatrade,Service Provider / Business,Poor lead quality,Primary,Medium,2,2,"For the first few years, Checkatrade was an excellent service. It was good value for money, with customer service that was responsive, that delivered mostly quality leads and was flexible in terms of area selection for where leads should come from.

For the last year, things seem to have changed dramatically, from top-level management all the way down. Customer service is no longer helpful, I receive next to no leads, and the few I do are riddled with marketing spam and timewasters who were never interested in getting a job done in the first place. They also no longer respect my preferences for where leads should come from - I am given leads far outside of my area, that are not worth my time to travel to. 

They now market themselves as an advertising company and do not guarantee any leads. I was contacted earlier last year by them asking me if I wanted to increase my leads in my area of choice for additional payment. Since then, I haven't received a single lead from these areas, indicating to me that they have moved me out of this area behind my back and refuse to admit to this. 

Checkatrade support is extremely unhelpful, insisting that 'no, our algorithm hasn't changed' and insisting that 'we are meeting the terms of your campaign'. They tell me to check the areas I have configured on my profile ad nauseum, even though they haven't changed since the beginning. I have updated my profile, added additional 10/10 customer reviews, and it is still not enough for them. They tell me to ask for reviews; how am I supposed to ask for reviews from leads I'm not getting?

It is unfortunate that I have to follow through on my last words to customer service, and resort to publicly reviewing Checkatrade, as until the last year I have had nothing but good things to say about them. Now, they are unhelpful and are just happy to take my Direct Debit, and even want to start cutting into my leads through services like Checkatrade Pay and Checkatrade Express. "
697dfe3e9abb8a8aee2eb7e7,Checkatrade,Service Provider / Business,Poor ROI / expensive leads,Secondary,Medium,2,2,"For the first few years, Checkatrade was an excellent service. It was good value for money, with customer service that was responsive, that delivered mostly quality leads and was flexible in terms of area selection for where leads should come from.

For the last year, things seem to have changed dramatically, from top-level management all the way down. Customer service is no longer helpful, I receive next to no leads, and the few I do are riddled with marketing spam and timewasters who were never interested in getting a job done in the first place. They also no longer respect my preferences for where leads should come from - I am given leads far outside of my area, that are not worth my time to travel to. 

They now market themselves as an advertising company and do not guarantee any leads. I was contacted earlier last year by them asking me if I wanted to increase my leads in my area of choice for additional payment. Since then, I haven't received a single lead from these areas, indicating to me that they have moved me out of this area behind my back and refuse to admit to this. 

Checkatrade support is extremely unhelpful, insisting that 'no, our algorithm hasn't changed' and insisting that 'we are meeting the terms of your campaign'. They tell me to check the areas I have configured on my profile ad nauseum, even though they haven't changed since the beginning. I have updated my profile, added additional 10/10 customer reviews, and it is still not enough for them. They tell me to ask for reviews; how am I supposed to ask for reviews from leads I'm not getting?

It is unfortunate that I have to follow through on my last words to customer service, and resort to publicly reviewing Checkatrade, as until the last year I have had nothing but good things to say about them. Now, they are unhelpful and are just happy to take my Direct Debit, and even want to start cutting into my leads through services like Checkatrade Pay and Checkatrade Express. "
6a294026975a03055d1deef7,Checkatrade,Service Provider / Business,Misleading claims / transparency,Primary,Medium,2,1,"Awful, stressful experience all round completely miss sold their product and the worst customer service I’ve ever had to endure. 

Avoid at all costs."
6a294026975a03055d1deef7,Checkatrade,Service Provider / Business,Customer support,Secondary,Medium,2,1,"Awful, stressful experience all round completely miss sold their product and the worst customer service I’ve ever had to endure. 

Avoid at all costs."
6a1f6c145d94bd356ff44aba,Yelp,Customer,Review trust / moderation,Primary,Medium,2,1,"Very obviously biased against those posting a negative truth and in favor of businesses. They will pull a very honest and civilized comment made by a lifelong customer of a business because it speaks out against that business they are not interested in a valid comment, only on fluffing up a business for their own gain. Don’t bother with yelp, not for reviews of businesses, nor to make comments, positive, neutral, or negative.  If they will pull a valid, honest, civilized comment made about a problem made by a lifelong customer just for being negative, you cannot trust anything on the site. It’s not worth your time or effort. Seek info at a more reputable site."
69eaad9d210a234d83597f81,Yell,Service Provider / Business,Account access / cancellation,Primary,Medium,2,1,"Tried to cancel our subscription with them because they didn't contribute anything at all to our business, but they refused. We stopped payment to them, they then said they would cancel our account. Next thing we get debt collectors after us and at least 17 texts a week from yell demanding money. We listened with debt collectors and received a credit note from yell, then we get another bill which we didn't agree with as the account was closed, then we get another £40 added on for later payment. DO NOT do business with this company. They are just out for what they can get and give nothing in return. "
69eaad9d210a234d83597f81,Yell,Service Provider / Business,Billing / refunds,Secondary,Medium,2,1,"Tried to cancel our subscription with them because they didn't contribute anything at all to our business, but they refused. We stopped payment to them, they then said they would cancel our account. Next thing we get debt collectors after us and at least 17 texts a week from yell demanding money. We listened with debt collectors and received a credit note from yell, then we get another bill which we didn't agree with as the account was closed, then we get another £40 added on for later payment. DO NOT do business with this company. They are just out for what they can get and give nothing in return. "
6a6210ee1f1fe3bea3394f0f,Yell,Service Provider / Business,Misleading claims / transparency,Primary,Medium,2,1,"those verble contracts that are hidden in a quote call will crew you, fake work "
68c7fbb4663696d0ebf43c5e,Bark,Service Provider / Business,Fake / invalid leads,Primary,Medium,2,2,"Almost useless. For roof cleaning leads, at least 90% are bogus and Bark refuse to refund the credits. They have just jacked the membership fee up to double what it was and also keep raising the price of leads. It is no longer viable so we will be going dropping our membership."
68c7fbb4663696d0ebf43c5e,Bark,Service Provider / Business,Billing / refunds,Secondary,Medium,2,2,"Almost useless. For roof cleaning leads, at least 90% are bogus and Bark refuse to refund the credits. They have just jacked the membership fee up to double what it was and also keep raising the price of leads. It is no longer viable so we will be going dropping our membership."
6942f1015f5ec577f64bbe03,Yell,Customer,Review trust / moderation,Primary,Medium,2,1,"Yell has removed my negative review of a local business that I had an experience with, who coincidentally pays for advertising from Yell. Their email stated:

 “Please note that our decision is final and we will not consider any further complaints regarding the removal of your review. Any such complaints will be closed automatically, and you will not receive any further correspondence from us in relation to it.”

The fact that a business can report a review as malicious and have it removed so easily has completely eroded my trust in Yell.

Reply: I’ve emailed you via the email you provided. My review does not appear to break any guidelines. The outcome of the correspondence I receive may amend my review. 
"
6a435c27b312395d3ee80a44,Yell,Service Provider / Business,Misleading claims / transparency,Primary,Medium,2,1,"
Avoid Yell.com – Deceptive Sales, Hidden Charges, and Zero Customer Care
Review Rating: ⭐☆☆☆☆ (1/5)
I am incredibly relieved to finally be leaving Yell.com, and I will never return. My time with them has been a masterclass in deceptive sales tactics and atrocious customer service.
Here is exactly why you should avoid them:
 Deceptive Sales & Hidden ""Goodwill"" Charges: They lied during the initial sales pitch about what their products could achieve. When they failed to deliver, they offered a ""gesture of goodwill"" compensation. Fast forward a year later, and they charged me four times as much for that exact compensation package—with absolutely zero prior notification or warning.
 Total Disconnect from Reality: When you call to complain, the support staff completely refuse to understand how real-world advertising and leads actually work for a business out on the job. All they do is read off a script and parrot ""what they see on their screen,"" completely ignoring the reality of the lack of results.
 The Nightmare Cancellation Process: After my contract was finally up, I tried to cancel. I was subjected to a grueling 2-hour phone call where they completely refused to listen to me. Instead of processing my request, they just relentlessly pushed new products. To top it off, they had the audacity to claim that the only reason my business even shows up on the internet is because of ""their hard work behind the scenes."" The arrogance is unbelievable.
Do yourself a favor and read the other negative reviews online—they are all 100% true. Yell.com wasted my time, drained my money, and offered zero accountability. "
6a435c27b312395d3ee80a44,Yell,Service Provider / Business,Account access / cancellation,Secondary,Medium,2,1,"
Avoid Yell.com – Deceptive Sales, Hidden Charges, and Zero Customer Care
Review Rating: ⭐☆☆☆☆ (1/5)
I am incredibly relieved to finally be leaving Yell.com, and I will never return. My time with them has been a masterclass in deceptive sales tactics and atrocious customer service.
Here is exactly why you should avoid them:
 Deceptive Sales & Hidden ""Goodwill"" Charges: They lied during the initial sales pitch about what their products could achieve. When they failed to deliver, they offered a ""gesture of goodwill"" compensation. Fast forward a year later, and they charged me four times as much for that exact compensation package—with absolutely zero prior notification or warning.
 Total Disconnect from Reality: When you call to complain, the support staff completely refuse to understand how real-world advertising and leads actually work for a business out on the job. All they do is read off a script and parrot ""what they see on their screen,"" completely ignoring the reality of the lack of results.
 The Nightmare Cancellation Process: After my contract was finally up, I tried to cancel. I was subjected to a grueling 2-hour phone call where they completely refused to listen to me. Instead of processing my request, they just relentlessly pushed new products. To top it off, they had the audacity to claim that the only reason my business even shows up on the internet is because of ""their hard work behind the scenes."" The arrogance is unbelievable.
Do yourself a favor and read the other negative reviews online—they are all 100% true. Yell.com wasted my time, drained my money, and offered zero accountability. "
686e9004450e5830843bf4e0,Checkatrade,Customer,Provider quality / no-show,Primary,High,3,2,"By all means use it as a review site to find tradespeople. However, my experience is their protections for homeowners aren't worth the webpage they're written on. 
I booked a tradesperson with no reviews on the site - the various guarantees on the site and the  advertised USP of Checkatrade made me feel secure and everyone has to start with no reviews at some point. 
The work was for seven internal doors to be fitted, however bathroom door fell off within a week of installation before tradesperson had actually finished the full work! Upon telling them this, they became uncontactable.
I then waited a week before writing a negative review of the tradesperson. I was prompted to make a complaint by Checkatrade. I did so, and received the response: ""[the tradesperson] informed [Checkatrade] that he is not willing to refund you for the work he carried out at your property, as he states he advised the door would have these issues.""
Now, this was clearly untrue, if this has been said clearly I nor anybody sane would accept it, but the further response was ""Checkatrade is not in a position to enforce a change in the trade’s stance regarding your complaint.""

I was then prompted by Checkatrade to make a claim against their guarantee. However this was also rejected as ""The work disclosed as being substandard has already been rectified as per the review left and therefore we are unable to assess the quality of workmanship."" despite my provision of several clear photos of the issue. By this point it had been nearly a month without a bathroom door due to slow/no responses from the tradesperson and Checkatrade, so of course it had been rectified.
To add insult to injury, my review which they reference for some reason has not been published!"
696218a1cfcf5c65adbab78a,Bark,Customer,Finding a provider / low response,Primary,Medium,2,2,"It advertises immedite responses I have been recommended 10 companies NONE got back to me, only when I contacted the companies directly did I get answers to my enquiry. This is the second time I have used Bark and you are better off looking up local companies and contacting them yourself. Bark do not deliver as promised. "
696218a1cfcf5c65adbab78a,Bark,Customer,Misleading claims / transparency,Secondary,Medium,2,2,"It advertises immedite responses I have been recommended 10 companies NONE got back to me, only when I contacted the companies directly did I get answers to my enquiry. This is the second time I have used Bark and you are better off looking up local companies and contacting them yourself. Bark do not deliver as promised. "
6a34c783ace1d82991898a9b,Yelp,Service Provider / Business,Review trust / moderation,Primary,Medium,2,1,Worst company I have ever had to deal with.  They  destroyed my public image on purpose and for no reason.  Absolutely disgusts me that a business could be this horrible.  I dont recommend and i would give zero stars if it was possible.  There is literally nothing good to be said about thier practices or the people who work the phones.   They hid 10 good reviews from the public only showing my 1 bad review bring my stars down from 5 to 3.7 because I wouldnt spend any money with them to advertise.
67f333339c0d5e5901073f9b,Yell,Service Provider / Business,Poor ROI / expensive leads,Primary,Medium,2,2,"Wouldn't recommend. Didn't deliver what it promised, not worth investing if Yell isn't generating enough customers to pay for the monthly cost, I've only had 3 customers since joining.
Getting more customers using free social media. 
"
699847dbb6afeda8f5f74db6,Yell,Service Provider / Business,Poor ROI / expensive leads,Primary,Medium,2,1,Didn’t produce any work was put on the expense package to line other people’s pockets 
6768be10288024abd9571a46,Yelp,Service Provider / Business,Platform usability / technical issues,Primary,Low,1,1,Visar gamla och felaktiga uppgifter om mig.
6a594ec8e269dca66a0b3d4e,Bark,Unknown,Platform usability / technical issues,Primary,Low,1,1,Would not accept my email address even though it is valid. 
6a4a7a1c52830161d167a6ae,Yell,Service Provider / Business,Poor ROI / expensive leads,Primary,Medium,2,1,"Dear Yell Team,

Thank you for your response.

I am surprised by your statement that my complaint was resolved in April 2026, as this is not my understanding of the situation.

If the complaint was genuinely resolved, I would not still be raising concerns publicly in June 2026.

For clarity, my concerns remain unchanged:

• I paid £298.80 per month for six months.

• I did not obtain a single genuine customer contract that I can directly attribute to the service.

• My website was offline for approximately one week without proactive notification from Yell.

• I repeatedly raised concerns regarding the quality and commercial value of the enquiries received.

• I expressed dissatisfaction before entering into a further agreement.

• I requested an amicable exit solution, which was refused.

If Yell believes the complaint was resolved, I would be grateful if you could explain publicly what resolution was offered and when I agreed that the matter had been resolved.

At present, I remain dissatisfied and continue to seek a fair and constructive resolution.

Kind regards,

Diosdado Biaho Soy
"
6a4a7a1c52830161d167a6ae,Yell,Service Provider / Business,Sales pressure / contract terms,Secondary,Medium,2,1,"Dear Yell Team,

Thank you for your response.

I am surprised by your statement that my complaint was resolved in April 2026, as this is not my understanding of the situation.

If the complaint was genuinely resolved, I would not still be raising concerns publicly in June 2026.

For clarity, my concerns remain unchanged:

• I paid £298.80 per month for six months.

• I did not obtain a single genuine customer contract that I can directly attribute to the service.

• My website was offline for approximately one week without proactive notification from Yell.

• I repeatedly raised concerns regarding the quality and commercial value of the enquiries received.

• I expressed dissatisfaction before entering into a further agreement.

• I requested an amicable exit solution, which was refused.

If Yell believes the complaint was resolved, I would be grateful if you could explain publicly what resolution was offered and when I agreed that the matter had been resolved.

At present, I remain dissatisfied and continue to seek a fair and constructive resolution.

Kind regards,

Diosdado Biaho Soy
"
69c6ef49bdfb50e3282e5e40,Yelp,Service Provider / Business,Review trust / moderation,Primary,Medium,2,1,"I am beyond frustrated with Yelp and the way they handle serious issues that directly damage a business’s reputation.

We recently received a negative review from someone who clearly confused our company with another business. This is not the first time — it has happened multiple times. Every time, we report it, explain the situation, and provide context. And every single time, Yelp did absolutely nothing.

This is unacceptable. Incorrect reviews are not harmless — they lower our rating, mislead potential clients, and directly impact our revenue. A platform that profits from businesses should have basic systems in place to verify or remove clearly inaccurate reviews. Yelp chooses not to.

What makes this even worse is the constant pressure to pay for advertising. Yelp has no problem calling, emailing, and pushing for higher monthly payments, yet shows zero urgency when it comes to protecting the businesses that fund their platform.

At this point, it feels like Yelp is more interested in selling visibility than maintaining fairness or accuracy. There is a clear lack of accountability, transparency, and real support.

For any business considering relying on Yelp, be aware: you may be paying to be on a platform that allows false information to harm your reputation — and does nothing to fix it."
69c6ef49bdfb50e3282e5e40,Yelp,Service Provider / Business,Sales pressure / contract terms,Secondary,Medium,2,1,"I am beyond frustrated with Yelp and the way they handle serious issues that directly damage a business’s reputation.

We recently received a negative review from someone who clearly confused our company with another business. This is not the first time — it has happened multiple times. Every time, we report it, explain the situation, and provide context. And every single time, Yelp did absolutely nothing.

This is unacceptable. Incorrect reviews are not harmless — they lower our rating, mislead potential clients, and directly impact our revenue. A platform that profits from businesses should have basic systems in place to verify or remove clearly inaccurate reviews. Yelp chooses not to.

What makes this even worse is the constant pressure to pay for advertising. Yelp has no problem calling, emailing, and pushing for higher monthly payments, yet shows zero urgency when it comes to protecting the businesses that fund their platform.

At this point, it feels like Yelp is more interested in selling visibility than maintaining fairness or accuracy. There is a clear lack of accountability, transparency, and real support.

For any business considering relying on Yelp, be aware: you may be paying to be on a platform that allows false information to harm your reputation — and does nothing to fix it."
6a65dd84363107e61c6b2335,Checkatrade,Customer,Review trust / moderation,Primary,Medium,2,3,"Update:
After many to and fros they’ve finally updated my erroneous rating. I have given them 2 additional stars but this hassle was completely unnecessary if it was self editable or done by the team as soon as it was requested.
Initial Feedback:
I made an error on one of the ratings and wanted to change it as soon as I realised and the team is just not helpful. Just one rating that needs to change from 9 to 10 due to an accidental click error. It is my feedback and for me to not have the freedom to change it is just not acceptable. Checkatrade should not have a review system as it is not fair at all"
672d39f852362defaf153f03,Yell,Service Provider / Business,Customer support,Primary,Medium,2,3,Website was great. Contact terrible. 14 days + to get ads up and running. Needs to be far improved. To be fair contacted my yell manger val got it sorted sharply 
69e62f49f0c8c17f92973587,Yelp,Service Provider / Business,Account access / cancellation,Primary,Medium,2,1,"This is truly the worst experience that I've had with a business- they HUNG UP the phone on me deliberately when I asked them to remove my credit card from their account (there's no option to do this on my end), after I spend over 12 hours on hold trying to get through to them over 3 days. "
6a478746378d36674423713b,Yell,Service Provider / Business,Poor ROI / expensive leads,Primary,Medium,2,1,Yell takes my money and doesn't provide a service of any value. I have paid them already over £5000 and not received any enquiries let alone new business. Yell should be avoided at all cost.
698bb0ea8ed7120efcbf1f85,Checkatrade,Customer,Finding a provider / low response,Primary,Low,1,3,They never responded to my request. I never heard from anyone.
6a7e02a0b2b3b3bb95b2542b,Bark,Customer,Provider verification / safety,Primary,High,3,1,"I am writing to inform you of a fraud alert for one of your listed contractors.  They call themselves CN General Contractors, and are active on multiple home repairs websites.

Names: Adam Larkin & Anthony Larkin
Company: CN General Contractors
Ph: (437) 212-2655

These individuals have repeatedly lied and misrepresented information about themselves and their services.  They have taken my deposit for a window repair, and have repeatedly avoid all contact with me.  They have not shown up to complete their agreed upon job, and have made minimal attempt to respond to my contact requests.  They have promised me a refund multiple times but have never followed through.  

They also have an appalling lack of professionalism and customer service.  They make appointments but do not show up when they say they will.  They promise action but never follow through.  They are impossible to contact and the do not respond to calls, emails, or texts.  
"
6a28363e908c9f72f9111149,Yell,Customer,Provider verification / safety,Primary,High,3,1,"They Persistently allow the advertising of the criminal gang D&J Roofing Midlands Ltd  who give as a fake address  246 Stratford Road, Shirley Solihull, B90 3AQ.  The postcode is actually that of an Aldi supermarket at 240 Stratford Road Shirley Solihull B90 3AQ. Those criminal vermin also go under the name  D and J Roofing Midlands Ltd They recently changed it to D and J Roofing Stratford Upon Avon, then they  reverted back to the 246 Stratford Road Shirley Solihull B90 3AQ. They also go under other names like Proclad professional plastics and Roofing Midlands Ltd Halesowen and Bristol and als DJS roofing services which is also in Catshill Bromsgrove. Their Stooge director is in Bromsgrove also his name is actually on that Companies House register in Cardiff  as a disolved company but they are still in fact actively trading on that Yellow pages. Those liars and thieves the criminal vermin D&J Roofing Midlands Ltd are still on there preying on and robbing vulnerable people of thousands of pounds like they did too me. "
6a73b0fc07f65a5e3b36063a,Bark,Service Provider / Business,Privacy / unwanted contact,Primary,Medium,2,1,"A complete scam!! They somehow scraped my contact info to send me some camouflaged email about needing a website.  

Of course that meant I needed to create an account to respond to a lead on a website ive never been too. Then after jumping through all the account setup hoops and verifications they want 20,30 and even 60 credits to msg this lead.  At the time if this writing they are charging $2.35/credit.  Which is $47 for the cheapest one in my inbox just to email someone, and with all the vibe coding right now, im sure they are all not posts.  Im sure the terms of service say no refunds and im sure theres some nickel and diming fee on top of everything else.

What a way to introduce yourself to the world.  

Hi, im a greedy lead generation website with no validation, please pay me!!

FFS"
6a73b0fc07f65a5e3b36063a,Bark,Service Provider / Business,Sales pressure / contract terms,Secondary,Medium,2,1,"A complete scam!! They somehow scraped my contact info to send me some camouflaged email about needing a website.  

Of course that meant I needed to create an account to respond to a lead on a website ive never been too. Then after jumping through all the account setup hoops and verifications they want 20,30 and even 60 credits to msg this lead.  At the time if this writing they are charging $2.35/credit.  Which is $47 for the cheapest one in my inbox just to email someone, and with all the vibe coding right now, im sure they are all not posts.  Im sure the terms of service say no refunds and im sure theres some nickel and diming fee on top of everything else.

What a way to introduce yourself to the world.  

Hi, im a greedy lead generation website with no validation, please pay me!!

FFS"
6a672bc2d62a5f92e70312cf,Bark,Customer,Provider quality / no-show,Primary,Medium,2,2,"Lacking in sweeping up debris in alley side of the fence.

Leaving 300mm piece of concrete gravel board on the grass for us to get rid of.

Two fence posts not cut straight.

"
6983720845f49fab945282bd,Yell,Service Provider / Business,Misleading claims / transparency,Primary,Medium,2,1,"Do not touch this company with a barge pole.
They sell their product on the grounds that if they do not achieve the leads they guarantee, you will get a full refund, lies. What THEY class as a lead, is that you will receive a phone call. This could be from anyone, and are usually from someone trying to sell YOU, their product.
When you make a complaint, they are VERY slow to respond, often taking weeks if not months to get back to you. Then you end up being passed around to "" Senior Managers"". All the time you are still paying the monthly fee. You will finally be contacted by someone from the ""High level team"". They will hide behind the small print, make you a settlement offer, which basically means, they expect you to pay a huge amount of money, for NOTHING. They are by far worse company I have ever had to deal with. "
6983720845f49fab945282bd,Yell,Service Provider / Business,Billing / refunds,Secondary,Medium,2,1,"Do not touch this company with a barge pole.
They sell their product on the grounds that if they do not achieve the leads they guarantee, you will get a full refund, lies. What THEY class as a lead, is that you will receive a phone call. This could be from anyone, and are usually from someone trying to sell YOU, their product.
When you make a complaint, they are VERY slow to respond, often taking weeks if not months to get back to you. Then you end up being passed around to "" Senior Managers"". All the time you are still paying the monthly fee. You will finally be contacted by someone from the ""High level team"". They will hide behind the small print, make you a settlement offer, which basically means, they expect you to pay a huge amount of money, for NOTHING. They are by far worse company I have ever had to deal with. "
6a70756e77400e44e3a05cb5,Yell,Service Provider / Business,Poor ROI / expensive leads,Primary,Medium,2,1,"Waste of time a money.
I fell for the hard sell and wasted a lot of money with them on listing, website and phone number. I had one genuine approach through Yell in over 12 months, plus a lot of spam - which Yell treat as all good contact.
When I tried to raise a complaint I was told that the team I was complaining about was the team who review the complaints. 
The cancellation process is deceiving as they charge by the month so your 14day notice period means I was charged an extra month. "
6a70756e77400e44e3a05cb5,Yell,Service Provider / Business,Billing / refunds,Secondary,Medium,2,1,"Waste of time a money.
I fell for the hard sell and wasted a lot of money with them on listing, website and phone number. I had one genuine approach through Yell in over 12 months, plus a lot of spam - which Yell treat as all good contact.
When I tried to raise a complaint I was told that the team I was complaining about was the team who review the complaints. 
The cancellation process is deceiving as they charge by the month so your 14day notice period means I was charged an extra month. "
6a0c2f17369ee48742ad08bc,Bark,Customer,Platform usability / technical issues,Primary,Low,1,3,"Found it very difficult to create account, kept sending me pass codes but then nothing happened. However I did eventually get to the list of people deemed suitable for me and eventually chose 1 who turns out to be very good. However, I keep getting messages asking me to pick one."
6993461571ebdaff960d6505,Yell,Service Provider / Business,Account access / cancellation,Primary,Medium,2,1,I called to cancel because I not had any leads and the loyalty guy was very argumentive and almost on the verge of bullying me to continue with Yell even though I adamant that I wanted to cancel - I said I wanted to cancel at least 10 times - yet he kept on coming back with another suggestion.  From the bad experience I will never recommend Yell or recommend you.  What a poor service!
69a6d0e0be8126be97d7b04f,Yell,Service Provider / Business,Misleading claims / transparency,Primary,Medium,2,1,"I signed up for Yell accelerate based on the sales rep explaining they spend up to £425pcm on google ads.  This was the basis for my business decision.  Turns out they have been spending £100-200 and the rest is a hidden management fee.  Despite several months of email complaints I eventually cancelled my payments to get their attention.  This led to Yell lodging  a complaint for which I provided emails and screen shots about the misselling allegation.  Yell took 6 weeks (30 working days KPI) to reject the complaint with no evidence provided, all the while sending me weekly texts threatening debt action would be taken due to non payment.  So we still havent resolved the issue but I am trapped in the contract because Yell will otherwise send my debt to an agency and this will harm my micro business credit score."
69a6d0e0be8126be97d7b04f,Yell,Service Provider / Business,Billing / refunds,Secondary,Medium,2,1,"I signed up for Yell accelerate based on the sales rep explaining they spend up to £425pcm on google ads.  This was the basis for my business decision.  Turns out they have been spending £100-200 and the rest is a hidden management fee.  Despite several months of email complaints I eventually cancelled my payments to get their attention.  This led to Yell lodging  a complaint for which I provided emails and screen shots about the misselling allegation.  Yell took 6 weeks (30 working days KPI) to reject the complaint with no evidence provided, all the while sending me weekly texts threatening debt action would be taken due to non payment.  So we still havent resolved the issue but I am trapped in the contract because Yell will otherwise send my debt to an agency and this will harm my micro business credit score."
695290a2ce7e6f993afd65e1,Yell,Service Provider / Business,Misleading claims / transparency,Primary,Medium,2,1,Absolutely awful experience. Complete misinformation. Will most definitely never use them again. Complete waste of money.
695290a2ce7e6f993afd65e1,Yell,Service Provider / Business,Poor ROI / expensive leads,Secondary,Medium,2,1,Absolutely awful experience. Complete misinformation. Will most definitely never use them again. Complete waste of money.
6a742929bf649188cd695c2c,Checkatrade,Customer,Provider quality / no-show,Primary,Medium,2,1,"I used Checkatrade to hire a contractor for a full bathroom renovation. The project resulted in site abandonment, untested electrical/plumbing works, and thousands in financial losses.
​My original review detailing this unfinished work was removed from the builder’s profile. According to Checkatrade's stated policy, reviews are a permanent part of a trade’s record and only removed in limited circumstances. However, after I submitted an updated review with full documented evidence, it was blocked from appearing.
​I sent multiple emails asking for an explanation, but Checkatrade has ignored my inquiries. Suppressing verified negative feedback misleads consumers and prevents the public from seeing a trade’s actual track record."
6a5c3fe8733985641323c3fe,Yelp,Service Provider / Business,Poor ROI / expensive leads,Primary,Medium,2,1,"This company is a huge scam. I signed up with them hoping to be able to leave thumbtack. Well horrible idea. I “used” their service for 1.5 months. They charged me $260….not bad right? Well it is bad. I had over 60 job requests, how many of them turned into a paid job you may ask? ZERO. ZERO. I reply to EVERY request. I have been doing thumbtack for 2 years and haven’t had any problems. So I know how to obtain business (Yelp will try and convince you that you aren’t messaging them correct, but if I have had plenty of business on thumbtack, I think I actually do know how). How many replies back did I get? THREE. YES THREE. So let’s recap. They refused to refund me my $260. The $260 paid for 60+ job requests that were probably fake or AI. Not a single converted to a paid job. One would think that in nearly 2 months you would have had multiple jobs. STAY FAR AWAY FROM THIS SCAM IF YOU ARE A BUSINESS OWNER. They try and bribe you to stay. It’s pathetic. If they would just do as they advertised, they wouldn’t have to beg you to stay. They must be really dumb though, why on earth would I want to continue paying for this garbage? It’s definitely not enjoyable and I am literally getting money taken from me. It might be a good website for consumers to see ratings, but on a business side it is useless. Yelp brags about having such great reviews….i believed that….til I saw trustpilot. 1.4 stars?! That’s being generous. I don’t think they even earn 1. "
6a5c3fe8733985641323c3fe,Yelp,Service Provider / Business,Billing / refunds,Secondary,Medium,2,1,"This company is a huge scam. I signed up with them hoping to be able to leave thumbtack. Well horrible idea. I “used” their service for 1.5 months. They charged me $260….not bad right? Well it is bad. I had over 60 job requests, how many of them turned into a paid job you may ask? ZERO. ZERO. I reply to EVERY request. I have been doing thumbtack for 2 years and haven’t had any problems. So I know how to obtain business (Yelp will try and convince you that you aren’t messaging them correct, but if I have had plenty of business on thumbtack, I think I actually do know how). How many replies back did I get? THREE. YES THREE. So let’s recap. They refused to refund me my $260. The $260 paid for 60+ job requests that were probably fake or AI. Not a single converted to a paid job. One would think that in nearly 2 months you would have had multiple jobs. STAY FAR AWAY FROM THIS SCAM IF YOU ARE A BUSINESS OWNER. They try and bribe you to stay. It’s pathetic. If they would just do as they advertised, they wouldn’t have to beg you to stay. They must be really dumb though, why on earth would I want to continue paying for this garbage? It’s definitely not enjoyable and I am literally getting money taken from me. It might be a good website for consumers to see ratings, but on a business side it is useless. Yelp brags about having such great reviews….i believed that….til I saw trustpilot. 1.4 stars?! That’s being generous. I don’t think they even earn 1. "
6971df52ad57edf86acffe72,Checkatrade,Customer,Provider quality / no-show,Primary,Medium,2,3,I've used Checkatrade quite a few times in the past but had mixed experiences with some of the tradesmen. I would suggest making sure the tradesman you think you are hiring is the person who actually does the job. I was able to find an alternative tradesman who did a great job in the end but the first recommendation was appalling.
69a232ebfb38de3c33f222b7,Bark,Service Provider / Business,Poor lead quality,Primary,Medium,2,2,"High cost low value leads. Most leads don’t answer to calls, text or emails. The ones that do, lot of times have already found someone else and bark.com still sells those leads and won’t refund! 

Not sure how you can sell a lead that costs you $50 and when you call this lead they don’t want that service and when you ask for refund from bark, they refuse because the phone number was correct! 🙄 I guess occasionally it does work, but 85% of the leads are false! 


At least that’s my experience! 
"
69a232ebfb38de3c33f222b7,Bark,Service Provider / Business,Poor ROI / expensive leads,Secondary,Medium,2,2,"High cost low value leads. Most leads don’t answer to calls, text or emails. The ones that do, lot of times have already found someone else and bark.com still sells those leads and won’t refund! 

Not sure how you can sell a lead that costs you $50 and when you call this lead they don’t want that service and when you ask for refund from bark, they refuse because the phone number was correct! 🙄 I guess occasionally it does work, but 85% of the leads are false! 


At least that’s my experience! 
"
6a6c5d302acd1aed1437b079,Checkatrade,Customer,Provider verification / safety,Primary,High,3,1,"Edit - Checkatrade has replied suggesting I can contact them for a review of my complaint. But why? A crime was committed against me and my family by a contractor hosted on their platform. I have provided evidence of this. No further context or investigation is needed - he should simply be struck off the platform. Additionally, the email they provided is not active.

Good luck finding any competent contractors on here. 

I've tried to complain about a contractor who committed a crime against me and Checkatrade seemed to obsfucate at every stage. They arent seem interested in protecting end consumers at all - having abruptly decided to close my complaint.

Amongst things, they have refused my WhatsApp chat export as evidence, due to possibility of tampering, despite police accepting this as evidence. They have asked for screenshots instead, with phone numbers visible, despite this already having been provided. Additionally, their emails are not signed off by anyone so I also don't know who I am speaking to, therefore cannot escalate. "
6a70f7d0707e6d2d3fd42b1b,Checkatrade,Service Provider / Business,Billing / refunds,Primary,Medium,2,1,If You're a Trader. These lots are complete Sharks.   Also it's supposed to be 189 per month  they tried to take 239. After I cancelled the service.   This isn't on.   Lots of traders are complaining 
6a646658ee8de86902137aa8,Bark,Customer,Platform usability / technical issues,Primary,Low,1,2,"I was trying to find out how much it would cost to put artificial grass in our garden. I found Bark on the internet and answered some questions, not knowing how Bark worked. I arranged a phone call which never happened. I did receive a quote and decided to stick with real grass. I was also offered other services which I was not interested in.
My Bark account was subsequently closed."
6a5e60959ce53c9282ba5fbb,Bark,Service Provider / Business,Poor lead quality,Primary,High,3,1,"Very disappointing experience with Bark wasted money with no return

My experience with Bark has been extremely disappointing. I spent a significant amount of money purchasing credits to contact potential clients, expecting genuine opportunities to grow my business. Unfortunately, I received zero jobs despite making every effort to win work.

Whenever I purchased a lead, I contacted the client promptly, wrote personalised messages, answered their questions, and even sent photos of my previous work and portfolio to demonstrate the quality of my services. Despite all this effort, none of these leads resulted in a single confirmed job.

What makes this even more frustrating is that I use other platforms where I regularly receive work. This tells me that the issue is not the quality of my service or my communication with customers. I have a proven track record and satisfied clients elsewhere, so I expected at least some success from Bark.

Instead, I spent a considerable amount of money on credits without any return on my investment. Many leads either never replied, had already hired someone, or simply disappeared after I paid to contact them. As a small business owner, paying for leads that never convert is incredibly frustrating and financially damaging.

I understand that no platform can guarantee work, but I expected the leads to be of a much higher quality considering the amount of money required to contact them.

Based on my personal experience, I cannot recommend Bark. I lost money, invested a lot of time following up with potential clients, and received absolutely no jobs in return. I hope Bark reviews its lead verification process and pricing so that professionals receive better value for the money they spend."
6a5e60959ce53c9282ba5fbb,Bark,Service Provider / Business,Poor ROI / expensive leads,Secondary,High,3,1,"Very disappointing experience with Bark wasted money with no return

My experience with Bark has been extremely disappointing. I spent a significant amount of money purchasing credits to contact potential clients, expecting genuine opportunities to grow my business. Unfortunately, I received zero jobs despite making every effort to win work.

Whenever I purchased a lead, I contacted the client promptly, wrote personalised messages, answered their questions, and even sent photos of my previous work and portfolio to demonstrate the quality of my services. Despite all this effort, none of these leads resulted in a single confirmed job.

What makes this even more frustrating is that I use other platforms where I regularly receive work. This tells me that the issue is not the quality of my service or my communication with customers. I have a proven track record and satisfied clients elsewhere, so I expected at least some success from Bark.

Instead, I spent a considerable amount of money on credits without any return on my investment. Many leads either never replied, had already hired someone, or simply disappeared after I paid to contact them. As a small business owner, paying for leads that never convert is incredibly frustrating and financially damaging.

I understand that no platform can guarantee work, but I expected the leads to be of a much higher quality considering the amount of money required to contact them.

Based on my personal experience, I cannot recommend Bark. I lost money, invested a lot of time following up with potential clients, and received absolutely no jobs in return. I hope Bark reviews its lead verification process and pricing so that professionals receive better value for the money they spend."
6a59de773beacc7341ae0b5b,Yelp,Service Provider / Business,Platform usability / technical issues,Primary,Medium,2,1,"Yelp offer of free business listing-so completed the profile,  after a month of waiting for my buisiness to be verified it seems as if this will never happen. 

Attempt to contact Yelp using number provided did not work as my call kept being disconected. I contact via pissedconsumer.com - no reply.

The question is, what use is a review website if a] you cannot add a buisiness and b] you cannot communicate with them.

Clearly you need to question anything and everything read on Yelp. 
Wish I had read the reviews on TrustPilot before wasting my time. "
6a54e762a848a775ff7f9506,Checkatrade,Customer,Provider verification / safety,Primary,Medium,2,3,Require a more robust examination of some of the tradesmen on your website 
6a2ea0b1aa8be964de46ac0a,Bark,Service Provider / Business,Unresponsive leads,Primary,Medium,2,1,"Pour les clients c’est probablement un bon outil pour les artisans et les prestataires c’est nul.
Nous payons pour avoir accès aux coordonnées d’un prospect:
- pas de réponses 
- parfois un faux numéro de téléphone et les unités dépensées sont perdues 
- des échanges qui ne mènent à rien car la personne choisit probablement le plus offrant sans avoir idée de la qualité 
Malgré l’offre de redonner les unités si aucun prospect n’est converti en client , zéro client trouvé via ce site .
Donc bye bye l’arnaque .
Les vrais clients sérieux prennent leur téléphone et appellent les professionnels de leur zone géographique . Ici on ne trouve que des indécis ou des gens qui veulent voir sans payer.
"
69d151d4898d8ee3bf7c21f6,Yelp,Service Provider / Business,Poor ROI / expensive leads,Primary,High,3,1,"I paid over $500 in ads and received 2 leads for my business Both went nowhere. Worst experience I had in my life. I've never been fuming with a service before like this. I cancelled multiple times because it was providing absolutely nothing for me. I called them on 3 separate occasions to be put on hold for 45 minutes to an hour. After talking to the ""customer support specialist"" I get told even though I tried to cancel it because Yelp is a ""Self Help"" company that I will not get a refund. Yeah because that's the only way they scam people out of money. Nobody would ever pay for ads if that was the case. If you ever see a free credit promotion DO NOT USE IT. This is the worlds worst and scummiest company I have ever done business with and I will be pulling myself completely off of this site. If I could give this place a million 1 star reviews I would. I have genuinely never hated a commpany so much in my career. It seems everyone else has the same thing going on. If only I had read the reviews before hand."
69d151d4898d8ee3bf7c21f6,Yelp,Service Provider / Business,Account access / cancellation,Secondary,High,3,1,"I paid over $500 in ads and received 2 leads for my business Both went nowhere. Worst experience I had in my life. I've never been fuming with a service before like this. I cancelled multiple times because it was providing absolutely nothing for me. I called them on 3 separate occasions to be put on hold for 45 minutes to an hour. After talking to the ""customer support specialist"" I get told even though I tried to cancel it because Yelp is a ""Self Help"" company that I will not get a refund. Yeah because that's the only way they scam people out of money. Nobody would ever pay for ads if that was the case. If you ever see a free credit promotion DO NOT USE IT. This is the worlds worst and scummiest company I have ever done business with and I will be pulling myself completely off of this site. If I could give this place a million 1 star reviews I would. I have genuinely never hated a commpany so much in my career. It seems everyone else has the same thing going on. If only I had read the reviews before hand."
6a4d507e41251e41aef6be78,Yelp,Service Provider / Business,Review trust / moderation,Primary,Medium,2,1,"Very poor service.  Money, money, money !  Anything seems possible on that platform -- if you have the money.  Yelp has been ""overworked"" for eight years that I know of and have never successfully added a business.  Negative reviews for businesses that PAY MONEY to Yelp seem to disappear and are never posted.  I have filed many that are ""now Live !!!""  but have never appeared. They are located in San Francisco.  Draw your own conclusions.  "
6a05dd2fe7f4b4e4228e840c,Yell,Service Provider / Business,Poor ROI / expensive leads,Primary,High,3,1,"Very disappointing experience with Yell.

We paid approximately £2,376 over a 12-month period for advertising services and unfortunately saw no measurable return whatsoever. Throughout the agreement I raised concerns regarding performance and also attempted to cancel the service on multiple occasions.

The most frustrating part was the conflicting information provided by their representatives. I followed the cancellation guidance given to me by a member of their team in good faith, only to later be told different terms applied and that further payments were still due.

To be fair, Kerry from the customer care team did try to assist towards the end and was professional in her responses. However, by that stage the issue had already escalated due to the incorrect guidance provided earlier in the process, which could have been avoided had we been directed properly from the outset.

Despite the account being formally disputed in writing, I then received threats of referral to debt collection.

I appreciate that advertising results can never be guaranteed, however clear communication and fair handling of customer concerns should be expected as a minimum.

Based on my experience, I would strongly advise other businesses to fully understand the cancellation terms in writing before proceeding."
6a05dd2fe7f4b4e4228e840c,Yell,Service Provider / Business,Account access / cancellation,Secondary,High,3,1,"Very disappointing experience with Yell.

We paid approximately £2,376 over a 12-month period for advertising services and unfortunately saw no measurable return whatsoever. Throughout the agreement I raised concerns regarding performance and also attempted to cancel the service on multiple occasions.

The most frustrating part was the conflicting information provided by their representatives. I followed the cancellation guidance given to me by a member of their team in good faith, only to later be told different terms applied and that further payments were still due.

To be fair, Kerry from the customer care team did try to assist towards the end and was professional in her responses. However, by that stage the issue had already escalated due to the incorrect guidance provided earlier in the process, which could have been avoided had we been directed properly from the outset.

Despite the account being formally disputed in writing, I then received threats of referral to debt collection.

I appreciate that advertising results can never be guaranteed, however clear communication and fair handling of customer concerns should be expected as a minimum.

Based on my experience, I would strongly advise other businesses to fully understand the cancellation terms in writing before proceeding."
6a75aa0ed9dc02cfb98523ca,Yell,Service Provider / Business,Poor ROI / expensive leads,Primary,Medium,2,1,"Two months and £420 spent, here is the result so far:

Calls 0
Leads 0
Intent to Contact 4
Clicks 129
Appearances 539

You be the judge!

They also have a cancellation policy that doesn’t allow you to cancel. You are locked in for 12 months. 

Even if you cancel their ads they threaten to take court action and continue to direct debit. This is highly unethical and something tells me it is not legal."
6a75aa0ed9dc02cfb98523ca,Yell,Service Provider / Business,Account access / cancellation,Secondary,Medium,2,1,"Two months and £420 spent, here is the result so far:

Calls 0
Leads 0
Intent to Contact 4
Clicks 129
Appearances 539

You be the judge!

They also have a cancellation policy that doesn’t allow you to cancel. You are locked in for 12 months. 

Even if you cancel their ads they threaten to take court action and continue to direct debit. This is highly unethical and something tells me it is not legal."
6718382c0f2d8c7f98d2fc2f,Yell,Service Provider / Business,Customer support,Primary,Medium,2,2,"For the last seven years, I feel communication has been lacking !
But I was saying the last couple of weeks communication has improved dramatically and hopefully we can keep this going."
69cce3c8a97c53be6ee92184,Yell,Service Provider / Business,Poor ROI / expensive leads,Primary,High,3,1,I went to Yell expecting them to be exceptional . They were not. No idea and no clue what they are doing . Wasted  thousands of pounds on  wrongly directed add words and a website that did not work . My decision to use them probably the worst decision of my life. 
66b257f3f3743c351e02b9e4,Yell,Service Provider / Business,Poor ROI / expensive leads,Primary,Medium,2,3,I tell you more when work comes along 🙄
69bc2a3009d2e67abb5bde19,Yell,Customer,Provider verification / safety,Primary,Medium,2,1,"Don’t trust Yell as they don’t vet and do their due diligence putting customers at risk. I found a painter with high reviews on Yell which didn’t stack up but the negative reviews did. The person was a cowboy, expensive and his behaviour was intimidating, to the point I had concerns around his mental wellbeing. He even stalked me everyday to write a positive review. I did some research on the person and found news articles that he and his family went to jail for fraud. I find this very worrying as he started asking personal questions around my finances, if I live alone, family etc. I left this person to it in my house, unattended! I left a negative review for the painter and Yell contacted me to say they plan to remove my review. I told them I will report them if they do. It’s because of Yell that customers are getting conned and putting their safety at risk by people who either don’t have the skills or haven’t done a CRB check when they need to. Especially when working around children, vulnerable, elderly people and women "
69fa8937fee7362196a2de0e,Yelp,Service Provider / Business,Misleading claims / transparency,Primary,Medium,2,1,"I rarely write reviews like this, but I feel other small business owners need to hear my experience.

I was persuaded by Yelp’s advertising representatives with promises that paid ads would bring a significant increase in real customer orders. I was told the visibility would translate directly into business growth. Instead, what I received was a flood of spam phone calls, inquiries that were not legitimate customers, and absolutely no meaningful increase in actual orders.

On top of that, my page began receiving unfair ratings from people who were never my customers. Despite raising concerns, there was little to no support in addressing these questionable reviews. As a small business owner, your reputation is everything, and watching it be impacted without proper recourse is incredibly frustrating.

Meanwhile, the advertising charges continued to accumulate, leaving me with a large balance and no return on investment.

I feel misled by the sales promises and unsupported when issues arose. This experience has not only been costly financially but damaging to my business reputation.

I strongly encourage other small business owners to proceed with extreme caution before committing to Yelp advertising."
69fa8937fee7362196a2de0e,Yelp,Service Provider / Business,Poor ROI / expensive leads,Secondary,Medium,2,1,"I rarely write reviews like this, but I feel other small business owners need to hear my experience.

I was persuaded by Yelp’s advertising representatives with promises that paid ads would bring a significant increase in real customer orders. I was told the visibility would translate directly into business growth. Instead, what I received was a flood of spam phone calls, inquiries that were not legitimate customers, and absolutely no meaningful increase in actual orders.

On top of that, my page began receiving unfair ratings from people who were never my customers. Despite raising concerns, there was little to no support in addressing these questionable reviews. As a small business owner, your reputation is everything, and watching it be impacted without proper recourse is incredibly frustrating.

Meanwhile, the advertising charges continued to accumulate, leaving me with a large balance and no return on investment.

I feel misled by the sales promises and unsupported when issues arose. This experience has not only been costly financially but damaging to my business reputation.

I strongly encourage other small business owners to proceed with extreme caution before committing to Yelp advertising."
69ceb9f309e9e0946f2635e1,Yell,Service Provider / Business,Misleading claims / transparency,Primary,Medium,2,1,"This company is absolutely disgusting, praying on small businesses. Done a few alterations on my website then claiming it was there design. Lied about how my site wasn't on any seo. Having been in touch now with many companies, they all say the same thing at how disgusting it is to be paying what im paying for such a disgusting service. Stay well clear."
6a46fbfc9f470a76c0cbdfe4,Yelp,Service Provider / Business,Poor ROI / expensive leads,Primary,Medium,2,1,"Outdated, zero leads, customer service is awful. No email for upcoming charges after free trial (which netted zero leads). Do not waste your time, especially if you are a new business."
6a46fbfc9f470a76c0cbdfe4,Yelp,Service Provider / Business,Customer support,Secondary,Medium,2,1,"Outdated, zero leads, customer service is awful. No email for upcoming charges after free trial (which netted zero leads). Do not waste your time, especially if you are a new business."
6a0bf6555318c15861f14417,Yelp,Service Provider / Business,Review trust / moderation,Primary,Medium,2,1,"""I am a business owner and Yelp has completely failed me. A vendor I hired — who was NEVER my client — posted a retaliatory fake review on my business profile after I refused his offer to pay me to change my honest review of his services. I reported this to Yelp with full details. They told me they would handle it. They didn't. My follow-up contacts were ignored. Yelp recently updated this fraudulent review in 2026 — actively refreshing false content they were already notified about. When I formally requested removal, they denied it with no valid explanation.
As a business supporting other businesses, you would think Yelp — a platform that exists solely on the credibility of reviews — would understand the importance of due diligence. With over 6,000 negative reviews and a 1.2 rating on their own platform, clearly they don't. They are failing the very businesses they claim to serve by allowing unverified, retaliatory reviews to remain posted without proper investigation. Yelp does not protect legitimate businesses from outside parties who have zero client relationship with that business.
I am now escalating to the FTC, BBB, Ohio Attorney General, and CFPB. Businesses beware — this platform will allow anyone to damage your reputation with zero accountability and zero consequences.""

"
6a4659b8b78a495ec6c48b78,Yell,Service Provider / Business,Privacy / unwanted contact,Primary,Medium,2,1,"I submitted a full listing, was told approval takes 2 days, and heard nothing for 4. I contacted customer service to chase the approval and, at the same time, clearly stated I did not want my phone number published. Nobody told me this was a problem. They said the request had been escalated to get the listing approved.

A day later I got a call that turned out to be a long, mandatory SEO sales pitch, I was asked about pricing, margins, travel radius, website traffic, and more, all framed as necessary to ""list my business,"" while being used to push their paid services. I told the agent repeatedly, multiple times, that I did not want my number listed. He said ""OK"" each time. At the end of the call, he told me the listing was published. I checked the listing and found my number published, against explicit instructions I'd now given to two separate people. I went to live chat to get it removed. Instead of addressing what I'd actually said, I was met with a wall of scripted ""guidelines"" language, repeated regardless of what I typed. When I explicitly stated I was revoking my consent under GDPR, they didn't engage with that at all, just more guidelines, as if their internal policy overrides UK data protection law.

This isn't a case of me not understanding how the platform works. I gave clear, repeated, explicit instructions to two different people before anything was published, and was actively reassured both times. Yell published my personal data anyway, then treated a formal GDPR consent withdrawal as something to be managed with a script rather than a legal right. Followed all this up with an unsolicited email telling me what's ""wrong"" with my SEO.

I've now spent hours dealing with a problem they created, on top of a sales process that used data-gathering as leverage before I'd even agreed to anything.

If you're a business with any reason to keep your number off a public listing, be aware that ""no"" does not seem to register with their staff until it's already too late."
6a4659b8b78a495ec6c48b78,Yell,Service Provider / Business,Customer support,Secondary,Medium,2,1,"I submitted a full listing, was told approval takes 2 days, and heard nothing for 4. I contacted customer service to chase the approval and, at the same time, clearly stated I did not want my phone number published. Nobody told me this was a problem. They said the request had been escalated to get the listing approved.

A day later I got a call that turned out to be a long, mandatory SEO sales pitch, I was asked about pricing, margins, travel radius, website traffic, and more, all framed as necessary to ""list my business,"" while being used to push their paid services. I told the agent repeatedly, multiple times, that I did not want my number listed. He said ""OK"" each time. At the end of the call, he told me the listing was published. I checked the listing and found my number published, against explicit instructions I'd now given to two separate people. I went to live chat to get it removed. Instead of addressing what I'd actually said, I was met with a wall of scripted ""guidelines"" language, repeated regardless of what I typed. When I explicitly stated I was revoking my consent under GDPR, they didn't engage with that at all, just more guidelines, as if their internal policy overrides UK data protection law.

This isn't a case of me not understanding how the platform works. I gave clear, repeated, explicit instructions to two different people before anything was published, and was actively reassured both times. Yell published my personal data anyway, then treated a formal GDPR consent withdrawal as something to be managed with a script rather than a legal right. Followed all this up with an unsolicited email telling me what's ""wrong"" with my SEO.

I've now spent hours dealing with a problem they created, on top of a sales process that used data-gathering as leverage before I'd even agreed to anything.

If you're a business with any reason to keep your number off a public listing, be aware that ""no"" does not seem to register with their staff until it's already too late."
67d2c6575a3c5fcee56d717e,Yell,Service Provider / Business,Privacy / unwanted contact,Primary,Low,1,3,"The people are very helpful and responsive, but the bombardment of emails/text messages is a little overwhelming, and are difficult to populate. Sometimes it will not allow you to fill in the requirements, or it says already taken as per the business app."
6a6c377476684cc14edbdcc5,Checkatrade,Customer,Finding a provider / low response,Primary,Medium,2,1,"Very poor amount of replys to any of my advertised job required,the company who did reply didn't turn up for the quote as per arranged, up to now only one job has been started over 6 weeks "
6a6c377476684cc14edbdcc5,Checkatrade,Customer,Provider quality / no-show,Secondary,Medium,2,1,"Very poor amount of replys to any of my advertised job required,the company who did reply didn't turn up for the quote as per arranged, up to now only one job has been started over 6 weeks "
6974f53f4a1ce34720e0fcc2,Bark,Customer,Finding a provider / low response,Primary,Low,1,3,"Heard from limited options, some out of area"
684555f9428202466cb91c12,Yell,Service Provider / Business,Poor ROI / expensive leads,Primary,Medium,2,3,"Your operatives were really helpful with the latest campaign I was talked into. But I think for my trade (blinds and curtains) it is a dead duck. Ne new inquiries. Phone doesn't ring so, consequently, no new appointments attributable to yell or Google. I woon't give it too much longer."
693856618715ccee1b2186bf,Checkatrade,Customer,Finding a provider / low response,Primary,Medium,2,2,No one responded positively 
69e6fb4aca8a90daa8ecb02e,Yelp,Customer,Poor matching / location,Primary,Low,1,1,I entered a specific specialty & distance. I got many matches that did NOT match what I was looking looking for. USELESS
6728efcea6f21d7ee1bf72e3,Yell,Service Provider / Business,Sales pressure / contract terms,Primary,Medium,2,2,People really friendly and understanding on the phone obviously good sales skills.But once you go into a 12 month contract there is no one calling or checking on you. Analytics show things that don't exist. As a customer I was with them 12 months on my contract and got 0 customers. 
69d65e567532b76e3e31ec9e,Checkatrade,Customer,Finding a provider / low response,Primary,Low,1,3,"Would not use again poor response to my job, would only go on recommendation in the future "
6a61d28585c0e5e0472bf063,Bark,Customer,Customer support,Primary,Medium,2,1,You fail to read customer emails thats a major problem needing to be looked at
69cb967ff2593c59fa8a3702,Bark,Customer,Provider verification / safety,Primary,Medium,2,2,"Many contractors look like scammers, one scammed last year in a 27k project and then disappeared from the platform. I was being more careful this time and see many of them with reviews made in the last couple of months and it was common to see 10 - 20 reviews done in a single day for a given contractor which is clearly no genuine "
6a5f3ca70b02adcc3292a3ed,Bark,Customer,Too many provider contacts / spam,Primary,Low,1,1,no control over who contacts you 
6a7089d80dabf6f371c7e691,Bark,Service Provider / Business,Fake / invalid leads,Primary,Medium,2,1,"In my experience, the leads are not legitimate. As a company, they either do not answer the phone, line is dead, messages unread and no interaction, even when we're the only contact and the task is marked as urgent.

Support are aware and have done nothing about it. When i've finally had a real human lead, the lead told me that their phone has been blowing up with phone call, whatsapps and emails. The system says only 5 companies can reach out and with this lead i was the first one yet their phone was already getting spammed. Either they have an issue in their website that is being exploited OR they're selling the details to many more people than they promise."
6a7089d80dabf6f371c7e691,Bark,Service Provider / Business,Unresponsive leads,Secondary,Medium,2,1,"In my experience, the leads are not legitimate. As a company, they either do not answer the phone, line is dead, messages unread and no interaction, even when we're the only contact and the task is marked as urgent.

Support are aware and have done nothing about it. When i've finally had a real human lead, the lead told me that their phone has been blowing up with phone call, whatsapps and emails. The system says only 5 companies can reach out and with this lead i was the first one yet their phone was already getting spammed. Either they have an issue in their website that is being exploited OR they're selling the details to many more people than they promise."
65e89243e63929058e531ca9,Yell,Service Provider / Business,Platform usability / technical issues,Primary,Low,1,2,Process took far long. Scheduled calls with website designer didn’t happen. Emails went down due to problem with domain site.
6a33e00027bcdc00e3ede5c3,Bark,Service Provider / Business,Privacy / unwanted contact,Primary,Low,1,1,"Ich habe mich nie bei Bark registriert und bekomme trotzdem Anfragen per E-Mail, in denen (natürlich) gar nichts von Kosten steht. >> Spam!"
69a3d9acde8357e6ef5c6c44,Yell,Service Provider / Business,Sales pressure / contract terms,Primary,Medium,2,1,"Bad reviews have been seen across google with people unable to cancel contracts they are not happy with, a complete scam. Pushy salesman has pressured my husband into a year contract, we wasn’t happy with the results of the website and feel that the information was misleading. By law all businesses should have a cooling off period if you are not happy with the results. He has been told he can’t cancel the contract even though he asked to cancel with plenty of notice. When you try and cancel you get put on what’s app and re directed to the salesman that sold you the lie in the first place. This should not be allowed and we have contacted our solicitor who has advised to cancel the direct debit. Do not use this company. "
69a3d9acde8357e6ef5c6c44,Yell,Service Provider / Business,Account access / cancellation,Secondary,Medium,2,1,"Bad reviews have been seen across google with people unable to cancel contracts they are not happy with, a complete scam. Pushy salesman has pressured my husband into a year contract, we wasn’t happy with the results of the website and feel that the information was misleading. By law all businesses should have a cooling off period if you are not happy with the results. He has been told he can’t cancel the contract even though he asked to cancel with plenty of notice. When you try and cancel you get put on what’s app and re directed to the salesman that sold you the lie in the first place. This should not be allowed and we have contacted our solicitor who has advised to cancel the direct debit. Do not use this company. "
6a760255927885002c0e8d33,Bark,Service Provider / Business,Account access / cancellation,Primary,Medium,2,1,"I was using the account on Bark for the past 3 years. 
May not have spent much on credits, but never violated any policy or any terms and conditions.

2 days back, all of a sudden my accounts gets locked.
I email them but no response.
I called them and the operator said you will get response on email.

Then when I called again, the representative could not find my account details. There was definitely a glitch in their system. He then said, the supervisor will reach me out but an hour later I received an email saying my account got suspended due to a suspicious activity.

No proof, no explanation, just a blank email. I called again and they said they can't do anything and ask me to email the legal team. I did but no response. 
As long as you are paying them for credits, they are happy. Otherwise they will block you"
6a760255927885002c0e8d33,Bark,Service Provider / Business,Platform usability / technical issues,Secondary,Medium,2,1,"I was using the account on Bark for the past 3 years. 
May not have spent much on credits, but never violated any policy or any terms and conditions.

2 days back, all of a sudden my accounts gets locked.
I email them but no response.
I called them and the operator said you will get response on email.

Then when I called again, the representative could not find my account details. There was definitely a glitch in their system. He then said, the supervisor will reach me out but an hour later I received an email saying my account got suspended due to a suspicious activity.

No proof, no explanation, just a blank email. I called again and they said they can't do anything and ask me to email the legal team. I did but no response. 
As long as you are paying them for credits, they are happy. Otherwise they will block you"
6a4422c7fa86de4421e7927a,Bark,Service Provider / Business,Privacy / unwanted contact,Primary,Low,1,1,"Ein dubioses Unternehmen, welches mir auf meiner Hobbywebseite hin Anfragen zuschickte, unaufgefordert, unseriös und ohne Möglichkeit, diese einzusehen oder zu verifizieren.
Firma wird auf jeden Fall an entsprechende Stellen gemeldet."
6a1f3ddb686bd1bf89ef9737,Yelp,Customer,Review trust / moderation,Primary,Medium,2,1,"Below is a direct quote from Yelp's website. They hid 39 negative reviews of a business because they felt like they weren't 'helpful'.

""Great Yelp reviews and ratings should come from consumers who had a great experience that they’re inspired to tell others about.""

The thing about reviews is that some people get perks for leaving positive reviews. On the other hand, if you're really mad at a company, you can leave dozens of bad reviews and maybe convince your family and friends to leave bad reviews. It's a crap-shoot."
6a4796e8a01b261c1fa8e45d,Yell,Service Provider / Business,Misleading claims / transparency,Primary,Medium,2,1,Waste of money spent over 12k in a fixed contact with this company who missed sold information would not recommend 
6a4796e8a01b261c1fa8e45d,Yell,Service Provider / Business,Poor ROI / expensive leads,Secondary,Medium,2,1,Waste of money spent over 12k in a fixed contact with this company who missed sold information would not recommend 
65ea433316e2ad300c6c1c18,Yell,Service Provider / Business,Platform usability / technical issues,Primary,Low,1,2,"Web site not set up as wanted 
Mis leading information "
6a67996db04e7d2fb5a96df5,Bark,Customer,Platform usability / technical issues,Primary,Low,1,2,"Limited by three choices. Whereas ALL interested parties should be shown.
The three are chosen for you .
Felt harassed by Bark as after one / two days there were messages about whether ive chosen someone. TWO days is NOT enough time to arrange a mutual time and then conclude."
69cbdceefc790a6b3118b67f,Yelp,Service Provider / Business,Poor lead quality,Primary,Medium,2,1,Yelp sends people to my business and when I try to respond to them there is no account found. I made it clear I don't want to pay for yelp because I never got good leads from them. They are letting people send me messages I cant get back to them on. Very sneaky!! They have always been this way and constantly try to get me to pay there high fees. 
6a6872237beafd2bd5e58080,Bark,Customer,Provider quality / no-show,Primary,Medium,2,1,"The ones that responded to my request, phoned and made appointments to see what needs doing.
Then they never turned up or phoned."
6a419935b1f8ea36ac4b5bce,Yell,Service Provider / Business,Poor ROI / expensive leads,Primary,Medium,2,1,"Dear Zoe,

Thank you for your response.

For privacy and security reasons, I do not feel comfortable publishing my account number on a public review platform.

My account has been managed by Lewis, who should be familiar with the history of my account and the concerns I have repeatedly raised. I would therefore appreciate it if you could liaise directly with him regarding this matter.

I would also ask that the history of discussions with Pam be reviewed, as I had already expressed dissatisfaction with the results being achieved before entering into a further agreement.

My concern has never been whether activity appears within the dashboard. My concern is whether that activity translated into genuine business opportunities and a measurable return on investment.

Between January and June 2026, OSLID LTD paid Yell £298.80 per month. Despite this investment, I have not secured a single genuine customer contract that I can directly attribute to the service.

While the dashboard records leads, clicks, appearances and other engagement metrics, many of the contacts received were consultants, sales approaches, or enquiries that did not represent genuine commercial opportunities for my business.

My concerns, therefore, remain:

• Paying £298.80 per month for six months without achieving a measurable commercial return.

• Sales expectations presented during the sales process that did not materialise.

• My website being offline for approximately one week without Yell proactively identifying or notifying me.

• Poor-quality enquiries that failed to convert into genuine customers.

• Entering into a further agreement despite already having expressed concerns about the performance of the existing service.

• The significant financial hardship this situation has caused my family and my business.

I remain willing to cooperate and provide any information required through an appropriate private channel. However, given the involvement of Lewis and the account history available to Yell, I trust the account can be identified and reviewed internally.

I remain open to a fair and amicable resolution.

Kind regards,

Diosdado Biaho Soy
"
6a419935b1f8ea36ac4b5bce,Yell,Service Provider / Business,Sales pressure / contract terms,Secondary,Medium,2,1,"Dear Zoe,

Thank you for your response.

For privacy and security reasons, I do not feel comfortable publishing my account number on a public review platform.

My account has been managed by Lewis, who should be familiar with the history of my account and the concerns I have repeatedly raised. I would therefore appreciate it if you could liaise directly with him regarding this matter.

I would also ask that the history of discussions with Pam be reviewed, as I had already expressed dissatisfaction with the results being achieved before entering into a further agreement.

My concern has never been whether activity appears within the dashboard. My concern is whether that activity translated into genuine business opportunities and a measurable return on investment.

Between January and June 2026, OSLID LTD paid Yell £298.80 per month. Despite this investment, I have not secured a single genuine customer contract that I can directly attribute to the service.

While the dashboard records leads, clicks, appearances and other engagement metrics, many of the contacts received were consultants, sales approaches, or enquiries that did not represent genuine commercial opportunities for my business.

My concerns, therefore, remain:

• Paying £298.80 per month for six months without achieving a measurable commercial return.

• Sales expectations presented during the sales process that did not materialise.

• My website being offline for approximately one week without Yell proactively identifying or notifying me.

• Poor-quality enquiries that failed to convert into genuine customers.

• Entering into a further agreement despite already having expressed concerns about the performance of the existing service.

• The significant financial hardship this situation has caused my family and my business.

I remain willing to cooperate and provide any information required through an appropriate private channel. However, given the involvement of Lewis and the account history available to Yell, I trust the account can be identified and reviewed internally.

I remain open to a fair and amicable resolution.

Kind regards,

Diosdado Biaho Soy
"
6a4e7bd311547e1e87c36918,Checkatrade,Service Provider / Business,Account access / cancellation,Primary,Medium,2,1,"Their credit control team really working, calling me 2 times a day for each and every day, I politely asked them that I don't want use any of their services and want to cancel my membership which I never applied for, wasn't sure they were taking direct debit payments from last few months and I realised and canceled it through my banking app as these people don't have any specific program on thier apps and web to stop or cancel the membership, I am happy to pay the balance but don't want to use their services and membership in the future ad not expecting any debit from now. they are more interested in tie you up with their so called policies. but no one cares that the customer not using the app and not interested to work with you,then there is a chance that we may use them in future but this way they a loosing us for life. "
6a4e7bd311547e1e87c36918,Checkatrade,Service Provider / Business,Billing / refunds,Secondary,Medium,2,1,"Their credit control team really working, calling me 2 times a day for each and every day, I politely asked them that I don't want use any of their services and want to cancel my membership which I never applied for, wasn't sure they were taking direct debit payments from last few months and I realised and canceled it through my banking app as these people don't have any specific program on thier apps and web to stop or cancel the membership, I am happy to pay the balance but don't want to use their services and membership in the future ad not expecting any debit from now. they are more interested in tie you up with their so called policies. but no one cares that the customer not using the app and not interested to work with you,then there is a chance that we may use them in future but this way they a loosing us for life. "
6a01f9b35332ea4185468a01,Yelp,Service Provider / Business,Review trust / moderation,Primary,Medium,2,1,"This Review is about the Website called YELP. As a CEO/President of 30 yrs. I've never seen a Company that does not vet the person making the Review. They do not care thats its Fraudulant, from an Ex-Employee, Spouse, or a Social Media post that wants to end your Company. This Company cares only about Money, paid by Companies like ours in the past. "
6a79d2c681c204c13b1265db,Checkatrade,Customer,Privacy / unwanted contact,Primary,Low,1,1,"I submitted a job request through Checkatrade for some tarmac work on my property. I expected to receive responses from interested tradespeople that I could review and decide who I wanted to deal with.

Instead, since Saturday morning I have received approximately 20 phone calls, as well as WhatsApp messages, from different tradespeople regarding the job.

I find this incredibly intrusive. I did not expect submitting one request for quotes to result in my personal mobile number apparently being shared widely enough for me to be contacted repeatedly throughout the weekend.

To make matters worse, I tried to log into Checkatrade to close the job and stop the enquiries. Although I can see the job listed and can even see tradespeople associated with it, whenever I try to access the account-management area I am blocked by a mandatory “Complete your profile” screen asking me to provide further personal information.

So Checkatrade has enough of my information for tradespeople to phone and WhatsApp me, but I can't simply access my own job and close it without providing them with more information.

I have now had to submit a formal complaint asking Checkatrade to close the job, stop sharing my contact details and tell me how many businesses my information has been provided to.

Based on my experience, I would not use Checkatrade's quote-request service again. There needs to be much better control over who receives a customer's contact details and a simple, obvious way for customers to stop a job and further contact."
6a79d2c681c204c13b1265db,Checkatrade,Customer,Too many provider contacts / spam,Secondary,Low,1,1,"I submitted a job request through Checkatrade for some tarmac work on my property. I expected to receive responses from interested tradespeople that I could review and decide who I wanted to deal with.

Instead, since Saturday morning I have received approximately 20 phone calls, as well as WhatsApp messages, from different tradespeople regarding the job.

I find this incredibly intrusive. I did not expect submitting one request for quotes to result in my personal mobile number apparently being shared widely enough for me to be contacted repeatedly throughout the weekend.

To make matters worse, I tried to log into Checkatrade to close the job and stop the enquiries. Although I can see the job listed and can even see tradespeople associated with it, whenever I try to access the account-management area I am blocked by a mandatory “Complete your profile” screen asking me to provide further personal information.

So Checkatrade has enough of my information for tradespeople to phone and WhatsApp me, but I can't simply access my own job and close it without providing them with more information.

I have now had to submit a formal complaint asking Checkatrade to close the job, stop sharing my contact details and tell me how many businesses my information has been provided to.

Based on my experience, I would not use Checkatrade's quote-request service again. There needs to be much better control over who receives a customer's contact details and a simple, obvious way for customers to stop a job and further contact."
6a3c123e1d346dd2404a5f6b,Yelp,Service Provider / Business,Billing / refunds,Primary,High,3,1,Fraud. Tricky ways to save customers credit card. Do not provide your card details or you will get charged and it's nightmare to get refund and get your card removed. Complication user interface to find how to stop your campaign. Do not allow to change or remove your credit card. It took hour for me to find how to stop the ad which didn't gave me a penny of business and I end up paying $600 plus. They offered a seutp call which I never received. Even after requesting to remove the credit card they never removed it. I asked for refund and the reason why I have never been contacted for the service I was offered and they never responded on that. Don't get in to the trap of Yelp. Go for Google Ads. They provide instant support on video call and it is worth it. I spend around 2 hours on call to get my card removed. They will call you to provide some support and ask you to put the ad on hold and then they will not provide support and according to their policy the ad campaign will get unhold and your get started charging on your card.
69dc482a9aafbacdd3e798c2,Yelp,Service Provider / Business,Misleading claims / transparency,Primary,Medium,2,1,"I was called by someone in the sales dept. He talked a good game and kept trying to up sell  me. I agreed to try this at $5 a day. Business is slow so I thought it would be worth it. I was supposed to call back after I checked out the page.i didn't get around to calling back and I assumed this wouldn't start til I did. Imagine my surprise when I was checking my bank balance and discovered they had deducted $420! That's 15 dollars a day! It caused me to bounce a couple of autopay payments.
I called the number the original snake-I mean sales guy- at the number he gave me only to find out it was to the customer 'screw me' dept. after 45 minutes of desperately trying to get my money back(and now afraid to just hang up or I would get nothing back) they said they would refund me $250 and going forward I'd be charged the $5 a day I agreed to, and it would be in my acct in 2-3 days. Surprise! It wasn't. I will be going to my bank and blocking them from taking any more, but I'll be eating bologna for a month. DO NOT TALK TO THESE SNAKE OIL SALESMEN! 
Sorry this was so long. It got shorter when I deleted the cuss words. "
69dc482a9aafbacdd3e798c2,Yelp,Service Provider / Business,Billing / refunds,Secondary,Medium,2,1,"I was called by someone in the sales dept. He talked a good game and kept trying to up sell  me. I agreed to try this at $5 a day. Business is slow so I thought it would be worth it. I was supposed to call back after I checked out the page.i didn't get around to calling back and I assumed this wouldn't start til I did. Imagine my surprise when I was checking my bank balance and discovered they had deducted $420! That's 15 dollars a day! It caused me to bounce a couple of autopay payments.
I called the number the original snake-I mean sales guy- at the number he gave me only to find out it was to the customer 'screw me' dept. after 45 minutes of desperately trying to get my money back(and now afraid to just hang up or I would get nothing back) they said they would refund me $250 and going forward I'd be charged the $5 a day I agreed to, and it would be in my acct in 2-3 days. Surprise! It wasn't. I will be going to my bank and blocking them from taking any more, but I'll be eating bologna for a month. DO NOT TALK TO THESE SNAKE OIL SALESMEN! 
Sorry this was so long. It got shorter when I deleted the cuss words. "
65a7f3e94bec57e75a86d5db,Yell,Service Provider / Business,Platform usability / technical issues,Primary,Medium,2,3,"Finally got a new static website after waiting 8+ months.  I have been chasing Yell to do something about their Yell Business app, the messenger doesn't work, this was reported 7 months ago, still not resolved."
6a71b2f399caac10b228eb06,Bark,Customer,Provider verification / safety,Primary,Medium,2,3,"My fiance and i have autism and a learning disabity and someone named Steve asked us for £1,600 for some paints. Ok my faince gave it to him to bring back only 3/4 small-med paint bucket and thats all. Then Aj came nd he helped get everything done. "
6a661e1cb8a6c7ca284fbe92,Bark,Customer,Privacy / unwanted contact,Primary,Low,1,1,"Despite me leaving 3 previous reviews on how you are bombarding a person with severe anxiety with emails, you are still sending me daily emails for a review, please stop now "
6a62254c869f6c98556d8d30,Checkatrade,Customer,Provider quality / no-show,Primary,Medium,2,2,"I found a rogue tradesman on this platform.
He has no qualifications . Did a bad job in my house.
I wrote a review but was blocked by the website due to negative feedback.
They are not transparent in my opinion . 
"
6a3c36587d36a1dcd6bd2c3e,Checkatrade,Customer,Provider quality / no-show,Primary,Medium,2,1,"We had a dispute with Eastern Roofing as they refused to guarantee their work or provide a refund when they work was not to standard. We raised that via checkatrade and it was handed as a post-box between us and the trade. Although the trade admitted the work was faulty and refused a refund, checkatrade refused a warranty claim as ""not having enough evidence"" and closed the case without giving us a chance to respond. A complete joke as they only cared not to pay out."
6a3c36587d36a1dcd6bd2c3e,Checkatrade,Customer,Dispute resolution / protection,Secondary,Medium,2,1,"We had a dispute with Eastern Roofing as they refused to guarantee their work or provide a refund when they work was not to standard. We raised that via checkatrade and it was handed as a post-box between us and the trade. Although the trade admitted the work was faulty and refused a refund, checkatrade refused a warranty claim as ""not having enough evidence"" and closed the case without giving us a chance to respond. A complete joke as they only cared not to pay out."
68c98c6c4c7d95e3311a2e83,Checkatrade,Customer,Poor matching / location,Primary,Medium,2,3,"Tried to use Checkatrade for a number of projects this year and was disappointed each time. Search and filter options not at all what they used to be so many replies came from companies who listed our postcode but infact are 30 miles away.
We found a number of companies did not have the expertise they claimed and a number of companies did not respond or gave a negative response. Overall quite a disappointing experience.
"
6a6ad1079417d0bdbb2bc89f,Checkatrade,Customer,Provider verification / safety,Primary,Medium,2,1,"Terrible people are working there 
I need my money back. As I had to hire someone else to do the job again. The job was carried out on the 6th July 2026.
I can assure you this man is not gas qualified he spent more than 6 hours to move a radiator to the same side half way he started texting and calling me to pay him because someone else is threatening him for money over the phone. I felt bad so I transferred the money. After 6 hours I had a look at the job he's done I told him to leave as he doesn't know what's his doing. I did left him a very bad review. His work was terrible and doesn't have the proper tools as well. He came to my place with a small bag on his hand.

I have rated checkatrade really bad  on Trust pilots because of the fact this man is on the platform. I will remove the bad rating once I get my money back.
If you need anything else please let me know"
69f604c4a69b38216dbb1dcd,Bark,Service Provider / Business,Platform usability / technical issues,Primary,Medium,2,2,I am very disappointed in the customer service. I have paid for credits but cannot look fir leads because your site gives me errors or will  not recognize my password. I have sent 2 e mails for help and no one responds. 
69f604c4a69b38216dbb1dcd,Bark,Service Provider / Business,Customer support,Secondary,Medium,2,2,I am very disappointed in the customer service. I have paid for credits but cannot look fir leads because your site gives me errors or will  not recognize my password. I have sent 2 e mails for help and no one responds. 
6a1d83930b76791eead8aaac,Bark,Customer,Poor matching / location,Primary,Low,1,2,"I thought I would be able to search for local lawyers however after filling in the form, I could only see two hits on the other side of the country, the next thing I know, and I get phone calls, texts and emails from 3 different firms in the next ten minutes with no way for me to screen them in any way. I wasn't aware that I was posting my contact information publicly for every law firm in the country."
68f2ec9e9266bbf6391e249e,Yelp,Service Provider / Business,Misleading claims / transparency,Primary,Medium,2,2,Awful company. Complete scam of a business model. They hustle small business owners to pay a premium subscription for something they can control. This should be illegal. 
6997219e869fc966ddb95612,Yell,Service Provider / Business,Account access / cancellation,Primary,Medium,2,1,"Terrible service ever, in fact I asked to have my account deleted. The service they provide is of a very poor quality, not too mention the customer service."
6997219e869fc966ddb95612,Yell,Service Provider / Business,Customer support,Secondary,Medium,2,1,"Terrible service ever, in fact I asked to have my account deleted. The service they provide is of a very poor quality, not too mention the customer service."
69b8609727af9fd2ba7e71e8,Yell,Service Provider / Business,Misleading claims / transparency,Primary,Medium,2,1,Bad experience. No work has come through yell at all when I was told I would get plenty of customer calls. Was sold a pack of lies. Feel like iv been scammed. 
69b8609727af9fd2ba7e71e8,Yell,Service Provider / Business,Poor ROI / expensive leads,Secondary,Medium,2,1,Bad experience. No work has come through yell at all when I was told I would get plenty of customer calls. Was sold a pack of lies. Feel like iv been scammed. 
6971db674917d99005efefd4,Bark,Service Provider / Business,Poor lead quality,Primary,Medium,2,2,"Bark used to work well for me but in late  2025 when YouTube ads went out I end upwasting money as kids now post on an Accounting website asking for Likes and to follow them on social media platforms like TikTok, Instagram, Facebook and YouTube. I can no longer waste money on a system that benefits Bark and is to the detriment of their clients"
6971db674917d99005efefd4,Bark,Service Provider / Business,Poor ROI / expensive leads,Secondary,Medium,2,2,"Bark used to work well for me but in late  2025 when YouTube ads went out I end upwasting money as kids now post on an Accounting website asking for Likes and to follow them on social media platforms like TikTok, Instagram, Facebook and YouTube. I can no longer waste money on a system that benefits Bark and is to the detriment of their clients"
67cedbe4faf7e6392ad9f360,Yelp,Service Provider / Business,Account access / cancellation,Primary,Medium,2,1,"Ich hatte für mein Restaurant einen Eintrag bei Yelp, dieser einfach so gelöscht wurde. Keine Ahnung wieso. Ich versuche mich seit mehr als einem halben Jahr wieder einzutragen und seit mehr als 6 Monaten steht da, dass ein Moderator den Eintrag bestätigen muss. Danach steht noch ""Lerne mehr dazu"" als Link. Klickt man drauf, kommt eine Fehlerseite. Yelp kann man irgendwie nicht direkt kontaktieren."
69b34eaea2636e1544e3964c,Checkatrade,Customer,Provider quality / no-show,Primary,High,3,2,"I will not use Checkatrade again. I used a home improvement tradesmen who did sustandard work and poured cement down the drain that caused the patio to be removed drain  and replaced. I received some money back via their guarantee but not enough to have the work re-done and I was not reimbursed for the damage to my property. 
The tradesman had set up companies before that had been liquidated. He had also been prosecuted for fraud for taking out bounce back loans during the pandemic. He was obviously a cowboy. Checkatrade clearly do not do proper checks. "
69fa021dd009a8ca01028415,Yell,Service Provider / Business,Platform usability / technical issues,Primary,High,3,1,"I have been with yell for years and now they have screwed my company over and cost me lost work ,they added a number to our website that didn’t actually work so no customers could call us ,after months of emails and phone calls and promised a refund they didn’t after losing thousands of pounds worth of work .do not use tell for a paid business advertisement shop around and stay away "
69fa021dd009a8ca01028415,Yell,Service Provider / Business,Billing / refunds,Secondary,High,3,1,"I have been with yell for years and now they have screwed my company over and cost me lost work ,they added a number to our website that didn’t actually work so no customers could call us ,after months of emails and phone calls and promised a refund they didn’t after losing thousands of pounds worth of work .do not use tell for a paid business advertisement shop around and stay away "
692eb9db9613459ac3e9bf88,Checkatrade,Customer,Poor matching / location,Primary,Medium,2,2,I needed a shower installed and the existing cables extended. They decided to offer my job to 3 companies 20 miles away who unsurprisingly weren't interested. I had zero responses or interest. Fair enough the advertised the job but it was a pointless exercise.
6935e7d46863d7cf16f69141,Yell,Service Provider / Business,Poor ROI / expensive leads,Primary,Medium,2,1,Absolutely a waste of money. Poor results for ridiculously high monthly fee. I was with yell.com for 10yrs and went to cancel as wasn't in contract and they had the cheek to charge me 2 months cancellation charge. Shocking service and no loyalty. 
6935e7d46863d7cf16f69141,Yell,Service Provider / Business,Account access / cancellation,Secondary,Medium,2,1,Absolutely a waste of money. Poor results for ridiculously high monthly fee. I was with yell.com for 10yrs and went to cancel as wasn't in contract and they had the cheek to charge me 2 months cancellation charge. Shocking service and no loyalty. 
6a689d4a80f0131facc5546c,Yelp,Customer,Platform usability / technical issues,Primary,Low,1,1,"Ein Restaurant, das seit 2021 geschlossen ist und an dessen Standort mittlerweile das x-te Restaurant eröffnet hat, wird nicht gelöscht, weil sie es mit ""öffentlichen Quellen verglichen (hätten) und es scheint, dass diese Adresse mit einem Unternehmen verbunden ist."" Ja, aber leider mit einem falschen. So weit reicht die Fähigkeit nicht Daten abzugleichen."
698a06e13ba76ed453494ef5,Yell,Service Provider / Business,Misleading claims / transparency,Primary,Medium,2,2,"Been with Yell for years but decided to change my advertising in October 2025 which caused a 300% rise in monthly payments which wasn't explained 
And consequently we've had no work whatsoever from the new advertising will all be cancelled after the 12 months is up 
Seems they just want you're money these days and unfairly "
698a06e13ba76ed453494ef5,Yell,Service Provider / Business,Poor ROI / expensive leads,Secondary,Medium,2,2,"Been with Yell for years but decided to change my advertising in October 2025 which caused a 300% rise in monthly payments which wasn't explained 
And consequently we've had no work whatsoever from the new advertising will all be cancelled after the 12 months is up 
Seems they just want you're money these days and unfairly "
6a73a8f192dcd70cce6a883c,Yelp,Service Provider / Business,Review trust / moderation,Primary,Medium,2,1,"Yelp is an extorsonist company. They hide good reviews and highlight poor reviews. That is unless you pay for advertising. The minute you stop your ads (because they don't work), most of your good reviews will disappear. 
Sooner or later businesses learn the hard way. Don't learn the hard way. Stay away!"
6a3d876063da0fc1a9e3918a,Checkatrade,Service Provider / Business,Account access / cancellation,Primary,Medium,2,1,"As a tradesmen I have never received such a terrible service was paying for a high level service and every 3-5 days the advertising i had was being suspended without reason. I came across a safety issue at a job and safety in my opiniom comes first, this is from a customer they gave me and received bad behaviour from a customer who was being forceful I have many friends who are on checkatrade and after speaking with them after my experience they will leaving also to move to other places as they have had similar issues with them. They sent an email stated my account was suspended without even asking for my side of the story and I won't be paying the bill owed as they have broken the contract. Their contract is unregulated anyways so they will lose if they try as they terminated it."
6a3d876063da0fc1a9e3918a,Checkatrade,Service Provider / Business,Sales pressure / contract terms,Secondary,Medium,2,1,"As a tradesmen I have never received such a terrible service was paying for a high level service and every 3-5 days the advertising i had was being suspended without reason. I came across a safety issue at a job and safety in my opiniom comes first, this is from a customer they gave me and received bad behaviour from a customer who was being forceful I have many friends who are on checkatrade and after speaking with them after my experience they will leaving also to move to other places as they have had similar issues with them. They sent an email stated my account was suspended without even asking for my side of the story and I won't be paying the bill owed as they have broken the contract. Their contract is unregulated anyways so they will lose if they try as they terminated it."
6a438774402f3074eeb2b003,Checkatrade,Customer,Review trust / moderation,Primary,Medium,2,1,What is the point checking tradesmen on a site that seems to not allow bad feedback on cowboys I made 3 for some cowboys that led me on and lied to me but they just didn't upload
69909641628ff3b0d85dc3e7,Checkatrade,Customer,Poor matching / location,Primary,Low,1,3,"The company eventually proved to be very good after me giving the owner, a 20 year old man a rough ride because I am in Exeter yet your entry for him showed him to be in Dartford, Kent. I'm amazed he stayed to do the job.
He said he was struggling to get you to show that he now has a presence in Exeter."
6a6db596625a7b29d223465c,Bark,Customer,Provider verification / safety,Primary,Medium,2,2,I got a call from a garden maintainance contractor using another name that what was not on his profile . Beware scammers there . 
69bd818d55da3de05ff57be0,Yelp,Service Provider / Business,Review trust / moderation,Primary,Medium,2,1,"This is the worst service I have ever dealt with. All they want is your money. They have aggressive marketing — they were calling me nonstop during the first months trying to sell their useless services. I regret that I ever signed up here. I didn’t even use this platform, and after a few months I logged in and saw a 1-star review on my company SAM Service LLC. The person claimed they worked with me and that I replaced their furnace, but I have no idea who that is. I checked my records and found no proof that I ever worked with this client — this could easily be a fake review from competitors.

But the most interesting part started after that. Since people see that 1-star rating when searching my company, I tried to fix the situation and asked clients to leave reviews. Around 3 clients left 5-star reviews, and then I logged in and saw that Yelp removed them, saying they were “too good.” Later another client left a review, and after some time Yelp removed that one too.

I tried to change my company name and just forget about this service, but they didn’t even allow that. You can’t delete your business from their site — it will stay there with a 1-star rating, just marked as closed.

This company is like a racketeer who tries to squeeze money out of you and follows you everywhere, not letting you live your life — you walk out of your house in the morning and it’s already there, waiting for you and following you.

This is a service of low ratings — they think 1 star is fair for you, but 5 stars are not, and they will remove those reviews. Do not make my mistake — do not deal with this scam company.
"
69bd818d55da3de05ff57be0,Yelp,Service Provider / Business,Sales pressure / contract terms,Secondary,Medium,2,1,"This is the worst service I have ever dealt with. All they want is your money. They have aggressive marketing — they were calling me nonstop during the first months trying to sell their useless services. I regret that I ever signed up here. I didn’t even use this platform, and after a few months I logged in and saw a 1-star review on my company SAM Service LLC. The person claimed they worked with me and that I replaced their furnace, but I have no idea who that is. I checked my records and found no proof that I ever worked with this client — this could easily be a fake review from competitors.

But the most interesting part started after that. Since people see that 1-star rating when searching my company, I tried to fix the situation and asked clients to leave reviews. Around 3 clients left 5-star reviews, and then I logged in and saw that Yelp removed them, saying they were “too good.” Later another client left a review, and after some time Yelp removed that one too.

I tried to change my company name and just forget about this service, but they didn’t even allow that. You can’t delete your business from their site — it will stay there with a 1-star rating, just marked as closed.

This company is like a racketeer who tries to squeeze money out of you and follows you everywhere, not letting you live your life — you walk out of your house in the morning and it’s already there, waiting for you and following you.

This is a service of low ratings — they think 1 star is fair for you, but 5 stars are not, and they will remove those reviews. Do not make my mistake — do not deal with this scam company.
"
68d50770900380f4c69bdb5c,Bark,Service Provider / Business,Fake / invalid leads,Primary,Medium,2,2,"I’ve been using bark for about 3 years and I have to say a few of the leads don’t seem genuine. For example I purchased a lead a couple weeks ago tried to call it numerous times the number was off. I kept trying even a day after the leads event and the number works a day after the event but didn’t work prior the event which to me is very suspicious. People put their details on Bark so we can contact them because they’re looking for a DJ so I’ll be very surprised if somebody put a fake number on an incorrect number, perhaps you got done by mistake, but it still doesn’t explain why the number works a day after the date of the gig and not work prior the gig date. "
69e813ae2a4c4a9cef0a95f8,Yelp,Customer,Review trust / moderation,Primary,Medium,2,1,"I am deeply concerned about the inconsistency in moderation decisions of the YELP website …A positive review I left for my doctor was removed without sufficient explanation. At the same time, another review containing explicit profanity, offensive language, and personal insults remains publicly visible.
This type of content clearly violates basic standards of respectful communication and undermines the credibility of their platform. Allowing such reviews to remain while removing legitimate, respectful feedback raises serious concerns about fairness and transparency in their review policies.
BAD company!!!"
6a423b3403ed2e2dea64ef09,Yell,Service Provider / Business,Misleading claims / transparency,Primary,Medium,2,1,"I found the sales approach very pushy. The representative spent most of the call pointing out everything they believed was wrong with my website and making alarming predictions about lost business. As a small company, I felt there was little understanding of my budget or circumstances. I was then quoted around £400 per month, which I felt was excessive. It came across as a hard sales pitch rather than genuine advice. Unfortunately, not an experience I would recommend."
6a423b3403ed2e2dea64ef09,Yell,Service Provider / Business,Sales pressure / contract terms,Secondary,Medium,2,1,"I found the sales approach very pushy. The representative spent most of the call pointing out everything they believed was wrong with my website and making alarming predictions about lost business. As a small company, I felt there was little understanding of my budget or circumstances. I was then quoted around £400 per month, which I felt was excessive. It came across as a hard sales pitch rather than genuine advice. Unfortunately, not an experience I would recommend."
684475fcf1d4ee655e431cf4,Checkatrade,Customer,Pricing / quote transparency,Primary,Medium,2,2,Have used checkatrade a few times for various jobs thinking it was the safest place to find a reputable contractor. Each time i have been blown away by extortionate quotes. They may be reputable but it seems that most trades advertising on the site feel that they are justified to charge extremely high rates for work compared to others in the field. Even had one company that felt that it was fine to give a quote that didnt provide any breakdown as to his charges! Come on thats not on! Think i will give checkatrade a miss from now on
6a5af210f97c0ce78f821fbc,Yelp,Service Provider / Business,Poor ROI / expensive leads,Primary,Medium,2,1,"I tried yelp 1 month free trial as a business, I got 8 leads, but about 100 spam calls trying to get me to pay more.  Like dude the free trial doesn't even get you anything, if you want to get actual leads you have to pay, even during the free trial.  And again the amount of spam calls from us numbers that were from India were appalling, id never recommend yelp for a business."
6a5af210f97c0ce78f821fbc,Yelp,Service Provider / Business,Privacy / unwanted contact,Secondary,Medium,2,1,"I tried yelp 1 month free trial as a business, I got 8 leads, but about 100 spam calls trying to get me to pay more.  Like dude the free trial doesn't even get you anything, if you want to get actual leads you have to pay, even during the free trial.  And again the amount of spam calls from us numbers that were from India were appalling, id never recommend yelp for a business."
69c26aa4c213391e3d2dd8b4,Bark,Customer,Platform usability / technical issues,Primary,Low,1,3,"As a first time user I found the booking and selection confusing, but having said that I have found a suitable provider for my task. "
6a68998766f87458121c42e1,Checkatrade,Customer,Provider quality / no-show,Primary,Medium,2,1,"We had a bathroom replaced after finding the tradesman on Checkatrade. The standard of workmanship was so awful we ended up having the whole bathroom ripped out & had to start again - not what you want to do when we had just retired!! There is apparently no penalty for poor workmanship on Checkatrade - the tradesmen continues to trade on their site & the guarantee isn’t worth a light. We are going to trading standards, Rip of Britain & Watchdog as this shouldn’t be accepted. Get recommendations from friends, family, neighbours - a much more reliable way of finding a good tradesman "
6a783dc9a149ea7d1e37f280,Bark,Customer,Provider quality / no-show,Primary,Medium,2,1,"Dreadful experience.  Got a roof company jg roofing and guttering,  didn't complete some of the work, the work the did was shoddy in patches, the roofer pulled the pipe on the roof and broke it "
69f0ef21edd0840cc5eb584f,Checkatrade,Service Provider / Business,Poor lead quality,Primary,Medium,2,2,I’m with with them trying to get hold of them is a nightmare leads are very poor 
698c632a493dca2bdec898aa,Yell,Service Provider / Business,Poor ROI / expensive leads,Primary,Medium,2,1,"4 months into the contract and barely any jobs coming through, only two tiny jobs that were miles away and not worth carrying out. Tried speaking with customer service to find out why there were no jobs but kept being told that we needed more reviews, pictures and social media accounts to get more work. The rep shared their screen with us and showed that there were 20 jobs in our area on their end but somehow 0 on ours, never got an answer as to why that was. Paying £290 a month, stuck in a 12 month contract and we are not being provided with any leads or useful service. I feel we've been sold an advertising service that doesn't actually have any leads. "
698c632a493dca2bdec898aa,Yell,Service Provider / Business,Sales pressure / contract terms,Secondary,Medium,2,1,"4 months into the contract and barely any jobs coming through, only two tiny jobs that were miles away and not worth carrying out. Tried speaking with customer service to find out why there were no jobs but kept being told that we needed more reviews, pictures and social media accounts to get more work. The rep shared their screen with us and showed that there were 20 jobs in our area on their end but somehow 0 on ours, never got an answer as to why that was. Paying £290 a month, stuck in a 12 month contract and we are not being provided with any leads or useful service. I feel we've been sold an advertising service that doesn't actually have any leads. "
6a70734c1096df56aadd81fb,Checkatrade,Service Provider / Business,Account access / cancellation,Primary,Medium,2,1,"Check a trade do not care about the tradesman that pays them a massive amount of money each month, they put themselves and the homeowners first. Even when the tradesman has legal rights. They force your hand a you have to do as they say or they suspend and deactivate your account "
