platform,raw_service,geography_scope,source_url,source_type,collection_date,coverage_note,platform_key,service_key,comparison_key,source_version
MyBuilder,Cambridge,London,https://www.mybuilder.com/trades,trade_directory,2026-09-05,Public trades/professions page.,mybuilder,cambridge,mybuilder||cambridge,V2
MyBuilder,Derby,London,https://www.mybuilder.com/trades,trade_directory,2026-09-05,Public trades/professions page.,mybuilder,derby,mybuilder||derby,V2
MyBuilder,Leicester,London,https://www.mybuilder.com/trades,trade_directory,2026-09-05,Public trades/professions page.,mybuilder,leicester,mybuilder||leicester,V2
MyBuilder,Milton Keynes,London,https://www.mybuilder.com/trades,trade_directory,2026-09-05,Public trades/professions page.,mybuilder,milton keynes,mybuilder||milton keynes,V2
MyBuilder,Newcastle Upon Tyne,London,https://www.mybuilder.com/trades,trade_directory,2026-09-05,Public trades/professions page.,mybuilder,newcastle upon tyne,mybuilder||newcastle upon tyne,V2
MyBuilder,Northampton,London,https://www.mybuilder.com/trades,trade_directory,2026-09-05,Public trades/professions page.,mybuilder,northampton,mybuilder||northampton,V2
MyBuilder,Norwich,London,https://www.mybuilder.com/trades,trade_directory,2026-09-05,Public trades/professions page.,mybuilder,norwich,mybuilder||norwich,V2
MyBuilder,Reading,London,https://www.mybuilder.com/trades,trade_directory,2026-09-05,Public trades/professions page.,mybuilder,reading,mybuilder||reading,V2
MyBuilder,Southampton,London,https://www.mybuilder.com/trades,trade_directory,2026-09-05,Public trades/professions page.,mybuilder,southampton,mybuilder||southampton,V2
MyBuilder,Stockport,London,https://www.mybuilder.com/trades,trade_directory,2026-09-05,Public trades/professions page.,mybuilder,stockport,mybuilder||stockport,V2
MyBuilder,Stoke On Trent,London,https://www.mybuilder.com/trades,trade_directory,2026-09-05,Public trades/professions page.,mybuilder,stoke on trent,mybuilder||stoke on trent,V2
Rated People,Access Control / Door Entry,London,https://www.ratedpeople.com/sitemap/trades/a,alphabetical_trade_sitemap,2026-09-05,Public A-Z trade and skill sitemap.,rated people,access control door entry,rated people||access control door entry,V2
Rated People,Aerial & Satellite Dish Installation,London,https://www.ratedpeople.com/sitemap/trades/a,alphabetical_trade_sitemap,2026-09-05,Public A-Z trade and skill sitemap.,rated people,aerial and satellite dish installation,rated people||aerial and satellite dish installation,V2
Rated People,Aerial Installation,London,https://www.ratedpeople.com/sitemap/trades/a,alphabetical_trade_sitemap,2026-09-05,Public A-Z trade and skill sitemap.,rated people,aerial installation,rated people||aerial installation,V2
Rated People,Affiliates,London,https://www.ratedpeople.com/sitemap/trades/a,alphabetical_trade_sitemap,2026-09-05,Public A-Z trade and skill sitemap.,rated people,affiliates,rated people||affiliates,V2
Rated People,Air Conditioning / Refrigeration,London,https://www.ratedpeople.com/sitemap/trades/a,alphabetical_trade_sitemap,2026-09-05,Public A-Z trade and skill sitemap.,rated people,air conditioning refrigeration,rated people||air conditioning refrigeration,V2
Rated People,Artifical Grass / Astro Turf,London,https://www.ratedpeople.com/sitemap/trades/a,alphabetical_trade_sitemap,2026-09-05,Public A-Z trade and skill sitemap.,rated people,artifical grass astro turf,rated people||artifical grass astro turf,V2
Rated People,Bath Resurfacing,London,https://www.ratedpeople.com/sitemap/trades/a,alphabetical_trade_sitemap,2026-09-05,Public A-Z trade and skill sitemap.,rated people,bath resurfacing,rated people||bath resurfacing,V2
Rated People,Bathroom Design,London,https://www.ratedpeople.com/sitemap/trades/a,alphabetical_trade_sitemap,2026-09-05,Public A-Z trade and skill sitemap.,rated people,bathroom design,rated people||bathroom design,V2
Rated People,Bathroom Installation,London,https://www.ratedpeople.com/sitemap/trades/a,alphabetical_trade_sitemap,2026-09-05,Public A-Z trade and skill sitemap.,rated people,bathroom installation,rated people||bathroom installation,V2
Rated People,Bathroom Repair,London,https://www.ratedpeople.com/sitemap/trades/a,alphabetical_trade_sitemap,2026-09-05,Public A-Z trade and skill sitemap.,rated people,bathroom repair,rated people||bathroom repair,V2
Rated People,Bathroom Tiling,London,https://www.ratedpeople.com/sitemap/trades/a,alphabetical_trade_sitemap,2026-09-05,Public A-Z trade and skill sitemap.,rated people,bathroom tiling,rated people||bathroom tiling,V2
Rated People,"Bathroom, Kitchen and WC Plumbing",London,https://www.ratedpeople.com/sitemap/trades/a,alphabetical_trade_sitemap,2026-09-05,Public A-Z trade and skill sitemap.,rated people,bathroom kitchen and wc plumbing,rated people||bathroom kitchen and wc plumbing,V2
Rated People,Bespoke Furniture,London,https://www.ratedpeople.com/sitemap/trades/a,alphabetical_trade_sitemap,2026-09-05,Public A-Z trade and skill sitemap.,rated people,bespoke furniture,rated people||bespoke furniture,V2
Rated People,Bespoke Kitchens,London,https://www.ratedpeople.com/sitemap/trades/a,alphabetical_trade_sitemap,2026-09-05,Public A-Z trade and skill sitemap.,rated people,bespoke kitchens,rated people||bespoke kitchens,V2
Rated People,Blind / Curtain / Shutter - Installation,London,https://www.ratedpeople.com/sitemap/trades/a,alphabetical_trade_sitemap,2026-09-05,Public A-Z trade and skill sitemap.,rated people,blind curtain shutter - installation,rated people||blind curtain shutter - installation,V2
Rated People,Brick & Stone Cleaning,London,https://www.ratedpeople.com/sitemap/trades/a,alphabetical_trade_sitemap,2026-09-05,Public A-Z trade and skill sitemap.,rated people,brick and stone cleaning,rated people||brick and stone cleaning,V2
Rated People,Brick / Block Paving,London,https://www.ratedpeople.com/sitemap/trades/a,alphabetical_trade_sitemap,2026-09-05,Public A-Z trade and skill sitemap.,rated people,brick block paving,rated people||brick block paving,V2
Rated People,Built-In Furniture,London,https://www.ratedpeople.com/sitemap/trades/a,alphabetical_trade_sitemap,2026-09-05,Public A-Z trade and skill sitemap.,rated people,built-in furniture,rated people||built-in furniture,V2
Rated People,Burglar Repairs,London,https://www.ratedpeople.com/sitemap/trades/a,alphabetical_trade_sitemap,2026-09-05,Public A-Z trade and skill sitemap.,rated people,burglar repairs,rated people||burglar repairs,V2
Rated People,"Burglar, Security & Intruder Alarm Installation",London,https://www.ratedpeople.com/sitemap/trades/a,alphabetical_trade_sitemap,2026-09-05,Public A-Z trade and skill sitemap.,rated people,burglar security and intruder alarm installation,rated people||burglar security and intruder alarm installation,V2
Rated People,Carbon Monoxide Alarms - Installation,London,https://www.ratedpeople.com/sitemap/trades/a,alphabetical_trade_sitemap,2026-09-05,Public A-Z trade and skill sitemap.,rated people,carbon monoxide alarms - installation,rated people||carbon monoxide alarms - installation,V2
Rated People,Carpet Cleaning,London,https://www.ratedpeople.com/sitemap/trades/a,alphabetical_trade_sitemap,2026-09-05,Public A-Z trade and skill sitemap.,rated people,carpet cleaning,rated people||carpet cleaning,V2
Rated People,Carpet Fitters,London,https://www.ratedpeople.com/sitemap/trades/a,alphabetical_trade_sitemap,2026-09-05,Public A-Z trade and skill sitemap.,rated people,carpet fitters,rated people||carpet fitters,V2
Rated People,Cat Flap - Installation,London,https://www.ratedpeople.com/sitemap/trades/a,alphabetical_trade_sitemap,2026-09-05,Public A-Z trade and skill sitemap.,rated people,cat flap - installation,rated people||cat flap - installation,V2
Rated People,Cavity Wall Insulation,London,https://www.ratedpeople.com/sitemap/trades/a,alphabetical_trade_sitemap,2026-09-05,Public A-Z trade and skill sitemap.,rated people,cavity wall insulation,rated people||cavity wall insulation,V2
Rated People,CCTV Installation,London,https://www.ratedpeople.com/sitemap/trades/a,alphabetical_trade_sitemap,2026-09-05,Public A-Z trade and skill sitemap.,rated people,cctv installation,rated people||cctv installation,V2
Rated People,Cellar & Basement Conversion,London,https://www.ratedpeople.com/sitemap/trades/a,alphabetical_trade_sitemap,2026-09-05,Public A-Z trade and skill sitemap.,rated people,cellar and basement conversion,rated people||cellar and basement conversion,V2
Rated People,Chimney Building / Repair,London,https://www.ratedpeople.com/sitemap/trades/a,alphabetical_trade_sitemap,2026-09-05,Public A-Z trade and skill sitemap.,rated people,chimney building repair,rated people||chimney building repair,V2
Rated People,Cladding,London,https://www.ratedpeople.com/sitemap/trades/a,alphabetical_trade_sitemap,2026-09-05,Public A-Z trade and skill sitemap.,rated people,cladding,rated people||cladding,V2
Rated People,Commercial Pest Control,London,https://www.ratedpeople.com/sitemap/trades/a,alphabetical_trade_sitemap,2026-09-05,Public A-Z trade and skill sitemap.,rated people,commercial pest control,rated people||commercial pest control,V2
Rated People,Commercial Window Cleaning,London,https://www.ratedpeople.com/sitemap/trades/a,alphabetical_trade_sitemap,2026-09-05,Public A-Z trade and skill sitemap.,rated people,commercial window cleaning,rated people||commercial window cleaning,V2
Rated People,Complete Bathroom Refurbishment,London,https://www.ratedpeople.com/sitemap/trades/a,alphabetical_trade_sitemap,2026-09-05,Public A-Z trade and skill sitemap.,rated people,complete bathroom refurbishment,rated people||complete bathroom refurbishment,V2
Rated People,Complete Kitchen Refurbishment,London,https://www.ratedpeople.com/sitemap/trades/a,alphabetical_trade_sitemap,2026-09-05,Public A-Z trade and skill sitemap.,rated people,complete kitchen refurbishment,rated people||complete kitchen refurbishment,V2
Rated People,Concrete Driveway,London,https://www.ratedpeople.com/sitemap/trades/a,alphabetical_trade_sitemap,2026-09-05,Public A-Z trade and skill sitemap.,rated people,concrete driveway,rated people||concrete driveway,V2
Rated People,Conservatory,London,https://www.ratedpeople.com/sitemap/trades/a,alphabetical_trade_sitemap,2026-09-05,Public A-Z trade and skill sitemap.,rated people,conservatory,rated people||conservatory,V2
Rated People,Conservatory Cleaning / Maintenance,London,https://www.ratedpeople.com/sitemap/trades/a,alphabetical_trade_sitemap,2026-09-05,Public A-Z trade and skill sitemap.,rated people,conservatory cleaning maintenance,rated people||conservatory cleaning maintenance,V2
Rated People,Create a job,London,https://www.ratedpeople.com/sitemap/trades/a,alphabetical_trade_sitemap,2026-09-05,Public A-Z trade and skill sitemap.,rated people,create a job,rated people||create a job,V2
Rated People,Crown Reduction,London,https://www.ratedpeople.com/sitemap/trades/a,alphabetical_trade_sitemap,2026-09-05,Public A-Z trade and skill sitemap.,rated people,crown reduction,rated people||crown reduction,V2
Rated People,Crown Thinning,London,https://www.ratedpeople.com/sitemap/trades/a,alphabetical_trade_sitemap,2026-09-05,Public A-Z trade and skill sitemap.,rated people,crown thinning,rated people||crown thinning,V2
Rated People,Damp Proofing,London,https://www.ratedpeople.com/sitemap/trades/a,alphabetical_trade_sitemap,2026-09-05,Public A-Z trade and skill sitemap.,rated people,damp proofing,rated people||damp proofing,V2
Rated People,Decorative Cornicing / Plasterwork,London,https://www.ratedpeople.com/sitemap/trades/a,alphabetical_trade_sitemap,2026-09-05,Public A-Z trade and skill sitemap.,rated people,decorative cornicing plasterwork,rated people||decorative cornicing plasterwork,V2
Rated People,Decorative Glazing,London,https://www.ratedpeople.com/sitemap/trades/a,alphabetical_trade_sitemap,2026-09-05,Public A-Z trade and skill sitemap.,rated people,decorative glazing,rated people||decorative glazing,V2
Rated People,Decorative Ironmongery and Metalwork,London,https://www.ratedpeople.com/sitemap/trades/a,alphabetical_trade_sitemap,2026-09-05,Public A-Z trade and skill sitemap.,rated people,decorative ironmongery and metalwork,rated people||decorative ironmongery and metalwork,V2
Rated People,Deep Cleaning - Commercial,London,https://www.ratedpeople.com/sitemap/trades/a,alphabetical_trade_sitemap,2026-09-05,Public A-Z trade and skill sitemap.,rated people,deep cleaning - commercial,rated people||deep cleaning - commercial,V2
Rated People,Deep Cleaning - Domestic,London,https://www.ratedpeople.com/sitemap/trades/a,alphabetical_trade_sitemap,2026-09-05,Public A-Z trade and skill sitemap.,rated people,deep cleaning - domestic,rated people||deep cleaning - domestic,V2
Rated People,Demolition,London,https://www.ratedpeople.com/sitemap/trades/a,alphabetical_trade_sitemap,2026-09-05,Public A-Z trade and skill sitemap.,rated people,demolition,rated people||demolition,V2
Rated People,Digital Home Network,London,https://www.ratedpeople.com/sitemap/trades/a,alphabetical_trade_sitemap,2026-09-05,Public A-Z trade and skill sitemap.,rated people,digital home network,rated people||digital home network,V2
Rated People,Disability Access Installation,London,https://www.ratedpeople.com/sitemap/trades/a,alphabetical_trade_sitemap,2026-09-05,Public A-Z trade and skill sitemap.,rated people,disability access installation,rated people||disability access installation,V2
Rated People,Disabled Access / Mobility Service,London,https://www.ratedpeople.com/sitemap/trades/a,alphabetical_trade_sitemap,2026-09-05,Public A-Z trade and skill sitemap.,rated people,disabled access mobility service,rated people||disabled access mobility service,V2
Rated People,Domestic Appliance Repair,London,https://www.ratedpeople.com/sitemap/trades/a,alphabetical_trade_sitemap,2026-09-05,Public A-Z trade and skill sitemap.,rated people,domestic appliance repair,rated people||domestic appliance repair,V2
Rated People,Domestic House Cleaning: One Off,London,https://www.ratedpeople.com/sitemap/trades/a,alphabetical_trade_sitemap,2026-09-05,Public A-Z trade and skill sitemap.,rated people,domestic house cleaning one off,rated people||domestic house cleaning one off,V2
Rated People,Domestic House Cleaning: Regular,London,https://www.ratedpeople.com/sitemap/trades/a,alphabetical_trade_sitemap,2026-09-05,Public A-Z trade and skill sitemap.,rated people,domestic house cleaning regular,rated people||domestic house cleaning regular,V2
Rated People,Door / Window Painting,London,https://www.ratedpeople.com/sitemap/trades/a,alphabetical_trade_sitemap,2026-09-05,Public A-Z trade and skill sitemap.,rated people,door window painting,rated people||door window painting,V2
Rated People,Door Opening,London,https://www.ratedpeople.com/sitemap/trades/a,alphabetical_trade_sitemap,2026-09-05,Public A-Z trade and skill sitemap.,rated people,door opening,rated people||door opening,V2
Rated People,Door Replacement,London,https://www.ratedpeople.com/sitemap/trades/a,alphabetical_trade_sitemap,2026-09-05,Public A-Z trade and skill sitemap.,rated people,door replacement,rated people||door replacement,V2
Rated People,Drains - Installation / Unblocking / Cleaning,London,https://www.ratedpeople.com/sitemap/trades/a,alphabetical_trade_sitemap,2026-09-05,Public A-Z trade and skill sitemap.,rated people,drains - installation unblocking cleaning,rated people||drains - installation unblocking cleaning,V2
Rated People,Dry Lining & Plasterboard - Installation,London,https://www.ratedpeople.com/sitemap/trades/a,alphabetical_trade_sitemap,2026-09-05,Public A-Z trade and skill sitemap.,rated people,dry lining and plasterboard - installation,rated people||dry lining and plasterboard - installation,V2
Rated People,Dry Lining & Plasterboard - Repair,London,https://www.ratedpeople.com/sitemap/trades/a,alphabetical_trade_sitemap,2026-09-05,Public A-Z trade and skill sitemap.,rated people,dry lining and plasterboard - repair,rated people||dry lining and plasterboard - repair,V2
Rated People,Electric Boiler - Installation,London,https://www.ratedpeople.com/sitemap/trades/a,alphabetical_trade_sitemap,2026-09-05,Public A-Z trade and skill sitemap.,rated people,electric boiler - installation,rated people||electric boiler - installation,V2
Rated People,Electric Boiler - Repair,London,https://www.ratedpeople.com/sitemap/trades/a,alphabetical_trade_sitemap,2026-09-05,Public A-Z trade and skill sitemap.,rated people,electric boiler - repair,rated people||electric boiler - repair,V2
Rated People,Electric Boiler - Service,London,https://www.ratedpeople.com/sitemap/trades/a,alphabetical_trade_sitemap,2026-09-05,Public A-Z trade and skill sitemap.,rated people,electric boiler - service,rated people||electric boiler - service,V2
Rated People,Electric Car Charging Point Installation,London,https://www.ratedpeople.com/sitemap/trades/a,alphabetical_trade_sitemap,2026-09-05,Public A-Z trade and skill sitemap.,rated people,electric car charging point installation,rated people||electric car charging point installation,V2
Rated People,Electric Oven / Hob - Installation,London,https://www.ratedpeople.com/sitemap/trades/a,alphabetical_trade_sitemap,2026-09-05,Public A-Z trade and skill sitemap.,rated people,electric oven hob - installation,rated people||electric oven hob - installation,V2
Rated People,Electric Underfloor Heating,London,https://www.ratedpeople.com/sitemap/trades/a,alphabetical_trade_sitemap,2026-09-05,Public A-Z trade and skill sitemap.,rated people,electric underfloor heating,rated people||electric underfloor heating,V2
Rated People,Electrical Inspection Condition Report,London,https://www.ratedpeople.com/sitemap/trades/a,alphabetical_trade_sitemap,2026-09-05,Public A-Z trade and skill sitemap.,rated people,electrical inspection condition report,rated people||electrical inspection condition report,V2
Rated People,Electrical Installation / Testing,London,https://www.ratedpeople.com/sitemap/trades/a,alphabetical_trade_sitemap,2026-09-05,Public A-Z trade and skill sitemap.,rated people,electrical installation testing,rated people||electrical installation testing,V2
Rated People,Emergency / 24 Hour Locksmith,London,https://www.ratedpeople.com/sitemap/trades/a,alphabetical_trade_sitemap,2026-09-05,Public A-Z trade and skill sitemap.,rated people,emergency 24 hour locksmith,rated people||emergency 24 hour locksmith,V2
Rated People,Emergency / 24 Hour Plumber,London,https://www.ratedpeople.com/sitemap/trades/a,alphabetical_trade_sitemap,2026-09-05,Public A-Z trade and skill sitemap.,rated people,emergency 24 hour plumber,rated people||emergency 24 hour plumber,V2
Rated People,Emergency Electrician,London,https://www.ratedpeople.com/sitemap/trades/a,alphabetical_trade_sitemap,2026-09-05,Public A-Z trade and skill sitemap.,rated people,emergency electrician,rated people||emergency electrician,V2
Rated People,End of Tenancy Cleaning,London,https://www.ratedpeople.com/sitemap/trades/a,alphabetical_trade_sitemap,2026-09-05,Public A-Z trade and skill sitemap.,rated people,end of tenancy cleaning,rated people||end of tenancy cleaning,V2
Rated People,External Lighting,London,https://www.ratedpeople.com/sitemap/trades/a,alphabetical_trade_sitemap,2026-09-05,Public A-Z trade and skill sitemap.,rated people,external lighting,rated people||external lighting,V2
Rated People,External Rendering,London,https://www.ratedpeople.com/sitemap/trades/a,alphabetical_trade_sitemap,2026-09-05,Public A-Z trade and skill sitemap.,rated people,external rendering,rated people||external rendering,V2
Rated People,External Tiling,London,https://www.ratedpeople.com/sitemap/trades/a,alphabetical_trade_sitemap,2026-09-05,Public A-Z trade and skill sitemap.,rated people,external tiling,rated people||external tiling,V2
Rated People,External Wall Insulation,London,https://www.ratedpeople.com/sitemap/trades/a,alphabetical_trade_sitemap,2026-09-05,Public A-Z trade and skill sitemap.,rated people,external wall insulation,rated people||external wall insulation,V2
Rated People,External Wall Painting,London,https://www.ratedpeople.com/sitemap/trades/a,alphabetical_trade_sitemap,2026-09-05,Public A-Z trade and skill sitemap.,rated people,external wall painting,rated people||external wall painting,V2
Rated People,Find a tradesperson,London,https://www.ratedpeople.com/sitemap/trades/a,alphabetical_trade_sitemap,2026-09-05,Public A-Z trade and skill sitemap.,rated people,find a tradesperson,rated people||find a tradesperson,V2
Rated People,Fire Alarm Installation,London,https://www.ratedpeople.com/sitemap/trades/a,alphabetical_trade_sitemap,2026-09-05,Public A-Z trade and skill sitemap.,rated people,fire alarm installation,rated people||fire alarm installation,V2
Rated People,Fireplace,London,https://www.ratedpeople.com/sitemap/trades/a,alphabetical_trade_sitemap,2026-09-05,Public A-Z trade and skill sitemap.,rated people,fireplace,rated people||fireplace,V2
Rated People,Fitted Bedrooms / Wardrobes,London,https://www.ratedpeople.com/sitemap/trades/a,alphabetical_trade_sitemap,2026-09-05,Public A-Z trade and skill sitemap.,rated people,fitted bedrooms wardrobes,rated people||fitted bedrooms wardrobes,V2
Rated People,Fitted Kitchens,London,https://www.ratedpeople.com/sitemap/trades/a,alphabetical_trade_sitemap,2026-09-05,Public A-Z trade and skill sitemap.,rated people,fitted kitchens,rated people||fitted kitchens,V2
Rated People,Flat Pack Furniture Assembly,London,https://www.ratedpeople.com/sitemap/trades/a,alphabetical_trade_sitemap,2026-09-05,Public A-Z trade and skill sitemap.,rated people,flat pack furniture assembly,rated people||flat pack furniture assembly,V2
Rated People,Flat Roof - Installation / Repair,London,https://www.ratedpeople.com/sitemap/trades/a,alphabetical_trade_sitemap,2026-09-05,Public A-Z trade and skill sitemap.,rated people,flat roof - installation repair,rated people||flat roof - installation repair,V2
Rated People,Floor Sanding & Finishing,London,https://www.ratedpeople.com/sitemap/trades/a,alphabetical_trade_sitemap,2026-09-05,Public A-Z trade and skill sitemap.,rated people,floor sanding and finishing,rated people||floor sanding and finishing,V2
Rated People,Floor Tiling,London,https://www.ratedpeople.com/sitemap/trades/a,alphabetical_trade_sitemap,2026-09-05,Public A-Z trade and skill sitemap.,rated people,floor tiling,rated people||floor tiling,V2
Rated People,For tradespeople,London,https://www.ratedpeople.com/sitemap/trades/a,alphabetical_trade_sitemap,2026-09-05,Public A-Z trade and skill sitemap.,rated people,for tradespeople,rated people||for tradespeople,V2
Rated People,Garage Conversion,London,https://www.ratedpeople.com/sitemap/trades/a,alphabetical_trade_sitemap,2026-09-05,Public A-Z trade and skill sitemap.,rated people,garage conversion,rated people||garage conversion,V2
Rated People,Garage Doors - Installation / Repair,London,https://www.ratedpeople.com/sitemap/trades/a,alphabetical_trade_sitemap,2026-09-05,Public A-Z trade and skill sitemap.,rated people,garage doors - installation repair,rated people||garage doors - installation repair,V2
Rated People,Garden Clearance,London,https://www.ratedpeople.com/sitemap/trades/a,alphabetical_trade_sitemap,2026-09-05,Public A-Z trade and skill sitemap.,rated people,garden clearance,rated people||garden clearance,V2
Rated People,Garden Design,London,https://www.ratedpeople.com/sitemap/trades/a,alphabetical_trade_sitemap,2026-09-05,Public A-Z trade and skill sitemap.,rated people,garden design,rated people||garden design,V2
Rated People,Garden Maintenance,London,https://www.ratedpeople.com/sitemap/trades/a,alphabetical_trade_sitemap,2026-09-05,Public A-Z trade and skill sitemap.,rated people,garden maintenance,rated people||garden maintenance,V2
Rated People,Garden Office / Studio Construction,London,https://www.ratedpeople.com/sitemap/trades/a,alphabetical_trade_sitemap,2026-09-05,Public A-Z trade and skill sitemap.,rated people,garden office studio construction,rated people||garden office studio construction,V2
Rated People,Garden Shed / Playhouse,London,https://www.ratedpeople.com/sitemap/trades/a,alphabetical_trade_sitemap,2026-09-05,Public A-Z trade and skill sitemap.,rated people,garden shed playhouse,rated people||garden shed playhouse,V2
Rated People,Garden Wall,London,https://www.ratedpeople.com/sitemap/trades/a,alphabetical_trade_sitemap,2026-09-05,Public A-Z trade and skill sitemap.,rated people,garden wall,rated people||garden wall,V2
Rated People,Gas Boiler - Installation,London,https://www.ratedpeople.com/sitemap/trades/a,alphabetical_trade_sitemap,2026-09-05,Public A-Z trade and skill sitemap.,rated people,gas boiler - installation,rated people||gas boiler - installation,V2
Rated People,Gas Boiler - Repair,London,https://www.ratedpeople.com/sitemap/trades/a,alphabetical_trade_sitemap,2026-09-05,Public A-Z trade and skill sitemap.,rated people,gas boiler - repair,rated people||gas boiler - repair,V2
Rated People,Gas Boiler - Service,London,https://www.ratedpeople.com/sitemap/trades/a,alphabetical_trade_sitemap,2026-09-05,Public A-Z trade and skill sitemap.,rated people,gas boiler - service,rated people||gas boiler - service,V2
Rated People,Gas Cooker / Hob - Installation,London,https://www.ratedpeople.com/sitemap/trades/a,alphabetical_trade_sitemap,2026-09-05,Public A-Z trade and skill sitemap.,rated people,gas cooker hob - installation,rated people||gas cooker hob - installation,V2
Rated People,Gas Cooker / Hob - Repair,London,https://www.ratedpeople.com/sitemap/trades/a,alphabetical_trade_sitemap,2026-09-05,Public A-Z trade and skill sitemap.,rated people,gas cooker hob - repair,rated people||gas cooker hob - repair,V2
Rated People,Gas Fire,London,https://www.ratedpeople.com/sitemap/trades/a,alphabetical_trade_sitemap,2026-09-05,Public A-Z trade and skill sitemap.,rated people,gas fire,rated people||gas fire,V2
Rated People,General Fitted Furniture,London,https://www.ratedpeople.com/sitemap/trades/a,alphabetical_trade_sitemap,2026-09-05,Public A-Z trade and skill sitemap.,rated people,general fitted furniture,rated people||general fitted furniture,V2
Rated People,Groundwork / Foundations,London,https://www.ratedpeople.com/sitemap/trades/a,alphabetical_trade_sitemap,2026-09-05,Public A-Z trade and skill sitemap.,rated people,groundwork foundations,rated people||groundwork foundations,V2
Rated People,Guttering and Rainwater Pipe,London,https://www.ratedpeople.com/sitemap/trades/a,alphabetical_trade_sitemap,2026-09-05,Public A-Z trade and skill sitemap.,rated people,guttering and rainwater pipe,rated people||guttering and rainwater pipe,V2
Rated People,Heat Pump (Air source/ Ground Source),London,https://www.ratedpeople.com/sitemap/trades/a,alphabetical_trade_sitemap,2026-09-05,Public A-Z trade and skill sitemap.,rated people,heat pump air source ground source,rated people||heat pump air source ground source,V2
Rated People,Help & FAQs,London,https://www.ratedpeople.com/sitemap/trades/a,alphabetical_trade_sitemap,2026-09-05,Public A-Z trade and skill sitemap.,rated people,help and faqs,rated people||help and faqs,V2
Rated People,Home Improvements,London,https://www.ratedpeople.com/sitemap/trades/a,alphabetical_trade_sitemap,2026-09-05,Public A-Z trade and skill sitemap.,rated people,home improvements,rated people||home improvements,V2
Rated People,Home Maintenance / Repair,London,https://www.ratedpeople.com/sitemap/trades/a,alphabetical_trade_sitemap,2026-09-05,Public A-Z trade and skill sitemap.,rated people,home maintenance repair,rated people||home maintenance repair,V2
Rated People,Hot Tub Installation / Repair,London,https://www.ratedpeople.com/sitemap/trades/a,alphabetical_trade_sitemap,2026-09-05,Public A-Z trade and skill sitemap.,rated people,hot tub installation repair,rated people||hot tub installation repair,V2
Rated People,Hot Water Tank/Appliance Tank Thermostats,London,https://www.ratedpeople.com/sitemap/trades/a,alphabetical_trade_sitemap,2026-09-05,Public A-Z trade and skill sitemap.,rated people,hot water tankappliance tank thermostats,rated people||hot water tankappliance tank thermostats,V2
Rated People,House Clearance,London,https://www.ratedpeople.com/sitemap/trades/a,alphabetical_trade_sitemap,2026-09-05,Public A-Z trade and skill sitemap.,rated people,house clearance,rated people||house clearance,V2
Rated People,House Extension,London,https://www.ratedpeople.com/sitemap/trades/a,alphabetical_trade_sitemap,2026-09-05,Public A-Z trade and skill sitemap.,rated people,house extension,rated people||house extension,V2
Rated People,House Removals,London,https://www.ratedpeople.com/sitemap/trades/a,alphabetical_trade_sitemap,2026-09-05,Public A-Z trade and skill sitemap.,rated people,house removals,rated people||house removals,V2
Rated People,How it works,London,https://www.ratedpeople.com/sitemap/trades/a,alphabetical_trade_sitemap,2026-09-05,Public A-Z trade and skill sitemap.,rated people,how it works,rated people||how it works,V2
Rated People,Internal Lighting,London,https://www.ratedpeople.com/sitemap/trades/a,alphabetical_trade_sitemap,2026-09-05,Public A-Z trade and skill sitemap.,rated people,internal lighting,rated people||internal lighting,V2
Rated People,Internal Painting & Decorating,London,https://www.ratedpeople.com/sitemap/trades/a,alphabetical_trade_sitemap,2026-09-05,Public A-Z trade and skill sitemap.,rated people,internal painting and decorating,rated people||internal painting and decorating,V2
Rated People,Internal Rendering,London,https://www.ratedpeople.com/sitemap/trades/a,alphabetical_trade_sitemap,2026-09-05,Public A-Z trade and skill sitemap.,rated people,internal rendering,rated people||internal rendering,V2
Rated People,Jet / Power Washing,London,https://www.ratedpeople.com/sitemap/trades/a,alphabetical_trade_sitemap,2026-09-05,Public A-Z trade and skill sitemap.,rated people,jet power washing,rated people||jet power washing,V2
Rated People,Kitchen Design / Installation,London,https://www.ratedpeople.com/sitemap/trades/a,alphabetical_trade_sitemap,2026-09-05,Public A-Z trade and skill sitemap.,rated people,kitchen design installation,rated people||kitchen design installation,V2
Rated People,Kitchen Tiling,London,https://www.ratedpeople.com/sitemap/trades/a,alphabetical_trade_sitemap,2026-09-05,Public A-Z trade and skill sitemap.,rated people,kitchen tiling,rated people||kitchen tiling,V2
Rated People,Kitchen Worktops - Stone,London,https://www.ratedpeople.com/sitemap/trades/a,alphabetical_trade_sitemap,2026-09-05,Public A-Z trade and skill sitemap.,rated people,kitchen worktops - stone,rated people||kitchen worktops - stone,V2
Rated People,Laminate / Wooden Kitchen Worktops,London,https://www.ratedpeople.com/sitemap/trades/a,alphabetical_trade_sitemap,2026-09-05,Public A-Z trade and skill sitemap.,rated people,laminate wooden kitchen worktops,rated people||laminate wooden kitchen worktops,V2
Rated People,Laminate Flooring,London,https://www.ratedpeople.com/sitemap/trades/a,alphabetical_trade_sitemap,2026-09-05,Public A-Z trade and skill sitemap.,rated people,laminate flooring,rated people||laminate flooring,V2
Rated People,Landlord Reports / Safety Checks,London,https://www.ratedpeople.com/sitemap/trades/a,alphabetical_trade_sitemap,2026-09-05,Public A-Z trade and skill sitemap.,rated people,landlord reports safety checks,rated people||landlord reports safety checks,V2
Rated People,Landscaping,London,https://www.ratedpeople.com/sitemap/trades/a,alphabetical_trade_sitemap,2026-09-05,Public A-Z trade and skill sitemap.,rated people,landscaping,rated people||landscaping,V2
Rated People,Lawn Care Services - Grass Cutting / Turfing / Seeding,London,https://www.ratedpeople.com/sitemap/trades/a,alphabetical_trade_sitemap,2026-09-05,Public A-Z trade and skill sitemap.,rated people,lawn care services - grass cutting turfing seeding,rated people||lawn care services - grass cutting turfing seeding,V2
Rated People,Leadwork,London,https://www.ratedpeople.com/sitemap/trades/a,alphabetical_trade_sitemap,2026-09-05,Public A-Z trade and skill sitemap.,rated people,leadwork,rated people||leadwork,V2
Rated People,Legal,London,https://www.ratedpeople.com/sitemap/trades/a,alphabetical_trade_sitemap,2026-09-05,Public A-Z trade and skill sitemap.,rated people,legal,rated people||legal,V2
Rated People,Linoleum Flooring,London,https://www.ratedpeople.com/sitemap/trades/a,alphabetical_trade_sitemap,2026-09-05,Public A-Z trade and skill sitemap.,rated people,linoleum flooring,rated people||linoleum flooring,V2
Rated People,Lock Fitting / Repair,London,https://www.ratedpeople.com/sitemap/trades/a,alphabetical_trade_sitemap,2026-09-05,Public A-Z trade and skill sitemap.,rated people,lock fitting repair,rated people||lock fitting repair,V2
Rated People,Loft Conversion,London,https://www.ratedpeople.com/sitemap/trades/a,alphabetical_trade_sitemap,2026-09-05,Public A-Z trade and skill sitemap.,rated people,loft conversion,rated people||loft conversion,V2
Rated People,Log Cabins / Timber Framed Building,London,https://www.ratedpeople.com/sitemap/trades/a,alphabetical_trade_sitemap,2026-09-05,Public A-Z trade and skill sitemap.,rated people,log cabins timber framed building,rated people||log cabins timber framed building,V2
Rated People,Man/Woman with a Van,London,https://www.ratedpeople.com/sitemap/trades/a,alphabetical_trade_sitemap,2026-09-05,Public A-Z trade and skill sitemap.,rated people,manwoman with a van,rated people||manwoman with a van,V2
Rated People,Metal Kitchen Worktops,London,https://www.ratedpeople.com/sitemap/trades/a,alphabetical_trade_sitemap,2026-09-05,Public A-Z trade and skill sitemap.,rated people,metal kitchen worktops,rated people||metal kitchen worktops,V2
Rated People,Metal Staircases,London,https://www.ratedpeople.com/sitemap/trades/a,alphabetical_trade_sitemap,2026-09-05,Public A-Z trade and skill sitemap.,rated people,metal staircases,rated people||metal staircases,V2
Rated People,Mould / Damp Control,London,https://www.ratedpeople.com/sitemap/trades/a,alphabetical_trade_sitemap,2026-09-05,Public A-Z trade and skill sitemap.,rated people,mould damp control,rated people||mould damp control,V2
Rated People,Office / Commercial Cleaning,London,https://www.ratedpeople.com/sitemap/trades/a,alphabetical_trade_sitemap,2026-09-05,Public A-Z trade and skill sitemap.,rated people,office commercial cleaning,rated people||office commercial cleaning,V2
Rated People,Oil-Fired Boiler,London,https://www.ratedpeople.com/sitemap/trades/a,alphabetical_trade_sitemap,2026-09-05,Public A-Z trade and skill sitemap.,rated people,oil-fired boiler,rated people||oil-fired boiler,V2
Rated People,Oven Cleaning,London,https://www.ratedpeople.com/sitemap/trades/a,alphabetical_trade_sitemap,2026-09-05,Public A-Z trade and skill sitemap.,rated people,oven cleaning,rated people||oven cleaning,V2
Rated People,Partition Wall,London,https://www.ratedpeople.com/sitemap/trades/a,alphabetical_trade_sitemap,2026-09-05,Public A-Z trade and skill sitemap.,rated people,partition wall,rated people||partition wall,V2
Rated People,Pebble Dashing,London,https://www.ratedpeople.com/sitemap/trades/a,alphabetical_trade_sitemap,2026-09-05,Public A-Z trade and skill sitemap.,rated people,pebble dashing,rated people||pebble dashing,V2
Rated People,Period / Listed Building Works,London,https://www.ratedpeople.com/sitemap/trades/a,alphabetical_trade_sitemap,2026-09-05,Public A-Z trade and skill sitemap.,rated people,period listed building works,rated people||period listed building works,V2
Rated People,Period Restoration,London,https://www.ratedpeople.com/sitemap/trades/a,alphabetical_trade_sitemap,2026-09-05,Public A-Z trade and skill sitemap.,rated people,period restoration,rated people||period restoration,V2
Rated People,Perspex / Protective Screens,London,https://www.ratedpeople.com/sitemap/trades/a,alphabetical_trade_sitemap,2026-09-05,Public A-Z trade and skill sitemap.,rated people,perspex protective screens,rated people||perspex protective screens,V2
Rated People,Pizza Oven,London,https://www.ratedpeople.com/sitemap/trades/a,alphabetical_trade_sitemap,2026-09-05,Public A-Z trade and skill sitemap.,rated people,pizza oven,rated people||pizza oven,V2
Rated People,Planting,London,https://www.ratedpeople.com/sitemap/trades/a,alphabetical_trade_sitemap,2026-09-05,Public A-Z trade and skill sitemap.,rated people,planting,rated people||planting,V2
Rated People,Plaster Skimming,London,https://www.ratedpeople.com/sitemap/trades/a,alphabetical_trade_sitemap,2026-09-05,Public A-Z trade and skill sitemap.,rated people,plaster skimming,rated people||plaster skimming,V2
Rated People,Plastic / Rubber Flooring,London,https://www.ratedpeople.com/sitemap/trades/a,alphabetical_trade_sitemap,2026-09-05,Public A-Z trade and skill sitemap.,rated people,plastic rubber flooring,rated people||plastic rubber flooring,V2
Rated People,Plumbing Repair & Maintenance,London,https://www.ratedpeople.com/sitemap/trades/a,alphabetical_trade_sitemap,2026-09-05,Public A-Z trade and skill sitemap.,rated people,plumbing repair and maintenance,rated people||plumbing repair and maintenance,V2
Rated People,Pointing / Repointing,London,https://www.ratedpeople.com/sitemap/trades/a,alphabetical_trade_sitemap,2026-09-05,Public A-Z trade and skill sitemap.,rated people,pointing repointing,rated people||pointing repointing,V2
Rated People,Polished / Other Plaster Finish,London,https://www.ratedpeople.com/sitemap/trades/a,alphabetical_trade_sitemap,2026-09-05,Public A-Z trade and skill sitemap.,rated people,polished other plaster finish,rated people||polished other plaster finish,V2
Rated People,Polished Concrete,London,https://www.ratedpeople.com/sitemap/trades/a,alphabetical_trade_sitemap,2026-09-05,Public A-Z trade and skill sitemap.,rated people,polished concrete,rated people||polished concrete,V2
Rated People,Pond & Water Feature,London,https://www.ratedpeople.com/sitemap/trades/a,alphabetical_trade_sitemap,2026-09-05,Public A-Z trade and skill sitemap.,rated people,pond and water feature,rated people||pond and water feature,V2
Rated People,Porch / Canopy,London,https://www.ratedpeople.com/sitemap/trades/a,alphabetical_trade_sitemap,2026-09-05,Public A-Z trade and skill sitemap.,rated people,porch canopy,rated people||porch canopy,V2
Rated People,Post a job,London,https://www.ratedpeople.com/sitemap/trades/a,alphabetical_trade_sitemap,2026-09-05,Public A-Z trade and skill sitemap.,rated people,post a job,rated people||post a job,V2
Rated People,Post Construction Cleaning,London,https://www.ratedpeople.com/sitemap/trades/a,alphabetical_trade_sitemap,2026-09-05,Public A-Z trade and skill sitemap.,rated people,post construction cleaning,rated people||post construction cleaning,V2
Rated People,Power Showers and Pump,London,https://www.ratedpeople.com/sitemap/trades/a,alphabetical_trade_sitemap,2026-09-05,Public A-Z trade and skill sitemap.,rated people,power showers and pump,rated people||power showers and pump,V2
Rated People,Radiator,London,https://www.ratedpeople.com/sitemap/trades/a,alphabetical_trade_sitemap,2026-09-05,Public A-Z trade and skill sitemap.,rated people,radiator,rated people||radiator,V2
Rated People,Radiator Covers,London,https://www.ratedpeople.com/sitemap/trades/a,alphabetical_trade_sitemap,2026-09-05,Public A-Z trade and skill sitemap.,rated people,radiator covers,rated people||radiator covers,V2
Rated People,Rated Group,London,https://www.ratedpeople.com/sitemap/trades/a,alphabetical_trade_sitemap,2026-09-05,Public A-Z trade and skill sitemap.,rated people,rated group,rated people||rated group,V2
Rated People,Repeat Garden Maintenance,London,https://www.ratedpeople.com/sitemap/trades/a,alphabetical_trade_sitemap,2026-09-05,Public A-Z trade and skill sitemap.,rated people,repeat garden maintenance,rated people||repeat garden maintenance,V2
Rated People,Repeat Wheelie Bin Clean,London,https://www.ratedpeople.com/sitemap/trades/a,alphabetical_trade_sitemap,2026-09-05,Public A-Z trade and skill sitemap.,rated people,repeat wheelie bin clean,rated people||repeat wheelie bin clean,V2
Rated People,Residential Pest Control,London,https://www.ratedpeople.com/sitemap/trades/a,alphabetical_trade_sitemap,2026-09-05,Public A-Z trade and skill sitemap.,rated people,residential pest control,rated people||residential pest control,V2
Rated People,Resin Driveway,London,https://www.ratedpeople.com/sitemap/trades/a,alphabetical_trade_sitemap,2026-09-05,Public A-Z trade and skill sitemap.,rated people,resin driveway,rated people||resin driveway,V2
Rated People,Roller Shutters - Installation / Repair,London,https://www.ratedpeople.com/sitemap/trades/a,alphabetical_trade_sitemap,2026-09-05,Public A-Z trade and skill sitemap.,rated people,roller shutters - installation repair,rated people||roller shutters - installation repair,V2
Rated People,Roof Cleaning,London,https://www.ratedpeople.com/sitemap/trades/a,alphabetical_trade_sitemap,2026-09-05,Public A-Z trade and skill sitemap.,rated people,roof cleaning,rated people||roof cleaning,V2
Rated People,Roof Insulation,London,https://www.ratedpeople.com/sitemap/trades/a,alphabetical_trade_sitemap,2026-09-05,Public A-Z trade and skill sitemap.,rated people,roof insulation,rated people||roof insulation,V2
Rated People,Scaffolding,London,https://www.ratedpeople.com/sitemap/trades/a,alphabetical_trade_sitemap,2026-09-05,Public A-Z trade and skill sitemap.,rated people,scaffolding,rated people||scaffolding,V2
Rated People,Screeding,London,https://www.ratedpeople.com/sitemap/trades/a,alphabetical_trade_sitemap,2026-09-05,Public A-Z trade and skill sitemap.,rated people,screeding,rated people||screeding,V2
Rated People,Security Fencing,London,https://www.ratedpeople.com/sitemap/trades/a,alphabetical_trade_sitemap,2026-09-05,Public A-Z trade and skill sitemap.,rated people,security fencing,rated people||security fencing,V2
Rated People,Security Gates & Bollard,London,https://www.ratedpeople.com/sitemap/trades/a,alphabetical_trade_sitemap,2026-09-05,Public A-Z trade and skill sitemap.,rated people,security gates and bollard,rated people||security gates and bollard,V2
Rated People,Security Grill,London,https://www.ratedpeople.com/sitemap/trades/a,alphabetical_trade_sitemap,2026-09-05,Public A-Z trade and skill sitemap.,rated people,security grill,rated people||security grill,V2
Rated People,Septic Tanks - Installation / Emptying / Cleaning,London,https://www.ratedpeople.com/sitemap/trades/a,alphabetical_trade_sitemap,2026-09-05,Public A-Z trade and skill sitemap.,rated people,septic tanks - installation emptying cleaning,rated people||septic tanks - installation emptying cleaning,V2
Rated People,Single / Double Glazing,London,https://www.ratedpeople.com/sitemap/trades/a,alphabetical_trade_sitemap,2026-09-05,Public A-Z trade and skill sitemap.,rated people,single double glazing,rated people||single double glazing,V2
Rated People,Skirting Board Installation,London,https://www.ratedpeople.com/sitemap/trades/a,alphabetical_trade_sitemap,2026-09-05,Public A-Z trade and skill sitemap.,rated people,skirting board installation,rated people||skirting board installation,V2
Rated People,Slate & Tiled Roof,London,https://www.ratedpeople.com/sitemap/trades/a,alphabetical_trade_sitemap,2026-09-05,Public A-Z trade and skill sitemap.,rated people,slate and tiled roof,rated people||slate and tiled roof,V2
Rated People,Smoke Alarm - Installation,London,https://www.ratedpeople.com/sitemap/trades/a,alphabetical_trade_sitemap,2026-09-05,Public A-Z trade and skill sitemap.,rated people,smoke alarm - installation,rated people||smoke alarm - installation,V2
Rated People,Soil Irrigation / Drainage,London,https://www.ratedpeople.com/sitemap/trades/a,alphabetical_trade_sitemap,2026-09-05,Public A-Z trade and skill sitemap.,rated people,soil irrigation drainage,rated people||soil irrigation drainage,V2
Rated People,Solar Panel Cleaning & Repair,London,https://www.ratedpeople.com/sitemap/trades/a,alphabetical_trade_sitemap,2026-09-05,Public A-Z trade and skill sitemap.,rated people,solar panel cleaning and repair,rated people||solar panel cleaning and repair,V2
Rated People,Solar Panel Installation,London,https://www.ratedpeople.com/sitemap/trades/a,alphabetical_trade_sitemap,2026-09-05,Public A-Z trade and skill sitemap.,rated people,solar panel installation,rated people||solar panel installation,V2
Rated People,Solid Wood Flooring,London,https://www.ratedpeople.com/sitemap/trades/a,alphabetical_trade_sitemap,2026-09-05,Public A-Z trade and skill sitemap.,rated people,solid wood flooring,rated people||solid wood flooring,V2
Rated People,Sound & Audio Visual Installation,London,https://www.ratedpeople.com/sitemap/trades/a,alphabetical_trade_sitemap,2026-09-05,Public A-Z trade and skill sitemap.,rated people,sound and audio visual installation,rated people||sound and audio visual installation,V2
Rated People,Sound Proofing,London,https://www.ratedpeople.com/sitemap/trades/a,alphabetical_trade_sitemap,2026-09-05,Public A-Z trade and skill sitemap.,rated people,sound proofing,rated people||sound proofing,V2
Rated People,Specialist Removals,London,https://www.ratedpeople.com/sitemap/trades/a,alphabetical_trade_sitemap,2026-09-05,Public A-Z trade and skill sitemap.,rated people,specialist removals,rated people||specialist removals,V2
Rated People,Sprinkler System,London,https://www.ratedpeople.com/sitemap/trades/a,alphabetical_trade_sitemap,2026-09-05,Public A-Z trade and skill sitemap.,rated people,sprinkler system,rated people||sprinkler system,V2
Rated People,Standard Coving,London,https://www.ratedpeople.com/sitemap/trades/a,alphabetical_trade_sitemap,2026-09-05,Public A-Z trade and skill sitemap.,rated people,standard coving,rated people||standard coving,V2
Rated People,Steel Fabrication / Structural steelwork,London,https://www.ratedpeople.com/sitemap/trades/a,alphabetical_trade_sitemap,2026-09-05,Public A-Z trade and skill sitemap.,rated people,steel fabrication structural steelwork,rated people||steel fabrication structural steelwork,V2
Rated People,Stone / Concrete Paving,London,https://www.ratedpeople.com/sitemap/trades/a,alphabetical_trade_sitemap,2026-09-05,Public A-Z trade and skill sitemap.,rated people,stone concrete paving,rated people||stone concrete paving,V2
Rated People,Stonework / Stone Cladding,London,https://www.ratedpeople.com/sitemap/trades/a,alphabetical_trade_sitemap,2026-09-05,Public A-Z trade and skill sitemap.,rated people,stonework stone cladding,rated people||stonework stone cladding,V2
Rated People,Storage,London,https://www.ratedpeople.com/sitemap/trades/a,alphabetical_trade_sitemap,2026-09-05,Public A-Z trade and skill sitemap.,rated people,storage,rated people||storage,V2
Rated People,Stored Gas,London,https://www.ratedpeople.com/sitemap/trades/a,alphabetical_trade_sitemap,2026-09-05,Public A-Z trade and skill sitemap.,rated people,stored gas,rated people||stored gas,V2
Rated People,Stored Oil,London,https://www.ratedpeople.com/sitemap/trades/a,alphabetical_trade_sitemap,2026-09-05,Public A-Z trade and skill sitemap.,rated people,stored oil,rated people||stored oil,V2
Rated People,Stump Grinding,London,https://www.ratedpeople.com/sitemap/trades/a,alphabetical_trade_sitemap,2026-09-05,Public A-Z trade and skill sitemap.,rated people,stump grinding,rated people||stump grinding,V2
Rated People,Suspended Ceiling,London,https://www.ratedpeople.com/sitemap/trades/a,alphabetical_trade_sitemap,2026-09-05,Public A-Z trade and skill sitemap.,rated people,suspended ceiling,rated people||suspended ceiling,V2
Rated People,Swimming Pool Design,London,https://www.ratedpeople.com/sitemap/trades/a,alphabetical_trade_sitemap,2026-09-05,Public A-Z trade and skill sitemap.,rated people,swimming pool design,rated people||swimming pool design,V2
Rated People,Swimming Pool Installation,London,https://www.ratedpeople.com/sitemap/trades/a,alphabetical_trade_sitemap,2026-09-05,Public A-Z trade and skill sitemap.,rated people,swimming pool installation,rated people||swimming pool installation,V2
Rated People,Swimming Pool Maintenance,London,https://www.ratedpeople.com/sitemap/trades/a,alphabetical_trade_sitemap,2026-09-05,Public A-Z trade and skill sitemap.,rated people,swimming pool maintenance,rated people||swimming pool maintenance,V2
Rated People,Tarmac Driveway,London,https://www.ratedpeople.com/sitemap/trades/a,alphabetical_trade_sitemap,2026-09-05,Public A-Z trade and skill sitemap.,rated people,tarmac driveway,rated people||tarmac driveway,V2
Rated People,Testimonials,London,https://www.ratedpeople.com/sitemap/trades/a,alphabetical_trade_sitemap,2026-09-05,Public A-Z trade and skill sitemap.,rated people,testimonials,rated people||testimonials,V2
Rated People,Thatched Roof,London,https://www.ratedpeople.com/sitemap/trades/a,alphabetical_trade_sitemap,2026-09-05,Public A-Z trade and skill sitemap.,rated people,thatched roof,rated people||thatched roof,V2
Rated People,Thermal Insulation,London,https://www.ratedpeople.com/sitemap/trades/a,alphabetical_trade_sitemap,2026-09-05,Public A-Z trade and skill sitemap.,rated people,thermal insulation,rated people||thermal insulation,V2
Rated People,"Timber Preservation, Woodworm & Rot",London,https://www.ratedpeople.com/sitemap/trades/a,alphabetical_trade_sitemap,2026-09-05,Public A-Z trade and skill sitemap.,rated people,timber preservation woodworm and rot,rated people||timber preservation woodworm and rot,V2
Rated People,Tree Felling,London,https://www.ratedpeople.com/sitemap/trades/a,alphabetical_trade_sitemap,2026-09-05,Public A-Z trade and skill sitemap.,rated people,tree felling,rated people||tree felling,V2
Rated People,Tree Surgery / Consultancy,London,https://www.ratedpeople.com/sitemap/trades/a,alphabetical_trade_sitemap,2026-09-05,Public A-Z trade and skill sitemap.,rated people,tree surgery consultancy,rated people||tree surgery consultancy,V2
Rated People,User agreement,London,https://www.ratedpeople.com/sitemap/trades/a,alphabetical_trade_sitemap,2026-09-05,Public A-Z trade and skill sitemap.,rated people,user agreement,rated people||user agreement,V2
Rated People,Velux / Skylight Window,London,https://www.ratedpeople.com/sitemap/trades/a,alphabetical_trade_sitemap,2026-09-05,Public A-Z trade and skill sitemap.,rated people,velux skylight window,rated people||velux skylight window,V2
Rated People,Vinyl Flooring,London,https://www.ratedpeople.com/sitemap/trades/a,alphabetical_trade_sitemap,2026-09-05,Public A-Z trade and skill sitemap.,rated people,vinyl flooring,rated people||vinyl flooring,V2
Rated People,Wall Murals / Paint Effects,London,https://www.ratedpeople.com/sitemap/trades/a,alphabetical_trade_sitemap,2026-09-05,Public A-Z trade and skill sitemap.,rated people,wall murals paint effects,rated people||wall murals paint effects,V2
Rated People,Wall Tiling,London,https://www.ratedpeople.com/sitemap/trades/a,alphabetical_trade_sitemap,2026-09-05,Public A-Z trade and skill sitemap.,rated people,wall tiling,rated people||wall tiling,V2
Rated People,Waste Removal,London,https://www.ratedpeople.com/sitemap/trades/a,alphabetical_trade_sitemap,2026-09-05,Public A-Z trade and skill sitemap.,rated people,waste removal,rated people||waste removal,V2
Rated People,Water Tanks and Immersion Heater,London,https://www.ratedpeople.com/sitemap/trades/a,alphabetical_trade_sitemap,2026-09-05,Public A-Z trade and skill sitemap.,rated people,water tanks and immersion heater,rated people||water tanks and immersion heater,V2
Rated People,Water Underfloor Heating,London,https://www.ratedpeople.com/sitemap/trades/a,alphabetical_trade_sitemap,2026-09-05,Public A-Z trade and skill sitemap.,rated people,water underfloor heating,rated people||water underfloor heating,V2
Rated People,Wet Room Installation,London,https://www.ratedpeople.com/sitemap/trades/a,alphabetical_trade_sitemap,2026-09-05,Public A-Z trade and skill sitemap.,rated people,wet room installation,rated people||wet room installation,V2
Rated People,Whole Internal Refurbishment,London,https://www.ratedpeople.com/sitemap/trades/a,alphabetical_trade_sitemap,2026-09-05,Public A-Z trade and skill sitemap.,rated people,whole internal refurbishment,rated people||whole internal refurbishment,V2
Rated People,Window Cleaning,London,https://www.ratedpeople.com/sitemap/trades/a,alphabetical_trade_sitemap,2026-09-05,Public A-Z trade and skill sitemap.,rated people,window cleaning,rated people||window cleaning,V2
Rated People,Wood Floor Sanding / Staining,London,https://www.ratedpeople.com/sitemap/trades/a,alphabetical_trade_sitemap,2026-09-05,Public A-Z trade and skill sitemap.,rated people,wood floor sanding staining,rated people||wood floor sanding staining,V2
Rated People,Wooden / Metal / Wire Fences,London,https://www.ratedpeople.com/sitemap/trades/a,alphabetical_trade_sitemap,2026-09-05,Public A-Z trade and skill sitemap.,rated people,wooden metal wire fences,rated people||wooden metal wire fences,V2
Rated People,Wooden / Metal Gates,London,https://www.ratedpeople.com/sitemap/trades/a,alphabetical_trade_sitemap,2026-09-05,Public A-Z trade and skill sitemap.,rated people,wooden metal gates,rated people||wooden metal gates,V2
Rated People,Wooden Casement Window,London,https://www.ratedpeople.com/sitemap/trades/a,alphabetical_trade_sitemap,2026-09-05,Public A-Z trade and skill sitemap.,rated people,wooden casement window,rated people||wooden casement window,V2
Rated People,Wooden Cladding /Fascias/ Soffits,London,https://www.ratedpeople.com/sitemap/trades/a,alphabetical_trade_sitemap,2026-09-05,Public A-Z trade and skill sitemap.,rated people,wooden cladding fascias soffits,rated people||wooden cladding fascias soffits,V2
Rated People,Wooden Decking,London,https://www.ratedpeople.com/sitemap/trades/a,alphabetical_trade_sitemap,2026-09-05,Public A-Z trade and skill sitemap.,rated people,wooden decking,rated people||wooden decking,V2
Rated People,Wooden Doors - External,London,https://www.ratedpeople.com/sitemap/trades/a,alphabetical_trade_sitemap,2026-09-05,Public A-Z trade and skill sitemap.,rated people,wooden doors - external,rated people||wooden doors - external,V2
Rated People,Wooden Doors - Internal,London,https://www.ratedpeople.com/sitemap/trades/a,alphabetical_trade_sitemap,2026-09-05,Public A-Z trade and skill sitemap.,rated people,wooden doors - internal,rated people||wooden doors - internal,V2
Rated People,Wooden Sash Window,London,https://www.ratedpeople.com/sitemap/trades/a,alphabetical_trade_sitemap,2026-09-05,Public A-Z trade and skill sitemap.,rated people,wooden sash window,rated people||wooden sash window,V2
Rated People,Wooden Shutter,London,https://www.ratedpeople.com/sitemap/trades/a,alphabetical_trade_sitemap,2026-09-05,Public A-Z trade and skill sitemap.,rated people,wooden shutter,rated people||wooden shutter,V2
Rated People,Wooden Staircases,London,https://www.ratedpeople.com/sitemap/trades/a,alphabetical_trade_sitemap,2026-09-05,Public A-Z trade and skill sitemap.,rated people,wooden staircases,rated people||wooden staircases,V2
Rated People,Zinc / Metal Roof,London,https://www.ratedpeople.com/sitemap/trades/a,alphabetical_trade_sitemap,2026-09-05,Public A-Z trade and skill sitemap.,rated people,zinc metal roof,rated people||zinc metal roof,V2
Bark,Academic Lessons,London,https://www.bark.com/en/gb/services/,all_services_page,2026-09-05,Bark UK Explore All Services page.,bark,academic lessons,bark||academic lessons,V2
Bark,Accounting,London,https://www.bark.com/en/gb/services/,all_services_page,2026-09-05,Bark UK Explore All Services page.,bark,accounting,bark||accounting,V2
Bark,Advertising and Media Buying,London,https://www.bark.com/en/gb/services/,all_services_page,2026-09-05,Bark UK Explore All Services page.,bark,advertising and media buying,bark||advertising and media buying,V2
Bark,"Aerial, Home Cinema & Networking",London,https://www.bark.com/en/gb/services/,all_services_page,2026-09-05,Bark UK Explore All Services page.,bark,aerial home cinema and networking,bark||aerial home cinema and networking,V2
Bark,Affiliates,London,https://www.bark.com/en/gb/services/,all_services_page,2026-09-05,Bark UK Explore All Services page.,bark,affiliates,bark||affiliates,V2
Bark,"Architects, Surveyors & Planners",London,https://www.bark.com/en/gb/services/,all_services_page,2026-09-05,Bark UK Explore All Services page.,bark,architects surveyors and planners,bark||architects surveyors and planners,V2
Bark,Bathroom Installation & Remodel,London,https://www.bark.com/en/gb/services/,all_services_page,2026-09-05,Bark UK Explore All Services page.,bark,bathroom installation and remodel,bark||bathroom installation and remodel,V2
Bark,Bookkeeping Services,London,https://www.bark.com/en/gb/services/,all_services_page,2026-09-05,Bark UK Explore All Services page.,bark,bookkeeping services,bark||bookkeeping services,V2
Bark,Business Consulting,London,https://www.bark.com/en/gb/services/,all_services_page,2026-09-05,Bark UK Explore All Services page.,bark,business consulting,bark||business consulting,V2
Bark,Catering,London,https://www.bark.com/en/gb/services/,all_services_page,2026-09-05,Bark UK Explore All Services page.,bark,catering,bark||catering,V2
Bark,Commercial & Office Cleaning,London,https://www.bark.com/en/gb/services/,all_services_page,2026-09-05,Bark UK Explore All Services page.,bark,commercial and office cleaning,bark||commercial and office cleaning,V2
Bark,Copywriting Services,London,https://www.bark.com/en/gb/services/,all_services_page,2026-09-05,Bark UK Explore All Services page.,bark,copywriting services,bark||copywriting services,V2
Bark,Crafts,London,https://www.bark.com/en/gb/services/,all_services_page,2026-09-05,Bark UK Explore All Services page.,bark,crafts,bark||crafts,V2
Bark,Design & Web,London,https://www.bark.com/en/gb/services/,all_services_page,2026-09-05,Bark UK Explore All Services page.,bark,design and web,bark||design and web,V2
Bark,Development and Software,London,https://www.bark.com/en/gb/services/,all_services_page,2026-09-05,Bark UK Explore All Services page.,bark,development and software,bark||development and software,V2
Bark,DJ,London,https://www.bark.com/en/gb/services/,all_services_page,2026-09-05,Bark UK Explore All Services page.,bark,dj,bark||dj,V2
Bark,Dog Training,London,https://www.bark.com/en/gb/services/,all_services_page,2026-09-05,Bark UK Explore All Services page.,bark,dog training,bark||dog training,V2
Bark,Dog Walking,London,https://www.bark.com/en/gb/services/,all_services_page,2026-09-05,Bark UK Explore All Services page.,bark,dog walking,bark||dog walking,V2
Bark,Electrical & Lighting,London,https://www.bark.com/en/gb/services/,all_services_page,2026-09-05,Bark UK Explore All Services page.,bark,electrical and lighting,bark||electrical and lighting,V2
Bark,Electricians,London,https://www.bark.com/en/gb/services/,all_services_page,2026-09-05,Bark UK Explore All Services page.,bark,electricians,bark||electricians,V2
Bark,Employment Law,London,https://www.bark.com/en/gb/services/,all_services_page,2026-09-05,Bark UK Explore All Services page.,bark,employment law,bark||employment law,V2
Bark,End of Tenancy Cleaning,London,https://www.bark.com/en/gb/services/,all_services_page,2026-09-05,Bark UK Explore All Services page.,bark,end of tenancy cleaning,bark||end of tenancy cleaning,V2
Bark,Entertainment,London,https://www.bark.com/en/gb/services/,all_services_page,2026-09-05,Bark UK Explore All Services page.,bark,entertainment,bark||entertainment,V2
Bark,Gardening,London,https://www.bark.com/en/gb/services/,all_services_page,2026-09-05,Bark UK Explore All Services page.,bark,gardening,bark||gardening,V2
Bark,Gardening & Landscaping,London,https://www.bark.com/en/gb/services/,all_services_page,2026-09-05,Bark UK Explore All Services page.,bark,gardening and landscaping,bark||gardening and landscaping,V2
Bark,General Accounting,London,https://www.bark.com/en/gb/services/,all_services_page,2026-09-05,Bark UK Explore All Services page.,bark,general accounting,bark||general accounting,V2
Bark,General Builders,London,https://www.bark.com/en/gb/services/,all_services_page,2026-09-05,Bark UK Explore All Services page.,bark,general builders,bark||general builders,V2
Bark,General Photography,London,https://www.bark.com/en/gb/services/,all_services_page,2026-09-05,Bark UK Explore All Services page.,bark,general photography,bark||general photography,V2
Bark,General Plumbing,London,https://www.bark.com/en/gb/services/,all_services_page,2026-09-05,Bark UK Explore All Services page.,bark,general plumbing,bark||general plumbing,V2
Bark,Health and Wellness,London,https://www.bark.com/en/gb/services/,all_services_page,2026-09-05,Bark UK Explore All Services page.,bark,health and wellness,bark||health and wellness,V2
Bark,"Heating, Hot Water & Air Conditioning",London,https://www.bark.com/en/gb/services/,all_services_page,2026-09-05,Bark UK Explore All Services page.,bark,heating hot water and air conditioning,bark||heating hot water and air conditioning,V2
Bark,Home & Domiciliary Care,London,https://www.bark.com/en/gb/services/,all_services_page,2026-09-05,Bark UK Explore All Services page.,bark,home and domiciliary care,bark||home and domiciliary care,V2
Bark,House Cleaning,London,https://www.bark.com/en/gb/services/,all_services_page,2026-09-05,Bark UK Explore All Services page.,bark,house cleaning,bark||house cleaning,V2
Bark,How it works,London,https://www.bark.com/en/gb/services/,all_services_page,2026-09-05,Bark UK Explore All Services page.,bark,how it works,bark||how it works,V2
Bark,Landscaping,London,https://www.bark.com/en/gb/services/,all_services_page,2026-09-05,Bark UK Explore All Services page.,bark,landscaping,bark||landscaping,V2
Bark,Language Classes,London,https://www.bark.com/en/gb/services/,all_services_page,2026-09-05,Bark UK Explore All Services page.,bark,language classes,bark||language classes,V2
Bark,"Locksmith, Security & Fire Safety",London,https://www.bark.com/en/gb/services/,all_services_page,2026-09-05,Bark UK Explore All Services page.,bark,locksmith security and fire safety,bark||locksmith security and fire safety,V2
Bark,Mobile App,London,https://www.bark.com/en/gb/services/,all_services_page,2026-09-05,Bark UK Explore All Services page.,bark,mobile app,bark||mobile app,V2
Bark,Music Services,London,https://www.bark.com/en/gb/services/,all_services_page,2026-09-05,Bark UK Explore All Services page.,bark,music services,bark||music services,V2
Bark,Occupational Lessons,London,https://www.bark.com/en/gb/services/,all_services_page,2026-09-05,Bark UK Explore All Services page.,bark,occupational lessons,bark||occupational lessons,V2
Bark,Painting & Decoration - Interior,London,https://www.bark.com/en/gb/services/,all_services_page,2026-09-05,Bark UK Explore All Services page.,bark,painting and decoration - interior,bark||painting and decoration - interior,V2
Bark,Performance Arts Lessons,London,https://www.bark.com/en/gb/services/,all_services_page,2026-09-05,Bark UK Explore All Services page.,bark,performance arts lessons,bark||performance arts lessons,V2
Bark,Personal Trainers,London,https://www.bark.com/en/gb/services/,all_services_page,2026-09-05,Bark UK Explore All Services page.,bark,personal trainers,bark||personal trainers,V2
Bark,Photography Services,London,https://www.bark.com/en/gb/services/,all_services_page,2026-09-05,Bark UK Explore All Services page.,bark,photography services,bark||photography services,V2
Bark,Plumbing & Drainage,London,https://www.bark.com/en/gb/services/,all_services_page,2026-09-05,Bark UK Explore All Services page.,bark,plumbing and drainage,bark||plumbing and drainage,V2
Bark,Private Doctors,London,https://www.bark.com/en/gb/services/,all_services_page,2026-09-05,Bark UK Explore All Services page.,bark,private doctors,bark||private doctors,V2
Bark,Production,London,https://www.bark.com/en/gb/services/,all_services_page,2026-09-05,Bark UK Explore All Services page.,bark,production,bark||production,V2
Bark,Property Extensions,London,https://www.bark.com/en/gb/services/,all_services_page,2026-09-05,Bark UK Explore All Services page.,bark,property extensions,bark||property extensions,V2
Bark,Recreational Lessons,London,https://www.bark.com/en/gb/services/,all_services_page,2026-09-05,Bark UK Explore All Services page.,bark,recreational lessons,bark||recreational lessons,V2
Bark,Repair & Technical Support,London,https://www.bark.com/en/gb/services/,all_services_page,2026-09-05,Bark UK Explore All Services page.,bark,repair and technical support,bark||repair and technical support,V2
Bark,Roof Repair,London,https://www.bark.com/en/gb/services/,all_services_page,2026-09-05,Bark UK Explore All Services page.,bark,roof repair,bark||roof repair,V2
Bark,Roofing Installation or Replacement,London,https://www.bark.com/en/gb/services/,all_services_page,2026-09-05,Bark UK Explore All Services page.,bark,roofing installation or replacement,bark||roofing installation or replacement,V2
Bark,Security Guard Services,London,https://www.bark.com/en/gb/services/,all_services_page,2026-09-05,Bark UK Explore All Services page.,bark,security guard services,bark||security guard services,V2
Bark,Social Media Marketing,London,https://www.bark.com/en/gb/services/,all_services_page,2026-09-05,Bark UK Explore All Services page.,bark,social media marketing,bark||social media marketing,V2
Bark,Specialist Tradesmen,London,https://www.bark.com/en/gb/services/,all_services_page,2026-09-05,Bark UK Explore All Services page.,bark,specialist tradesmen,bark||specialist tradesmen,V2
Bark,Structural Engineer,London,https://www.bark.com/en/gb/services/,all_services_page,2026-09-05,Bark UK Explore All Services page.,bark,structural engineer,bark||structural engineer,V2
Bark,Swimming Pools & Hot Tubs,London,https://www.bark.com/en/gb/services/,all_services_page,2026-09-05,Bark UK Explore All Services page.,bark,swimming pools and hot tubs,bark||swimming pools and hot tubs,V2
Bark,Therapist,London,https://www.bark.com/en/gb/services/,all_services_page,2026-09-05,Bark UK Explore All Services page.,bark,therapist,bark||therapist,V2
Bark,Transport,London,https://www.bark.com/en/gb/services/,all_services_page,2026-09-05,Bark UK Explore All Services page.,bark,transport,bark||transport,V2
Bark,Tree Surgery & Removal,London,https://www.bark.com/en/gb/services/,all_services_page,2026-09-05,Bark UK Explore All Services page.,bark,tree surgery and removal,bark||tree surgery and removal,V2
Bark,Web Design,London,https://www.bark.com/en/gb/services/,all_services_page,2026-09-05,Bark UK Explore All Services page.,bark,web design,bark||web design,V2
Bark,"Writing, Translation and Transcription",London,https://www.bark.com/en/gb/services/,all_services_page,2026-09-05,Bark UK Explore All Services page.,bark,writing translation and transcription,bark||writing translation and transcription,V2
Airtasker,Accounting,London,https://www.airtasker.com/uk/services/,all_services_page,2026-09-05,Airtasker UK service taxonomy.,airtasker,accounting,airtasker||accounting,V2
Airtasker,Accounting Tutor,London,https://www.airtasker.com/uk/services/,all_services_page,2026-09-05,Airtasker UK service taxonomy.,airtasker,accounting tutor,airtasker||accounting tutor,V2
Airtasker,Acrylic Worktop Installation,London,https://www.airtasker.com/uk/services/,all_services_page,2026-09-05,Airtasker UK service taxonomy.,airtasker,acrylic worktop installation,airtasker||acrylic worktop installation,V2
Airtasker,Acting Lessons,London,https://www.airtasker.com/uk/services/,all_services_page,2026-09-05,Airtasker UK service taxonomy.,airtasker,acting lessons,airtasker||acting lessons,V2
Airtasker,Acupuncture,London,https://www.airtasker.com/uk/services/,all_services_page,2026-09-05,Airtasker UK service taxonomy.,airtasker,acupuncture,airtasker||acupuncture,V2
Airtasker,Admin,London,https://www.airtasker.com/uk/services/,all_services_page,2026-09-05,Airtasker UK service taxonomy.,airtasker,admin,airtasker||admin,V2
Airtasker,Adobe Photoshop Designer,London,https://www.airtasker.com/uk/services/,all_services_page,2026-09-05,Airtasker UK service taxonomy.,airtasker,adobe photoshop designer,airtasker||adobe photoshop designer,V2
Airtasker,Adult Swimming Lessons,London,https://www.airtasker.com/uk/services/,all_services_page,2026-09-05,Airtasker UK service taxonomy.,airtasker,adult swimming lessons,airtasker||adult swimming lessons,V2
Airtasker,Advertising,London,https://www.airtasker.com/uk/services/,all_services_page,2026-09-05,Airtasker UK service taxonomy.,airtasker,advertising,airtasker||advertising,V2
Airtasker,Aerial and Drone Photographers,London,https://www.airtasker.com/uk/services/,all_services_page,2026-09-05,Airtasker UK service taxonomy.,airtasker,aerial and drone photographers,airtasker||aerial and drone photographers,V2
Airtasker,Aerobics Classes,London,https://www.airtasker.com/uk/services/,all_services_page,2026-09-05,Airtasker UK service taxonomy.,airtasker,aerobics classes,airtasker||aerobics classes,V2
Airtasker,Afro Barbers,London,https://www.airtasker.com/uk/services/,all_services_page,2026-09-05,Airtasker UK service taxonomy.,airtasker,afro barbers,airtasker||afro barbers,V2
Airtasker,After Builders Cleaning,London,https://www.airtasker.com/uk/services/,all_services_page,2026-09-05,Airtasker UK service taxonomy.,airtasker,after builders cleaning,airtasker||after builders cleaning,V2
Airtasker,After School Care & Pick Up,London,https://www.airtasker.com/uk/services/,all_services_page,2026-09-05,Airtasker UK service taxonomy.,airtasker,after school care and pick up,airtasker||after school care and pick up,V2
Airtasker,Aged Care,London,https://www.airtasker.com/uk/services/,all_services_page,2026-09-05,Airtasker UK service taxonomy.,airtasker,aged care,airtasker||aged care,V2
Airtasker,Air Source Heat Pump Installation & Repairs,London,https://www.airtasker.com/uk/services/,all_services_page,2026-09-05,Airtasker UK service taxonomy.,airtasker,air source heat pump installation and repairs,airtasker||air source heat pump installation and repairs,V2
Airtasker,Airbnb Cleaning,London,https://www.airtasker.com/uk/services/,all_services_page,2026-09-05,Airtasker UK service taxonomy.,airtasker,airbnb cleaning,airtasker||airbnb cleaning,V2
Airtasker,Aircon Cleaning,London,https://www.airtasker.com/uk/services/,all_services_page,2026-09-05,Airtasker UK service taxonomy.,airtasker,aircon cleaning,airtasker||aircon cleaning,V2
Airtasker,Aircon Installation,London,https://www.airtasker.com/uk/services/,all_services_page,2026-09-05,Airtasker UK service taxonomy.,airtasker,aircon installation,airtasker||aircon installation,V2
Airtasker,Aircon Repair,London,https://www.airtasker.com/uk/services/,all_services_page,2026-09-05,Airtasker UK service taxonomy.,airtasker,aircon repair,airtasker||aircon repair,V2
Airtasker,Alarm Servicing,London,https://www.airtasker.com/uk/services/,all_services_page,2026-09-05,Airtasker UK service taxonomy.,airtasker,alarm servicing,airtasker||alarm servicing,V2
Airtasker,Alcohol Counselling,London,https://www.airtasker.com/uk/services/,all_services_page,2026-09-05,Airtasker UK service taxonomy.,airtasker,alcohol counselling,airtasker||alcohol counselling,V2
Airtasker,Aldi Grocery Delivery,London,https://www.airtasker.com/uk/services/,all_services_page,2026-09-05,Airtasker UK service taxonomy.,airtasker,aldi grocery delivery,airtasker||aldi grocery delivery,V2
Airtasker,Alfa Romeo Service,London,https://www.airtasker.com/uk/services/,all_services_page,2026-09-05,Airtasker UK service taxonomy.,airtasker,alfa romeo service,airtasker||alfa romeo service,V2
Airtasker,Alloy Wheel Repair,London,https://www.airtasker.com/uk/services/,all_services_page,2026-09-05,Airtasker UK service taxonomy.,airtasker,alloy wheel repair,airtasker||alloy wheel repair,V2
Airtasker,Alterations,London,https://www.airtasker.com/uk/services/,all_services_page,2026-09-05,Airtasker UK service taxonomy.,airtasker,alterations,airtasker||alterations,V2
Airtasker,Alternator Repair,London,https://www.airtasker.com/uk/services/,all_services_page,2026-09-05,Airtasker UK service taxonomy.,airtasker,alternator repair,airtasker||alternator repair,V2
Airtasker,Alternator Replacement,London,https://www.airtasker.com/uk/services/,all_services_page,2026-09-05,Airtasker UK service taxonomy.,airtasker,alternator replacement,airtasker||alternator replacement,V2
Airtasker,Aluminium Fencing,London,https://www.airtasker.com/uk/services/,all_services_page,2026-09-05,Airtasker UK service taxonomy.,airtasker,aluminium fencing,airtasker||aluminium fencing,V2
Airtasker,Aluminium Gutters,London,https://www.airtasker.com/uk/services/,all_services_page,2026-09-05,Airtasker UK service taxonomy.,airtasker,aluminium gutters,airtasker||aluminium gutters,V2
Airtasker,Amplifier Repair,London,https://www.airtasker.com/uk/services/,all_services_page,2026-09-05,Airtasker UK service taxonomy.,airtasker,amplifier repair,airtasker||amplifier repair,V2
Airtasker,Android App Development,London,https://www.airtasker.com/uk/services/,all_services_page,2026-09-05,Airtasker UK service taxonomy.,airtasker,android app development,airtasker||android app development,V2
Airtasker,Anger Management Therapy,London,https://www.airtasker.com/uk/services/,all_services_page,2026-09-05,Airtasker UK service taxonomy.,airtasker,anger management therapy,airtasker||anger management therapy,V2
Airtasker,Antenna Installation,London,https://www.airtasker.com/uk/services/,all_services_page,2026-09-05,Airtasker UK service taxonomy.,airtasker,antenna installation,airtasker||antenna installation,V2
Airtasker,Anxiety Counselling,London,https://www.airtasker.com/uk/services/,all_services_page,2026-09-05,Airtasker UK service taxonomy.,airtasker,anxiety counselling,airtasker||anxiety counselling,V2
Airtasker,Apartment Cleaning,London,https://www.airtasker.com/uk/services/,all_services_page,2026-09-05,Airtasker UK service taxonomy.,airtasker,apartment cleaning,airtasker||apartment cleaning,V2
Airtasker,Apartment Painting,London,https://www.airtasker.com/uk/services/,all_services_page,2026-09-05,Airtasker UK service taxonomy.,airtasker,apartment painting,airtasker||apartment painting,V2
Airtasker,App Development,London,https://www.airtasker.com/uk/services/,all_services_page,2026-09-05,Airtasker UK service taxonomy.,airtasker,app development,airtasker||app development,V2
Airtasker,Apple Help,London,https://www.airtasker.com/uk/services/,all_services_page,2026-09-05,Airtasker UK service taxonomy.,airtasker,apple help,airtasker||apple help,V2
Airtasker,Apple Mac Repairs,London,https://www.airtasker.com/uk/services/,all_services_page,2026-09-05,Airtasker UK service taxonomy.,airtasker,apple mac repairs,airtasker||apple mac repairs,V2
Airtasker,Apple TV Setup,London,https://www.airtasker.com/uk/services/,all_services_page,2026-09-05,Airtasker UK service taxonomy.,airtasker,apple tv setup,airtasker||apple tv setup,V2
Airtasker,Appliance Installation,London,https://www.airtasker.com/uk/services/,all_services_page,2026-09-05,Airtasker UK service taxonomy.,airtasker,appliance installation,airtasker||appliance installation,V2
Airtasker,Appliance Removal and Disposal,London,https://www.airtasker.com/uk/services/,all_services_page,2026-09-05,Airtasker UK service taxonomy.,airtasker,appliance removal and disposal,airtasker||appliance removal and disposal,V2
Airtasker,Appliance Removals,London,https://www.airtasker.com/uk/services/,all_services_page,2026-09-05,Airtasker UK service taxonomy.,airtasker,appliance removals,airtasker||appliance removals,V2
Airtasker,Appliance Repair,London,https://www.airtasker.com/uk/services/,all_services_page,2026-09-05,Airtasker UK service taxonomy.,airtasker,appliance repair,airtasker||appliance repair,V2
Airtasker,Appliances,London,https://www.airtasker.com/uk/services/,all_services_page,2026-09-05,Airtasker UK service taxonomy.,airtasker,appliances,airtasker||appliances,V2
Airtasker,Aquarium Maintenance,London,https://www.airtasker.com/uk/services/,all_services_page,2026-09-05,Airtasker UK service taxonomy.,airtasker,aquarium maintenance,airtasker||aquarium maintenance,V2
Airtasker,Arabic Lessons,London,https://www.airtasker.com/uk/services/,all_services_page,2026-09-05,Airtasker UK service taxonomy.,airtasker,arabic lessons,airtasker||arabic lessons,V2
Airtasker,Arborist,London,https://www.airtasker.com/uk/services/,all_services_page,2026-09-05,Airtasker UK service taxonomy.,airtasker,arborist,airtasker||arborist,V2
Airtasker,Archery Lessons,London,https://www.airtasker.com/uk/services/,all_services_page,2026-09-05,Airtasker UK service taxonomy.,airtasker,archery lessons,airtasker||archery lessons,V2
Airtasker,Architects,London,https://www.airtasker.com/uk/services/,all_services_page,2026-09-05,Airtasker UK service taxonomy.,airtasker,architects,airtasker||architects,V2
Airtasker,Architectural Rendering & Visualisation,London,https://www.airtasker.com/uk/services/,all_services_page,2026-09-05,Airtasker UK service taxonomy.,airtasker,architectural rendering and visualisation,airtasker||architectural rendering and visualisation,V2
Airtasker,Argos Furniture Assembly,London,https://www.airtasker.com/uk/services/,all_services_page,2026-09-05,Airtasker UK service taxonomy.,airtasker,argos furniture assembly,airtasker||argos furniture assembly,V2
Airtasker,Art Removals,London,https://www.airtasker.com/uk/services/,all_services_page,2026-09-05,Airtasker UK service taxonomy.,airtasker,art removals,airtasker||art removals,V2
Airtasker,Art Therapy,London,https://www.airtasker.com/uk/services/,all_services_page,2026-09-05,Airtasker UK service taxonomy.,airtasker,art therapy,airtasker||art therapy,V2
Airtasker,Art Tutor,London,https://www.airtasker.com/uk/services/,all_services_page,2026-09-05,Airtasker UK service taxonomy.,airtasker,art tutor,airtasker||art tutor,V2
Airtasker,Article Writing,London,https://www.airtasker.com/uk/services/,all_services_page,2026-09-05,Airtasker UK service taxonomy.,airtasker,article writing,airtasker||article writing,V2
Airtasker,Artisan Baker,London,https://www.airtasker.com/uk/services/,all_services_page,2026-09-05,Airtasker UK service taxonomy.,airtasker,artisan baker,airtasker||artisan baker,V2
Airtasker,Asbestos Removal,London,https://www.airtasker.com/uk/services/,all_services_page,2026-09-05,Airtasker UK service taxonomy.,airtasker,asbestos removal,airtasker||asbestos removal,V2
Airtasker,Assembly,London,https://www.airtasker.com/uk/services/,all_services_page,2026-09-05,Airtasker UK service taxonomy.,airtasker,assembly,airtasker||assembly,V2
Airtasker,At Home Personal Training,London,https://www.airtasker.com/uk/services/,all_services_page,2026-09-05,Airtasker UK service taxonomy.,airtasker,at home personal training,airtasker||at home personal training,V2
Airtasker,Attic Cleaning,London,https://www.airtasker.com/uk/services/,all_services_page,2026-09-05,Airtasker UK service taxonomy.,airtasker,attic cleaning,airtasker||attic cleaning,V2
Airtasker,Attic Ladder Installation,London,https://www.airtasker.com/uk/services/,all_services_page,2026-09-05,Airtasker UK service taxonomy.,airtasker,attic ladder installation,airtasker||attic ladder installation,V2
Airtasker,Audi Service,London,https://www.airtasker.com/uk/services/,all_services_page,2026-09-05,Airtasker UK service taxonomy.,airtasker,audi service,airtasker||audi service,V2
Airtasker,Audio Visual,London,https://www.airtasker.com/uk/services/,all_services_page,2026-09-05,Airtasker UK service taxonomy.,airtasker,audio visual,airtasker||audio visual,V2
Airtasker,Auto Electrician,London,https://www.airtasker.com/uk/services/,all_services_page,2026-09-05,Airtasker UK service taxonomy.,airtasker,auto electrician,airtasker||auto electrician,V2
Airtasker,Auto Electricians,London,https://www.airtasker.com/uk/services/,all_services_page,2026-09-05,Airtasker UK service taxonomy.,airtasker,auto electricians,airtasker||auto electricians,V2
Airtasker,AutoCAD Designer,London,https://www.airtasker.com/uk/services/,all_services_page,2026-09-05,Airtasker UK service taxonomy.,airtasker,autocad designer,airtasker||autocad designer,V2
Airtasker,Awning,London,https://www.airtasker.com/uk/services/,all_services_page,2026-09-05,Airtasker UK service taxonomy.,airtasker,awning,airtasker||awning,V2
Airtasker,Awning Repair,London,https://www.airtasker.com/uk/services/,all_services_page,2026-09-05,Airtasker UK service taxonomy.,airtasker,awning repair,airtasker||awning repair,V2
Airtasker,Baby Gift Delivery,London,https://www.airtasker.com/uk/services/,all_services_page,2026-09-05,Airtasker UK service taxonomy.,airtasker,baby gift delivery,airtasker||baby gift delivery,V2
Airtasker,Baby Proofing,London,https://www.airtasker.com/uk/services/,all_services_page,2026-09-05,Airtasker UK service taxonomy.,airtasker,baby proofing,airtasker||baby proofing,V2
Airtasker,Babysitter,London,https://www.airtasker.com/uk/services/,all_services_page,2026-09-05,Airtasker UK service taxonomy.,airtasker,babysitter,airtasker||babysitter,V2
Airtasker,Backhoeing,London,https://www.airtasker.com/uk/services/,all_services_page,2026-09-05,Airtasker UK service taxonomy.,airtasker,backhoeing,airtasker||backhoeing,V2
Airtasker,Bagpipe Lessons,London,https://www.airtasker.com/uk/services/,all_services_page,2026-09-05,Airtasker UK service taxonomy.,airtasker,bagpipe lessons,airtasker||bagpipe lessons,V2
Airtasker,Bagpiper,London,https://www.airtasker.com/uk/services/,all_services_page,2026-09-05,Airtasker UK service taxonomy.,airtasker,bagpiper,airtasker||bagpiper,V2
Airtasker,Bakers,London,https://www.airtasker.com/uk/services/,all_services_page,2026-09-05,Airtasker UK service taxonomy.,airtasker,bakers,airtasker||bakers,V2
Airtasker,Baking Lessons,London,https://www.airtasker.com/uk/services/,all_services_page,2026-09-05,Airtasker UK service taxonomy.,airtasker,baking lessons,airtasker||baking lessons,V2
Airtasker,Balcony Cleaning,London,https://www.airtasker.com/uk/services/,all_services_page,2026-09-05,Airtasker UK service taxonomy.,airtasker,balcony cleaning,airtasker||balcony cleaning,V2
Airtasker,Ballet Lessons,London,https://www.airtasker.com/uk/services/,all_services_page,2026-09-05,Airtasker UK service taxonomy.,airtasker,ballet lessons,airtasker||ballet lessons,V2
Airtasker,Balloon Artist,London,https://www.airtasker.com/uk/services/,all_services_page,2026-09-05,Airtasker UK service taxonomy.,airtasker,balloon artist,airtasker||balloon artist,V2
Airtasker,Balloon Decorators,London,https://www.airtasker.com/uk/services/,all_services_page,2026-09-05,Airtasker UK service taxonomy.,airtasker,balloon decorators,airtasker||balloon decorators,V2
Airtasker,Balloon Delivery,London,https://www.airtasker.com/uk/services/,all_services_page,2026-09-05,Airtasker UK service taxonomy.,airtasker,balloon delivery,airtasker||balloon delivery,V2
Airtasker,Ballroom Dance Lessons,London,https://www.airtasker.com/uk/services/,all_services_page,2026-09-05,Airtasker UK service taxonomy.,airtasker,ballroom dance lessons,airtasker||ballroom dance lessons,V2
Airtasker,Balustrading,London,https://www.airtasker.com/uk/services/,all_services_page,2026-09-05,Airtasker UK service taxonomy.,airtasker,balustrading,airtasker||balustrading,V2
Airtasker,Bamboo Fencing,London,https://www.airtasker.com/uk/services/,all_services_page,2026-09-05,Airtasker UK service taxonomy.,airtasker,bamboo fencing,airtasker||bamboo fencing,V2
Airtasker,Bamboo Flooring,London,https://www.airtasker.com/uk/services/,all_services_page,2026-09-05,Airtasker UK service taxonomy.,airtasker,bamboo flooring,airtasker||bamboo flooring,V2
Airtasker,Band Hire,London,https://www.airtasker.com/uk/services/,all_services_page,2026-09-05,Airtasker UK service taxonomy.,airtasker,band hire,airtasker||band hire,V2
Airtasker,Banjo Lessons,London,https://www.airtasker.com/uk/services/,all_services_page,2026-09-05,Airtasker UK service taxonomy.,airtasker,banjo lessons,airtasker||banjo lessons,V2
Airtasker,Barber,London,https://www.airtasker.com/uk/services/,all_services_page,2026-09-05,Airtasker UK service taxonomy.,airtasker,barber,airtasker||barber,V2
Airtasker,Barbers,London,https://www.airtasker.com/uk/services/,all_services_page,2026-09-05,Airtasker UK service taxonomy.,airtasker,barbers,airtasker||barbers,V2
Airtasker,Barista,London,https://www.airtasker.com/uk/services/,all_services_page,2026-09-05,Airtasker UK service taxonomy.,airtasker,barista,airtasker||barista,V2
Airtasker,Bartending,London,https://www.airtasker.com/uk/services/,all_services_page,2026-09-05,Airtasker UK service taxonomy.,airtasker,bartending,airtasker||bartending,V2
Airtasker,Basement Conversion,London,https://www.airtasker.com/uk/services/,all_services_page,2026-09-05,Airtasker UK service taxonomy.,airtasker,basement conversion,airtasker||basement conversion,V2
Airtasker,Basement Painting,London,https://www.airtasker.com/uk/services/,all_services_page,2026-09-05,Airtasker UK service taxonomy.,airtasker,basement painting,airtasker||basement painting,V2
Airtasker,Basketball Hoop System Assembly,London,https://www.airtasker.com/uk/services/,all_services_page,2026-09-05,Airtasker UK service taxonomy.,airtasker,basketball hoop system assembly,airtasker||basketball hoop system assembly,V2
Airtasker,Basketball Training,London,https://www.airtasker.com/uk/services/,all_services_page,2026-09-05,Airtasker UK service taxonomy.,airtasker,basketball training,airtasker||basketball training,V2
Airtasker,Bass Guitar Lessons,London,https://www.airtasker.com/uk/services/,all_services_page,2026-09-05,Airtasker UK service taxonomy.,airtasker,bass guitar lessons,airtasker||bass guitar lessons,V2
Airtasker,Bath resurfacing,London,https://www.airtasker.com/uk/services/,all_services_page,2026-09-05,Airtasker UK service taxonomy.,airtasker,bath resurfacing,airtasker||bath resurfacing,V2
Airtasker,Bathroom Cabinet Maker,London,https://www.airtasker.com/uk/services/,all_services_page,2026-09-05,Airtasker UK service taxonomy.,airtasker,bathroom cabinet maker,airtasker||bathroom cabinet maker,V2
Airtasker,Bathroom Carpet Fitting,London,https://www.airtasker.com/uk/services/,all_services_page,2026-09-05,Airtasker UK service taxonomy.,airtasker,bathroom carpet fitting,airtasker||bathroom carpet fitting,V2
Airtasker,Bathroom Cladding,London,https://www.airtasker.com/uk/services/,all_services_page,2026-09-05,Airtasker UK service taxonomy.,airtasker,bathroom cladding,airtasker||bathroom cladding,V2
Airtasker,Bathroom Designers,London,https://www.airtasker.com/uk/services/,all_services_page,2026-09-05,Airtasker UK service taxonomy.,airtasker,bathroom designers,airtasker||bathroom designers,V2
Airtasker,Bathroom Flooring,London,https://www.airtasker.com/uk/services/,all_services_page,2026-09-05,Airtasker UK service taxonomy.,airtasker,bathroom flooring,airtasker||bathroom flooring,V2
Airtasker,Bathroom Renovation,London,https://www.airtasker.com/uk/services/,all_services_page,2026-09-05,Airtasker UK service taxonomy.,airtasker,bathroom renovation,airtasker||bathroom renovation,V2
Airtasker,Baxi Boiler Repair,London,https://www.airtasker.com/uk/services/,all_services_page,2026-09-05,Airtasker UK service taxonomy.,airtasker,baxi boiler repair,airtasker||baxi boiler repair,V2
Airtasker,BBQ Assembly,London,https://www.airtasker.com/uk/services/,all_services_page,2026-09-05,Airtasker UK service taxonomy.,airtasker,bbq assembly,airtasker||bbq assembly,V2
Airtasker,BBQ Catering & Help,London,https://www.airtasker.com/uk/services/,all_services_page,2026-09-05,Airtasker UK service taxonomy.,airtasker,bbq catering and help,airtasker||bbq catering and help,V2
Airtasker,BBQ Cleaning,London,https://www.airtasker.com/uk/services/,all_services_page,2026-09-05,Airtasker UK service taxonomy.,airtasker,bbq cleaning,airtasker||bbq cleaning,V2
Airtasker,BBQ Delivery,London,https://www.airtasker.com/uk/services/,all_services_page,2026-09-05,Airtasker UK service taxonomy.,airtasker,bbq delivery,airtasker||bbq delivery,V2
Airtasker,BBQ Repair,London,https://www.airtasker.com/uk/services/,all_services_page,2026-09-05,Airtasker UK service taxonomy.,airtasker,bbq repair,airtasker||bbq repair,V2
Airtasker,Beard Grooming,London,https://www.airtasker.com/uk/services/,all_services_page,2026-09-05,Airtasker UK service taxonomy.,airtasker,beard grooming,airtasker||beard grooming,V2
Airtasker,Beautician,London,https://www.airtasker.com/uk/services/,all_services_page,2026-09-05,Airtasker UK service taxonomy.,airtasker,beautician,airtasker||beautician,V2
Airtasker,Beauticians,London,https://www.airtasker.com/uk/services/,all_services_page,2026-09-05,Airtasker UK service taxonomy.,airtasker,beauticians,airtasker||beauticians,V2
Airtasker,Bed Bug Removal,London,https://www.airtasker.com/uk/services/,all_services_page,2026-09-05,Airtasker UK service taxonomy.,airtasker,bed bug removal,airtasker||bed bug removal,V2
Airtasker,Bed Repairs,London,https://www.airtasker.com/uk/services/,all_services_page,2026-09-05,Airtasker UK service taxonomy.,airtasker,bed repairs,airtasker||bed repairs,V2
Airtasker,Belly Dancer,London,https://www.airtasker.com/uk/services/,all_services_page,2026-09-05,Airtasker UK service taxonomy.,airtasker,belly dancer,airtasker||belly dancer,V2
Airtasker,Belly Dancing Lessons,London,https://www.airtasker.com/uk/services/,all_services_page,2026-09-05,Airtasker UK service taxonomy.,airtasker,belly dancing lessons,airtasker||belly dancing lessons,V2
Airtasker,Ben and Jerry's Delivery,London,https://www.airtasker.com/uk/services/,all_services_page,2026-09-05,Airtasker UK service taxonomy.,airtasker,ben and jerrys delivery,airtasker||ben and jerrys delivery,V2
Airtasker,Bereavement & Grief Counselling,London,https://www.airtasker.com/uk/services/,all_services_page,2026-09-05,Airtasker UK service taxonomy.,airtasker,bereavement and grief counselling,airtasker||bereavement and grief counselling,V2
Airtasker,Bespoke Furniture,London,https://www.airtasker.com/uk/services/,all_services_page,2026-09-05,Airtasker UK service taxonomy.,airtasker,bespoke furniture,airtasker||bespoke furniture,V2
Airtasker,Bicycle Assembly,London,https://www.airtasker.com/uk/services/,all_services_page,2026-09-05,Airtasker UK service taxonomy.,airtasker,bicycle assembly,airtasker||bicycle assembly,V2
Airtasker,Bicycle Courier,London,https://www.airtasker.com/uk/services/,all_services_page,2026-09-05,Airtasker UK service taxonomy.,airtasker,bicycle courier,airtasker||bicycle courier,V2
Airtasker,Bicycle Service,London,https://www.airtasker.com/uk/services/,all_services_page,2026-09-05,Airtasker UK service taxonomy.,airtasker,bicycle service,airtasker||bicycle service,V2
Airtasker,Bicycle Tyre Repair,London,https://www.airtasker.com/uk/services/,all_services_page,2026-09-05,Airtasker UK service taxonomy.,airtasker,bicycle tyre repair,airtasker||bicycle tyre repair,V2
Airtasker,Bifold Door Repair,London,https://www.airtasker.com/uk/services/,all_services_page,2026-09-05,Airtasker UK service taxonomy.,airtasker,bifold door repair,airtasker||bifold door repair,V2
Airtasker,Bike Frame Painting Service,London,https://www.airtasker.com/uk/services/,all_services_page,2026-09-05,Airtasker UK service taxonomy.,airtasker,bike frame painting service,airtasker||bike frame painting service,V2
Airtasker,Bike Hanging,London,https://www.airtasker.com/uk/services/,all_services_page,2026-09-05,Airtasker UK service taxonomy.,airtasker,bike hanging,airtasker||bike hanging,V2
Airtasker,Bike Lessons,London,https://www.airtasker.com/uk/services/,all_services_page,2026-09-05,Airtasker UK service taxonomy.,airtasker,bike lessons,airtasker||bike lessons,V2
Airtasker,Bikram Yoga,London,https://www.airtasker.com/uk/services/,all_services_page,2026-09-05,Airtasker UK service taxonomy.,airtasker,bikram yoga,airtasker||bikram yoga,V2
Airtasker,Biology Tutor,London,https://www.airtasker.com/uk/services/,all_services_page,2026-09-05,Airtasker UK service taxonomy.,airtasker,biology tutor,airtasker||biology tutor,V2
Airtasker,Biomass Boiler Service,London,https://www.airtasker.com/uk/services/,all_services_page,2026-09-05,Airtasker UK service taxonomy.,airtasker,biomass boiler service,airtasker||biomass boiler service,V2
Airtasker,Bird Control,London,https://www.airtasker.com/uk/services/,all_services_page,2026-09-05,Airtasker UK service taxonomy.,airtasker,bird control,airtasker||bird control,V2
Airtasker,Bird Sitting,London,https://www.airtasker.com/uk/services/,all_services_page,2026-09-05,Airtasker UK service taxonomy.,airtasker,bird sitting,airtasker||bird sitting,V2
Airtasker,Birmingham to Edinburgh Removals,London,https://www.airtasker.com/uk/services/,all_services_page,2026-09-05,Airtasker UK service taxonomy.,airtasker,birmingham to edinburgh removals,airtasker||birmingham to edinburgh removals,V2
Airtasker,Birthday Balloon Delivery,London,https://www.airtasker.com/uk/services/,all_services_page,2026-09-05,Airtasker UK service taxonomy.,airtasker,birthday balloon delivery,airtasker||birthday balloon delivery,V2
Airtasker,Birthday Decorators,London,https://www.airtasker.com/uk/services/,all_services_page,2026-09-05,Airtasker UK service taxonomy.,airtasker,birthday decorators,airtasker||birthday decorators,V2
Airtasker,Birthday Gift Delivery,London,https://www.airtasker.com/uk/services/,all_services_page,2026-09-05,Airtasker UK service taxonomy.,airtasker,birthday gift delivery,airtasker||birthday gift delivery,V2
Airtasker,Birthday Grams,London,https://www.airtasker.com/uk/services/,all_services_page,2026-09-05,Airtasker UK service taxonomy.,airtasker,birthday grams,airtasker||birthday grams,V2
Airtasker,Birthday Photographer,London,https://www.airtasker.com/uk/services/,all_services_page,2026-09-05,Airtasker UK service taxonomy.,airtasker,birthday photographer,airtasker||birthday photographer,V2
Airtasker,Blacksmithing,London,https://www.airtasker.com/uk/services/,all_services_page,2026-09-05,Airtasker UK service taxonomy.,airtasker,blacksmithing,airtasker||blacksmithing,V2
Airtasker,Blind Cleaning,London,https://www.airtasker.com/uk/services/,all_services_page,2026-09-05,Airtasker UK service taxonomy.,airtasker,blind cleaning,airtasker||blind cleaning,V2
Airtasker,Blind Repairs,London,https://www.airtasker.com/uk/services/,all_services_page,2026-09-05,Airtasker UK service taxonomy.,airtasker,blind repairs,airtasker||blind repairs,V2
Airtasker,Blog Writing,London,https://www.airtasker.com/uk/services/,all_services_page,2026-09-05,Airtasker UK service taxonomy.,airtasker,blog writing,airtasker||blog writing,V2
Airtasker,Blow Dry,London,https://www.airtasker.com/uk/services/,all_services_page,2026-09-05,Airtasker UK service taxonomy.,airtasker,blow dry,airtasker||blow dry,V2
Airtasker,BMW Service,London,https://www.airtasker.com/uk/services/,all_services_page,2026-09-05,Airtasker UK service taxonomy.,airtasker,bmw service,airtasker||bmw service,V2
Airtasker,Board-Up Service,London,https://www.airtasker.com/uk/services/,all_services_page,2026-09-05,Airtasker UK service taxonomy.,airtasker,board-up service,airtasker||board-up service,V2
Airtasker,Boat Transport,London,https://www.airtasker.com/uk/services/,all_services_page,2026-09-05,Airtasker UK service taxonomy.,airtasker,boat transport,airtasker||boat transport,V2
Airtasker,Body Piercing,London,https://www.airtasker.com/uk/services/,all_services_page,2026-09-05,Airtasker UK service taxonomy.,airtasker,body piercing,airtasker||body piercing,V2
Airtasker,Bootcamp Training,London,https://www.airtasker.com/uk/services/,all_services_page,2026-09-05,Airtasker UK service taxonomy.,airtasker,bootcamp training,airtasker||bootcamp training,V2
Airtasker,Boring Excavation,London,https://www.airtasker.com/uk/services/,all_services_page,2026-09-05,Airtasker UK service taxonomy.,airtasker,boring excavation,airtasker||boring excavation,V2
Airtasker,Bosch Appliance Repair,London,https://www.airtasker.com/uk/services/,all_services_page,2026-09-05,Airtasker UK service taxonomy.,airtasker,bosch appliance repair,airtasker||bosch appliance repair,V2
Airtasker,Boxing Instructor,London,https://www.airtasker.com/uk/services/,all_services_page,2026-09-05,Airtasker UK service taxonomy.,airtasker,boxing instructor,airtasker||boxing instructor,V2
Airtasker,Brake Pad Replacement,London,https://www.airtasker.com/uk/services/,all_services_page,2026-09-05,Airtasker UK service taxonomy.,airtasker,brake pad replacement,airtasker||brake pad replacement,V2
Airtasker,Brake Repair,London,https://www.airtasker.com/uk/services/,all_services_page,2026-09-05,Airtasker UK service taxonomy.,airtasker,brake repair,airtasker||brake repair,V2
Airtasker,Branding Designer,London,https://www.airtasker.com/uk/services/,all_services_page,2026-09-05,Airtasker UK service taxonomy.,airtasker,branding designer,airtasker||branding designer,V2
Airtasker,Bread Delivery,London,https://www.airtasker.com/uk/services/,all_services_page,2026-09-05,Airtasker UK service taxonomy.,airtasker,bread delivery,airtasker||bread delivery,V2
Airtasker,Breakfast Takeaway & Delivery,London,https://www.airtasker.com/uk/services/,all_services_page,2026-09-05,Airtasker UK service taxonomy.,airtasker,breakfast takeaway and delivery,airtasker||breakfast takeaway and delivery,V2
Airtasker,Brick Cleaning,London,https://www.airtasker.com/uk/services/,all_services_page,2026-09-05,Airtasker UK service taxonomy.,airtasker,brick cleaning,airtasker||brick cleaning,V2
Airtasker,Brick Paving,London,https://www.airtasker.com/uk/services/,all_services_page,2026-09-05,Airtasker UK service taxonomy.,airtasker,brick paving,airtasker||brick paving,V2
Airtasker,Brick Repair,London,https://www.airtasker.com/uk/services/,all_services_page,2026-09-05,Airtasker UK service taxonomy.,airtasker,brick repair,airtasker||brick repair,V2
Airtasker,Brick Rubble Removal,London,https://www.airtasker.com/uk/services/,all_services_page,2026-09-05,Airtasker UK service taxonomy.,airtasker,brick rubble removal,airtasker||brick rubble removal,V2
Airtasker,Bricklayer,London,https://www.airtasker.com/uk/services/,all_services_page,2026-09-05,Airtasker UK service taxonomy.,airtasker,bricklayer,airtasker||bricklayer,V2
Airtasker,Brownie Delivery,London,https://www.airtasker.com/uk/services/,all_services_page,2026-09-05,Airtasker UK service taxonomy.,airtasker,brownie delivery,airtasker||brownie delivery,V2
Airtasker,Budgeting Help,London,https://www.airtasker.com/uk/services/,all_services_page,2026-09-05,Airtasker UK service taxonomy.,airtasker,budgeting help,airtasker||budgeting help,V2
Airtasker,Buffet Catering,London,https://www.airtasker.com/uk/services/,all_services_page,2026-09-05,Airtasker UK service taxonomy.,airtasker,buffet catering,airtasker||buffet catering,V2
Airtasker,Building & Construction,London,https://www.airtasker.com/uk/services/,all_services_page,2026-09-05,Airtasker UK service taxonomy.,airtasker,building and construction,airtasker||building and construction,V2
Airtasker,Building Consultant,London,https://www.airtasker.com/uk/services/,all_services_page,2026-09-05,Airtasker UK service taxonomy.,airtasker,building consultant,airtasker||building consultant,V2
Airtasker,Building Contractors,London,https://www.airtasker.com/uk/services/,all_services_page,2026-09-05,Airtasker UK service taxonomy.,airtasker,building contractors,airtasker||building contractors,V2
Airtasker,Building Designers,London,https://www.airtasker.com/uk/services/,all_services_page,2026-09-05,Airtasker UK service taxonomy.,airtasker,building designers,airtasker||building designers,V2
Airtasker,Building Restoration,London,https://www.airtasker.com/uk/services/,all_services_page,2026-09-05,Airtasker UK service taxonomy.,airtasker,building restoration,airtasker||building restoration,V2
Airtasker,Building Surveyor,London,https://www.airtasker.com/uk/services/,all_services_page,2026-09-05,Airtasker UK service taxonomy.,airtasker,building surveyor,airtasker||building surveyor,V2
Airtasker,Bulky Waste Collection,London,https://www.airtasker.com/uk/services/,all_services_page,2026-09-05,Airtasker UK service taxonomy.,airtasker,bulky waste collection,airtasker||bulky waste collection,V2
Airtasker,Burger King Delivery,London,https://www.airtasker.com/uk/services/,all_services_page,2026-09-05,Airtasker UK service taxonomy.,airtasker,burger king delivery,airtasker||burger king delivery,V2
Airtasker,Burger Takeaway,London,https://www.airtasker.com/uk/services/,all_services_page,2026-09-05,Airtasker UK service taxonomy.,airtasker,burger takeaway,airtasker||burger takeaway,V2
Airtasker,Burglar Alarm Installation,London,https://www.airtasker.com/uk/services/,all_services_page,2026-09-05,Airtasker UK service taxonomy.,airtasker,burglar alarm installation,airtasker||burglar alarm installation,V2
Airtasker,Business Advisory,London,https://www.airtasker.com/uk/services/,all_services_page,2026-09-05,Airtasker UK service taxonomy.,airtasker,business advisory,airtasker||business advisory,V2
Airtasker,Business Coach,London,https://www.airtasker.com/uk/services/,all_services_page,2026-09-05,Airtasker UK service taxonomy.,airtasker,business coach,airtasker||business coach,V2
Airtasker,Business Consultant,London,https://www.airtasker.com/uk/services/,all_services_page,2026-09-05,Airtasker UK service taxonomy.,airtasker,business consultant,airtasker||business consultant,V2
Airtasker,Cabinet Design,London,https://www.airtasker.com/uk/services/,all_services_page,2026-09-05,Airtasker UK service taxonomy.,airtasker,cabinet design,airtasker||cabinet design,V2
Airtasker,Cabinet Installation,London,https://www.airtasker.com/uk/services/,all_services_page,2026-09-05,Airtasker UK service taxonomy.,airtasker,cabinet installation,airtasker||cabinet installation,V2
Airtasker,Cabinet Making,London,https://www.airtasker.com/uk/services/,all_services_page,2026-09-05,Airtasker UK service taxonomy.,airtasker,cabinet making,airtasker||cabinet making,V2
Airtasker,CAD Designer,London,https://www.airtasker.com/uk/services/,all_services_page,2026-09-05,Airtasker UK service taxonomy.,airtasker,cad designer,airtasker||cad designer,V2
Airtasker,Cake Decorators,London,https://www.airtasker.com/uk/services/,all_services_page,2026-09-05,Airtasker UK service taxonomy.,airtasker,cake decorators,airtasker||cake decorators,V2
Airtasker,Cake Delivery,London,https://www.airtasker.com/uk/services/,all_services_page,2026-09-05,Airtasker UK service taxonomy.,airtasker,cake delivery,airtasker||cake delivery,V2
Airtasker,Cake Toppers,London,https://www.airtasker.com/uk/services/,all_services_page,2026-09-05,Airtasker UK service taxonomy.,airtasker,cake toppers,airtasker||cake toppers,V2
Airtasker,Calligraphy Tutor,London,https://www.airtasker.com/uk/services/,all_services_page,2026-09-05,Airtasker UK service taxonomy.,airtasker,calligraphy tutor,airtasker||calligraphy tutor,V2
Airtasker,Cambelt Change,London,https://www.airtasker.com/uk/services/,all_services_page,2026-09-05,Airtasker UK service taxonomy.,airtasker,cambelt change,airtasker||cambelt change,V2
Airtasker,Car Accident Repair,London,https://www.airtasker.com/uk/services/,all_services_page,2026-09-05,Airtasker UK service taxonomy.,airtasker,car accident repair,airtasker||car accident repair,V2
Airtasker,Car Air Conditioning Service,London,https://www.airtasker.com/uk/services/,all_services_page,2026-09-05,Airtasker UK service taxonomy.,airtasker,car air conditioning service,airtasker||car air conditioning service,V2
Airtasker,Car Aircon Regas,London,https://www.airtasker.com/uk/services/,all_services_page,2026-09-05,Airtasker UK service taxonomy.,airtasker,car aircon regas,airtasker||car aircon regas,V2
Airtasker,Car Aircon Repair,London,https://www.airtasker.com/uk/services/,all_services_page,2026-09-05,Airtasker UK service taxonomy.,airtasker,car aircon repair,airtasker||car aircon repair,V2
Airtasker,Car Alarm System Repair,London,https://www.airtasker.com/uk/services/,all_services_page,2026-09-05,Airtasker UK service taxonomy.,airtasker,car alarm system repair,airtasker||car alarm system repair,V2
Airtasker,Car Battery Replacement,London,https://www.airtasker.com/uk/services/,all_services_page,2026-09-05,Airtasker UK service taxonomy.,airtasker,car battery replacement,airtasker||car battery replacement,V2
Airtasker,Car Body Repair,London,https://www.airtasker.com/uk/services/,all_services_page,2026-09-05,Airtasker UK service taxonomy.,airtasker,car body repair,airtasker||car body repair,V2
Airtasker,Car Body Work,London,https://www.airtasker.com/uk/services/,all_services_page,2026-09-05,Airtasker UK service taxonomy.,airtasker,car body work,airtasker||car body work,V2
Airtasker,Car Bumper Repair,London,https://www.airtasker.com/uk/services/,all_services_page,2026-09-05,Airtasker UK service taxonomy.,airtasker,car bumper repair,airtasker||car bumper repair,V2
Airtasker,Car CD Player Installation,London,https://www.airtasker.com/uk/services/,all_services_page,2026-09-05,Airtasker UK service taxonomy.,airtasker,car cd player installation,airtasker||car cd player installation,V2
Airtasker,Car Cleaning,London,https://www.airtasker.com/uk/services/,all_services_page,2026-09-05,Airtasker UK service taxonomy.,airtasker,car cleaning,airtasker||car cleaning,V2
Airtasker,Car Delivery Service,London,https://www.airtasker.com/uk/services/,all_services_page,2026-09-05,Airtasker UK service taxonomy.,airtasker,car delivery service,airtasker||car delivery service,V2
Airtasker,Car Detailing,London,https://www.airtasker.com/uk/services/,all_services_page,2026-09-05,Airtasker UK service taxonomy.,airtasker,car detailing,airtasker||car detailing,V2
Airtasker,Car Diagnostics,London,https://www.airtasker.com/uk/services/,all_services_page,2026-09-05,Airtasker UK service taxonomy.,airtasker,car diagnostics,airtasker||car diagnostics,V2
Airtasker,Car Electrical Repair,London,https://www.airtasker.com/uk/services/,all_services_page,2026-09-05,Airtasker UK service taxonomy.,airtasker,car electrical repair,airtasker||car electrical repair,V2
Airtasker,Car Engine Steam Cleaning,London,https://www.airtasker.com/uk/services/,all_services_page,2026-09-05,Airtasker UK service taxonomy.,airtasker,car engine steam cleaning,airtasker||car engine steam cleaning,V2
Airtasker,Car Glass Repair,London,https://www.airtasker.com/uk/services/,all_services_page,2026-09-05,Airtasker UK service taxonomy.,airtasker,car glass repair,airtasker||car glass repair,V2
Airtasker,Car Inspection,London,https://www.airtasker.com/uk/services/,all_services_page,2026-09-05,Airtasker UK service taxonomy.,airtasker,car inspection,airtasker||car inspection,V2
Airtasker,Car Interior Cleaning,London,https://www.airtasker.com/uk/services/,all_services_page,2026-09-05,Airtasker UK service taxonomy.,airtasker,car interior cleaning,airtasker||car interior cleaning,V2
Airtasker,Car Key Repair,London,https://www.airtasker.com/uk/services/,all_services_page,2026-09-05,Airtasker UK service taxonomy.,airtasker,car key repair,airtasker||car key repair,V2
Airtasker,Car Key Replacement,London,https://www.airtasker.com/uk/services/,all_services_page,2026-09-05,Airtasker UK service taxonomy.,airtasker,car key replacement,airtasker||car key replacement,V2
Airtasker,Car Keyless Entry System Installation,London,https://www.airtasker.com/uk/services/,all_services_page,2026-09-05,Airtasker UK service taxonomy.,airtasker,car keyless entry system installation,airtasker||car keyless entry system installation,V2
Airtasker,Car Paint Repair,London,https://www.airtasker.com/uk/services/,all_services_page,2026-09-05,Airtasker UK service taxonomy.,airtasker,car paint repair,airtasker||car paint repair,V2
Airtasker,Car Painting,London,https://www.airtasker.com/uk/services/,all_services_page,2026-09-05,Airtasker UK service taxonomy.,airtasker,car painting,airtasker||car painting,V2
Airtasker,Car Repair,London,https://www.airtasker.com/uk/services/,all_services_page,2026-09-05,Airtasker UK service taxonomy.,airtasker,car repair,airtasker||car repair,V2
Airtasker,Car Respray,London,https://www.airtasker.com/uk/services/,all_services_page,2026-09-05,Airtasker UK service taxonomy.,airtasker,car respray,airtasker||car respray,V2
Airtasker,Car Restoration,London,https://www.airtasker.com/uk/services/,all_services_page,2026-09-05,Airtasker UK service taxonomy.,airtasker,car restoration,airtasker||car restoration,V2
Airtasker,Car Roof Lining Repair,London,https://www.airtasker.com/uk/services/,all_services_page,2026-09-05,Airtasker UK service taxonomy.,airtasker,car roof lining repair,airtasker||car roof lining repair,V2
Airtasker,Car Scratch Repair,London,https://www.airtasker.com/uk/services/,all_services_page,2026-09-05,Airtasker UK service taxonomy.,airtasker,car scratch repair,airtasker||car scratch repair,V2
Airtasker,Car Seat Repair,London,https://www.airtasker.com/uk/services/,all_services_page,2026-09-05,Airtasker UK service taxonomy.,airtasker,car seat repair,airtasker||car seat repair,V2
Airtasker,Car Service,London,https://www.airtasker.com/uk/services/,all_services_page,2026-09-05,Airtasker UK service taxonomy.,airtasker,car service,airtasker||car service,V2
Airtasker,Car Servicing and MOT,London,https://www.airtasker.com/uk/services/,all_services_page,2026-09-05,Airtasker UK service taxonomy.,airtasker,car servicing and mot,airtasker||car servicing and mot,V2
Airtasker,Car Speaker Installation,London,https://www.airtasker.com/uk/services/,all_services_page,2026-09-05,Airtasker UK service taxonomy.,airtasker,car speaker installation,airtasker||car speaker installation,V2
Airtasker,Car Stereo Installation,London,https://www.airtasker.com/uk/services/,all_services_page,2026-09-05,Airtasker UK service taxonomy.,airtasker,car stereo installation,airtasker||car stereo installation,V2
Airtasker,Car Upholstery Repair,London,https://www.airtasker.com/uk/services/,all_services_page,2026-09-05,Airtasker UK service taxonomy.,airtasker,car upholstery repair,airtasker||car upholstery repair,V2
Airtasker,Car Valet,London,https://www.airtasker.com/uk/services/,all_services_page,2026-09-05,Airtasker UK service taxonomy.,airtasker,car valet,airtasker||car valet,V2
Airtasker,Car Wash,London,https://www.airtasker.com/uk/services/,all_services_page,2026-09-05,Airtasker UK service taxonomy.,airtasker,car wash,airtasker||car wash,V2
Airtasker,Car Welding,London,https://www.airtasker.com/uk/services/,all_services_page,2026-09-05,Airtasker UK service taxonomy.,airtasker,car welding,airtasker||car welding,V2
Airtasker,Car Window Repair,London,https://www.airtasker.com/uk/services/,all_services_page,2026-09-05,Airtasker UK service taxonomy.,airtasker,car window repair,airtasker||car window repair,V2
Airtasker,Car Window Replacement,London,https://www.airtasker.com/uk/services/,all_services_page,2026-09-05,Airtasker UK service taxonomy.,airtasker,car window replacement,airtasker||car window replacement,V2
Airtasker,Car Window Tinting,London,https://www.airtasker.com/uk/services/,all_services_page,2026-09-05,Airtasker UK service taxonomy.,airtasker,car window tinting,airtasker||car window tinting,V2
Airtasker,Car Wrapping,London,https://www.airtasker.com/uk/services/,all_services_page,2026-09-05,Airtasker UK service taxonomy.,airtasker,car wrapping,airtasker||car wrapping,V2
Airtasker,Caravan Transport,London,https://www.airtasker.com/uk/services/,all_services_page,2026-09-05,Airtasker UK service taxonomy.,airtasker,caravan transport,airtasker||caravan transport,V2
Airtasker,Carbon Bike Repair,London,https://www.airtasker.com/uk/services/,all_services_page,2026-09-05,Airtasker UK service taxonomy.,airtasker,carbon bike repair,airtasker||carbon bike repair,V2
Airtasker,Carburetor Tuning,London,https://www.airtasker.com/uk/services/,all_services_page,2026-09-05,Airtasker UK service taxonomy.,airtasker,carburetor tuning,airtasker||carburetor tuning,V2
Airtasker,Career Coach,London,https://www.airtasker.com/uk/services/,all_services_page,2026-09-05,Airtasker UK service taxonomy.,airtasker,career coach,airtasker||career coach,V2
Airtasker,Carpentry,London,https://www.airtasker.com/uk/services/,all_services_page,2026-09-05,Airtasker UK service taxonomy.,airtasker,carpentry,airtasker||carpentry,V2
Airtasker,Carpet Cleaning,London,https://www.airtasker.com/uk/services/,all_services_page,2026-09-05,Airtasker UK service taxonomy.,airtasker,carpet cleaning,airtasker||carpet cleaning,V2
Airtasker,Carpet Laying & Installation,London,https://www.airtasker.com/uk/services/,all_services_page,2026-09-05,Airtasker UK service taxonomy.,airtasker,carpet laying and installation,airtasker||carpet laying and installation,V2
Airtasker,Case Study Writing,London,https://www.airtasker.com/uk/services/,all_services_page,2026-09-05,Airtasker UK service taxonomy.,airtasker,case study writing,airtasker||case study writing,V2
Airtasker,Cat Boarding,London,https://www.airtasker.com/uk/services/,all_services_page,2026-09-05,Airtasker UK service taxonomy.,airtasker,cat boarding,airtasker||cat boarding,V2
Airtasker,Cat Care,London,https://www.airtasker.com/uk/services/,all_services_page,2026-09-05,Airtasker UK service taxonomy.,airtasker,cat care,airtasker||cat care,V2
Airtasker,Cat Door Installation,London,https://www.airtasker.com/uk/services/,all_services_page,2026-09-05,Airtasker UK service taxonomy.,airtasker,cat door installation,airtasker||cat door installation,V2
Airtasker,Cat Flap Fitter,London,https://www.airtasker.com/uk/services/,all_services_page,2026-09-05,Airtasker UK service taxonomy.,airtasker,cat flap fitter,airtasker||cat flap fitter,V2
Airtasker,Cat Grooming,London,https://www.airtasker.com/uk/services/,all_services_page,2026-09-05,Airtasker UK service taxonomy.,airtasker,cat grooming,airtasker||cat grooming,V2
Airtasker,Cat Sitting,London,https://www.airtasker.com/uk/services/,all_services_page,2026-09-05,Airtasker UK service taxonomy.,airtasker,cat sitting,airtasker||cat sitting,V2
Airtasker,Cat Training,London,https://www.airtasker.com/uk/services/,all_services_page,2026-09-05,Airtasker UK service taxonomy.,airtasker,cat training,airtasker||cat training,V2
Airtasker,Catalogue Delivery,London,https://www.airtasker.com/uk/services/,all_services_page,2026-09-05,Airtasker UK service taxonomy.,airtasker,catalogue delivery,airtasker||catalogue delivery,V2
Airtasker,Catering,London,https://www.airtasker.com/uk/services/,all_services_page,2026-09-05,Airtasker UK service taxonomy.,airtasker,catering,airtasker||catering,V2
Airtasker,Cavity Wall Insulation,London,https://www.airtasker.com/uk/services/,all_services_page,2026-09-05,Airtasker UK service taxonomy.,airtasker,cavity wall insulation,airtasker||cavity wall insulation,V2
Airtasker,CCTV Installation,London,https://www.airtasker.com/uk/services/,all_services_page,2026-09-05,Airtasker UK service taxonomy.,airtasker,cctv installation,airtasker||cctv installation,V2
Airtasker,Ceiling Cladding,London,https://www.airtasker.com/uk/services/,all_services_page,2026-09-05,Airtasker UK service taxonomy.,airtasker,ceiling cladding,airtasker||ceiling cladding,V2
Airtasker,Ceiling Cleaning,London,https://www.airtasker.com/uk/services/,all_services_page,2026-09-05,Airtasker UK service taxonomy.,airtasker,ceiling cleaning,airtasker||ceiling cleaning,V2
Airtasker,Ceiling Fan Installation,London,https://www.airtasker.com/uk/services/,all_services_page,2026-09-05,Airtasker UK service taxonomy.,airtasker,ceiling fan installation,airtasker||ceiling fan installation,V2
Airtasker,Ceiling Fan Repair,London,https://www.airtasker.com/uk/services/,all_services_page,2026-09-05,Airtasker UK service taxonomy.,airtasker,ceiling fan repair,airtasker||ceiling fan repair,V2
Airtasker,Celebration Cakes,London,https://www.airtasker.com/uk/services/,all_services_page,2026-09-05,Airtasker UK service taxonomy.,airtasker,celebration cakes,airtasker||celebration cakes,V2
Airtasker,Cellar & Basement Clearance,London,https://www.airtasker.com/uk/services/,all_services_page,2026-09-05,Airtasker UK service taxonomy.,airtasker,cellar and basement clearance,airtasker||cellar and basement clearance,V2
Airtasker,Cello Lessons,London,https://www.airtasker.com/uk/services/,all_services_page,2026-09-05,Airtasker UK service taxonomy.,airtasker,cello lessons,airtasker||cello lessons,V2
Airtasker,Central Heating,London,https://www.airtasker.com/uk/services/,all_services_page,2026-09-05,Airtasker UK service taxonomy.,airtasker,central heating,airtasker||central heating,V2
Airtasker,Central Locking Installation,London,https://www.airtasker.com/uk/services/,all_services_page,2026-09-05,Airtasker UK service taxonomy.,airtasker,central locking installation,airtasker||central locking installation,V2
Airtasker,Chain Link Fencing,London,https://www.airtasker.com/uk/services/,all_services_page,2026-09-05,Airtasker UK service taxonomy.,airtasker,chain link fencing,airtasker||chain link fencing,V2
Airtasker,Chainsaw Service & Repair,London,https://www.airtasker.com/uk/services/,all_services_page,2026-09-05,Airtasker UK service taxonomy.,airtasker,chainsaw service and repair,airtasker||chainsaw service and repair,V2
Airtasker,Chainsawing,London,https://www.airtasker.com/uk/services/,all_services_page,2026-09-05,Airtasker UK service taxonomy.,airtasker,chainsawing,airtasker||chainsawing,V2
Airtasker,Chair Repair,London,https://www.airtasker.com/uk/services/,all_services_page,2026-09-05,Airtasker UK service taxonomy.,airtasker,chair repair,airtasker||chair repair,V2
Airtasker,Chandelier Installation,London,https://www.airtasker.com/uk/services/,all_services_page,2026-09-05,Airtasker UK service taxonomy.,airtasker,chandelier installation,airtasker||chandelier installation,V2
Airtasker,Chef,London,https://www.airtasker.com/uk/services/,all_services_page,2026-09-05,Airtasker UK service taxonomy.,airtasker,chef,airtasker||chef,V2
Airtasker,Chemistry Tutor,London,https://www.airtasker.com/uk/services/,all_services_page,2026-09-05,Airtasker UK service taxonomy.,airtasker,chemistry tutor,airtasker||chemistry tutor,V2
Airtasker,Chess Lessons,London,https://www.airtasker.com/uk/services/,all_services_page,2026-09-05,Airtasker UK service taxonomy.,airtasker,chess lessons,airtasker||chess lessons,V2
Airtasker,Chicken Runs,London,https://www.airtasker.com/uk/services/,all_services_page,2026-09-05,Airtasker UK service taxonomy.,airtasker,chicken runs,airtasker||chicken runs,V2
Airtasker,Chicken Takeaway,London,https://www.airtasker.com/uk/services/,all_services_page,2026-09-05,Airtasker UK service taxonomy.,airtasker,chicken takeaway,airtasker||chicken takeaway,V2
Airtasker,Child Counselling,London,https://www.airtasker.com/uk/services/,all_services_page,2026-09-05,Airtasker UK service taxonomy.,airtasker,child counselling,airtasker||child counselling,V2
Airtasker,Childcare & Safety,London,https://www.airtasker.com/uk/services/,all_services_page,2026-09-05,Airtasker UK service taxonomy.,airtasker,childcare and safety,airtasker||childcare and safety,V2
Airtasker,Childminders,London,https://www.airtasker.com/uk/services/,all_services_page,2026-09-05,Airtasker UK service taxonomy.,airtasker,childminders,airtasker||childminders,V2
Airtasker,Chimney Repair,London,https://www.airtasker.com/uk/services/,all_services_page,2026-09-05,Airtasker UK service taxonomy.,airtasker,chimney repair,airtasker||chimney repair,V2
Airtasker,Chimney Services,London,https://www.airtasker.com/uk/services/,all_services_page,2026-09-05,Airtasker UK service taxonomy.,airtasker,chimney services,airtasker||chimney services,V2
Airtasker,Chimney Sweep,London,https://www.airtasker.com/uk/services/,all_services_page,2026-09-05,Airtasker UK service taxonomy.,airtasker,chimney sweep,airtasker||chimney sweep,V2
Airtasker,Chinese Takeaway,London,https://www.airtasker.com/uk/services/,all_services_page,2026-09-05,Airtasker UK service taxonomy.,airtasker,chinese takeaway,airtasker||chinese takeaway,V2
Airtasker,Chinese Tutor,London,https://www.airtasker.com/uk/services/,all_services_page,2026-09-05,Airtasker UK service taxonomy.,airtasker,chinese tutor,airtasker||chinese tutor,V2
Airtasker,Chisel Sharpening,London,https://www.airtasker.com/uk/services/,all_services_page,2026-09-05,Airtasker UK service taxonomy.,airtasker,chisel sharpening,airtasker||chisel sharpening,V2
Airtasker,Chocolate Delivery,London,https://www.airtasker.com/uk/services/,all_services_page,2026-09-05,Airtasker UK service taxonomy.,airtasker,chocolate delivery,airtasker||chocolate delivery,V2
Airtasker,Christian Counselling,London,https://www.airtasker.com/uk/services/,all_services_page,2026-09-05,Airtasker UK service taxonomy.,airtasker,christian counselling,airtasker||christian counselling,V2
Airtasker,Christmas Decorating,London,https://www.airtasker.com/uk/services/,all_services_page,2026-09-05,Airtasker UK service taxonomy.,airtasker,christmas decorating,airtasker||christmas decorating,V2
Airtasker,Christmas Gift Delivery,London,https://www.airtasker.com/uk/services/,all_services_page,2026-09-05,Airtasker UK service taxonomy.,airtasker,christmas gift delivery,airtasker||christmas gift delivery,V2
Airtasker,Christmas Light Installations,London,https://www.airtasker.com/uk/services/,all_services_page,2026-09-05,Airtasker UK service taxonomy.,airtasker,christmas light installations,airtasker||christmas light installations,V2
Airtasker,Christmas Tree Delivery,London,https://www.airtasker.com/uk/services/,all_services_page,2026-09-05,Airtasker UK service taxonomy.,airtasker,christmas tree delivery,airtasker||christmas tree delivery,V2
Airtasker,Christmas Tree Disposal,London,https://www.airtasker.com/uk/services/,all_services_page,2026-09-05,Airtasker UK service taxonomy.,airtasker,christmas tree disposal,airtasker||christmas tree disposal,V2
Airtasker,Circuit Board Repair,London,https://www.airtasker.com/uk/services/,all_services_page,2026-09-05,Airtasker UK service taxonomy.,airtasker,circuit board repair,airtasker||circuit board repair,V2
Airtasker,Cladding,London,https://www.airtasker.com/uk/services/,all_services_page,2026-09-05,Airtasker UK service taxonomy.,airtasker,cladding,airtasker||cladding,V2
Airtasker,Cladding Cleaning,London,https://www.airtasker.com/uk/services/,all_services_page,2026-09-05,Airtasker UK service taxonomy.,airtasker,cladding cleaning,airtasker||cladding cleaning,V2
Airtasker,Cladding Repairs,London,https://www.airtasker.com/uk/services/,all_services_page,2026-09-05,Airtasker UK service taxonomy.,airtasker,cladding repairs,airtasker||cladding repairs,V2
Airtasker,Cladding Replacement,London,https://www.airtasker.com/uk/services/,all_services_page,2026-09-05,Airtasker UK service taxonomy.,airtasker,cladding replacement,airtasker||cladding replacement,V2
Airtasker,Clarinet Lessons,London,https://www.airtasker.com/uk/services/,all_services_page,2026-09-05,Airtasker UK service taxonomy.,airtasker,clarinet lessons,airtasker||clarinet lessons,V2
Airtasker,Cleaning,London,https://www.airtasker.com/uk/services/,all_services_page,2026-09-05,Airtasker UK service taxonomy.,airtasker,cleaning,airtasker||cleaning,V2
Airtasker,Cleaning Services,London,https://www.airtasker.com/uk/services/,all_services_page,2026-09-05,Airtasker UK service taxonomy.,airtasker,cleaning services,airtasker||cleaning services,V2
Airtasker,Clearance Services,London,https://www.airtasker.com/uk/services/,all_services_page,2026-09-05,Airtasker UK service taxonomy.,airtasker,clearance services,airtasker||clearance services,V2
Airtasker,Climbing Frame Installer,London,https://www.airtasker.com/uk/services/,all_services_page,2026-09-05,Airtasker UK service taxonomy.,airtasker,climbing frame installer,airtasker||climbing frame installer,V2
Airtasker,Clock Repair,London,https://www.airtasker.com/uk/services/,all_services_page,2026-09-05,Airtasker UK service taxonomy.,airtasker,clock repair,airtasker||clock repair,V2
Airtasker,Clothesline Installation,London,https://www.airtasker.com/uk/services/,all_services_page,2026-09-05,Airtasker UK service taxonomy.,airtasker,clothesline installation,airtasker||clothesline installation,V2
Airtasker,Clothing Repair,London,https://www.airtasker.com/uk/services/,all_services_page,2026-09-05,Airtasker UK service taxonomy.,airtasker,clothing repair,airtasker||clothing repair,V2
Airtasker,Clown,London,https://www.airtasker.com/uk/services/,all_services_page,2026-09-05,Airtasker UK service taxonomy.,airtasker,clown,airtasker||clown,V2
Airtasker,Clutch Replacement,London,https://www.airtasker.com/uk/services/,all_services_page,2026-09-05,Airtasker UK service taxonomy.,airtasker,clutch replacement,airtasker||clutch replacement,V2
Airtasker,Coaching,London,https://www.airtasker.com/uk/services/,all_services_page,2026-09-05,Airtasker UK service taxonomy.,airtasker,coaching,airtasker||coaching,V2
Airtasker,Coat Repair,London,https://www.airtasker.com/uk/services/,all_services_page,2026-09-05,Airtasker UK service taxonomy.,airtasker,coat repair,airtasker||coat repair,V2
Airtasker,Coding Tutor,London,https://www.airtasker.com/uk/services/,all_services_page,2026-09-05,Airtasker UK service taxonomy.,airtasker,coding tutor,airtasker||coding tutor,V2
Airtasker,Coffee Catering,London,https://www.airtasker.com/uk/services/,all_services_page,2026-09-05,Airtasker UK service taxonomy.,airtasker,coffee catering,airtasker||coffee catering,V2
Airtasker,Coffee Delivery,London,https://www.airtasker.com/uk/services/,all_services_page,2026-09-05,Airtasker UK service taxonomy.,airtasker,coffee delivery,airtasker||coffee delivery,V2
Airtasker,Coffee Machine Repairs,London,https://www.airtasker.com/uk/services/,all_services_page,2026-09-05,Airtasker UK service taxonomy.,airtasker,coffee machine repairs,airtasker||coffee machine repairs,V2
Airtasker,Coffee Shop Designers,London,https://www.airtasker.com/uk/services/,all_services_page,2026-09-05,Airtasker UK service taxonomy.,airtasker,coffee shop designers,airtasker||coffee shop designers,V2
Airtasker,Coffee Table Repair,London,https://www.airtasker.com/uk/services/,all_services_page,2026-09-05,Airtasker UK service taxonomy.,airtasker,coffee table repair,airtasker||coffee table repair,V2
Airtasker,Cognitive Behavioural Therapy,London,https://www.airtasker.com/uk/services/,all_services_page,2026-09-05,Airtasker UK service taxonomy.,airtasker,cognitive behavioural therapy,airtasker||cognitive behavioural therapy,V2
Airtasker,Combi Boiler Repair,London,https://www.airtasker.com/uk/services/,all_services_page,2026-09-05,Airtasker UK service taxonomy.,airtasker,combi boiler repair,airtasker||combi boiler repair,V2
Airtasker,Comedians,London,https://www.airtasker.com/uk/services/,all_services_page,2026-09-05,Airtasker UK service taxonomy.,airtasker,comedians,airtasker||comedians,V2
Airtasker,Commercial Cleaning,London,https://www.airtasker.com/uk/services/,all_services_page,2026-09-05,Airtasker UK service taxonomy.,airtasker,commercial cleaning,airtasker||commercial cleaning,V2
Airtasker,Commercial Kitchen Cleaning,London,https://www.airtasker.com/uk/services/,all_services_page,2026-09-05,Airtasker UK service taxonomy.,airtasker,commercial kitchen cleaning,airtasker||commercial kitchen cleaning,V2
Airtasker,Commercial Landscaping,London,https://www.airtasker.com/uk/services/,all_services_page,2026-09-05,Airtasker UK service taxonomy.,airtasker,commercial landscaping,airtasker||commercial landscaping,V2
Airtasker,Commercial Laundry,London,https://www.airtasker.com/uk/services/,all_services_page,2026-09-05,Airtasker UK service taxonomy.,airtasker,commercial laundry,airtasker||commercial laundry,V2
Airtasker,Commercial Painting,London,https://www.airtasker.com/uk/services/,all_services_page,2026-09-05,Airtasker UK service taxonomy.,airtasker,commercial painting,airtasker||commercial painting,V2
Airtasker,Commercial Photographer,London,https://www.airtasker.com/uk/services/,all_services_page,2026-09-05,Airtasker UK service taxonomy.,airtasker,commercial photographer,airtasker||commercial photographer,V2
Airtasker,Commercial Roofing,London,https://www.airtasker.com/uk/services/,all_services_page,2026-09-05,Airtasker UK service taxonomy.,airtasker,commercial roofing,airtasker||commercial roofing,V2
Airtasker,Commercial Waste Collection,London,https://www.airtasker.com/uk/services/,all_services_page,2026-09-05,Airtasker UK service taxonomy.,airtasker,commercial waste collection,airtasker||commercial waste collection,V2
Airtasker,Commercial Window Cleaning,London,https://www.airtasker.com/uk/services/,all_services_page,2026-09-05,Airtasker UK service taxonomy.,airtasker,commercial window cleaning,airtasker||commercial window cleaning,V2
Airtasker,Computer Hardware,London,https://www.airtasker.com/uk/services/,all_services_page,2026-09-05,Airtasker UK service taxonomy.,airtasker,computer hardware,airtasker||computer hardware,V2
Airtasker,Computer Repairs,London,https://www.airtasker.com/uk/services/,all_services_page,2026-09-05,Airtasker UK service taxonomy.,airtasker,computer repairs,airtasker||computer repairs,V2
Airtasker,Computer Science Tutor,London,https://www.airtasker.com/uk/services/,all_services_page,2026-09-05,Airtasker UK service taxonomy.,airtasker,computer science tutor,airtasker||computer science tutor,V2
Airtasker,Computer Support,London,https://www.airtasker.com/uk/services/,all_services_page,2026-09-05,Airtasker UK service taxonomy.,airtasker,computer support,airtasker||computer support,V2
Airtasker,Computer Training,London,https://www.airtasker.com/uk/services/,all_services_page,2026-09-05,Airtasker UK service taxonomy.,airtasker,computer training,airtasker||computer training,V2
Airtasker,Computer Upgrades,London,https://www.airtasker.com/uk/services/,all_services_page,2026-09-05,Airtasker UK service taxonomy.,airtasker,computer upgrades,airtasker||computer upgrades,V2
Airtasker,Computers & IT,London,https://www.airtasker.com/uk/services/,all_services_page,2026-09-05,Airtasker UK service taxonomy.,airtasker,computers and it,airtasker||computers and it,V2
Airtasker,Concert Photographer,London,https://www.airtasker.com/uk/services/,all_services_page,2026-09-05,Airtasker UK service taxonomy.,airtasker,concert photographer,airtasker||concert photographer,V2
Airtasker,Concrete Cutting,London,https://www.airtasker.com/uk/services/,all_services_page,2026-09-05,Airtasker UK service taxonomy.,airtasker,concrete cutting,airtasker||concrete cutting,V2
Airtasker,Concrete Delivery,London,https://www.airtasker.com/uk/services/,all_services_page,2026-09-05,Airtasker UK service taxonomy.,airtasker,concrete delivery,airtasker||concrete delivery,V2
Airtasker,Concrete Floor Cleaning,London,https://www.airtasker.com/uk/services/,all_services_page,2026-09-05,Airtasker UK service taxonomy.,airtasker,concrete floor cleaning,airtasker||concrete floor cleaning,V2
Airtasker,Concrete Floor Polishing,London,https://www.airtasker.com/uk/services/,all_services_page,2026-09-05,Airtasker UK service taxonomy.,airtasker,concrete floor polishing,airtasker||concrete floor polishing,V2
Airtasker,Concrete Flooring,London,https://www.airtasker.com/uk/services/,all_services_page,2026-09-05,Airtasker UK service taxonomy.,airtasker,concrete flooring,airtasker||concrete flooring,V2
Airtasker,Concrete Repair,London,https://www.airtasker.com/uk/services/,all_services_page,2026-09-05,Airtasker UK service taxonomy.,airtasker,concrete repair,airtasker||concrete repair,V2
Airtasker,Concrete Resurfacing,London,https://www.airtasker.com/uk/services/,all_services_page,2026-09-05,Airtasker UK service taxonomy.,airtasker,concrete resurfacing,airtasker||concrete resurfacing,V2
Airtasker,Concreting,London,https://www.airtasker.com/uk/services/,all_services_page,2026-09-05,Airtasker UK service taxonomy.,airtasker,concreting,airtasker||concreting,V2
Airtasker,Conservatory Blinds Installation,London,https://www.airtasker.com/uk/services/,all_services_page,2026-09-05,Airtasker UK service taxonomy.,airtasker,conservatory blinds installation,airtasker||conservatory blinds installation,V2
Airtasker,Conservatory Cleaning,London,https://www.airtasker.com/uk/services/,all_services_page,2026-09-05,Airtasker UK service taxonomy.,airtasker,conservatory cleaning,airtasker||conservatory cleaning,V2
Airtasker,Conservatory Extension,London,https://www.airtasker.com/uk/services/,all_services_page,2026-09-05,Airtasker UK service taxonomy.,airtasker,conservatory extension,airtasker||conservatory extension,V2
Airtasker,Conservatory Insulation,London,https://www.airtasker.com/uk/services/,all_services_page,2026-09-05,Airtasker UK service taxonomy.,airtasker,conservatory insulation,airtasker||conservatory insulation,V2
Airtasker,Conservatory Repairs,London,https://www.airtasker.com/uk/services/,all_services_page,2026-09-05,Airtasker UK service taxonomy.,airtasker,conservatory repairs,airtasker||conservatory repairs,V2
Airtasker,Conservatory Roof Replacement,London,https://www.airtasker.com/uk/services/,all_services_page,2026-09-05,Airtasker UK service taxonomy.,airtasker,conservatory roof replacement,airtasker||conservatory roof replacement,V2
Airtasker,Console Repair,London,https://www.airtasker.com/uk/services/,all_services_page,2026-09-05,Airtasker UK service taxonomy.,airtasker,console repair,airtasker||console repair,V2
Airtasker,Content Creation,London,https://www.airtasker.com/uk/services/,all_services_page,2026-09-05,Airtasker UK service taxonomy.,airtasker,content creation,airtasker||content creation,V2
Airtasker,Cooker Hood Installation & Repair,London,https://www.airtasker.com/uk/services/,all_services_page,2026-09-05,Airtasker UK service taxonomy.,airtasker,cooker hood installation and repair,airtasker||cooker hood installation and repair,V2
Airtasker,Cooking,London,https://www.airtasker.com/uk/services/,all_services_page,2026-09-05,Airtasker UK service taxonomy.,airtasker,cooking,airtasker||cooking,V2
Airtasker,Cooking Lessons,London,https://www.airtasker.com/uk/services/,all_services_page,2026-09-05,Airtasker UK service taxonomy.,airtasker,cooking lessons,airtasker||cooking lessons,V2
Airtasker,Cooktop Installation,London,https://www.airtasker.com/uk/services/,all_services_page,2026-09-05,Airtasker UK service taxonomy.,airtasker,cooktop installation,airtasker||cooktop installation,V2
Airtasker,Copywriting,London,https://www.airtasker.com/uk/services/,all_services_page,2026-09-05,Airtasker UK service taxonomy.,airtasker,copywriting,airtasker||copywriting,V2
Airtasker,Cork Flooring,London,https://www.airtasker.com/uk/services/,all_services_page,2026-09-05,Airtasker UK service taxonomy.,airtasker,cork flooring,airtasker||cork flooring,V2
Airtasker,Cornice Repair,London,https://www.airtasker.com/uk/services/,all_services_page,2026-09-05,Airtasker UK service taxonomy.,airtasker,cornice repair,airtasker||cornice repair,V2
Airtasker,Corporate Photographers,London,https://www.airtasker.com/uk/services/,all_services_page,2026-09-05,Airtasker UK service taxonomy.,airtasker,corporate photographers,airtasker||corporate photographers,V2
Airtasker,Costa Coffee Delivery,London,https://www.airtasker.com/uk/services/,all_services_page,2026-09-05,Airtasker UK service taxonomy.,airtasker,costa coffee delivery,airtasker||costa coffee delivery,V2
Airtasker,Costume Maker,London,https://www.airtasker.com/uk/services/,all_services_page,2026-09-05,Airtasker UK service taxonomy.,airtasker,costume maker,airtasker||costume maker,V2
Airtasker,Couch Cleaning,London,https://www.airtasker.com/uk/services/,all_services_page,2026-09-05,Airtasker UK service taxonomy.,airtasker,couch cleaning,airtasker||couch cleaning,V2
Airtasker,Counselling & Therapy,London,https://www.airtasker.com/uk/services/,all_services_page,2026-09-05,Airtasker UK service taxonomy.,airtasker,counselling and therapy,airtasker||counselling and therapy,V2
Airtasker,Couple Photoshoots,London,https://www.airtasker.com/uk/services/,all_services_page,2026-09-05,Airtasker UK service taxonomy.,airtasker,couple photoshoots,airtasker||couple photoshoots,V2
Airtasker,Courier Services,London,https://www.airtasker.com/uk/services/,all_services_page,2026-09-05,Airtasker UK service taxonomy.,airtasker,courier services,airtasker||courier services,V2
Airtasker,CPR Training,London,https://www.airtasker.com/uk/services/,all_services_page,2026-09-05,Airtasker UK service taxonomy.,airtasker,cpr training,airtasker||cpr training,V2
Airtasker,Creative Writer,London,https://www.airtasker.com/uk/services/,all_services_page,2026-09-05,Airtasker UK service taxonomy.,airtasker,creative writer,airtasker||creative writer,V2
Airtasker,Cube Storage Assembly,London,https://www.airtasker.com/uk/services/,all_services_page,2026-09-05,Airtasker UK service taxonomy.,airtasker,cube storage assembly,airtasker||cube storage assembly,V2
Airtasker,Curly Hair Specialists,London,https://www.airtasker.com/uk/services/,all_services_page,2026-09-05,Airtasker UK service taxonomy.,airtasker,curly hair specialists,airtasker||curly hair specialists,V2
Airtasker,Curtain Cleaning,London,https://www.airtasker.com/uk/services/,all_services_page,2026-09-05,Airtasker UK service taxonomy.,airtasker,curtain cleaning,airtasker||curtain cleaning,V2
Airtasker,Curtain Dry Cleaning,London,https://www.airtasker.com/uk/services/,all_services_page,2026-09-05,Airtasker UK service taxonomy.,airtasker,curtain dry cleaning,airtasker||curtain dry cleaning,V2
Airtasker,Curtain Rod Installation,London,https://www.airtasker.com/uk/services/,all_services_page,2026-09-05,Airtasker UK service taxonomy.,airtasker,curtain rod installation,airtasker||curtain rod installation,V2
Airtasker,Curtains & Blinds Fitters,London,https://www.airtasker.com/uk/services/,all_services_page,2026-09-05,Airtasker UK service taxonomy.,airtasker,curtains and blinds fitters,airtasker||curtains and blinds fitters,V2
Airtasker,Custom Birthday Cakes,London,https://www.airtasker.com/uk/services/,all_services_page,2026-09-05,Airtasker UK service taxonomy.,airtasker,custom birthday cakes,airtasker||custom birthday cakes,V2
Airtasker,Custom Cakes,London,https://www.airtasker.com/uk/services/,all_services_page,2026-09-05,Airtasker UK service taxonomy.,airtasker,custom cakes,airtasker||custom cakes,V2
Airtasker,Custom Shelving,London,https://www.airtasker.com/uk/services/,all_services_page,2026-09-05,Airtasker UK service taxonomy.,airtasker,custom shelving,airtasker||custom shelving,V2
Airtasker,Cycling Training,London,https://www.airtasker.com/uk/services/,all_services_page,2026-09-05,Airtasker UK service taxonomy.,airtasker,cycling training,airtasker||cycling training,V2
Airtasker,Damp Proofing,London,https://www.airtasker.com/uk/services/,all_services_page,2026-09-05,Airtasker UK service taxonomy.,airtasker,damp proofing,airtasker||damp proofing,V2
Airtasker,Damp Surveyor,London,https://www.airtasker.com/uk/services/,all_services_page,2026-09-05,Airtasker UK service taxonomy.,airtasker,damp surveyor,airtasker||damp surveyor,V2
Airtasker,Dance Lessons,London,https://www.airtasker.com/uk/services/,all_services_page,2026-09-05,Airtasker UK service taxonomy.,airtasker,dance lessons,airtasker||dance lessons,V2
Airtasker,Dancer,London,https://www.airtasker.com/uk/services/,all_services_page,2026-09-05,Airtasker UK service taxonomy.,airtasker,dancer,airtasker||dancer,V2
Airtasker,Dash Cam Installation,London,https://www.airtasker.com/uk/services/,all_services_page,2026-09-05,Airtasker UK service taxonomy.,airtasker,dash cam installation,airtasker||dash cam installation,V2
Airtasker,Data Cable Installation,London,https://www.airtasker.com/uk/services/,all_services_page,2026-09-05,Airtasker UK service taxonomy.,airtasker,data cable installation,airtasker||data cable installation,V2
Airtasker,Data Entry,London,https://www.airtasker.com/uk/services/,all_services_page,2026-09-05,Airtasker UK service taxonomy.,airtasker,data entry,airtasker||data entry,V2
Airtasker,Data Recovery,London,https://www.airtasker.com/uk/services/,all_services_page,2026-09-05,Airtasker UK service taxonomy.,airtasker,data recovery,airtasker||data recovery,V2
Airtasker,Database Developer,London,https://www.airtasker.com/uk/services/,all_services_page,2026-09-05,Airtasker UK service taxonomy.,airtasker,database developer,airtasker||database developer,V2
Airtasker,DBT Therapy,London,https://www.airtasker.com/uk/services/,all_services_page,2026-09-05,Airtasker UK service taxonomy.,airtasker,dbt therapy,airtasker||dbt therapy,V2
Airtasker,Deck Repair,London,https://www.airtasker.com/uk/services/,all_services_page,2026-09-05,Airtasker UK service taxonomy.,airtasker,deck repair,airtasker||deck repair,V2
Airtasker,Deck Sealing,London,https://www.airtasker.com/uk/services/,all_services_page,2026-09-05,Airtasker UK service taxonomy.,airtasker,deck sealing,airtasker||deck sealing,V2
Airtasker,Deck Staining,London,https://www.airtasker.com/uk/services/,all_services_page,2026-09-05,Airtasker UK service taxonomy.,airtasker,deck staining,airtasker||deck staining,V2
Airtasker,Decking,London,https://www.airtasker.com/uk/services/,all_services_page,2026-09-05,Airtasker UK service taxonomy.,airtasker,decking,airtasker||decking,V2
Airtasker,Decluttering,London,https://www.airtasker.com/uk/services/,all_services_page,2026-09-05,Airtasker UK service taxonomy.,airtasker,decluttering,airtasker||decluttering,V2
Airtasker,Delivery,London,https://www.airtasker.com/uk/services/,all_services_page,2026-09-05,Airtasker UK service taxonomy.,airtasker,delivery,airtasker||delivery,V2
Airtasker,Demolition,London,https://www.airtasker.com/uk/services/,all_services_page,2026-09-05,Airtasker UK service taxonomy.,airtasker,demolition,airtasker||demolition,V2
Airtasker,Depression Counselling,London,https://www.airtasker.com/uk/services/,all_services_page,2026-09-05,Airtasker UK service taxonomy.,airtasker,depression counselling,airtasker||depression counselling,V2
Airtasker,Design,London,https://www.airtasker.com/uk/services/,all_services_page,2026-09-05,Airtasker UK service taxonomy.,airtasker,design,airtasker||design,V2
Airtasker,Dessert Catering,London,https://www.airtasker.com/uk/services/,all_services_page,2026-09-05,Airtasker UK service taxonomy.,airtasker,dessert catering,airtasker||dessert catering,V2
Airtasker,Dessert Delivery,London,https://www.airtasker.com/uk/services/,all_services_page,2026-09-05,Airtasker UK service taxonomy.,airtasker,dessert delivery,airtasker||dessert delivery,V2
Airtasker,Destination Wedding Photographer,London,https://www.airtasker.com/uk/services/,all_services_page,2026-09-05,Airtasker UK service taxonomy.,airtasker,destination wedding photographer,airtasker||destination wedding photographer,V2
Airtasker,Dietitian,London,https://www.airtasker.com/uk/services/,all_services_page,2026-09-05,Airtasker UK service taxonomy.,airtasker,dietitian,airtasker||dietitian,V2
Airtasker,Digital Design,London,https://www.airtasker.com/uk/services/,all_services_page,2026-09-05,Airtasker UK service taxonomy.,airtasker,digital design,airtasker||digital design,V2
Airtasker,Dining Chair Repair,London,https://www.airtasker.com/uk/services/,all_services_page,2026-09-05,Airtasker UK service taxonomy.,airtasker,dining chair repair,airtasker||dining chair repair,V2
Airtasker,Dining Room Painting,London,https://www.airtasker.com/uk/services/,all_services_page,2026-09-05,Airtasker UK service taxonomy.,airtasker,dining room painting,airtasker||dining room painting,V2
Airtasker,Dinner Delivery,London,https://www.airtasker.com/uk/services/,all_services_page,2026-09-05,Airtasker UK service taxonomy.,airtasker,dinner delivery,airtasker||dinner delivery,V2
Airtasker,Disassembly,London,https://www.airtasker.com/uk/services/,all_services_page,2026-09-05,Airtasker UK service taxonomy.,airtasker,disassembly,airtasker||disassembly,V2
Airtasker,Dishwasher Not Draining,London,https://www.airtasker.com/uk/services/,all_services_page,2026-09-05,Airtasker UK service taxonomy.,airtasker,dishwasher not draining,airtasker||dishwasher not draining,V2
Airtasker,Dishwasher Removal,London,https://www.airtasker.com/uk/services/,all_services_page,2026-09-05,Airtasker UK service taxonomy.,airtasker,dishwasher removal,airtasker||dishwasher removal,V2
Airtasker,Dishwasher Repair,London,https://www.airtasker.com/uk/services/,all_services_page,2026-09-05,Airtasker UK service taxonomy.,airtasker,dishwasher repair,airtasker||dishwasher repair,V2
Airtasker,Diving Lessons,London,https://www.airtasker.com/uk/services/,all_services_page,2026-09-05,Airtasker UK service taxonomy.,airtasker,diving lessons,airtasker||diving lessons,V2
Airtasker,Divorce Counselling,London,https://www.airtasker.com/uk/services/,all_services_page,2026-09-05,Airtasker UK service taxonomy.,airtasker,divorce counselling,airtasker||divorce counselling,V2
Airtasker,DJ,London,https://www.airtasker.com/uk/services/,all_services_page,2026-09-05,Airtasker UK service taxonomy.,airtasker,dj,airtasker||dj,V2
Airtasker,Document Filing,London,https://www.airtasker.com/uk/services/,all_services_page,2026-09-05,Airtasker UK service taxonomy.,airtasker,document filing,airtasker||document filing,V2
Airtasker,Documentary Wedding Photographer,London,https://www.airtasker.com/uk/services/,all_services_page,2026-09-05,Airtasker UK service taxonomy.,airtasker,documentary wedding photographer,airtasker||documentary wedding photographer,V2
Airtasker,Dog Boarding,London,https://www.airtasker.com/uk/services/,all_services_page,2026-09-05,Airtasker UK service taxonomy.,airtasker,dog boarding,airtasker||dog boarding,V2
Airtasker,Dog Care,London,https://www.airtasker.com/uk/services/,all_services_page,2026-09-05,Airtasker UK service taxonomy.,airtasker,dog care,airtasker||dog care,V2
Airtasker,Dog Day Care,London,https://www.airtasker.com/uk/services/,all_services_page,2026-09-05,Airtasker UK service taxonomy.,airtasker,dog day care,airtasker||dog day care,V2
Airtasker,Dog Door Installation,London,https://www.airtasker.com/uk/services/,all_services_page,2026-09-05,Airtasker UK service taxonomy.,airtasker,dog door installation,airtasker||dog door installation,V2
Airtasker,Dog Food Delivery,London,https://www.airtasker.com/uk/services/,all_services_page,2026-09-05,Airtasker UK service taxonomy.,airtasker,dog food delivery,airtasker||dog food delivery,V2
Airtasker,Dog Grooming,London,https://www.airtasker.com/uk/services/,all_services_page,2026-09-05,Airtasker UK service taxonomy.,airtasker,dog grooming,airtasker||dog grooming,V2
Airtasker,Dog House Builder,London,https://www.airtasker.com/uk/services/,all_services_page,2026-09-05,Airtasker UK service taxonomy.,airtasker,dog house builder,airtasker||dog house builder,V2
Airtasker,Dog Sitting,London,https://www.airtasker.com/uk/services/,all_services_page,2026-09-05,Airtasker UK service taxonomy.,airtasker,dog sitting,airtasker||dog sitting,V2
Airtasker,Dog Training,London,https://www.airtasker.com/uk/services/,all_services_page,2026-09-05,Airtasker UK service taxonomy.,airtasker,dog training,airtasker||dog training,V2
Airtasker,Dog Walking,London,https://www.airtasker.com/uk/services/,all_services_page,2026-09-05,Airtasker UK service taxonomy.,airtasker,dog walking,airtasker||dog walking,V2
Airtasker,Dog Wash,London,https://www.airtasker.com/uk/services/,all_services_page,2026-09-05,Airtasker UK service taxonomy.,airtasker,dog wash,airtasker||dog wash,V2
Airtasker,Donut Delivery,London,https://www.airtasker.com/uk/services/,all_services_page,2026-09-05,Airtasker UK service taxonomy.,airtasker,donut delivery,airtasker||donut delivery,V2
Airtasker,Door Frame Fitting,London,https://www.airtasker.com/uk/services/,all_services_page,2026-09-05,Airtasker UK service taxonomy.,airtasker,door frame fitting,airtasker||door frame fitting,V2
Airtasker,Door Frame Installation,London,https://www.airtasker.com/uk/services/,all_services_page,2026-09-05,Airtasker UK service taxonomy.,airtasker,door frame installation,airtasker||door frame installation,V2
Airtasker,Door Handle Fitting & Repair,London,https://www.airtasker.com/uk/services/,all_services_page,2026-09-05,Airtasker UK service taxonomy.,airtasker,door handle fitting and repair,airtasker||door handle fitting and repair,V2
Airtasker,Door Hanging,London,https://www.airtasker.com/uk/services/,all_services_page,2026-09-05,Airtasker UK service taxonomy.,airtasker,door hanging,airtasker||door hanging,V2
Airtasker,Door Installation,London,https://www.airtasker.com/uk/services/,all_services_page,2026-09-05,Airtasker UK service taxonomy.,airtasker,door installation,airtasker||door installation,V2
Airtasker,Door Knob Installation,London,https://www.airtasker.com/uk/services/,all_services_page,2026-09-05,Airtasker UK service taxonomy.,airtasker,door knob installation,airtasker||door knob installation,V2
Airtasker,Door Repair,London,https://www.airtasker.com/uk/services/,all_services_page,2026-09-05,Airtasker UK service taxonomy.,airtasker,door repair,airtasker||door repair,V2
Airtasker,Double Glazing,London,https://www.airtasker.com/uk/services/,all_services_page,2026-09-05,Airtasker UK service taxonomy.,airtasker,double glazing,airtasker||double glazing,V2
Airtasker,Double Glazing Replacement,London,https://www.airtasker.com/uk/services/,all_services_page,2026-09-05,Airtasker UK service taxonomy.,airtasker,double glazing replacement,airtasker||double glazing replacement,V2
Airtasker,Downlights Installation,London,https://www.airtasker.com/uk/services/,all_services_page,2026-09-05,Airtasker UK service taxonomy.,airtasker,downlights installation,airtasker||downlights installation,V2
Airtasker,Downpipe Installation & Repair,London,https://www.airtasker.com/uk/services/,all_services_page,2026-09-05,Airtasker UK service taxonomy.,airtasker,downpipe installation and repair,airtasker||downpipe installation and repair,V2
Airtasker,Drafting,London,https://www.airtasker.com/uk/services/,all_services_page,2026-09-05,Airtasker UK service taxonomy.,airtasker,drafting,airtasker||drafting,V2
Airtasker,Draftsman,London,https://www.airtasker.com/uk/services/,all_services_page,2026-09-05,Airtasker UK service taxonomy.,airtasker,draftsman,airtasker||draftsman,V2
Airtasker,Drain Cleaning,London,https://www.airtasker.com/uk/services/,all_services_page,2026-09-05,Airtasker UK service taxonomy.,airtasker,drain cleaning,airtasker||drain cleaning,V2
Airtasker,Draught Proofing,London,https://www.airtasker.com/uk/services/,all_services_page,2026-09-05,Airtasker UK service taxonomy.,airtasker,draught proofing,airtasker||draught proofing,V2
Airtasker,Drawing,London,https://www.airtasker.com/uk/services/,all_services_page,2026-09-05,Airtasker UK service taxonomy.,airtasker,drawing,airtasker||drawing,V2
Airtasker,Drawing Lessons,London,https://www.airtasker.com/uk/services/,all_services_page,2026-09-05,Airtasker UK service taxonomy.,airtasker,drawing lessons,airtasker||drawing lessons,V2
Airtasker,Dressmakers,London,https://www.airtasker.com/uk/services/,all_services_page,2026-09-05,Airtasker UK service taxonomy.,airtasker,dressmakers,airtasker||dressmakers,V2
Airtasker,Dried Flower Delivery,London,https://www.airtasker.com/uk/services/,all_services_page,2026-09-05,Airtasker UK service taxonomy.,airtasker,dried flower delivery,airtasker||dried flower delivery,V2
Airtasker,Drip Irrigation Systems,London,https://www.airtasker.com/uk/services/,all_services_page,2026-09-05,Airtasker UK service taxonomy.,airtasker,drip irrigation systems,airtasker||drip irrigation systems,V2
Airtasker,Driveway Cleaning,London,https://www.airtasker.com/uk/services/,all_services_page,2026-09-05,Airtasker UK service taxonomy.,airtasker,driveway cleaning,airtasker||driveway cleaning,V2
Airtasker,Driveway Repair,London,https://www.airtasker.com/uk/services/,all_services_page,2026-09-05,Airtasker UK service taxonomy.,airtasker,driveway repair,airtasker||driveway repair,V2
Airtasker,Driveway Sealing,London,https://www.airtasker.com/uk/services/,all_services_page,2026-09-05,Airtasker UK service taxonomy.,airtasker,driveway sealing,airtasker||driveway sealing,V2
Airtasker,Driving,London,https://www.airtasker.com/uk/services/,all_services_page,2026-09-05,Airtasker UK service taxonomy.,airtasker,driving,airtasker||driving,V2
Airtasker,Driving Lessons,London,https://www.airtasker.com/uk/services/,all_services_page,2026-09-05,Airtasker UK service taxonomy.,airtasker,driving lessons,airtasker||driving lessons,V2
Airtasker,Drone Repair,London,https://www.airtasker.com/uk/services/,all_services_page,2026-09-05,Airtasker UK service taxonomy.,airtasker,drone repair,airtasker||drone repair,V2
Airtasker,Drone Training,London,https://www.airtasker.com/uk/services/,all_services_page,2026-09-05,Airtasker UK service taxonomy.,airtasker,drone training,airtasker||drone training,V2
Airtasker,Drum Lessons,London,https://www.airtasker.com/uk/services/,all_services_page,2026-09-05,Airtasker UK service taxonomy.,airtasker,drum lessons,airtasker||drum lessons,V2
Airtasker,Dry Carpet Cleaning,London,https://www.airtasker.com/uk/services/,all_services_page,2026-09-05,Airtasker UK service taxonomy.,airtasker,dry carpet cleaning,airtasker||dry carpet cleaning,V2
Airtasker,Dry Rot Treatment,London,https://www.airtasker.com/uk/services/,all_services_page,2026-09-05,Airtasker UK service taxonomy.,airtasker,dry rot treatment,airtasker||dry rot treatment,V2
Airtasker,Dryer Installation,London,https://www.airtasker.com/uk/services/,all_services_page,2026-09-05,Airtasker UK service taxonomy.,airtasker,dryer installation,airtasker||dryer installation,V2
Airtasker,Dryer Repair,London,https://www.airtasker.com/uk/services/,all_services_page,2026-09-05,Airtasker UK service taxonomy.,airtasker,dryer repair,airtasker||dryer repair,V2
Airtasker,Drywall Repair & Patch,London,https://www.airtasker.com/uk/services/,all_services_page,2026-09-05,Airtasker UK service taxonomy.,airtasker,drywall repair and patch,airtasker||drywall repair and patch,V2
Airtasker,Duct Cleaning,London,https://www.airtasker.com/uk/services/,all_services_page,2026-09-05,Airtasker UK service taxonomy.,airtasker,duct cleaning,airtasker||duct cleaning,V2
Airtasker,Dunelm Furniture Assembly,London,https://www.airtasker.com/uk/services/,all_services_page,2026-09-05,Airtasker UK service taxonomy.,airtasker,dunelm furniture assembly,airtasker||dunelm furniture assembly,V2
Airtasker,Dusting,London,https://www.airtasker.com/uk/services/,all_services_page,2026-09-05,Airtasker UK service taxonomy.,airtasker,dusting,airtasker||dusting,V2
Airtasker,Dutch Lessons,London,https://www.airtasker.com/uk/services/,all_services_page,2026-09-05,Airtasker UK service taxonomy.,airtasker,dutch lessons,airtasker||dutch lessons,V2
Airtasker,Duvet Dry Cleaning,London,https://www.airtasker.com/uk/services/,all_services_page,2026-09-05,Airtasker UK service taxonomy.,airtasker,duvet dry cleaning,airtasker||duvet dry cleaning,V2
Airtasker,Dyson Wall Mounting,London,https://www.airtasker.com/uk/services/,all_services_page,2026-09-05,Airtasker UK service taxonomy.,airtasker,dyson wall mounting,airtasker||dyson wall mounting,V2
Airtasker,Ear Piercing,London,https://www.airtasker.com/uk/services/,all_services_page,2026-09-05,Airtasker UK service taxonomy.,airtasker,ear piercing,airtasker||ear piercing,V2
Airtasker,Earthmoving Contractors,London,https://www.airtasker.com/uk/services/,all_services_page,2026-09-05,Airtasker UK service taxonomy.,airtasker,earthmoving contractors,airtasker||earthmoving contractors,V2
Airtasker,Eating Disorder Therapy,London,https://www.airtasker.com/uk/services/,all_services_page,2026-09-05,Airtasker UK service taxonomy.,airtasker,eating disorder therapy,airtasker||eating disorder therapy,V2
Airtasker,eBay Selling Assistance,London,https://www.airtasker.com/uk/services/,all_services_page,2026-09-05,Airtasker UK service taxonomy.,airtasker,ebay selling assistance,airtasker||ebay selling assistance,V2
Airtasker,Economics Tutor,London,https://www.airtasker.com/uk/services/,all_services_page,2026-09-05,Airtasker UK service taxonomy.,airtasker,economics tutor,airtasker||economics tutor,V2
Airtasker,Edinburgh to Aberdeen Removals,London,https://www.airtasker.com/uk/services/,all_services_page,2026-09-05,Airtasker UK service taxonomy.,airtasker,edinburgh to aberdeen removals,airtasker||edinburgh to aberdeen removals,V2
Airtasker,Edinburgh to Cambridge Removals,London,https://www.airtasker.com/uk/services/,all_services_page,2026-09-05,Airtasker UK service taxonomy.,airtasker,edinburgh to cambridge removals,airtasker||edinburgh to cambridge removals,V2
Airtasker,Edinburgh to Croydon Removals,London,https://www.airtasker.com/uk/services/,all_services_page,2026-09-05,Airtasker UK service taxonomy.,airtasker,edinburgh to croydon removals,airtasker||edinburgh to croydon removals,V2
Airtasker,Edinburgh to Dover Removals,London,https://www.airtasker.com/uk/services/,all_services_page,2026-09-05,Airtasker UK service taxonomy.,airtasker,edinburgh to dover removals,airtasker||edinburgh to dover removals,V2
Airtasker,Edinburgh to Dundee Removals,London,https://www.airtasker.com/uk/services/,all_services_page,2026-09-05,Airtasker UK service taxonomy.,airtasker,edinburgh to dundee removals,airtasker||edinburgh to dundee removals,V2
Airtasker,Edinburgh to Glasgow Removals,London,https://www.airtasker.com/uk/services/,all_services_page,2026-09-05,Airtasker UK service taxonomy.,airtasker,edinburgh to glasgow removals,airtasker||edinburgh to glasgow removals,V2
Airtasker,Edinburgh to Leeds Removals,London,https://www.airtasker.com/uk/services/,all_services_page,2026-09-05,Airtasker UK service taxonomy.,airtasker,edinburgh to leeds removals,airtasker||edinburgh to leeds removals,V2
Airtasker,Edinburgh to Liverpool Removals,London,https://www.airtasker.com/uk/services/,all_services_page,2026-09-05,Airtasker UK service taxonomy.,airtasker,edinburgh to liverpool removals,airtasker||edinburgh to liverpool removals,V2
Airtasker,Edinburgh to Newcastle Removals,London,https://www.airtasker.com/uk/services/,all_services_page,2026-09-05,Airtasker UK service taxonomy.,airtasker,edinburgh to newcastle removals,airtasker||edinburgh to newcastle removals,V2
Airtasker,Electric Bike Repair,London,https://www.airtasker.com/uk/services/,all_services_page,2026-09-05,Airtasker UK service taxonomy.,airtasker,electric bike repair,airtasker||electric bike repair,V2
Airtasker,Electric Boiler Installation & Repairs,London,https://www.airtasker.com/uk/services/,all_services_page,2026-09-05,Airtasker UK service taxonomy.,airtasker,electric boiler installation and repairs,airtasker||electric boiler installation and repairs,V2
Airtasker,Electric Car Service,London,https://www.airtasker.com/uk/services/,all_services_page,2026-09-05,Airtasker UK service taxonomy.,airtasker,electric car service,airtasker||electric car service,V2
Airtasker,Electric Cooker Installation and Repair,London,https://www.airtasker.com/uk/services/,all_services_page,2026-09-05,Airtasker UK service taxonomy.,airtasker,electric cooker installation and repair,airtasker||electric cooker installation and repair,V2
Airtasker,Electric Guitar Lessons,London,https://www.airtasker.com/uk/services/,all_services_page,2026-09-05,Airtasker UK service taxonomy.,airtasker,electric guitar lessons,airtasker||electric guitar lessons,V2
Airtasker,Electric Scooter Repair,London,https://www.airtasker.com/uk/services/,all_services_page,2026-09-05,Airtasker UK service taxonomy.,airtasker,electric scooter repair,airtasker||electric scooter repair,V2
Airtasker,Electric Shower Installation,London,https://www.airtasker.com/uk/services/,all_services_page,2026-09-05,Airtasker UK service taxonomy.,airtasker,electric shower installation,airtasker||electric shower installation,V2
Airtasker,Electrical Inspection and Testing,London,https://www.airtasker.com/uk/services/,all_services_page,2026-09-05,Airtasker UK service taxonomy.,airtasker,electrical inspection and testing,airtasker||electrical inspection and testing,V2
Airtasker,Electrical Installation,London,https://www.airtasker.com/uk/services/,all_services_page,2026-09-05,Airtasker UK service taxonomy.,airtasker,electrical installation,airtasker||electrical installation,V2
Airtasker,Electrical Rewiring,London,https://www.airtasker.com/uk/services/,all_services_page,2026-09-05,Airtasker UK service taxonomy.,airtasker,electrical rewiring,airtasker||electrical rewiring,V2
Airtasker,Electricians,London,https://www.airtasker.com/uk/services/,all_services_page,2026-09-05,Airtasker UK service taxonomy.,airtasker,electricians,airtasker||electricians,V2
Airtasker,Electronic Repair,London,https://www.airtasker.com/uk/services/,all_services_page,2026-09-05,Airtasker UK service taxonomy.,airtasker,electronic repair,airtasker||electronic repair,V2
Airtasker,Elocution Lessons,London,https://www.airtasker.com/uk/services/,all_services_page,2026-09-05,Airtasker UK service taxonomy.,airtasker,elocution lessons,airtasker||elocution lessons,V2
Airtasker,Email Setup,London,https://www.airtasker.com/uk/services/,all_services_page,2026-09-05,Airtasker UK service taxonomy.,airtasker,email setup,airtasker||email setup,V2
Airtasker,Embroidery Services,London,https://www.airtasker.com/uk/services/,all_services_page,2026-09-05,Airtasker UK service taxonomy.,airtasker,embroidery services,airtasker||embroidery services,V2
Airtasker,EMDR Therapy,London,https://www.airtasker.com/uk/services/,all_services_page,2026-09-05,Airtasker UK service taxonomy.,airtasker,emdr therapy,airtasker||emdr therapy,V2
Airtasker,Emergency Glazing,London,https://www.airtasker.com/uk/services/,all_services_page,2026-09-05,Airtasker UK service taxonomy.,airtasker,emergency glazing,airtasker||emergency glazing,V2
Airtasker,Emergency Locksmith,London,https://www.airtasker.com/uk/services/,all_services_page,2026-09-05,Airtasker UK service taxonomy.,airtasker,emergency locksmith,airtasker||emergency locksmith,V2
Airtasker,End of Lease Cleaning,London,https://www.airtasker.com/uk/services/,all_services_page,2026-09-05,Airtasker UK service taxonomy.,airtasker,end of lease cleaning,airtasker||end of lease cleaning,V2
Airtasker,End of Tenancy Cleaning,London,https://www.airtasker.com/uk/services/,all_services_page,2026-09-05,Airtasker UK service taxonomy.,airtasker,end of tenancy cleaning,airtasker||end of tenancy cleaning,V2
Airtasker,Engagement Photographer,London,https://www.airtasker.com/uk/services/,all_services_page,2026-09-05,Airtasker UK service taxonomy.,airtasker,engagement photographer,airtasker||engagement photographer,V2
Airtasker,Engine Rebuild,London,https://www.airtasker.com/uk/services/,all_services_page,2026-09-05,Airtasker UK service taxonomy.,airtasker,engine rebuild,airtasker||engine rebuild,V2
Airtasker,Engine Replacement,London,https://www.airtasker.com/uk/services/,all_services_page,2026-09-05,Airtasker UK service taxonomy.,airtasker,engine replacement,airtasker||engine replacement,V2
Airtasker,English Tutor,London,https://www.airtasker.com/uk/services/,all_services_page,2026-09-05,Airtasker UK service taxonomy.,airtasker,english tutor,airtasker||english tutor,V2
Airtasker,Engraving,London,https://www.airtasker.com/uk/services/,all_services_page,2026-09-05,Airtasker UK service taxonomy.,airtasker,engraving,airtasker||engraving,V2
Airtasker,Entertainment,London,https://www.airtasker.com/uk/services/,all_services_page,2026-09-05,Airtasker UK service taxonomy.,airtasker,entertainment,airtasker||entertainment,V2
Airtasker,Environment Science Tutor,London,https://www.airtasker.com/uk/services/,all_services_page,2026-09-05,Airtasker UK service taxonomy.,airtasker,environment science tutor,airtasker||environment science tutor,V2
Airtasker,EPDM Roofing,London,https://www.airtasker.com/uk/services/,all_services_page,2026-09-05,Airtasker UK service taxonomy.,airtasker,epdm roofing,airtasker||epdm roofing,V2
Airtasker,Epoxy Floor Coating,London,https://www.airtasker.com/uk/services/,all_services_page,2026-09-05,Airtasker UK service taxonomy.,airtasker,epoxy floor coating,airtasker||epoxy floor coating,V2
Airtasker,Equestrian Fencing,London,https://www.airtasker.com/uk/services/,all_services_page,2026-09-05,Airtasker UK service taxonomy.,airtasker,equestrian fencing,airtasker||equestrian fencing,V2
Airtasker,Errand Runners,London,https://www.airtasker.com/uk/services/,all_services_page,2026-09-05,Airtasker UK service taxonomy.,airtasker,errand runners,airtasker||errand runners,V2
Airtasker,Esol Tutor,London,https://www.airtasker.com/uk/services/,all_services_page,2026-09-05,Airtasker UK service taxonomy.,airtasker,esol tutor,airtasker||esol tutor,V2
Airtasker,EV Services,London,https://www.airtasker.com/uk/services/,all_services_page,2026-09-05,Airtasker UK service taxonomy.,airtasker,ev services,airtasker||ev services,V2
Airtasker,Event Decorator,London,https://www.airtasker.com/uk/services/,all_services_page,2026-09-05,Airtasker UK service taxonomy.,airtasker,event decorator,airtasker||event decorator,V2
Airtasker,Event Photographers,London,https://www.airtasker.com/uk/services/,all_services_page,2026-09-05,Airtasker UK service taxonomy.,airtasker,event photographers,airtasker||event photographers,V2
Airtasker,Event Security,London,https://www.airtasker.com/uk/services/,all_services_page,2026-09-05,Airtasker UK service taxonomy.,airtasker,event security,airtasker||event security,V2
Airtasker,Event Setup & Cleaning,London,https://www.airtasker.com/uk/services/,all_services_page,2026-09-05,Airtasker UK service taxonomy.,airtasker,event setup and cleaning,airtasker||event setup and cleaning,V2
Airtasker,Event Staff,London,https://www.airtasker.com/uk/services/,all_services_page,2026-09-05,Airtasker UK service taxonomy.,airtasker,event staff,airtasker||event staff,V2
Airtasker,Events,London,https://www.airtasker.com/uk/services/,all_services_page,2026-09-05,Airtasker UK service taxonomy.,airtasker,events,airtasker||events,V2
Airtasker,Executive Coach,London,https://www.airtasker.com/uk/services/,all_services_page,2026-09-05,Airtasker UK service taxonomy.,airtasker,executive coach,airtasker||executive coach,V2
Airtasker,Exercise Bike Assembly,London,https://www.airtasker.com/uk/services/,all_services_page,2026-09-05,Airtasker UK service taxonomy.,airtasker,exercise bike assembly,airtasker||exercise bike assembly,V2
Airtasker,Exhaust Repair,London,https://www.airtasker.com/uk/services/,all_services_page,2026-09-05,Airtasker UK service taxonomy.,airtasker,exhaust repair,airtasker||exhaust repair,V2
Airtasker,Exterior Painting,London,https://www.airtasker.com/uk/services/,all_services_page,2026-09-05,Airtasker UK service taxonomy.,airtasker,exterior painting,airtasker||exterior painting,V2
Airtasker,Exterior Wall Cleaning,London,https://www.airtasker.com/uk/services/,all_services_page,2026-09-05,Airtasker UK service taxonomy.,airtasker,exterior wall cleaning,airtasker||exterior wall cleaning,V2
Airtasker,Extractor Fan Installation,London,https://www.airtasker.com/uk/services/,all_services_page,2026-09-05,Airtasker UK service taxonomy.,airtasker,extractor fan installation,airtasker||extractor fan installation,V2
Airtasker,Eyebrow Microblading,London,https://www.airtasker.com/uk/services/,all_services_page,2026-09-05,Airtasker UK service taxonomy.,airtasker,eyebrow microblading,airtasker||eyebrow microblading,V2
Airtasker,Eyebrow Threading,London,https://www.airtasker.com/uk/services/,all_services_page,2026-09-05,Airtasker UK service taxonomy.,airtasker,eyebrow threading,airtasker||eyebrow threading,V2
Airtasker,Eyebrow Waxing,London,https://www.airtasker.com/uk/services/,all_services_page,2026-09-05,Airtasker UK service taxonomy.,airtasker,eyebrow waxing,airtasker||eyebrow waxing,V2
Airtasker,Eyelash Extensions,London,https://www.airtasker.com/uk/services/,all_services_page,2026-09-05,Airtasker UK service taxonomy.,airtasker,eyelash extensions,airtasker||eyelash extensions,V2
Airtasker,Eyelash Lift and Tint,London,https://www.airtasker.com/uk/services/,all_services_page,2026-09-05,Airtasker UK service taxonomy.,airtasker,eyelash lift and tint,airtasker||eyelash lift and tint,V2
Airtasker,Eyelash Perming,London,https://www.airtasker.com/uk/services/,all_services_page,2026-09-05,Airtasker UK service taxonomy.,airtasker,eyelash perming,airtasker||eyelash perming,V2
Airtasker,Face Painting,London,https://www.airtasker.com/uk/services/,all_services_page,2026-09-05,Airtasker UK service taxonomy.,airtasker,face painting,airtasker||face painting,V2
Airtasker,Face Piercing,London,https://www.airtasker.com/uk/services/,all_services_page,2026-09-05,Airtasker UK service taxonomy.,airtasker,face piercing,airtasker||face piercing,V2
Airtasker,Facebook Marketing,London,https://www.airtasker.com/uk/services/,all_services_page,2026-09-05,Airtasker UK service taxonomy.,airtasker,facebook marketing,airtasker||facebook marketing,V2
Airtasker,Facial Hair Removal,London,https://www.airtasker.com/uk/services/,all_services_page,2026-09-05,Airtasker UK service taxonomy.,airtasker,facial hair removal,airtasker||facial hair removal,V2
Airtasker,Family Photoshoots,London,https://www.airtasker.com/uk/services/,all_services_page,2026-09-05,Airtasker UK service taxonomy.,airtasker,family photoshoots,airtasker||family photoshoots,V2
Airtasker,Family Therapy,London,https://www.airtasker.com/uk/services/,all_services_page,2026-09-05,Airtasker UK service taxonomy.,airtasker,family therapy,airtasker||family therapy,V2
Airtasker,Fan Belt Replacement,London,https://www.airtasker.com/uk/services/,all_services_page,2026-09-05,Airtasker UK service taxonomy.,airtasker,fan belt replacement,airtasker||fan belt replacement,V2
Airtasker,Fascias and Guttering,London,https://www.airtasker.com/uk/services/,all_services_page,2026-09-05,Airtasker UK service taxonomy.,airtasker,fascias and guttering,airtasker||fascias and guttering,V2
Airtasker,Fashion Photographer,London,https://www.airtasker.com/uk/services/,all_services_page,2026-09-05,Airtasker UK service taxonomy.,airtasker,fashion photographer,airtasker||fashion photographer,V2
Airtasker,Fast Food Delivery,London,https://www.airtasker.com/uk/services/,all_services_page,2026-09-05,Airtasker UK service taxonomy.,airtasker,fast food delivery,airtasker||fast food delivery,V2
Airtasker,Father's Day Gift Delivery,London,https://www.airtasker.com/uk/services/,all_services_page,2026-09-05,Airtasker UK service taxonomy.,airtasker,fathers day gift delivery,airtasker||fathers day gift delivery,V2
Airtasker,Felt Roofing,London,https://www.airtasker.com/uk/services/,all_services_page,2026-09-05,Airtasker UK service taxonomy.,airtasker,felt roofing,airtasker||felt roofing,V2
Airtasker,Female Personal Training,London,https://www.airtasker.com/uk/services/,all_services_page,2026-09-05,Airtasker UK service taxonomy.,airtasker,female personal training,airtasker||female personal training,V2
Airtasker,Fence Installation,London,https://www.airtasker.com/uk/services/,all_services_page,2026-09-05,Airtasker UK service taxonomy.,airtasker,fence installation,airtasker||fence installation,V2
Airtasker,Fence Painting,London,https://www.airtasker.com/uk/services/,all_services_page,2026-09-05,Airtasker UK service taxonomy.,airtasker,fence painting,airtasker||fence painting,V2
Airtasker,Fence Repair,London,https://www.airtasker.com/uk/services/,all_services_page,2026-09-05,Airtasker UK service taxonomy.,airtasker,fence repair,airtasker||fence repair,V2
Airtasker,Fence Staining,London,https://www.airtasker.com/uk/services/,all_services_page,2026-09-05,Airtasker UK service taxonomy.,airtasker,fence staining,airtasker||fence staining,V2
Airtasker,Fencing,London,https://www.airtasker.com/uk/services/,all_services_page,2026-09-05,Airtasker UK service taxonomy.,airtasker,fencing,airtasker||fencing,V2
Airtasker,Fencing Lessons,London,https://www.airtasker.com/uk/services/,all_services_page,2026-09-05,Airtasker UK service taxonomy.,airtasker,fencing lessons,airtasker||fencing lessons,V2
Airtasker,Fiat Service,London,https://www.airtasker.com/uk/services/,all_services_page,2026-09-05,Airtasker UK service taxonomy.,airtasker,fiat service,airtasker||fiat service,V2
Airtasker,Fibreglass Roofing,London,https://www.airtasker.com/uk/services/,all_services_page,2026-09-05,Airtasker UK service taxonomy.,airtasker,fibreglass roofing,airtasker||fibreglass roofing,V2
Airtasker,File Conversion Help,London,https://www.airtasker.com/uk/services/,all_services_page,2026-09-05,Airtasker UK service taxonomy.,airtasker,file conversion help,airtasker||file conversion help,V2
Airtasker,Financial Advisor,London,https://www.airtasker.com/uk/services/,all_services_page,2026-09-05,Airtasker UK service taxonomy.,airtasker,financial advisor,airtasker||financial advisor,V2
Airtasker,Financial Modelling,London,https://www.airtasker.com/uk/services/,all_services_page,2026-09-05,Airtasker UK service taxonomy.,airtasker,financial modelling,airtasker||financial modelling,V2
Airtasker,Financial Planning,London,https://www.airtasker.com/uk/services/,all_services_page,2026-09-05,Airtasker UK service taxonomy.,airtasker,financial planning,airtasker||financial planning,V2
Airtasker,Financial Reporting,London,https://www.airtasker.com/uk/services/,all_services_page,2026-09-05,Airtasker UK service taxonomy.,airtasker,financial reporting,airtasker||financial reporting,V2
Airtasker,Fire Alarm Installation,London,https://www.airtasker.com/uk/services/,all_services_page,2026-09-05,Airtasker UK service taxonomy.,airtasker,fire alarm installation,airtasker||fire alarm installation,V2
Airtasker,Fire Damage,London,https://www.airtasker.com/uk/services/,all_services_page,2026-09-05,Airtasker UK service taxonomy.,airtasker,fire damage,airtasker||fire damage,V2
Airtasker,Fire Door Installation,London,https://www.airtasker.com/uk/services/,all_services_page,2026-09-05,Airtasker UK service taxonomy.,airtasker,fire door installation,airtasker||fire door installation,V2
Airtasker,Fire Risk Assessment Service,London,https://www.airtasker.com/uk/services/,all_services_page,2026-09-05,Airtasker UK service taxonomy.,airtasker,fire risk assessment service,airtasker||fire risk assessment service,V2
Airtasker,Fireplace Installation,London,https://www.airtasker.com/uk/services/,all_services_page,2026-09-05,Airtasker UK service taxonomy.,airtasker,fireplace installation,airtasker||fireplace installation,V2
Airtasker,First Aid Training,London,https://www.airtasker.com/uk/services/,all_services_page,2026-09-05,Airtasker UK service taxonomy.,airtasker,first aid training,airtasker||first aid training,V2
Airtasker,Fish & Chips Takeaway,London,https://www.airtasker.com/uk/services/,all_services_page,2026-09-05,Airtasker UK service taxonomy.,airtasker,fish and chips takeaway,airtasker||fish and chips takeaway,V2
Airtasker,Fish Tank Cleaning,London,https://www.airtasker.com/uk/services/,all_services_page,2026-09-05,Airtasker UK service taxonomy.,airtasker,fish tank cleaning,airtasker||fish tank cleaning,V2
Airtasker,Fish Tank Repair,London,https://www.airtasker.com/uk/services/,all_services_page,2026-09-05,Airtasker UK service taxonomy.,airtasker,fish tank repair,airtasker||fish tank repair,V2
Airtasker,Fishing Lessons,London,https://www.airtasker.com/uk/services/,all_services_page,2026-09-05,Airtasker UK service taxonomy.,airtasker,fishing lessons,airtasker||fishing lessons,V2
Airtasker,Fitness,London,https://www.airtasker.com/uk/services/,all_services_page,2026-09-05,Airtasker UK service taxonomy.,airtasker,fitness,airtasker||fitness,V2
Airtasker,Fitness Equipment Installation,London,https://www.airtasker.com/uk/services/,all_services_page,2026-09-05,Airtasker UK service taxonomy.,airtasker,fitness equipment installation,airtasker||fitness equipment installation,V2
Airtasker,Flat Clearance,London,https://www.airtasker.com/uk/services/,all_services_page,2026-09-05,Airtasker UK service taxonomy.,airtasker,flat clearance,airtasker||flat clearance,V2
Airtasker,Flat Roofing,London,https://www.airtasker.com/uk/services/,all_services_page,2026-09-05,Airtasker UK service taxonomy.,airtasker,flat roofing,airtasker||flat roofing,V2
Airtasker,Flea Exterminator,London,https://www.airtasker.com/uk/services/,all_services_page,2026-09-05,Airtasker UK service taxonomy.,airtasker,flea exterminator,airtasker||flea exterminator,V2
Airtasker,Floating Flooring,London,https://www.airtasker.com/uk/services/,all_services_page,2026-09-05,Airtasker UK service taxonomy.,airtasker,floating flooring,airtasker||floating flooring,V2
Airtasker,Floor Planning,London,https://www.airtasker.com/uk/services/,all_services_page,2026-09-05,Airtasker UK service taxonomy.,airtasker,floor planning,airtasker||floor planning,V2
Airtasker,Floor Repair,London,https://www.airtasker.com/uk/services/,all_services_page,2026-09-05,Airtasker UK service taxonomy.,airtasker,floor repair,airtasker||floor repair,V2
Airtasker,Floor Sanding,London,https://www.airtasker.com/uk/services/,all_services_page,2026-09-05,Airtasker UK service taxonomy.,airtasker,floor sanding,airtasker||floor sanding,V2
Airtasker,Floorboards,London,https://www.airtasker.com/uk/services/,all_services_page,2026-09-05,Airtasker UK service taxonomy.,airtasker,floorboards,airtasker||floorboards,V2
Airtasker,Flooring,London,https://www.airtasker.com/uk/services/,all_services_page,2026-09-05,Airtasker UK service taxonomy.,airtasker,flooring,airtasker||flooring,V2
Airtasker,Florist,London,https://www.airtasker.com/uk/services/,all_services_page,2026-09-05,Airtasker UK service taxonomy.,airtasker,florist,airtasker||florist,V2
Airtasker,Flower & Balloon Delivery,London,https://www.airtasker.com/uk/services/,all_services_page,2026-09-05,Airtasker UK service taxonomy.,airtasker,flower and balloon delivery,airtasker||flower and balloon delivery,V2
Airtasker,Flower Arrangements,London,https://www.airtasker.com/uk/services/,all_services_page,2026-09-05,Airtasker UK service taxonomy.,airtasker,flower arrangements,airtasker||flower arrangements,V2
Airtasker,Flower Delivery,London,https://www.airtasker.com/uk/services/,all_services_page,2026-09-05,Airtasker UK service taxonomy.,airtasker,flower delivery,airtasker||flower delivery,V2
Airtasker,Flower Wall,London,https://www.airtasker.com/uk/services/,all_services_page,2026-09-05,Airtasker UK service taxonomy.,airtasker,flower wall,airtasker||flower wall,V2
Airtasker,Flute Lessons,London,https://www.airtasker.com/uk/services/,all_services_page,2026-09-05,Airtasker UK service taxonomy.,airtasker,flute lessons,airtasker||flute lessons,V2
Airtasker,Flyer Design,London,https://www.airtasker.com/uk/services/,all_services_page,2026-09-05,Airtasker UK service taxonomy.,airtasker,flyer design,airtasker||flyer design,V2
Airtasker,Flying Lessons,London,https://www.airtasker.com/uk/services/,all_services_page,2026-09-05,Airtasker UK service taxonomy.,airtasker,flying lessons,airtasker||flying lessons,V2
Airtasker,Flyscreen Installation,London,https://www.airtasker.com/uk/services/,all_services_page,2026-09-05,Airtasker UK service taxonomy.,airtasker,flyscreen installation,airtasker||flyscreen installation,V2
Airtasker,Food Delivery,London,https://www.airtasker.com/uk/services/,all_services_page,2026-09-05,Airtasker UK service taxonomy.,airtasker,food delivery,airtasker||food delivery,V2
Airtasker,Food Waste Disposal,London,https://www.airtasker.com/uk/services/,all_services_page,2026-09-05,Airtasker UK service taxonomy.,airtasker,food waste disposal,airtasker||food waste disposal,V2
Airtasker,Football Lessons,London,https://www.airtasker.com/uk/services/,all_services_page,2026-09-05,Airtasker UK service taxonomy.,airtasker,football lessons,airtasker||football lessons,V2
Airtasker,Ford Service,London,https://www.airtasker.com/uk/services/,all_services_page,2026-09-05,Airtasker UK service taxonomy.,airtasker,ford service,airtasker||ford service,V2
Airtasker,Fragile Removals,London,https://www.airtasker.com/uk/services/,all_services_page,2026-09-05,Airtasker UK service taxonomy.,airtasker,fragile removals,airtasker||fragile removals,V2
Airtasker,Freezer Installation,London,https://www.airtasker.com/uk/services/,all_services_page,2026-09-05,Airtasker UK service taxonomy.,airtasker,freezer installation,airtasker||freezer installation,V2
Airtasker,Freezer Repair,London,https://www.airtasker.com/uk/services/,all_services_page,2026-09-05,Airtasker UK service taxonomy.,airtasker,freezer repair,airtasker||freezer repair,V2
Airtasker,French Baker,London,https://www.airtasker.com/uk/services/,all_services_page,2026-09-05,Airtasker UK service taxonomy.,airtasker,french baker,airtasker||french baker,V2
Airtasker,French Polishing,London,https://www.airtasker.com/uk/services/,all_services_page,2026-09-05,Airtasker UK service taxonomy.,airtasker,french polishing,airtasker||french polishing,V2
Airtasker,French Tutor,London,https://www.airtasker.com/uk/services/,all_services_page,2026-09-05,Airtasker UK service taxonomy.,airtasker,french tutor,airtasker||french tutor,V2
Airtasker,Fresh Food Delivery,London,https://www.airtasker.com/uk/services/,all_services_page,2026-09-05,Airtasker UK service taxonomy.,airtasker,fresh food delivery,airtasker||fresh food delivery,V2
Airtasker,Fridge Cleaning,London,https://www.airtasker.com/uk/services/,all_services_page,2026-09-05,Airtasker UK service taxonomy.,airtasker,fridge cleaning,airtasker||fridge cleaning,V2
Airtasker,Fridge Removal and Disposal,London,https://www.airtasker.com/uk/services/,all_services_page,2026-09-05,Airtasker UK service taxonomy.,airtasker,fridge removal and disposal,airtasker||fridge removal and disposal,V2
Airtasker,Fridge Removals,London,https://www.airtasker.com/uk/services/,all_services_page,2026-09-05,Airtasker UK service taxonomy.,airtasker,fridge removals,airtasker||fridge removals,V2
Airtasker,Fridge Repair & Installation,London,https://www.airtasker.com/uk/services/,all_services_page,2026-09-05,Airtasker UK service taxonomy.,airtasker,fridge repair and installation,airtasker||fridge repair and installation,V2
Airtasker,Fruit Delivery,London,https://www.airtasker.com/uk/services/,all_services_page,2026-09-05,Airtasker UK service taxonomy.,airtasker,fruit delivery,airtasker||fruit delivery,V2
Airtasker,Fuel Injection Repair,London,https://www.airtasker.com/uk/services/,all_services_page,2026-09-05,Airtasker UK service taxonomy.,airtasker,fuel injection repair,airtasker||fuel injection repair,V2
Airtasker,Fuel Pump Replacement,London,https://www.airtasker.com/uk/services/,all_services_page,2026-09-05,Airtasker UK service taxonomy.,airtasker,fuel pump replacement,airtasker||fuel pump replacement,V2
Airtasker,Full English Breakfast Delivery,London,https://www.airtasker.com/uk/services/,all_services_page,2026-09-05,Airtasker UK service taxonomy.,airtasker,full english breakfast delivery,airtasker||full english breakfast delivery,V2
Airtasker,Furniture Assembly,London,https://www.airtasker.com/uk/services/,all_services_page,2026-09-05,Airtasker UK service taxonomy.,airtasker,furniture assembly,airtasker||furniture assembly,V2
Airtasker,Furniture Delivery,London,https://www.airtasker.com/uk/services/,all_services_page,2026-09-05,Airtasker UK service taxonomy.,airtasker,furniture delivery,airtasker||furniture delivery,V2
Airtasker,Furniture Disassembly,London,https://www.airtasker.com/uk/services/,all_services_page,2026-09-05,Airtasker UK service taxonomy.,airtasker,furniture disassembly,airtasker||furniture disassembly,V2
Airtasker,Furniture Makers,London,https://www.airtasker.com/uk/services/,all_services_page,2026-09-05,Airtasker UK service taxonomy.,airtasker,furniture makers,airtasker||furniture makers,V2
Airtasker,Furniture Painting,London,https://www.airtasker.com/uk/services/,all_services_page,2026-09-05,Airtasker UK service taxonomy.,airtasker,furniture painting,airtasker||furniture painting,V2
Airtasker,Furniture Removals,London,https://www.airtasker.com/uk/services/,all_services_page,2026-09-05,Airtasker UK service taxonomy.,airtasker,furniture removals,airtasker||furniture removals,V2
Airtasker,Furniture Repair,London,https://www.airtasker.com/uk/services/,all_services_page,2026-09-05,Airtasker UK service taxonomy.,airtasker,furniture repair,airtasker||furniture repair,V2
Airtasker,Garage Clearance,London,https://www.airtasker.com/uk/services/,all_services_page,2026-09-05,Airtasker UK service taxonomy.,airtasker,garage clearance,airtasker||garage clearance,V2
Airtasker,Garage Conversion,London,https://www.airtasker.com/uk/services/,all_services_page,2026-09-05,Airtasker UK service taxonomy.,airtasker,garage conversion,airtasker||garage conversion,V2
Airtasker,Garage Door Installation,London,https://www.airtasker.com/uk/services/,all_services_page,2026-09-05,Airtasker UK service taxonomy.,airtasker,garage door installation,airtasker||garage door installation,V2
Airtasker,Garage Door Repair,London,https://www.airtasker.com/uk/services/,all_services_page,2026-09-05,Airtasker UK service taxonomy.,airtasker,garage door repair,airtasker||garage door repair,V2
Airtasker,Garage Roof Replacement,London,https://www.airtasker.com/uk/services/,all_services_page,2026-09-05,Airtasker UK service taxonomy.,airtasker,garage roof replacement,airtasker||garage roof replacement,V2
Airtasker,Garden Centre Delivery,London,https://www.airtasker.com/uk/services/,all_services_page,2026-09-05,Airtasker UK service taxonomy.,airtasker,garden centre delivery,airtasker||garden centre delivery,V2
Airtasker,Garden Clearance,London,https://www.airtasker.com/uk/services/,all_services_page,2026-09-05,Airtasker UK service taxonomy.,airtasker,garden clearance,airtasker||garden clearance,V2
Airtasker,Garden Designers,London,https://www.airtasker.com/uk/services/,all_services_page,2026-09-05,Airtasker UK service taxonomy.,airtasker,garden designers,airtasker||garden designers,V2
Airtasker,Garden Edging,London,https://www.airtasker.com/uk/services/,all_services_page,2026-09-05,Airtasker UK service taxonomy.,airtasker,garden edging,airtasker||garden edging,V2
Airtasker,Garden Machinery Servicing,London,https://www.airtasker.com/uk/services/,all_services_page,2026-09-05,Airtasker UK service taxonomy.,airtasker,garden machinery servicing,airtasker||garden machinery servicing,V2
Airtasker,Garden Planting,London,https://www.airtasker.com/uk/services/,all_services_page,2026-09-05,Airtasker UK service taxonomy.,airtasker,garden planting,airtasker||garden planting,V2
Airtasker,Garden Pond Maintenance,London,https://www.airtasker.com/uk/services/,all_services_page,2026-09-05,Airtasker UK service taxonomy.,airtasker,garden pond maintenance,airtasker||garden pond maintenance,V2
Airtasker,Garden Seat Installation,London,https://www.airtasker.com/uk/services/,all_services_page,2026-09-05,Airtasker UK service taxonomy.,airtasker,garden seat installation,airtasker||garden seat installation,V2
Airtasker,Garden Shed Installation & Repair,London,https://www.airtasker.com/uk/services/,all_services_page,2026-09-05,Airtasker UK service taxonomy.,airtasker,garden shed installation and repair,airtasker||garden shed installation and repair,V2
Airtasker,Garden Tidy Up,London,https://www.airtasker.com/uk/services/,all_services_page,2026-09-05,Airtasker UK service taxonomy.,airtasker,garden tidy up,airtasker||garden tidy up,V2
Airtasker,Garden Tool Repair,London,https://www.airtasker.com/uk/services/,all_services_page,2026-09-05,Airtasker UK service taxonomy.,airtasker,garden tool repair,airtasker||garden tool repair,V2
Airtasker,Garden Tool Sharpening,London,https://www.airtasker.com/uk/services/,all_services_page,2026-09-05,Airtasker UK service taxonomy.,airtasker,garden tool sharpening,airtasker||garden tool sharpening,V2
Airtasker,Garden Waste Collection,London,https://www.airtasker.com/uk/services/,all_services_page,2026-09-05,Airtasker UK service taxonomy.,airtasker,garden waste collection,airtasker||garden waste collection,V2
Airtasker,Gardening,London,https://www.airtasker.com/uk/services/,all_services_page,2026-09-05,Airtasker UK service taxonomy.,airtasker,gardening,airtasker||gardening,V2
Airtasker,Gardening Services,London,https://www.airtasker.com/uk/services/,all_services_page,2026-09-05,Airtasker UK service taxonomy.,airtasker,gardening services,airtasker||gardening services,V2
Airtasker,Gas Boiler Services,London,https://www.airtasker.com/uk/services/,all_services_page,2026-09-05,Airtasker UK service taxonomy.,airtasker,gas boiler services,airtasker||gas boiler services,V2
Airtasker,Gas Burner Repair,London,https://www.airtasker.com/uk/services/,all_services_page,2026-09-05,Airtasker UK service taxonomy.,airtasker,gas burner repair,airtasker||gas burner repair,V2
Airtasker,Gas Fitters,London,https://www.airtasker.com/uk/services/,all_services_page,2026-09-05,Airtasker UK service taxonomy.,airtasker,gas fitters,airtasker||gas fitters,V2
Airtasker,Gas Hob Repair,London,https://www.airtasker.com/uk/services/,all_services_page,2026-09-05,Airtasker UK service taxonomy.,airtasker,gas hob repair,airtasker||gas hob repair,V2
Airtasker,Gas Oven Repair and Installation,London,https://www.airtasker.com/uk/services/,all_services_page,2026-09-05,Airtasker UK service taxonomy.,airtasker,gas oven repair and installation,airtasker||gas oven repair and installation,V2
Airtasker,Gas Stove Installation & Repair,London,https://www.airtasker.com/uk/services/,all_services_page,2026-09-05,Airtasker UK service taxonomy.,airtasker,gas stove installation and repair,airtasker||gas stove installation and repair,V2
Airtasker,Gate Installation,London,https://www.airtasker.com/uk/services/,all_services_page,2026-09-05,Airtasker UK service taxonomy.,airtasker,gate installation,airtasker||gate installation,V2
Airtasker,Gazebo Installation & Repair,London,https://www.airtasker.com/uk/services/,all_services_page,2026-09-05,Airtasker UK service taxonomy.,airtasker,gazebo installation and repair,airtasker||gazebo installation and repair,V2
Airtasker,Gearbox Repair,London,https://www.airtasker.com/uk/services/,all_services_page,2026-09-05,Airtasker UK service taxonomy.,airtasker,gearbox repair,airtasker||gearbox repair,V2
Airtasker,General Contractors,London,https://www.airtasker.com/uk/services/,all_services_page,2026-09-05,Airtasker UK service taxonomy.,airtasker,general contractors,airtasker||general contractors,V2
Airtasker,General Labour,London,https://www.airtasker.com/uk/services/,all_services_page,2026-09-05,Airtasker UK service taxonomy.,airtasker,general labour,airtasker||general labour,V2
Airtasker,Generator Repair,London,https://www.airtasker.com/uk/services/,all_services_page,2026-09-05,Airtasker UK service taxonomy.,airtasker,generator repair,airtasker||generator repair,V2
Airtasker,geography tutor,London,https://www.airtasker.com/uk/services/,all_services_page,2026-09-05,Airtasker UK service taxonomy.,airtasker,geography tutor,airtasker||geography tutor,V2
Airtasker,German Tutor,London,https://www.airtasker.com/uk/services/,all_services_page,2026-09-05,Airtasker UK service taxonomy.,airtasker,german tutor,airtasker||german tutor,V2
Airtasker,GHD Repair,London,https://www.airtasker.com/uk/services/,all_services_page,2026-09-05,Airtasker UK service taxonomy.,airtasker,ghd repair,airtasker||ghd repair,V2
Airtasker,Ghostwriting,London,https://www.airtasker.com/uk/services/,all_services_page,2026-09-05,Airtasker UK service taxonomy.,airtasker,ghostwriting,airtasker||ghostwriting,V2
Airtasker,Gift Basket Delivery,London,https://www.airtasker.com/uk/services/,all_services_page,2026-09-05,Airtasker UK service taxonomy.,airtasker,gift basket delivery,airtasker||gift basket delivery,V2
Airtasker,Gift Delivery,London,https://www.airtasker.com/uk/services/,all_services_page,2026-09-05,Airtasker UK service taxonomy.,airtasker,gift delivery,airtasker||gift delivery,V2
Airtasker,Gift Wrapping,London,https://www.airtasker.com/uk/services/,all_services_page,2026-09-05,Airtasker UK service taxonomy.,airtasker,gift wrapping,airtasker||gift wrapping,V2
Airtasker,Glass Cutting,London,https://www.airtasker.com/uk/services/,all_services_page,2026-09-05,Airtasker UK service taxonomy.,airtasker,glass cutting,airtasker||glass cutting,V2
Airtasker,Glass Fencing,London,https://www.airtasker.com/uk/services/,all_services_page,2026-09-05,Airtasker UK service taxonomy.,airtasker,glass fencing,airtasker||glass fencing,V2
Airtasker,Glass Repair,London,https://www.airtasker.com/uk/services/,all_services_page,2026-09-05,Airtasker UK service taxonomy.,airtasker,glass repair,airtasker||glass repair,V2
Airtasker,Glaziers,London,https://www.airtasker.com/uk/services/,all_services_page,2026-09-05,Airtasker UK service taxonomy.,airtasker,glaziers,airtasker||glaziers,V2
Airtasker,Glow Plug Replacement,London,https://www.airtasker.com/uk/services/,all_services_page,2026-09-05,Airtasker UK service taxonomy.,airtasker,glow plug replacement,airtasker||glow plug replacement,V2
Airtasker,Gluten Free Baker,London,https://www.airtasker.com/uk/services/,all_services_page,2026-09-05,Airtasker UK service taxonomy.,airtasker,gluten free baker,airtasker||gluten free baker,V2
Airtasker,Gluten Free Cake Delivery,London,https://www.airtasker.com/uk/services/,all_services_page,2026-09-05,Airtasker UK service taxonomy.,airtasker,gluten free cake delivery,airtasker||gluten free cake delivery,V2
Airtasker,Gluten Free Takeaway,London,https://www.airtasker.com/uk/services/,all_services_page,2026-09-05,Airtasker UK service taxonomy.,airtasker,gluten free takeaway,airtasker||gluten free takeaway,V2
Airtasker,GMAT Tutor,London,https://www.airtasker.com/uk/services/,all_services_page,2026-09-05,Airtasker UK service taxonomy.,airtasker,gmat tutor,airtasker||gmat tutor,V2
Airtasker,Golf Lessons,London,https://www.airtasker.com/uk/services/,all_services_page,2026-09-05,Airtasker UK service taxonomy.,airtasker,golf lessons,airtasker||golf lessons,V2
Airtasker,Google Analytics,London,https://www.airtasker.com/uk/services/,all_services_page,2026-09-05,Airtasker UK service taxonomy.,airtasker,google analytics,airtasker||google analytics,V2
Airtasker,Graffiti Removal,London,https://www.airtasker.com/uk/services/,all_services_page,2026-09-05,Airtasker UK service taxonomy.,airtasker,graffiti removal,airtasker||graffiti removal,V2
Airtasker,Graphic Designer,London,https://www.airtasker.com/uk/services/,all_services_page,2026-09-05,Airtasker UK service taxonomy.,airtasker,graphic designer,airtasker||graphic designer,V2
Airtasker,Greek Baker,London,https://www.airtasker.com/uk/services/,all_services_page,2026-09-05,Airtasker UK service taxonomy.,airtasker,greek baker,airtasker||greek baker,V2
Airtasker,Greek Takeaway,London,https://www.airtasker.com/uk/services/,all_services_page,2026-09-05,Airtasker UK service taxonomy.,airtasker,greek takeaway,airtasker||greek takeaway,V2
Airtasker,Green Waste Collection,London,https://www.airtasker.com/uk/services/,all_services_page,2026-09-05,Airtasker UK service taxonomy.,airtasker,green waste collection,airtasker||green waste collection,V2
Airtasker,Grocery Delivery,London,https://www.airtasker.com/uk/services/,all_services_page,2026-09-05,Airtasker UK service taxonomy.,airtasker,grocery delivery,airtasker||grocery delivery,V2
Airtasker,Group Therapy,London,https://www.airtasker.com/uk/services/,all_services_page,2026-09-05,Airtasker UK service taxonomy.,airtasker,group therapy,airtasker||group therapy,V2
Airtasker,GSCE Tutor,London,https://www.airtasker.com/uk/services/,all_services_page,2026-09-05,Airtasker UK service taxonomy.,airtasker,gsce tutor,airtasker||gsce tutor,V2
Airtasker,Guitar Lessons,London,https://www.airtasker.com/uk/services/,all_services_page,2026-09-05,Airtasker UK service taxonomy.,airtasker,guitar lessons,airtasker||guitar lessons,V2
Airtasker,Gutter Cleaning,London,https://www.airtasker.com/uk/services/,all_services_page,2026-09-05,Airtasker UK service taxonomy.,airtasker,gutter cleaning,airtasker||gutter cleaning,V2
Airtasker,Gutter Guard Installation,London,https://www.airtasker.com/uk/services/,all_services_page,2026-09-05,Airtasker UK service taxonomy.,airtasker,gutter guard installation,airtasker||gutter guard installation,V2
Airtasker,Gutter Repair,London,https://www.airtasker.com/uk/services/,all_services_page,2026-09-05,Airtasker UK service taxonomy.,airtasker,gutter repair,airtasker||gutter repair,V2
Airtasker,Gym Buddy,London,https://www.airtasker.com/uk/services/,all_services_page,2026-09-05,Airtasker UK service taxonomy.,airtasker,gym buddy,airtasker||gym buddy,V2
Airtasker,Gym Equipment Removals,London,https://www.airtasker.com/uk/services/,all_services_page,2026-09-05,Airtasker UK service taxonomy.,airtasker,gym equipment removals,airtasker||gym equipment removals,V2
Airtasker,Gymnastics Lessons,London,https://www.airtasker.com/uk/services/,all_services_page,2026-09-05,Airtasker UK service taxonomy.,airtasker,gymnastics lessons,airtasker||gymnastics lessons,V2
Airtasker,Habitat Furniture Assembly,London,https://www.airtasker.com/uk/services/,all_services_page,2026-09-05,Airtasker UK service taxonomy.,airtasker,habitat furniture assembly,airtasker||habitat furniture assembly,V2
Airtasker,Hair Braiding,London,https://www.airtasker.com/uk/services/,all_services_page,2026-09-05,Airtasker UK service taxonomy.,airtasker,hair braiding,airtasker||hair braiding,V2
Airtasker,Hair Removal,London,https://www.airtasker.com/uk/services/,all_services_page,2026-09-05,Airtasker UK service taxonomy.,airtasker,hair removal,airtasker||hair removal,V2
Airtasker,Hair Stylist,London,https://www.airtasker.com/uk/services/,all_services_page,2026-09-05,Airtasker UK service taxonomy.,airtasker,hair stylist,airtasker||hair stylist,V2
Airtasker,Haircut and Trimming,London,https://www.airtasker.com/uk/services/,all_services_page,2026-09-05,Airtasker UK service taxonomy.,airtasker,haircut and trimming,airtasker||haircut and trimming,V2
Airtasker,Hairdressers,London,https://www.airtasker.com/uk/services/,all_services_page,2026-09-05,Airtasker UK service taxonomy.,airtasker,hairdressers,airtasker||hairdressers,V2
Airtasker,Halal Takeaway,London,https://www.airtasker.com/uk/services/,all_services_page,2026-09-05,Airtasker UK service taxonomy.,airtasker,halal takeaway,airtasker||halal takeaway,V2
Airtasker,Halloween Face Painter,London,https://www.airtasker.com/uk/services/,all_services_page,2026-09-05,Airtasker UK service taxonomy.,airtasker,halloween face painter,airtasker||halloween face painter,V2
Airtasker,Hand Therapy,London,https://www.airtasker.com/uk/services/,all_services_page,2026-09-05,Airtasker UK service taxonomy.,airtasker,hand therapy,airtasker||hand therapy,V2
Airtasker,Handyman,London,https://www.airtasker.com/uk/services/,all_services_page,2026-09-05,Airtasker UK service taxonomy.,airtasker,handyman,airtasker||handyman,V2
Airtasker,Handyman Services,London,https://www.airtasker.com/uk/services/,all_services_page,2026-09-05,Airtasker UK service taxonomy.,airtasker,handyman services,airtasker||handyman services,V2
Airtasker,Hard Landscaping,London,https://www.airtasker.com/uk/services/,all_services_page,2026-09-05,Airtasker UK service taxonomy.,airtasker,hard landscaping,airtasker||hard landscaping,V2
Airtasker,Hardwood Flooring,London,https://www.airtasker.com/uk/services/,all_services_page,2026-09-05,Airtasker UK service taxonomy.,airtasker,hardwood flooring,airtasker||hardwood flooring,V2
Airtasker,Harmonica Lessons,London,https://www.airtasker.com/uk/services/,all_services_page,2026-09-05,Airtasker UK service taxonomy.,airtasker,harmonica lessons,airtasker||harmonica lessons,V2
Airtasker,Head Gasket Repair,London,https://www.airtasker.com/uk/services/,all_services_page,2026-09-05,Airtasker UK service taxonomy.,airtasker,head gasket repair,airtasker||head gasket repair,V2
Airtasker,Head Unit Installation,London,https://www.airtasker.com/uk/services/,all_services_page,2026-09-05,Airtasker UK service taxonomy.,airtasker,head unit installation,airtasker||head unit installation,V2
Airtasker,Headlight Bulb Replacement,London,https://www.airtasker.com/uk/services/,all_services_page,2026-09-05,Airtasker UK service taxonomy.,airtasker,headlight bulb replacement,airtasker||headlight bulb replacement,V2
Airtasker,Headphone Repair,London,https://www.airtasker.com/uk/services/,all_services_page,2026-09-05,Airtasker UK service taxonomy.,airtasker,headphone repair,airtasker||headphone repair,V2
Airtasker,Healthy Takeaway,London,https://www.airtasker.com/uk/services/,all_services_page,2026-09-05,Airtasker UK service taxonomy.,airtasker,healthy takeaway,airtasker||healthy takeaway,V2
Airtasker,Heated Floor Installation,London,https://www.airtasker.com/uk/services/,all_services_page,2026-09-05,Airtasker UK service taxonomy.,airtasker,heated floor installation,airtasker||heated floor installation,V2
Airtasker,Heating & Cooling,London,https://www.airtasker.com/uk/services/,all_services_page,2026-09-05,Airtasker UK service taxonomy.,airtasker,heating and cooling,airtasker||heating and cooling,V2
Airtasker,Heavy Lifting,London,https://www.airtasker.com/uk/services/,all_services_page,2026-09-05,Airtasker UK service taxonomy.,airtasker,heavy lifting,airtasker||heavy lifting,V2
Airtasker,Hedge Planting,London,https://www.airtasker.com/uk/services/,all_services_page,2026-09-05,Airtasker UK service taxonomy.,airtasker,hedge planting,airtasker||hedge planting,V2
Airtasker,Hedging,London,https://www.airtasker.com/uk/services/,all_services_page,2026-09-05,Airtasker UK service taxonomy.,airtasker,hedging,airtasker||hedging,V2
Airtasker,Henna Tattoo,London,https://www.airtasker.com/uk/services/,all_services_page,2026-09-05,Airtasker UK service taxonomy.,airtasker,henna tattoo,airtasker||henna tattoo,V2
Airtasker,Hifi Repair,London,https://www.airtasker.com/uk/services/,all_services_page,2026-09-05,Airtasker UK service taxonomy.,airtasker,hifi repair,airtasker||hifi repair,V2
Airtasker,High Pressure Cleaning,London,https://www.airtasker.com/uk/services/,all_services_page,2026-09-05,Airtasker UK service taxonomy.,airtasker,high pressure cleaning,airtasker||high pressure cleaning,V2
Airtasker,HIIT Training,London,https://www.airtasker.com/uk/services/,all_services_page,2026-09-05,Airtasker UK service taxonomy.,airtasker,hiit training,airtasker||hiit training,V2
Airtasker,History Tutor,London,https://www.airtasker.com/uk/services/,all_services_page,2026-09-05,Airtasker UK service taxonomy.,airtasker,history tutor,airtasker||history tutor,V2
Airtasker,Hob Installation,London,https://www.airtasker.com/uk/services/,all_services_page,2026-09-05,Airtasker UK service taxonomy.,airtasker,hob installation,airtasker||hob installation,V2
Airtasker,Home & Lifestyle,London,https://www.airtasker.com/uk/services/,all_services_page,2026-09-05,Airtasker UK service taxonomy.,airtasker,home and lifestyle,airtasker||home and lifestyle,V2
Airtasker,Home Automation and Security,London,https://www.airtasker.com/uk/services/,all_services_page,2026-09-05,Airtasker UK service taxonomy.,airtasker,home automation and security,airtasker||home automation and security,V2
Airtasker,Home Bar Designers,London,https://www.airtasker.com/uk/services/,all_services_page,2026-09-05,Airtasker UK service taxonomy.,airtasker,home bar designers,airtasker||home bar designers,V2
Airtasker,Home Care,London,https://www.airtasker.com/uk/services/,all_services_page,2026-09-05,Airtasker UK service taxonomy.,airtasker,home care,airtasker||home care,V2
Airtasker,Home Chef,London,https://www.airtasker.com/uk/services/,all_services_page,2026-09-05,Airtasker UK service taxonomy.,airtasker,home chef,airtasker||home chef,V2
Airtasker,Home Cinema Design,London,https://www.airtasker.com/uk/services/,all_services_page,2026-09-05,Airtasker UK service taxonomy.,airtasker,home cinema design,airtasker||home cinema design,V2
Airtasker,Home Cooking,London,https://www.airtasker.com/uk/services/,all_services_page,2026-09-05,Airtasker UK service taxonomy.,airtasker,home cooking,airtasker||home cooking,V2
Airtasker,Home Gym Assembly,London,https://www.airtasker.com/uk/services/,all_services_page,2026-09-05,Airtasker UK service taxonomy.,airtasker,home gym assembly,airtasker||home gym assembly,V2
Airtasker,Home Network Setup,London,https://www.airtasker.com/uk/services/,all_services_page,2026-09-05,Airtasker UK service taxonomy.,airtasker,home network setup,airtasker||home network setup,V2
Airtasker,Home Organiser,London,https://www.airtasker.com/uk/services/,all_services_page,2026-09-05,Airtasker UK service taxonomy.,airtasker,home organiser,airtasker||home organiser,V2
Airtasker,Home Stagers,London,https://www.airtasker.com/uk/services/,all_services_page,2026-09-05,Airtasker UK service taxonomy.,airtasker,home stagers,airtasker||home stagers,V2
Airtasker,Home Theatre,London,https://www.airtasker.com/uk/services/,all_services_page,2026-09-05,Airtasker UK service taxonomy.,airtasker,home theatre,airtasker||home theatre,V2
Airtasker,Homeopathy,London,https://www.airtasker.com/uk/services/,all_services_page,2026-09-05,Airtasker UK service taxonomy.,airtasker,homeopathy,airtasker||homeopathy,V2
Airtasker,Honda Service,London,https://www.airtasker.com/uk/services/,all_services_page,2026-09-05,Airtasker UK service taxonomy.,airtasker,honda service,airtasker||honda service,V2
Airtasker,Horse Riding Lessons,London,https://www.airtasker.com/uk/services/,all_services_page,2026-09-05,Airtasker UK service taxonomy.,airtasker,horse riding lessons,airtasker||horse riding lessons,V2
Airtasker,Hot Tub Cleaning,London,https://www.airtasker.com/uk/services/,all_services_page,2026-09-05,Airtasker UK service taxonomy.,airtasker,hot tub cleaning,airtasker||hot tub cleaning,V2
Airtasker,Hot Tub Maintenance,London,https://www.airtasker.com/uk/services/,all_services_page,2026-09-05,Airtasker UK service taxonomy.,airtasker,hot tub maintenance,airtasker||hot tub maintenance,V2
Airtasker,Hot Tub Removal and Disposal,London,https://www.airtasker.com/uk/services/,all_services_page,2026-09-05,Airtasker UK service taxonomy.,airtasker,hot tub removal and disposal,airtasker||hot tub removal and disposal,V2
Airtasker,Hot Tub Removals,London,https://www.airtasker.com/uk/services/,all_services_page,2026-09-05,Airtasker UK service taxonomy.,airtasker,hot tub removals,airtasker||hot tub removals,V2
Airtasker,Hot Tub Repair,London,https://www.airtasker.com/uk/services/,all_services_page,2026-09-05,Airtasker UK service taxonomy.,airtasker,hot tub repair,airtasker||hot tub repair,V2
Airtasker,Hot Water System Installation & Repair,London,https://www.airtasker.com/uk/services/,all_services_page,2026-09-05,Airtasker UK service taxonomy.,airtasker,hot water system installation and repair,airtasker||hot water system installation and repair,V2
Airtasker,House Cleaning,London,https://www.airtasker.com/uk/services/,all_services_page,2026-09-05,Airtasker UK service taxonomy.,airtasker,house cleaning,airtasker||house cleaning,V2
Airtasker,House Clearance,London,https://www.airtasker.com/uk/services/,all_services_page,2026-09-05,Airtasker UK service taxonomy.,airtasker,house clearance,airtasker||house clearance,V2
Airtasker,House Extensions,London,https://www.airtasker.com/uk/services/,all_services_page,2026-09-05,Airtasker UK service taxonomy.,airtasker,house extensions,airtasker||house extensions,V2
Airtasker,House Painters,London,https://www.airtasker.com/uk/services/,all_services_page,2026-09-05,Airtasker UK service taxonomy.,airtasker,house painters,airtasker||house painters,V2
Airtasker,House Removals,London,https://www.airtasker.com/uk/services/,all_services_page,2026-09-05,Airtasker UK service taxonomy.,airtasker,house removals,airtasker||house removals,V2
Airtasker,House Renovation,London,https://www.airtasker.com/uk/services/,all_services_page,2026-09-05,Airtasker UK service taxonomy.,airtasker,house renovation,airtasker||house renovation,V2
Airtasker,House Sitters,London,https://www.airtasker.com/uk/services/,all_services_page,2026-09-05,Airtasker UK service taxonomy.,airtasker,house sitters,airtasker||house sitters,V2
Airtasker,House Surveyor,London,https://www.airtasker.com/uk/services/,all_services_page,2026-09-05,Airtasker UK service taxonomy.,airtasker,house surveyor,airtasker||house surveyor,V2
Airtasker,Household Waste Disposal,London,https://www.airtasker.com/uk/services/,all_services_page,2026-09-05,Airtasker UK service taxonomy.,airtasker,household waste disposal,airtasker||household waste disposal,V2
Airtasker,Housekeepers,London,https://www.airtasker.com/uk/services/,all_services_page,2026-09-05,Airtasker UK service taxonomy.,airtasker,housekeepers,airtasker||housekeepers,V2
Airtasker,HR Services,London,https://www.airtasker.com/uk/services/,all_services_page,2026-09-05,Airtasker UK service taxonomy.,airtasker,hr services,airtasker||hr services,V2
Airtasker,Hyundai Service,London,https://www.airtasker.com/uk/services/,all_services_page,2026-09-05,Airtasker UK service taxonomy.,airtasker,hyundai service,airtasker||hyundai service,V2
Airtasker,Ice Cream Cake Delivery,London,https://www.airtasker.com/uk/services/,all_services_page,2026-09-05,Airtasker UK service taxonomy.,airtasker,ice cream cake delivery,airtasker||ice cream cake delivery,V2
Airtasker,Ice Cream Delivery,London,https://www.airtasker.com/uk/services/,all_services_page,2026-09-05,Airtasker UK service taxonomy.,airtasker,ice cream delivery,airtasker||ice cream delivery,V2
Airtasker,Ice Machine Repair & Installation,London,https://www.airtasker.com/uk/services/,all_services_page,2026-09-05,Airtasker UK service taxonomy.,airtasker,ice machine repair and installation,airtasker||ice machine repair and installation,V2
Airtasker,Ice Skating Lessons,London,https://www.airtasker.com/uk/services/,all_services_page,2026-09-05,Airtasker UK service taxonomy.,airtasker,ice skating lessons,airtasker||ice skating lessons,V2
Airtasker,iCloud Setup,London,https://www.airtasker.com/uk/services/,all_services_page,2026-09-05,Airtasker UK service taxonomy.,airtasker,icloud setup,airtasker||icloud setup,V2
Airtasker,Ignition Systems Repair,London,https://www.airtasker.com/uk/services/,all_services_page,2026-09-05,Airtasker UK service taxonomy.,airtasker,ignition systems repair,airtasker||ignition systems repair,V2
Airtasker,IKEA Assembly,London,https://www.airtasker.com/uk/services/,all_services_page,2026-09-05,Airtasker UK service taxonomy.,airtasker,ikea assembly,airtasker||ikea assembly,V2
Airtasker,IKEA Delivery,London,https://www.airtasker.com/uk/services/,all_services_page,2026-09-05,Airtasker UK service taxonomy.,airtasker,ikea delivery,airtasker||ikea delivery,V2
Airtasker,Illustrators,London,https://www.airtasker.com/uk/services/,all_services_page,2026-09-05,Airtasker UK service taxonomy.,airtasker,illustrators,airtasker||illustrators,V2
Airtasker,Imprinted Concrete Driveway Services,London,https://www.airtasker.com/uk/services/,all_services_page,2026-09-05,Airtasker UK service taxonomy.,airtasker,imprinted concrete driveway services,airtasker||imprinted concrete driveway services,V2
Airtasker,Indian Takeaway,London,https://www.airtasker.com/uk/services/,all_services_page,2026-09-05,Airtasker UK service taxonomy.,airtasker,indian takeaway,airtasker||indian takeaway,V2
Airtasker,Inflated Helium Balloons Delivery,London,https://www.airtasker.com/uk/services/,all_services_page,2026-09-05,Airtasker UK service taxonomy.,airtasker,inflated helium balloons delivery,airtasker||inflated helium balloons delivery,V2
Airtasker,Instagram Marketing,London,https://www.airtasker.com/uk/services/,all_services_page,2026-09-05,Airtasker UK service taxonomy.,airtasker,instagram marketing,airtasker||instagram marketing,V2
Airtasker,Insulation,London,https://www.airtasker.com/uk/services/,all_services_page,2026-09-05,Airtasker UK service taxonomy.,airtasker,insulation,airtasker||insulation,V2
Airtasker,Interior Architects,London,https://www.airtasker.com/uk/services/,all_services_page,2026-09-05,Airtasker UK service taxonomy.,airtasker,interior architects,airtasker||interior architects,V2
Airtasker,Interior Designer,London,https://www.airtasker.com/uk/services/,all_services_page,2026-09-05,Airtasker UK service taxonomy.,airtasker,interior designer,airtasker||interior designer,V2
Airtasker,Interior Lighting Designers,London,https://www.airtasker.com/uk/services/,all_services_page,2026-09-05,Airtasker UK service taxonomy.,airtasker,interior lighting designers,airtasker||interior lighting designers,V2
Airtasker,Interior Painting,London,https://www.airtasker.com/uk/services/,all_services_page,2026-09-05,Airtasker UK service taxonomy.,airtasker,interior painting,airtasker||interior painting,V2
Airtasker,Interior Wall Cladding,London,https://www.airtasker.com/uk/services/,all_services_page,2026-09-05,Airtasker UK service taxonomy.,airtasker,interior wall cladding,airtasker||interior wall cladding,V2
Airtasker,Internal Door Installation,London,https://www.airtasker.com/uk/services/,all_services_page,2026-09-05,Airtasker UK service taxonomy.,airtasker,internal door installation,airtasker||internal door installation,V2
Airtasker,Internet Help,London,https://www.airtasker.com/uk/services/,all_services_page,2026-09-05,Airtasker UK service taxonomy.,airtasker,internet help,airtasker||internet help,V2
Airtasker,Inversion Table Assembly,London,https://www.airtasker.com/uk/services/,all_services_page,2026-09-05,Airtasker UK service taxonomy.,airtasker,inversion table assembly,airtasker||inversion table assembly,V2
Airtasker,iOS Development,London,https://www.airtasker.com/uk/services/,all_services_page,2026-09-05,Airtasker UK service taxonomy.,airtasker,ios development,airtasker||ios development,V2
Airtasker,iPhone Help,London,https://www.airtasker.com/uk/services/,all_services_page,2026-09-05,Airtasker UK service taxonomy.,airtasker,iphone help,airtasker||iphone help,V2
Airtasker,iPhone Repair,London,https://www.airtasker.com/uk/services/,all_services_page,2026-09-05,Airtasker UK service taxonomy.,airtasker,iphone repair,airtasker||iphone repair,V2
Airtasker,iPhone Screen Replacement,London,https://www.airtasker.com/uk/services/,all_services_page,2026-09-05,Airtasker UK service taxonomy.,airtasker,iphone screen replacement,airtasker||iphone screen replacement,V2
Airtasker,iPod Repair,London,https://www.airtasker.com/uk/services/,all_services_page,2026-09-05,Airtasker UK service taxonomy.,airtasker,ipod repair,airtasker||ipod repair,V2
Airtasker,Irish Dance Lessons,London,https://www.airtasker.com/uk/services/,all_services_page,2026-09-05,Airtasker UK service taxonomy.,airtasker,irish dance lessons,airtasker||irish dance lessons,V2
Airtasker,Iron Fencing,London,https://www.airtasker.com/uk/services/,all_services_page,2026-09-05,Airtasker UK service taxonomy.,airtasker,iron fencing,airtasker||iron fencing,V2
Airtasker,Ironing Service,London,https://www.airtasker.com/uk/services/,all_services_page,2026-09-05,Airtasker UK service taxonomy.,airtasker,ironing service,airtasker||ironing service,V2
Airtasker,Irrigation Repair,London,https://www.airtasker.com/uk/services/,all_services_page,2026-09-05,Airtasker UK service taxonomy.,airtasker,irrigation repair,airtasker||irrigation repair,V2
Airtasker,IT Support,London,https://www.airtasker.com/uk/services/,all_services_page,2026-09-05,Airtasker UK service taxonomy.,airtasker,it support,airtasker||it support,V2
Airtasker,Italian Takeaway,London,https://www.airtasker.com/uk/services/,all_services_page,2026-09-05,Airtasker UK service taxonomy.,airtasker,italian takeaway,airtasker||italian takeaway,V2
Airtasker,Italian Tutor,London,https://www.airtasker.com/uk/services/,all_services_page,2026-09-05,Airtasker UK service taxonomy.,airtasker,italian tutor,airtasker||italian tutor,V2
Airtasker,Jaguar Service,London,https://www.airtasker.com/uk/services/,all_services_page,2026-09-05,Airtasker UK service taxonomy.,airtasker,jaguar service,airtasker||jaguar service,V2
Airtasker,Jamaican Takeaway,London,https://www.airtasker.com/uk/services/,all_services_page,2026-09-05,Airtasker UK service taxonomy.,airtasker,jamaican takeaway,airtasker||jamaican takeaway,V2
Airtasker,Janitorial Services,London,https://www.airtasker.com/uk/services/,all_services_page,2026-09-05,Airtasker UK service taxonomy.,airtasker,janitorial services,airtasker||janitorial services,V2
Airtasker,Japanese Baker,London,https://www.airtasker.com/uk/services/,all_services_page,2026-09-05,Airtasker UK service taxonomy.,airtasker,japanese baker,airtasker||japanese baker,V2
Airtasker,Japanese Takeaway,London,https://www.airtasker.com/uk/services/,all_services_page,2026-09-05,Airtasker UK service taxonomy.,airtasker,japanese takeaway,airtasker||japanese takeaway,V2
Airtasker,Japanese Tutor,London,https://www.airtasker.com/uk/services/,all_services_page,2026-09-05,Airtasker UK service taxonomy.,airtasker,japanese tutor,airtasker||japanese tutor,V2
Airtasker,Java Developer,London,https://www.airtasker.com/uk/services/,all_services_page,2026-09-05,Airtasker UK service taxonomy.,airtasker,java developer,airtasker||java developer,V2
Airtasker,Jeep Service,London,https://www.airtasker.com/uk/services/,all_services_page,2026-09-05,Airtasker UK service taxonomy.,airtasker,jeep service,airtasker||jeep service,V2
Airtasker,Jiu Jitsu Classes,London,https://www.airtasker.com/uk/services/,all_services_page,2026-09-05,Airtasker UK service taxonomy.,airtasker,jiu jitsu classes,airtasker||jiu jitsu classes,V2
Airtasker,Jollibee Delivery,London,https://www.airtasker.com/uk/services/,all_services_page,2026-09-05,Airtasker UK service taxonomy.,airtasker,jollibee delivery,airtasker||jollibee delivery,V2
Airtasker,Journalist,London,https://www.airtasker.com/uk/services/,all_services_page,2026-09-05,Airtasker UK service taxonomy.,airtasker,journalist,airtasker||journalist,V2
Airtasker,Judo Classes,London,https://www.airtasker.com/uk/services/,all_services_page,2026-09-05,Airtasker UK service taxonomy.,airtasker,judo classes,airtasker||judo classes,V2
Airtasker,Jugglers,London,https://www.airtasker.com/uk/services/,all_services_page,2026-09-05,Airtasker UK service taxonomy.,airtasker,jugglers,airtasker||jugglers,V2
Airtasker,Juice Delivery,London,https://www.airtasker.com/uk/services/,all_services_page,2026-09-05,Airtasker UK service taxonomy.,airtasker,juice delivery,airtasker||juice delivery,V2
Airtasker,Karate Lessons,London,https://www.airtasker.com/uk/services/,all_services_page,2026-09-05,Airtasker UK service taxonomy.,airtasker,karate lessons,airtasker||karate lessons,V2
Airtasker,Kayak Lessons,London,https://www.airtasker.com/uk/services/,all_services_page,2026-09-05,Airtasker UK service taxonomy.,airtasker,kayak lessons,airtasker||kayak lessons,V2
Airtasker,Kebab Delivery,London,https://www.airtasker.com/uk/services/,all_services_page,2026-09-05,Airtasker UK service taxonomy.,airtasker,kebab delivery,airtasker||kebab delivery,V2
Airtasker,Keto Baker,London,https://www.airtasker.com/uk/services/,all_services_page,2026-09-05,Airtasker UK service taxonomy.,airtasker,keto baker,airtasker||keto baker,V2
Airtasker,Keto Meal Prep,London,https://www.airtasker.com/uk/services/,all_services_page,2026-09-05,Airtasker UK service taxonomy.,airtasker,keto meal prep,airtasker||keto meal prep,V2
Airtasker,Key Cutting,London,https://www.airtasker.com/uk/services/,all_services_page,2026-09-05,Airtasker UK service taxonomy.,airtasker,key cutting,airtasker||key cutting,V2
Airtasker,Keyboard Lessons,London,https://www.airtasker.com/uk/services/,all_services_page,2026-09-05,Airtasker UK service taxonomy.,airtasker,keyboard lessons,airtasker||keyboard lessons,V2
Airtasker,KFC Delivery,London,https://www.airtasker.com/uk/services/,all_services_page,2026-09-05,Airtasker UK service taxonomy.,airtasker,kfc delivery,airtasker||kfc delivery,V2
Airtasker,Kia Service,London,https://www.airtasker.com/uk/services/,all_services_page,2026-09-05,Airtasker UK service taxonomy.,airtasker,kia service,airtasker||kia service,V2
Airtasker,Kickboxing Training,London,https://www.airtasker.com/uk/services/,all_services_page,2026-09-05,Airtasker UK service taxonomy.,airtasker,kickboxing training,airtasker||kickboxing training,V2
Airtasker,Kids Bike Assembly,London,https://www.airtasker.com/uk/services/,all_services_page,2026-09-05,Airtasker UK service taxonomy.,airtasker,kids bike assembly,airtasker||kids bike assembly,V2
Airtasker,Kids Haircut,London,https://www.airtasker.com/uk/services/,all_services_page,2026-09-05,Airtasker UK service taxonomy.,airtasker,kids haircut,airtasker||kids haircut,V2
Airtasker,Kids Swimming Lessons,London,https://www.airtasker.com/uk/services/,all_services_page,2026-09-05,Airtasker UK service taxonomy.,airtasker,kids swimming lessons,airtasker||kids swimming lessons,V2
Airtasker,Kitchen Assistant,London,https://www.airtasker.com/uk/services/,all_services_page,2026-09-05,Airtasker UK service taxonomy.,airtasker,kitchen assistant,airtasker||kitchen assistant,V2
Airtasker,Kitchen Cabinet Maker,London,https://www.airtasker.com/uk/services/,all_services_page,2026-09-05,Airtasker UK service taxonomy.,airtasker,kitchen cabinet maker,airtasker||kitchen cabinet maker,V2
Airtasker,Kitchen Cabinet Painting,London,https://www.airtasker.com/uk/services/,all_services_page,2026-09-05,Airtasker UK service taxonomy.,airtasker,kitchen cabinet painting,airtasker||kitchen cabinet painting,V2
Airtasker,Kitchen Cupboard Repair,London,https://www.airtasker.com/uk/services/,all_services_page,2026-09-05,Airtasker UK service taxonomy.,airtasker,kitchen cupboard repair,airtasker||kitchen cupboard repair,V2
Airtasker,Kitchen Designers,London,https://www.airtasker.com/uk/services/,all_services_page,2026-09-05,Airtasker UK service taxonomy.,airtasker,kitchen designers,airtasker||kitchen designers,V2
Airtasker,Kitchen Drawer Repair,London,https://www.airtasker.com/uk/services/,all_services_page,2026-09-05,Airtasker UK service taxonomy.,airtasker,kitchen drawer repair,airtasker||kitchen drawer repair,V2
Airtasker,Kitchen Installation,London,https://www.airtasker.com/uk/services/,all_services_page,2026-09-05,Airtasker UK service taxonomy.,airtasker,kitchen installation,airtasker||kitchen installation,V2
Airtasker,Kitchen Renovation,London,https://www.airtasker.com/uk/services/,all_services_page,2026-09-05,Airtasker UK service taxonomy.,airtasker,kitchen renovation,airtasker||kitchen renovation,V2
Airtasker,Kitchen Sink Installation,London,https://www.airtasker.com/uk/services/,all_services_page,2026-09-05,Airtasker UK service taxonomy.,airtasker,kitchen sink installation,airtasker||kitchen sink installation,V2
Airtasker,Kitchen Waste Disposal,London,https://www.airtasker.com/uk/services/,all_services_page,2026-09-05,Airtasker UK service taxonomy.,airtasker,kitchen waste disposal,airtasker||kitchen waste disposal,V2
Airtasker,Kitesurfing Lessons,London,https://www.airtasker.com/uk/services/,all_services_page,2026-09-05,Airtasker UK service taxonomy.,airtasker,kitesurfing lessons,airtasker||kitesurfing lessons,V2
Airtasker,Korean Lessons,London,https://www.airtasker.com/uk/services/,all_services_page,2026-09-05,Airtasker UK service taxonomy.,airtasker,korean lessons,airtasker||korean lessons,V2
Airtasker,Korean Takeaway,London,https://www.airtasker.com/uk/services/,all_services_page,2026-09-05,Airtasker UK service taxonomy.,airtasker,korean takeaway,airtasker||korean takeaway,V2
Airtasker,Krispy Kreme Delivery,London,https://www.airtasker.com/uk/services/,all_services_page,2026-09-05,Airtasker UK service taxonomy.,airtasker,krispy kreme delivery,airtasker||krispy kreme delivery,V2
Airtasker,Ladies' Bikini Waxing,London,https://www.airtasker.com/uk/services/,all_services_page,2026-09-05,Airtasker UK service taxonomy.,airtasker,ladies bikini waxing,airtasker||ladies bikini waxing,V2
Airtasker,Laminate Flooring,London,https://www.airtasker.com/uk/services/,all_services_page,2026-09-05,Airtasker UK service taxonomy.,airtasker,laminate flooring,airtasker||laminate flooring,V2
Airtasker,Lamp Repairs,London,https://www.airtasker.com/uk/services/,all_services_page,2026-09-05,Airtasker UK service taxonomy.,airtasker,lamp repairs,airtasker||lamp repairs,V2
Airtasker,Land Clearing,London,https://www.airtasker.com/uk/services/,all_services_page,2026-09-05,Airtasker UK service taxonomy.,airtasker,land clearing,airtasker||land clearing,V2
Airtasker,Land Rover Service,London,https://www.airtasker.com/uk/services/,all_services_page,2026-09-05,Airtasker UK service taxonomy.,airtasker,land rover service,airtasker||land rover service,V2
Airtasker,Land Surveyor,London,https://www.airtasker.com/uk/services/,all_services_page,2026-09-05,Airtasker UK service taxonomy.,airtasker,land surveyor,airtasker||land surveyor,V2
Airtasker,Landscape Contractors,London,https://www.airtasker.com/uk/services/,all_services_page,2026-09-05,Airtasker UK service taxonomy.,airtasker,landscape contractors,airtasker||landscape contractors,V2
Airtasker,Landscape Designers,London,https://www.airtasker.com/uk/services/,all_services_page,2026-09-05,Airtasker UK service taxonomy.,airtasker,landscape designers,airtasker||landscape designers,V2
Airtasker,Landscape Lighting,London,https://www.airtasker.com/uk/services/,all_services_page,2026-09-05,Airtasker UK service taxonomy.,airtasker,landscape lighting,airtasker||landscape lighting,V2
Airtasker,Landscaping,London,https://www.airtasker.com/uk/services/,all_services_page,2026-09-05,Airtasker UK service taxonomy.,airtasker,landscaping,airtasker||landscaping,V2
Airtasker,Language Tutor,London,https://www.airtasker.com/uk/services/,all_services_page,2026-09-05,Airtasker UK service taxonomy.,airtasker,language tutor,airtasker||language tutor,V2
Airtasker,Laptop Repair,London,https://www.airtasker.com/uk/services/,all_services_page,2026-09-05,Airtasker UK service taxonomy.,airtasker,laptop repair,airtasker||laptop repair,V2
Airtasker,Laundry,London,https://www.airtasker.com/uk/services/,all_services_page,2026-09-05,Airtasker UK service taxonomy.,airtasker,laundry,airtasker||laundry,V2
Airtasker,Laundry Services,London,https://www.airtasker.com/uk/services/,all_services_page,2026-09-05,Airtasker UK service taxonomy.,airtasker,laundry services,airtasker||laundry services,V2
Airtasker,Lawn Aeration,London,https://www.airtasker.com/uk/services/,all_services_page,2026-09-05,Airtasker UK service taxonomy.,airtasker,lawn aeration,airtasker||lawn aeration,V2
Airtasker,Lawn Care,London,https://www.airtasker.com/uk/services/,all_services_page,2026-09-05,Airtasker UK service taxonomy.,airtasker,lawn care,airtasker||lawn care,V2
Airtasker,Lawn Care & Maintenance,London,https://www.airtasker.com/uk/services/,all_services_page,2026-09-05,Airtasker UK service taxonomy.,airtasker,lawn care and maintenance,airtasker||lawn care and maintenance,V2
Airtasker,Lawn Fertilisation,London,https://www.airtasker.com/uk/services/,all_services_page,2026-09-05,Airtasker UK service taxonomy.,airtasker,lawn fertilisation,airtasker||lawn fertilisation,V2
Airtasker,Lawn Mower Blade Sharpening,London,https://www.airtasker.com/uk/services/,all_services_page,2026-09-05,Airtasker UK service taxonomy.,airtasker,lawn mower blade sharpening,airtasker||lawn mower blade sharpening,V2
Airtasker,Lawn Mower Repair,London,https://www.airtasker.com/uk/services/,all_services_page,2026-09-05,Airtasker UK service taxonomy.,airtasker,lawn mower repair,airtasker||lawn mower repair,V2
Airtasker,Lawn Mowing,London,https://www.airtasker.com/uk/services/,all_services_page,2026-09-05,Airtasker UK service taxonomy.,airtasker,lawn mowing,airtasker||lawn mowing,V2
Airtasker,Lawn Repair,London,https://www.airtasker.com/uk/services/,all_services_page,2026-09-05,Airtasker UK service taxonomy.,airtasker,lawn repair,airtasker||lawn repair,V2
Airtasker,Lawn Seeding,London,https://www.airtasker.com/uk/services/,all_services_page,2026-09-05,Airtasker UK service taxonomy.,airtasker,lawn seeding,airtasker||lawn seeding,V2
Airtasker,Lawn Treatment,London,https://www.airtasker.com/uk/services/,all_services_page,2026-09-05,Airtasker UK service taxonomy.,airtasker,lawn treatment,airtasker||lawn treatment,V2
Airtasker,LCD Screen Repair,London,https://www.airtasker.com/uk/services/,all_services_page,2026-09-05,Airtasker UK service taxonomy.,airtasker,lcd screen repair,airtasker||lcd screen repair,V2
Airtasker,Leaded Glass Repair,London,https://www.airtasker.com/uk/services/,all_services_page,2026-09-05,Airtasker UK service taxonomy.,airtasker,leaded glass repair,airtasker||leaded glass repair,V2
Airtasker,Leaftlet Distribution,London,https://www.airtasker.com/uk/services/,all_services_page,2026-09-05,Airtasker UK service taxonomy.,airtasker,leaftlet distribution,airtasker||leaftlet distribution,V2
Airtasker,Leak Detection,London,https://www.airtasker.com/uk/services/,all_services_page,2026-09-05,Airtasker UK service taxonomy.,airtasker,leak detection,airtasker||leak detection,V2
Airtasker,Leather Car Seat Restoration,London,https://www.airtasker.com/uk/services/,all_services_page,2026-09-05,Airtasker UK service taxonomy.,airtasker,leather car seat restoration,airtasker||leather car seat restoration,V2
Airtasker,Leather Cleaning,London,https://www.airtasker.com/uk/services/,all_services_page,2026-09-05,Airtasker UK service taxonomy.,airtasker,leather cleaning,airtasker||leather cleaning,V2
Airtasker,Leather Furniture Repair,London,https://www.airtasker.com/uk/services/,all_services_page,2026-09-05,Airtasker UK service taxonomy.,airtasker,leather furniture repair,airtasker||leather furniture repair,V2
Airtasker,LED Lights Installation,London,https://www.airtasker.com/uk/services/,all_services_page,2026-09-05,Airtasker UK service taxonomy.,airtasker,led lights installation,airtasker||led lights installation,V2
Airtasker,Leeds to London Removals,London,https://www.airtasker.com/uk/services/,all_services_page,2026-09-05,Airtasker UK service taxonomy.,airtasker,leeds to london removals,airtasker||leeds to london removals,V2
Airtasker,Legal Services,London,https://www.airtasker.com/uk/services/,all_services_page,2026-09-05,Airtasker UK service taxonomy.,airtasker,legal services,airtasker||legal services,V2
Airtasker,Lessons,London,https://www.airtasker.com/uk/services/,all_services_page,2026-09-05,Airtasker UK service taxonomy.,airtasker,lessons,airtasker||lessons,V2
Airtasker,Letterbox Replacement,London,https://www.airtasker.com/uk/services/,all_services_page,2026-09-05,Airtasker UK service taxonomy.,airtasker,letterbox replacement,airtasker||letterbox replacement,V2
Airtasker,Levelling,London,https://www.airtasker.com/uk/services/,all_services_page,2026-09-05,Airtasker UK service taxonomy.,airtasker,levelling,airtasker||levelling,V2
Airtasker,Lexus Service,London,https://www.airtasker.com/uk/services/,all_services_page,2026-09-05,Airtasker UK service taxonomy.,airtasker,lexus service,airtasker||lexus service,V2
Airtasker,LG TV Repair & Setup,London,https://www.airtasker.com/uk/services/,all_services_page,2026-09-05,Airtasker UK service taxonomy.,airtasker,lg tv repair and setup,airtasker||lg tv repair and setup,V2
Airtasker,Life Coach,London,https://www.airtasker.com/uk/services/,all_services_page,2026-09-05,Airtasker UK service taxonomy.,airtasker,life coach,airtasker||life coach,V2
Airtasker,Light Installation,London,https://www.airtasker.com/uk/services/,all_services_page,2026-09-05,Airtasker UK service taxonomy.,airtasker,light installation,airtasker||light installation,V2
Airtasker,Light Repair,London,https://www.airtasker.com/uk/services/,all_services_page,2026-09-05,Airtasker UK service taxonomy.,airtasker,light repair,airtasker||light repair,V2
Airtasker,Lime Plastering,London,https://www.airtasker.com/uk/services/,all_services_page,2026-09-05,Airtasker UK service taxonomy.,airtasker,lime plastering,airtasker||lime plastering,V2
Airtasker,Line Dancing Lessons,London,https://www.airtasker.com/uk/services/,all_services_page,2026-09-05,Airtasker UK service taxonomy.,airtasker,line dancing lessons,airtasker||line dancing lessons,V2
Airtasker,LinkedIn Profile Writing,London,https://www.airtasker.com/uk/services/,all_services_page,2026-09-05,Airtasker UK service taxonomy.,airtasker,linkedin profile writing,airtasker||linkedin profile writing,V2
Airtasker,Linoleum Flooring,London,https://www.airtasker.com/uk/services/,all_services_page,2026-09-05,Airtasker UK service taxonomy.,airtasker,linoleum flooring,airtasker||linoleum flooring,V2
Airtasker,Littlehampton to Rustington Removals,London,https://www.airtasker.com/uk/services/,all_services_page,2026-09-05,Airtasker UK service taxonomy.,airtasker,littlehampton to rustington removals,airtasker||littlehampton to rustington removals,V2
Airtasker,Local Mobile Mechanic,London,https://www.airtasker.com/uk/services/,all_services_page,2026-09-05,Airtasker UK service taxonomy.,airtasker,local mobile mechanic,airtasker||local mobile mechanic,V2
Airtasker,Lock Installation,London,https://www.airtasker.com/uk/services/,all_services_page,2026-09-05,Airtasker UK service taxonomy.,airtasker,lock installation,airtasker||lock installation,V2
Airtasker,Lock Replacement,London,https://www.airtasker.com/uk/services/,all_services_page,2026-09-05,Airtasker UK service taxonomy.,airtasker,lock replacement,airtasker||lock replacement,V2
Airtasker,Locksmith,London,https://www.airtasker.com/uk/services/,all_services_page,2026-09-05,Airtasker UK service taxonomy.,airtasker,locksmith,airtasker||locksmith,V2
Airtasker,Loft and Attic Clearance,London,https://www.airtasker.com/uk/services/,all_services_page,2026-09-05,Airtasker UK service taxonomy.,airtasker,loft and attic clearance,airtasker||loft and attic clearance,V2
Airtasker,Loft Conversion,London,https://www.airtasker.com/uk/services/,all_services_page,2026-09-05,Airtasker UK service taxonomy.,airtasker,loft conversion,airtasker||loft conversion,V2
Airtasker,Loft Insulation,London,https://www.airtasker.com/uk/services/,all_services_page,2026-09-05,Airtasker UK service taxonomy.,airtasker,loft insulation,airtasker||loft insulation,V2
Airtasker,Loft Ladder Installation,London,https://www.airtasker.com/uk/services/,all_services_page,2026-09-05,Airtasker UK service taxonomy.,airtasker,loft ladder installation,airtasker||loft ladder installation,V2
Airtasker,Logo Design,London,https://www.airtasker.com/uk/services/,all_services_page,2026-09-05,Airtasker UK service taxonomy.,airtasker,logo design,airtasker||logo design,V2
Airtasker,London to Belfast Removals,London,https://www.airtasker.com/uk/services/,all_services_page,2026-09-05,Airtasker UK service taxonomy.,airtasker,london to belfast removals,airtasker||london to belfast removals,V2
Airtasker,London to Birmingham Removals,London,https://www.airtasker.com/uk/services/,all_services_page,2026-09-05,Airtasker UK service taxonomy.,airtasker,london to birmingham removals,airtasker||london to birmingham removals,V2
Airtasker,London to Brighton Removals,London,https://www.airtasker.com/uk/services/,all_services_page,2026-09-05,Airtasker UK service taxonomy.,airtasker,london to brighton removals,airtasker||london to brighton removals,V2
Airtasker,London to Bristol Removals,London,https://www.airtasker.com/uk/services/,all_services_page,2026-09-05,Airtasker UK service taxonomy.,airtasker,london to bristol removals,airtasker||london to bristol removals,V2
Airtasker,London to Edinburgh Removals,London,https://www.airtasker.com/uk/services/,all_services_page,2026-09-05,Airtasker UK service taxonomy.,airtasker,london to edinburgh removals,airtasker||london to edinburgh removals,V2
Airtasker,London to Exeter Removals,London,https://www.airtasker.com/uk/services/,all_services_page,2026-09-05,Airtasker UK service taxonomy.,airtasker,london to exeter removals,airtasker||london to exeter removals,V2
Airtasker,London to Glasgow Removals,London,https://www.airtasker.com/uk/services/,all_services_page,2026-09-05,Airtasker UK service taxonomy.,airtasker,london to glasgow removals,airtasker||london to glasgow removals,V2
Airtasker,London to Liverpool Removals,London,https://www.airtasker.com/uk/services/,all_services_page,2026-09-05,Airtasker UK service taxonomy.,airtasker,london to liverpool removals,airtasker||london to liverpool removals,V2
Airtasker,London to Manchester Removals,London,https://www.airtasker.com/uk/services/,all_services_page,2026-09-05,Airtasker UK service taxonomy.,airtasker,london to manchester removals,airtasker||london to manchester removals,V2
Airtasker,Long Distance Removals,London,https://www.airtasker.com/uk/services/,all_services_page,2026-09-05,Airtasker UK service taxonomy.,airtasker,long distance removals,airtasker||long distance removals,V2
Airtasker,Lounge Repair,London,https://www.airtasker.com/uk/services/,all_services_page,2026-09-05,Airtasker UK service taxonomy.,airtasker,lounge repair,airtasker||lounge repair,V2
Airtasker,LPG Engineer,London,https://www.airtasker.com/uk/services/,all_services_page,2026-09-05,Airtasker UK service taxonomy.,airtasker,lpg engineer,airtasker||lpg engineer,V2
Airtasker,Lunch Delivery,London,https://www.airtasker.com/uk/services/,all_services_page,2026-09-05,Airtasker UK service taxonomy.,airtasker,lunch delivery,airtasker||lunch delivery,V2
Airtasker,Macbook Air Repair,London,https://www.airtasker.com/uk/services/,all_services_page,2026-09-05,Airtasker UK service taxonomy.,airtasker,macbook air repair,airtasker||macbook air repair,V2
Airtasker,Macbook Repairs,London,https://www.airtasker.com/uk/services/,all_services_page,2026-09-05,Airtasker UK service taxonomy.,airtasker,macbook repairs,airtasker||macbook repairs,V2
Airtasker,Magento Developer,London,https://www.airtasker.com/uk/services/,all_services_page,2026-09-05,Airtasker UK service taxonomy.,airtasker,magento developer,airtasker||magento developer,V2
Airtasker,Magician,London,https://www.airtasker.com/uk/services/,all_services_page,2026-09-05,Airtasker UK service taxonomy.,airtasker,magician,airtasker||magician,V2
Airtasker,Makeup Artist,London,https://www.airtasker.com/uk/services/,all_services_page,2026-09-05,Airtasker UK service taxonomy.,airtasker,makeup artist,airtasker||makeup artist,V2
Airtasker,Makeup Tutor,London,https://www.airtasker.com/uk/services/,all_services_page,2026-09-05,Airtasker UK service taxonomy.,airtasker,makeup tutor,airtasker||makeup tutor,V2
Airtasker,Malware Removal,London,https://www.airtasker.com/uk/services/,all_services_page,2026-09-05,Airtasker UK service taxonomy.,airtasker,malware removal,airtasker||malware removal,V2
Airtasker,Man With a Van,London,https://www.airtasker.com/uk/services/,all_services_page,2026-09-05,Airtasker UK service taxonomy.,airtasker,man with a van,airtasker||man with a van,V2
Airtasker,Mandarin Tutor,London,https://www.airtasker.com/uk/services/,all_services_page,2026-09-05,Airtasker UK service taxonomy.,airtasker,mandarin tutor,airtasker||mandarin tutor,V2
Airtasker,Mandolin Lessons,London,https://www.airtasker.com/uk/services/,all_services_page,2026-09-05,Airtasker UK service taxonomy.,airtasker,mandolin lessons,airtasker||mandolin lessons,V2
Airtasker,Manicure,London,https://www.airtasker.com/uk/services/,all_services_page,2026-09-05,Airtasker UK service taxonomy.,airtasker,manicure,airtasker||manicure,V2
Airtasker,Marble Floor Cleaning,London,https://www.airtasker.com/uk/services/,all_services_page,2026-09-05,Airtasker UK service taxonomy.,airtasker,marble floor cleaning,airtasker||marble floor cleaning,V2
Airtasker,Marble Flooring,London,https://www.airtasker.com/uk/services/,all_services_page,2026-09-05,Airtasker UK service taxonomy.,airtasker,marble flooring,airtasker||marble flooring,V2
Airtasker,Market Research,London,https://www.airtasker.com/uk/services/,all_services_page,2026-09-05,Airtasker UK service taxonomy.,airtasker,market research,airtasker||market research,V2
Airtasker,Marketing,London,https://www.airtasker.com/uk/services/,all_services_page,2026-09-05,Airtasker UK service taxonomy.,airtasker,marketing,airtasker||marketing,V2
Airtasker,Marriage Counselling,London,https://www.airtasker.com/uk/services/,all_services_page,2026-09-05,Airtasker UK service taxonomy.,airtasker,marriage counselling,airtasker||marriage counselling,V2
Airtasker,Martial Arts,London,https://www.airtasker.com/uk/services/,all_services_page,2026-09-05,Airtasker UK service taxonomy.,airtasker,martial arts,airtasker||martial arts,V2
Airtasker,Maternity Nurse,London,https://www.airtasker.com/uk/services/,all_services_page,2026-09-05,Airtasker UK service taxonomy.,airtasker,maternity nurse,airtasker||maternity nurse,V2
Airtasker,Maths Tutor,London,https://www.airtasker.com/uk/services/,all_services_page,2026-09-05,Airtasker UK service taxonomy.,airtasker,maths tutor,airtasker||maths tutor,V2
Airtasker,Mattress Cleaning,London,https://www.airtasker.com/uk/services/,all_services_page,2026-09-05,Airtasker UK service taxonomy.,airtasker,mattress cleaning,airtasker||mattress cleaning,V2
Airtasker,Mattress Removal,London,https://www.airtasker.com/uk/services/,all_services_page,2026-09-05,Airtasker UK service taxonomy.,airtasker,mattress removal,airtasker||mattress removal,V2
Airtasker,Mazda Service,London,https://www.airtasker.com/uk/services/,all_services_page,2026-09-05,Airtasker UK service taxonomy.,airtasker,mazda service,airtasker||mazda service,V2
Airtasker,McDonalds Delivery,London,https://www.airtasker.com/uk/services/,all_services_page,2026-09-05,Airtasker UK service taxonomy.,airtasker,mcdonalds delivery,airtasker||mcdonalds delivery,V2
Airtasker,MDF Cutting,London,https://www.airtasker.com/uk/services/,all_services_page,2026-09-05,Airtasker UK service taxonomy.,airtasker,mdf cutting,airtasker||mdf cutting,V2
Airtasker,MDF Installation,London,https://www.airtasker.com/uk/services/,all_services_page,2026-09-05,Airtasker UK service taxonomy.,airtasker,mdf installation,airtasker||mdf installation,V2
Airtasker,Meal Delivery,London,https://www.airtasker.com/uk/services/,all_services_page,2026-09-05,Airtasker UK service taxonomy.,airtasker,meal delivery,airtasker||meal delivery,V2
Airtasker,Meal Preparation & Planning,London,https://www.airtasker.com/uk/services/,all_services_page,2026-09-05,Airtasker UK service taxonomy.,airtasker,meal preparation and planning,airtasker||meal preparation and planning,V2
Airtasker,Meat Delivery,London,https://www.airtasker.com/uk/services/,all_services_page,2026-09-05,Airtasker UK service taxonomy.,airtasker,meat delivery,airtasker||meat delivery,V2
Airtasker,Mechanic,London,https://www.airtasker.com/uk/services/,all_services_page,2026-09-05,Airtasker UK service taxonomy.,airtasker,mechanic,airtasker||mechanic,V2
Airtasker,Medal Mounting,London,https://www.airtasker.com/uk/services/,all_services_page,2026-09-05,Airtasker UK service taxonomy.,airtasker,medal mounting,airtasker||medal mounting,V2
Airtasker,Men's Tailoring,London,https://www.airtasker.com/uk/services/,all_services_page,2026-09-05,Airtasker UK service taxonomy.,airtasker,mens tailoring,airtasker||mens tailoring,V2
Airtasker,Mental Health Services,London,https://www.airtasker.com/uk/services/,all_services_page,2026-09-05,Airtasker UK service taxonomy.,airtasker,mental health services,airtasker||mental health services,V2
Airtasker,Metal Gate Repair,London,https://www.airtasker.com/uk/services/,all_services_page,2026-09-05,Airtasker UK service taxonomy.,airtasker,metal gate repair,airtasker||metal gate repair,V2
Airtasker,Metal Roofing,London,https://www.airtasker.com/uk/services/,all_services_page,2026-09-05,Airtasker UK service taxonomy.,airtasker,metal roofing,airtasker||metal roofing,V2
Airtasker,Metalworks,London,https://www.airtasker.com/uk/services/,all_services_page,2026-09-05,Airtasker UK service taxonomy.,airtasker,metalworks,airtasker||metalworks,V2
Airtasker,Mexican Takeaway,London,https://www.airtasker.com/uk/services/,all_services_page,2026-09-05,Airtasker UK service taxonomy.,airtasker,mexican takeaway,airtasker||mexican takeaway,V2
Airtasker,Mice Control,London,https://www.airtasker.com/uk/services/,all_services_page,2026-09-05,Airtasker UK service taxonomy.,airtasker,mice control,airtasker||mice control,V2
Airtasker,Microsoft Excel Help,London,https://www.airtasker.com/uk/services/,all_services_page,2026-09-05,Airtasker UK service taxonomy.,airtasker,microsoft excel help,airtasker||microsoft excel help,V2
Airtasker,Microsoft Help,London,https://www.airtasker.com/uk/services/,all_services_page,2026-09-05,Airtasker UK service taxonomy.,airtasker,microsoft help,airtasker||microsoft help,V2
Airtasker,Microsoft Powerpoint Help,London,https://www.airtasker.com/uk/services/,all_services_page,2026-09-05,Airtasker UK service taxonomy.,airtasker,microsoft powerpoint help,airtasker||microsoft powerpoint help,V2
Airtasker,Microsoft Windows Help,London,https://www.airtasker.com/uk/services/,all_services_page,2026-09-05,Airtasker UK service taxonomy.,airtasker,microsoft windows help,airtasker||microsoft windows help,V2
Airtasker,Microsoft Word Help,London,https://www.airtasker.com/uk/services/,all_services_page,2026-09-05,Airtasker UK service taxonomy.,airtasker,microsoft word help,airtasker||microsoft word help,V2
Airtasker,Microwave Repair,London,https://www.airtasker.com/uk/services/,all_services_page,2026-09-05,Airtasker UK service taxonomy.,airtasker,microwave repair,airtasker||microwave repair,V2
Airtasker,Milk Delivery,London,https://www.airtasker.com/uk/services/,all_services_page,2026-09-05,Airtasker UK service taxonomy.,airtasker,milk delivery,airtasker||milk delivery,V2
Airtasker,Mime Artist,London,https://www.airtasker.com/uk/services/,all_services_page,2026-09-05,Airtasker UK service taxonomy.,airtasker,mime artist,airtasker||mime artist,V2
Airtasker,Mini Service,London,https://www.airtasker.com/uk/services/,all_services_page,2026-09-05,Airtasker UK service taxonomy.,airtasker,mini service,airtasker||mini service,V2
Airtasker,Mira Shower Repair,London,https://www.airtasker.com/uk/services/,all_services_page,2026-09-05,Airtasker UK service taxonomy.,airtasker,mira shower repair,airtasker||mira shower repair,V2
Airtasker,Mirror Cutting,London,https://www.airtasker.com/uk/services/,all_services_page,2026-09-05,Airtasker UK service taxonomy.,airtasker,mirror cutting,airtasker||mirror cutting,V2
Airtasker,Mirror Hanging,London,https://www.airtasker.com/uk/services/,all_services_page,2026-09-05,Airtasker UK service taxonomy.,airtasker,mirror hanging,airtasker||mirror hanging,V2
Airtasker,Mirror Repair,London,https://www.airtasker.com/uk/services/,all_services_page,2026-09-05,Airtasker UK service taxonomy.,airtasker,mirror repair,airtasker||mirror repair,V2
Airtasker,Misted Double Glazing,London,https://www.airtasker.com/uk/services/,all_services_page,2026-09-05,Airtasker UK service taxonomy.,airtasker,misted double glazing,airtasker||misted double glazing,V2
Airtasker,MMA Training,London,https://www.airtasker.com/uk/services/,all_services_page,2026-09-05,Airtasker UK service taxonomy.,airtasker,mma training,airtasker||mma training,V2
Airtasker,Mobile Alloy Wheel Repair,London,https://www.airtasker.com/uk/services/,all_services_page,2026-09-05,Airtasker UK service taxonomy.,airtasker,mobile alloy wheel repair,airtasker||mobile alloy wheel repair,V2
Airtasker,Mobile App Development,London,https://www.airtasker.com/uk/services/,all_services_page,2026-09-05,Airtasker UK service taxonomy.,airtasker,mobile app development,airtasker||mobile app development,V2
Airtasker,Mobile Auto Electrician,London,https://www.airtasker.com/uk/services/,all_services_page,2026-09-05,Airtasker UK service taxonomy.,airtasker,mobile auto electrician,airtasker||mobile auto electrician,V2
Airtasker,Mobile Barbers,London,https://www.airtasker.com/uk/services/,all_services_page,2026-09-05,Airtasker UK service taxonomy.,airtasker,mobile barbers,airtasker||mobile barbers,V2
Airtasker,Mobile Bicycle Repair,London,https://www.airtasker.com/uk/services/,all_services_page,2026-09-05,Airtasker UK service taxonomy.,airtasker,mobile bicycle repair,airtasker||mobile bicycle repair,V2
Airtasker,Mobile Bike Repair,London,https://www.airtasker.com/uk/services/,all_services_page,2026-09-05,Airtasker UK service taxonomy.,airtasker,mobile bike repair,airtasker||mobile bike repair,V2
Airtasker,Mobile Car Airconditioning Service,London,https://www.airtasker.com/uk/services/,all_services_page,2026-09-05,Airtasker UK service taxonomy.,airtasker,mobile car airconditioning service,airtasker||mobile car airconditioning service,V2
Airtasker,Mobile Car Battery Replacement,London,https://www.airtasker.com/uk/services/,all_services_page,2026-09-05,Airtasker UK service taxonomy.,airtasker,mobile car battery replacement,airtasker||mobile car battery replacement,V2
Airtasker,Mobile Car Dent Repair,London,https://www.airtasker.com/uk/services/,all_services_page,2026-09-05,Airtasker UK service taxonomy.,airtasker,mobile car dent repair,airtasker||mobile car dent repair,V2
Airtasker,Mobile Car Detailing,London,https://www.airtasker.com/uk/services/,all_services_page,2026-09-05,Airtasker UK service taxonomy.,airtasker,mobile car detailing,airtasker||mobile car detailing,V2
Airtasker,Mobile Car Diagnostics,London,https://www.airtasker.com/uk/services/,all_services_page,2026-09-05,Airtasker UK service taxonomy.,airtasker,mobile car diagnostics,airtasker||mobile car diagnostics,V2
Airtasker,Mobile Car Valet,London,https://www.airtasker.com/uk/services/,all_services_page,2026-09-05,Airtasker UK service taxonomy.,airtasker,mobile car valet,airtasker||mobile car valet,V2
Airtasker,Mobile Dog Grooming,London,https://www.airtasker.com/uk/services/,all_services_page,2026-09-05,Airtasker UK service taxonomy.,airtasker,mobile dog grooming,airtasker||mobile dog grooming,V2
Airtasker,Mobile Dog Wash,London,https://www.airtasker.com/uk/services/,all_services_page,2026-09-05,Airtasker UK service taxonomy.,airtasker,mobile dog wash,airtasker||mobile dog wash,V2
Airtasker,Mobile Hairdressers,London,https://www.airtasker.com/uk/services/,all_services_page,2026-09-05,Airtasker UK service taxonomy.,airtasker,mobile hairdressers,airtasker||mobile hairdressers,V2
Airtasker,Mobile Locksmith,London,https://www.airtasker.com/uk/services/,all_services_page,2026-09-05,Airtasker UK service taxonomy.,airtasker,mobile locksmith,airtasker||mobile locksmith,V2
Airtasker,Mobile Mechanic,London,https://www.airtasker.com/uk/services/,all_services_page,2026-09-05,Airtasker UK service taxonomy.,airtasker,mobile mechanic,airtasker||mobile mechanic,V2
Airtasker,Mobile Motorcycle Mechanic,London,https://www.airtasker.com/uk/services/,all_services_page,2026-09-05,Airtasker UK service taxonomy.,airtasker,mobile motorcycle mechanic,airtasker||mobile motorcycle mechanic,V2
Airtasker,Mobile Pet Services,London,https://www.airtasker.com/uk/services/,all_services_page,2026-09-05,Airtasker UK service taxonomy.,airtasker,mobile pet services,airtasker||mobile pet services,V2
Airtasker,Mobile Scratch Repair,London,https://www.airtasker.com/uk/services/,all_services_page,2026-09-05,Airtasker UK service taxonomy.,airtasker,mobile scratch repair,airtasker||mobile scratch repair,V2
Airtasker,Mobile Tattoo Artists,London,https://www.airtasker.com/uk/services/,all_services_page,2026-09-05,Airtasker UK service taxonomy.,airtasker,mobile tattoo artists,airtasker||mobile tattoo artists,V2
Airtasker,Mobile Tyre Fitting,London,https://www.airtasker.com/uk/services/,all_services_page,2026-09-05,Airtasker UK service taxonomy.,airtasker,mobile tyre fitting,airtasker||mobile tyre fitting,V2
Airtasker,Mobile Tyre Repair,London,https://www.airtasker.com/uk/services/,all_services_page,2026-09-05,Airtasker UK service taxonomy.,airtasker,mobile tyre repair,airtasker||mobile tyre repair,V2
Airtasker,Mobile Waxing,London,https://www.airtasker.com/uk/services/,all_services_page,2026-09-05,Airtasker UK service taxonomy.,airtasker,mobile waxing,airtasker||mobile waxing,V2
Airtasker,Mobile Welding,London,https://www.airtasker.com/uk/services/,all_services_page,2026-09-05,Airtasker UK service taxonomy.,airtasker,mobile welding,airtasker||mobile welding,V2
Airtasker,Mobile Wheel Refurbishment,London,https://www.airtasker.com/uk/services/,all_services_page,2026-09-05,Airtasker UK service taxonomy.,airtasker,mobile wheel refurbishment,airtasker||mobile wheel refurbishment,V2
Airtasker,Mobility Scooter Service,London,https://www.airtasker.com/uk/services/,all_services_page,2026-09-05,Airtasker UK service taxonomy.,airtasker,mobility scooter service,airtasker||mobility scooter service,V2
Airtasker,Models,London,https://www.airtasker.com/uk/services/,all_services_page,2026-09-05,Airtasker UK service taxonomy.,airtasker,models,airtasker||models,V2
Airtasker,Moped Repair,London,https://www.airtasker.com/uk/services/,all_services_page,2026-09-05,Airtasker UK service taxonomy.,airtasker,moped repair,airtasker||moped repair,V2
Airtasker,Mopping,London,https://www.airtasker.com/uk/services/,all_services_page,2026-09-05,Airtasker UK service taxonomy.,airtasker,mopping,airtasker||mopping,V2
Airtasker,Morrisons Grocery Delivery,London,https://www.airtasker.com/uk/services/,all_services_page,2026-09-05,Airtasker UK service taxonomy.,airtasker,morrisons grocery delivery,airtasker||morrisons grocery delivery,V2
Airtasker,Mortgage Advisor,London,https://www.airtasker.com/uk/services/,all_services_page,2026-09-05,Airtasker UK service taxonomy.,airtasker,mortgage advisor,airtasker||mortgage advisor,V2
Airtasker,Mother's Day Gift Delivery,London,https://www.airtasker.com/uk/services/,all_services_page,2026-09-05,Airtasker UK service taxonomy.,airtasker,mothers day gift delivery,airtasker||mothers day gift delivery,V2
Airtasker,Mother's Help,London,https://www.airtasker.com/uk/services/,all_services_page,2026-09-05,Airtasker UK service taxonomy.,airtasker,mothers help,airtasker||mothers help,V2
Airtasker,Motivational Speaker,London,https://www.airtasker.com/uk/services/,all_services_page,2026-09-05,Airtasker UK service taxonomy.,airtasker,motivational speaker,airtasker||motivational speaker,V2
Airtasker,Motorcycle Lessons,London,https://www.airtasker.com/uk/services/,all_services_page,2026-09-05,Airtasker UK service taxonomy.,airtasker,motorcycle lessons,airtasker||motorcycle lessons,V2
Airtasker,Motorcycle Mechanic,London,https://www.airtasker.com/uk/services/,all_services_page,2026-09-05,Airtasker UK service taxonomy.,airtasker,motorcycle mechanic,airtasker||motorcycle mechanic,V2
Airtasker,Motorcycle MOT,London,https://www.airtasker.com/uk/services/,all_services_page,2026-09-05,Airtasker UK service taxonomy.,airtasker,motorcycle mot,airtasker||motorcycle mot,V2
Airtasker,Motorcycle Seat Repair,London,https://www.airtasker.com/uk/services/,all_services_page,2026-09-05,Airtasker UK service taxonomy.,airtasker,motorcycle seat repair,airtasker||motorcycle seat repair,V2
Airtasker,Motorcycle Transport,London,https://www.airtasker.com/uk/services/,all_services_page,2026-09-05,Airtasker UK service taxonomy.,airtasker,motorcycle transport,airtasker||motorcycle transport,V2
Airtasker,Motorcycle Tyre Repair,London,https://www.airtasker.com/uk/services/,all_services_page,2026-09-05,Airtasker UK service taxonomy.,airtasker,motorcycle tyre repair,airtasker||motorcycle tyre repair,V2
Airtasker,Mould Removal,London,https://www.airtasker.com/uk/services/,all_services_page,2026-09-05,Airtasker UK service taxonomy.,airtasker,mould removal,airtasker||mould removal,V2
Airtasker,Moving Services,London,https://www.airtasker.com/uk/services/,all_services_page,2026-09-05,Airtasker UK service taxonomy.,airtasker,moving services,airtasker||moving services,V2
Airtasker,Moving to Storage,London,https://www.airtasker.com/uk/services/,all_services_page,2026-09-05,Airtasker UK service taxonomy.,airtasker,moving to storage,airtasker||moving to storage,V2
Airtasker,Mulching,London,https://www.airtasker.com/uk/services/,all_services_page,2026-09-05,Airtasker UK service taxonomy.,airtasker,mulching,airtasker||mulching,V2
Airtasker,Muralists,London,https://www.airtasker.com/uk/services/,all_services_page,2026-09-05,Airtasker UK service taxonomy.,airtasker,muralists,airtasker||muralists,V2
Airtasker,Music Lessons,London,https://www.airtasker.com/uk/services/,all_services_page,2026-09-05,Airtasker UK service taxonomy.,airtasker,music lessons,airtasker||music lessons,V2
Airtasker,Mystery Shopping,London,https://www.airtasker.com/uk/services/,all_services_page,2026-09-05,Airtasker UK service taxonomy.,airtasker,mystery shopping,airtasker||mystery shopping,V2
Airtasker,Nail Technicians,London,https://www.airtasker.com/uk/services/,all_services_page,2026-09-05,Airtasker UK service taxonomy.,airtasker,nail technicians,airtasker||nail technicians,V2
Airtasker,Nanny,London,https://www.airtasker.com/uk/services/,all_services_page,2026-09-05,Airtasker UK service taxonomy.,airtasker,nanny,airtasker||nanny,V2
Airtasker,Nature Photographers,London,https://www.airtasker.com/uk/services/,all_services_page,2026-09-05,Airtasker UK service taxonomy.,airtasker,nature photographers,airtasker||nature photographers,V2
Airtasker,Nest Thermostat Installation,London,https://www.airtasker.com/uk/services/,all_services_page,2026-09-05,Airtasker UK service taxonomy.,airtasker,nest thermostat installation,airtasker||nest thermostat installation,V2
Airtasker,Netflix Setup,London,https://www.airtasker.com/uk/services/,all_services_page,2026-09-05,Airtasker UK service taxonomy.,airtasker,netflix setup,airtasker||netflix setup,V2
Airtasker,Network Troubleshooting,London,https://www.airtasker.com/uk/services/,all_services_page,2026-09-05,Airtasker UK service taxonomy.,airtasker,network troubleshooting,airtasker||network troubleshooting,V2
Airtasker,Nissan Service,London,https://www.airtasker.com/uk/services/,all_services_page,2026-09-05,Airtasker UK service taxonomy.,airtasker,nissan service,airtasker||nissan service,V2
Airtasker,Nordictrack Assembly,London,https://www.airtasker.com/uk/services/,all_services_page,2026-09-05,Airtasker UK service taxonomy.,airtasker,nordictrack assembly,airtasker||nordictrack assembly,V2
Airtasker,Nutritionist,London,https://www.airtasker.com/uk/services/,all_services_page,2026-09-05,Airtasker UK service taxonomy.,airtasker,nutritionist,airtasker||nutritionist,V2
Airtasker,o2 Sensor Replacement,London,https://www.airtasker.com/uk/services/,all_services_page,2026-09-05,Airtasker UK service taxonomy.,airtasker,o2 sensor replacement,airtasker||o2 sensor replacement,V2
Airtasker,Occupational Therapy,London,https://www.airtasker.com/uk/services/,all_services_page,2026-09-05,Airtasker UK service taxonomy.,airtasker,occupational therapy,airtasker||occupational therapy,V2
Airtasker,Odour Control,London,https://www.airtasker.com/uk/services/,all_services_page,2026-09-05,Airtasker UK service taxonomy.,airtasker,odour control,airtasker||odour control,V2
Airtasker,Office Chair Repair,London,https://www.airtasker.com/uk/services/,all_services_page,2026-09-05,Airtasker UK service taxonomy.,airtasker,office chair repair,airtasker||office chair repair,V2
Airtasker,Office Cleaning,London,https://www.airtasker.com/uk/services/,all_services_page,2026-09-05,Airtasker UK service taxonomy.,airtasker,office cleaning,airtasker||office cleaning,V2
Airtasker,Office Clearance,London,https://www.airtasker.com/uk/services/,all_services_page,2026-09-05,Airtasker UK service taxonomy.,airtasker,office clearance,airtasker||office clearance,V2
Airtasker,Office Decorator,London,https://www.airtasker.com/uk/services/,all_services_page,2026-09-05,Airtasker UK service taxonomy.,airtasker,office decorator,airtasker||office decorator,V2
Airtasker,Office Fit Out,London,https://www.airtasker.com/uk/services/,all_services_page,2026-09-05,Airtasker UK service taxonomy.,airtasker,office fit out,airtasker||office fit out,V2
Airtasker,Office Furniture Assembly,London,https://www.airtasker.com/uk/services/,all_services_page,2026-09-05,Airtasker UK service taxonomy.,airtasker,office furniture assembly,airtasker||office furniture assembly,V2
Airtasker,Office Interior Designers,London,https://www.airtasker.com/uk/services/,all_services_page,2026-09-05,Airtasker UK service taxonomy.,airtasker,office interior designers,airtasker||office interior designers,V2
Airtasker,Oil & Filter Change,London,https://www.airtasker.com/uk/services/,all_services_page,2026-09-05,Airtasker UK service taxonomy.,airtasker,oil and filter change,airtasker||oil and filter change,V2
Airtasker,Oil Boiler Services,London,https://www.airtasker.com/uk/services/,all_services_page,2026-09-05,Airtasker UK service taxonomy.,airtasker,oil boiler services,airtasker||oil boiler services,V2
Airtasker,Organic Food Delivery,London,https://www.airtasker.com/uk/services/,all_services_page,2026-09-05,Airtasker UK service taxonomy.,airtasker,organic food delivery,airtasker||organic food delivery,V2
Airtasker,Outdoor Furniture Assembly,London,https://www.airtasker.com/uk/services/,all_services_page,2026-09-05,Airtasker UK service taxonomy.,airtasker,outdoor furniture assembly,airtasker||outdoor furniture assembly,V2
Airtasker,Outdoor Lighting Installation,London,https://www.airtasker.com/uk/services/,all_services_page,2026-09-05,Airtasker UK service taxonomy.,airtasker,outdoor lighting installation,airtasker||outdoor lighting installation,V2
Airtasker,Oven Cleaning,London,https://www.airtasker.com/uk/services/,all_services_page,2026-09-05,Airtasker UK service taxonomy.,airtasker,oven cleaning,airtasker||oven cleaning,V2
Airtasker,Oven Fan Repair,London,https://www.airtasker.com/uk/services/,all_services_page,2026-09-05,Airtasker UK service taxonomy.,airtasker,oven fan repair,airtasker||oven fan repair,V2
Airtasker,Oven Repair,London,https://www.airtasker.com/uk/services/,all_services_page,2026-09-05,Airtasker UK service taxonomy.,airtasker,oven repair,airtasker||oven repair,V2
Airtasker,Paddle Board Lessons,London,https://www.airtasker.com/uk/services/,all_services_page,2026-09-05,Airtasker UK service taxonomy.,airtasker,paddle board lessons,airtasker||paddle board lessons,V2
Airtasker,Paint Stripping,London,https://www.airtasker.com/uk/services/,all_services_page,2026-09-05,Airtasker UK service taxonomy.,airtasker,paint stripping,airtasker||paint stripping,V2
Airtasker,Painter & Decorator,London,https://www.airtasker.com/uk/services/,all_services_page,2026-09-05,Airtasker UK service taxonomy.,airtasker,painter and decorator,airtasker||painter and decorator,V2
Airtasker,Painting,London,https://www.airtasker.com/uk/services/,all_services_page,2026-09-05,Airtasker UK service taxonomy.,airtasker,painting,airtasker||painting,V2
Airtasker,Painting Lessons,London,https://www.airtasker.com/uk/services/,all_services_page,2026-09-05,Airtasker UK service taxonomy.,airtasker,painting lessons,airtasker||painting lessons,V2
Airtasker,Paintless Dent Removal,London,https://www.airtasker.com/uk/services/,all_services_page,2026-09-05,Airtasker UK service taxonomy.,airtasker,paintless dent removal,airtasker||paintless dent removal,V2
Airtasker,Pallet Collection & Disposal,London,https://www.airtasker.com/uk/services/,all_services_page,2026-09-05,Airtasker UK service taxonomy.,airtasker,pallet collection and disposal,airtasker||pallet collection and disposal,V2
Airtasker,Pallet Delivery,London,https://www.airtasker.com/uk/services/,all_services_page,2026-09-05,Airtasker UK service taxonomy.,airtasker,pallet delivery,airtasker||pallet delivery,V2
Airtasker,Palm Tree Removal,London,https://www.airtasker.com/uk/services/,all_services_page,2026-09-05,Airtasker UK service taxonomy.,airtasker,palm tree removal,airtasker||palm tree removal,V2
Airtasker,Pancake & Waffle Delivery,London,https://www.airtasker.com/uk/services/,all_services_page,2026-09-05,Airtasker UK service taxonomy.,airtasker,pancake and waffle delivery,airtasker||pancake and waffle delivery,V2
Airtasker,Panel Beater,London,https://www.airtasker.com/uk/services/,all_services_page,2026-09-05,Airtasker UK service taxonomy.,airtasker,panel beater,airtasker||panel beater,V2
Airtasker,Parcel Delivery,London,https://www.airtasker.com/uk/services/,all_services_page,2026-09-05,Airtasker UK service taxonomy.,airtasker,parcel delivery,airtasker||parcel delivery,V2
Airtasker,Parking Sensor Replacement,London,https://www.airtasker.com/uk/services/,all_services_page,2026-09-05,Airtasker UK service taxonomy.,airtasker,parking sensor replacement,airtasker||parking sensor replacement,V2
Airtasker,Parquet Flooring,London,https://www.airtasker.com/uk/services/,all_services_page,2026-09-05,Airtasker UK service taxonomy.,airtasker,parquet flooring,airtasker||parquet flooring,V2
Airtasker,Party Catering,London,https://www.airtasker.com/uk/services/,all_services_page,2026-09-05,Airtasker UK service taxonomy.,airtasker,party catering,airtasker||party catering,V2
Airtasker,Party Cleaning,London,https://www.airtasker.com/uk/services/,all_services_page,2026-09-05,Airtasker UK service taxonomy.,airtasker,party cleaning,airtasker||party cleaning,V2
Airtasker,Party Helpers,London,https://www.airtasker.com/uk/services/,all_services_page,2026-09-05,Airtasker UK service taxonomy.,airtasker,party helpers,airtasker||party helpers,V2
Airtasker,Party Wall Surveyor,London,https://www.airtasker.com/uk/services/,all_services_page,2026-09-05,Airtasker UK service taxonomy.,airtasker,party wall surveyor,airtasker||party wall surveyor,V2
Airtasker,Pasta Takeaway,London,https://www.airtasker.com/uk/services/,all_services_page,2026-09-05,Airtasker UK service taxonomy.,airtasker,pasta takeaway,airtasker||pasta takeaway,V2
Airtasker,Pastry Chef,London,https://www.airtasker.com/uk/services/,all_services_page,2026-09-05,Airtasker UK service taxonomy.,airtasker,pastry chef,airtasker||pastry chef,V2
Airtasker,Patio Cleaning,London,https://www.airtasker.com/uk/services/,all_services_page,2026-09-05,Airtasker UK service taxonomy.,airtasker,patio cleaning,airtasker||patio cleaning,V2
Airtasker,Patio Sliding Door Repair,London,https://www.airtasker.com/uk/services/,all_services_page,2026-09-05,Airtasker UK service taxonomy.,airtasker,patio sliding door repair,airtasker||patio sliding door repair,V2
Airtasker,Patios,London,https://www.airtasker.com/uk/services/,all_services_page,2026-09-05,Airtasker UK service taxonomy.,airtasker,patios,airtasker||patios,V2
Airtasker,Pattern Cutter,London,https://www.airtasker.com/uk/services/,all_services_page,2026-09-05,Airtasker UK service taxonomy.,airtasker,pattern cutter,airtasker||pattern cutter,V2
Airtasker,Paving,London,https://www.airtasker.com/uk/services/,all_services_page,2026-09-05,Airtasker UK service taxonomy.,airtasker,paving,airtasker||paving,V2
Airtasker,Paving Repairs,London,https://www.airtasker.com/uk/services/,all_services_page,2026-09-05,Airtasker UK service taxonomy.,airtasker,paving repairs,airtasker||paving repairs,V2
Airtasker,PC Assembly,London,https://www.airtasker.com/uk/services/,all_services_page,2026-09-05,Airtasker UK service taxonomy.,airtasker,pc assembly,airtasker||pc assembly,V2
Airtasker,Pedicure,London,https://www.airtasker.com/uk/services/,all_services_page,2026-09-05,Airtasker UK service taxonomy.,airtasker,pedicure,airtasker||pedicure,V2
Airtasker,Pension Advisor,London,https://www.airtasker.com/uk/services/,all_services_page,2026-09-05,Airtasker UK service taxonomy.,airtasker,pension advisor,airtasker||pension advisor,V2
Airtasker,Pergola Installation,London,https://www.airtasker.com/uk/services/,all_services_page,2026-09-05,Airtasker UK service taxonomy.,airtasker,pergola installation,airtasker||pergola installation,V2
Airtasker,Personal Assistant,London,https://www.airtasker.com/uk/services/,all_services_page,2026-09-05,Airtasker UK service taxonomy.,airtasker,personal assistant,airtasker||personal assistant,V2
Airtasker,Personal Concierge,London,https://www.airtasker.com/uk/services/,all_services_page,2026-09-05,Airtasker UK service taxonomy.,airtasker,personal concierge,airtasker||personal concierge,V2
Airtasker,Personal Shopper,London,https://www.airtasker.com/uk/services/,all_services_page,2026-09-05,Airtasker UK service taxonomy.,airtasker,personal shopper,airtasker||personal shopper,V2
Airtasker,Personal Stylist,London,https://www.airtasker.com/uk/services/,all_services_page,2026-09-05,Airtasker UK service taxonomy.,airtasker,personal stylist,airtasker||personal stylist,V2
Airtasker,Personal Training,London,https://www.airtasker.com/uk/services/,all_services_page,2026-09-05,Airtasker UK service taxonomy.,airtasker,personal training,airtasker||personal training,V2
Airtasker,Personalised Balloon Delivery,London,https://www.airtasker.com/uk/services/,all_services_page,2026-09-05,Airtasker UK service taxonomy.,airtasker,personalised balloon delivery,airtasker||personalised balloon delivery,V2
Airtasker,Personalised Cupcakes,London,https://www.airtasker.com/uk/services/,all_services_page,2026-09-05,Airtasker UK service taxonomy.,airtasker,personalised cupcakes,airtasker||personalised cupcakes,V2
Airtasker,Personalised Gift Delivery,London,https://www.airtasker.com/uk/services/,all_services_page,2026-09-05,Airtasker UK service taxonomy.,airtasker,personalised gift delivery,airtasker||personalised gift delivery,V2
Airtasker,Pest Control,London,https://www.airtasker.com/uk/services/,all_services_page,2026-09-05,Airtasker UK service taxonomy.,airtasker,pest control,airtasker||pest control,V2
Airtasker,Pet Care,London,https://www.airtasker.com/uk/services/,all_services_page,2026-09-05,Airtasker UK service taxonomy.,airtasker,pet care,airtasker||pet care,V2
Airtasker,Pet Door Installation,London,https://www.airtasker.com/uk/services/,all_services_page,2026-09-05,Airtasker UK service taxonomy.,airtasker,pet door installation,airtasker||pet door installation,V2
Airtasker,Pet Feeding,London,https://www.airtasker.com/uk/services/,all_services_page,2026-09-05,Airtasker UK service taxonomy.,airtasker,pet feeding,airtasker||pet feeding,V2
Airtasker,Pet Food Delivery,London,https://www.airtasker.com/uk/services/,all_services_page,2026-09-05,Airtasker UK service taxonomy.,airtasker,pet food delivery,airtasker||pet food delivery,V2
Airtasker,Pet Grooming,London,https://www.airtasker.com/uk/services/,all_services_page,2026-09-05,Airtasker UK service taxonomy.,airtasker,pet grooming,airtasker||pet grooming,V2
Airtasker,Pet Sitting,London,https://www.airtasker.com/uk/services/,all_services_page,2026-09-05,Airtasker UK service taxonomy.,airtasker,pet sitting,airtasker||pet sitting,V2
Airtasker,Pet Taxi,London,https://www.airtasker.com/uk/services/,all_services_page,2026-09-05,Airtasker UK service taxonomy.,airtasker,pet taxi,airtasker||pet taxi,V2
Airtasker,Pet Transport,London,https://www.airtasker.com/uk/services/,all_services_page,2026-09-05,Airtasker UK service taxonomy.,airtasker,pet transport,airtasker||pet transport,V2
Airtasker,Peugeot Service,London,https://www.airtasker.com/uk/services/,all_services_page,2026-09-05,Airtasker UK service taxonomy.,airtasker,peugeot service,airtasker||peugeot service,V2
Airtasker,Phonics Lessons,London,https://www.airtasker.com/uk/services/,all_services_page,2026-09-05,Airtasker UK service taxonomy.,airtasker,phonics lessons,airtasker||phonics lessons,V2
Airtasker,Photo Editing and Retouching,London,https://www.airtasker.com/uk/services/,all_services_page,2026-09-05,Airtasker UK service taxonomy.,airtasker,photo editing and retouching,airtasker||photo editing and retouching,V2
Airtasker,Photo Manipulations,London,https://www.airtasker.com/uk/services/,all_services_page,2026-09-05,Airtasker UK service taxonomy.,airtasker,photo manipulations,airtasker||photo manipulations,V2
Airtasker,Photo Printing Service,London,https://www.airtasker.com/uk/services/,all_services_page,2026-09-05,Airtasker UK service taxonomy.,airtasker,photo printing service,airtasker||photo printing service,V2
Airtasker,Photo Restorations,London,https://www.airtasker.com/uk/services/,all_services_page,2026-09-05,Airtasker UK service taxonomy.,airtasker,photo restorations,airtasker||photo restorations,V2
Airtasker,Photographer,London,https://www.airtasker.com/uk/services/,all_services_page,2026-09-05,Airtasker UK service taxonomy.,airtasker,photographer,airtasker||photographer,V2
Airtasker,Photographers,London,https://www.airtasker.com/uk/services/,all_services_page,2026-09-05,Airtasker UK service taxonomy.,airtasker,photographers,airtasker||photographers,V2
Airtasker,Photography Assistants,London,https://www.airtasker.com/uk/services/,all_services_page,2026-09-05,Airtasker UK service taxonomy.,airtasker,photography assistants,airtasker||photography assistants,V2
Airtasker,Photography Workshops,London,https://www.airtasker.com/uk/services/,all_services_page,2026-09-05,Airtasker UK service taxonomy.,airtasker,photography workshops,airtasker||photography workshops,V2
Airtasker,PHP Developer,London,https://www.airtasker.com/uk/services/,all_services_page,2026-09-05,Airtasker UK service taxonomy.,airtasker,php developer,airtasker||php developer,V2
Airtasker,Physics Tutor,London,https://www.airtasker.com/uk/services/,all_services_page,2026-09-05,Airtasker UK service taxonomy.,airtasker,physics tutor,airtasker||physics tutor,V2
Airtasker,Physiotherapist,London,https://www.airtasker.com/uk/services/,all_services_page,2026-09-05,Airtasker UK service taxonomy.,airtasker,physiotherapist,airtasker||physiotherapist,V2
Airtasker,Piano Lessons,London,https://www.airtasker.com/uk/services/,all_services_page,2026-09-05,Airtasker UK service taxonomy.,airtasker,piano lessons,airtasker||piano lessons,V2
Airtasker,Piano Removals,London,https://www.airtasker.com/uk/services/,all_services_page,2026-09-05,Airtasker UK service taxonomy.,airtasker,piano removals,airtasker||piano removals,V2
Airtasker,Picket Fencing,London,https://www.airtasker.com/uk/services/,all_services_page,2026-09-05,Airtasker UK service taxonomy.,airtasker,picket fencing,airtasker||picket fencing,V2
Airtasker,Picture Hanging,London,https://www.airtasker.com/uk/services/,all_services_page,2026-09-05,Airtasker UK service taxonomy.,airtasker,picture hanging,airtasker||picture hanging,V2
Airtasker,Pilates Instructor,London,https://www.airtasker.com/uk/services/,all_services_page,2026-09-05,Airtasker UK service taxonomy.,airtasker,pilates instructor,airtasker||pilates instructor,V2
Airtasker,Pipe Insulation,London,https://www.airtasker.com/uk/services/,all_services_page,2026-09-05,Airtasker UK service taxonomy.,airtasker,pipe insulation,airtasker||pipe insulation,V2
Airtasker,Pizza Takeaway,London,https://www.airtasker.com/uk/services/,all_services_page,2026-09-05,Airtasker UK service taxonomy.,airtasker,pizza takeaway,airtasker||pizza takeaway,V2
Airtasker,Planning Consultant,London,https://www.airtasker.com/uk/services/,all_services_page,2026-09-05,Airtasker UK service taxonomy.,airtasker,planning consultant,airtasker||planning consultant,V2
Airtasker,Plant Delivery,London,https://www.airtasker.com/uk/services/,all_services_page,2026-09-05,Airtasker UK service taxonomy.,airtasker,plant delivery,airtasker||plant delivery,V2
Airtasker,Plantation Shutter Installation,London,https://www.airtasker.com/uk/services/,all_services_page,2026-09-05,Airtasker UK service taxonomy.,airtasker,plantation shutter installation,airtasker||plantation shutter installation,V2
Airtasker,Plasma TV Repair,London,https://www.airtasker.com/uk/services/,all_services_page,2026-09-05,Airtasker UK service taxonomy.,airtasker,plasma tv repair,airtasker||plasma tv repair,V2
Airtasker,Plaster Coving,London,https://www.airtasker.com/uk/services/,all_services_page,2026-09-05,Airtasker UK service taxonomy.,airtasker,plaster coving,airtasker||plaster coving,V2
Airtasker,Plaster Repair,London,https://www.airtasker.com/uk/services/,all_services_page,2026-09-05,Airtasker UK service taxonomy.,airtasker,plaster repair,airtasker||plaster repair,V2
Airtasker,Plasterboard Disposal,London,https://www.airtasker.com/uk/services/,all_services_page,2026-09-05,Airtasker UK service taxonomy.,airtasker,plasterboard disposal,airtasker||plasterboard disposal,V2
Airtasker,Plasterboard Installation,London,https://www.airtasker.com/uk/services/,all_services_page,2026-09-05,Airtasker UK service taxonomy.,airtasker,plasterboard installation,airtasker||plasterboard installation,V2
Airtasker,Plasterer,London,https://www.airtasker.com/uk/services/,all_services_page,2026-09-05,Airtasker UK service taxonomy.,airtasker,plasterer,airtasker||plasterer,V2
Airtasker,Playground Assembly,London,https://www.airtasker.com/uk/services/,all_services_page,2026-09-05,Airtasker UK service taxonomy.,airtasker,playground assembly,airtasker||playground assembly,V2
Airtasker,Plumbing,London,https://www.airtasker.com/uk/services/,all_services_page,2026-09-05,Airtasker UK service taxonomy.,airtasker,plumbing,airtasker||plumbing,V2
Airtasker,Podiatrist,London,https://www.airtasker.com/uk/services/,all_services_page,2026-09-05,Airtasker UK service taxonomy.,airtasker,podiatrist,airtasker||podiatrist,V2
Airtasker,Poetry Writing,London,https://www.airtasker.com/uk/services/,all_services_page,2026-09-05,Airtasker UK service taxonomy.,airtasker,poetry writing,airtasker||poetry writing,V2
Airtasker,Pole Dancing Lessons,London,https://www.airtasker.com/uk/services/,all_services_page,2026-09-05,Airtasker UK service taxonomy.,airtasker,pole dancing lessons,airtasker||pole dancing lessons,V2
Airtasker,Polished Plaster,London,https://www.airtasker.com/uk/services/,all_services_page,2026-09-05,Airtasker UK service taxonomy.,airtasker,polished plaster,airtasker||polished plaster,V2
Airtasker,Polycarbonate Roofing,London,https://www.airtasker.com/uk/services/,all_services_page,2026-09-05,Airtasker UK service taxonomy.,airtasker,polycarbonate roofing,airtasker||polycarbonate roofing,V2
Airtasker,Pool Cleaning,London,https://www.airtasker.com/uk/services/,all_services_page,2026-09-05,Airtasker UK service taxonomy.,airtasker,pool cleaning,airtasker||pool cleaning,V2
Airtasker,Pool Maintenance,London,https://www.airtasker.com/uk/services/,all_services_page,2026-09-05,Airtasker UK service taxonomy.,airtasker,pool maintenance,airtasker||pool maintenance,V2
Airtasker,Pool Table Assembly,London,https://www.airtasker.com/uk/services/,all_services_page,2026-09-05,Airtasker UK service taxonomy.,airtasker,pool table assembly,airtasker||pool table assembly,V2
Airtasker,Pool Table Recovering,London,https://www.airtasker.com/uk/services/,all_services_page,2026-09-05,Airtasker UK service taxonomy.,airtasker,pool table recovering,airtasker||pool table recovering,V2
Airtasker,Pool Table Removals,London,https://www.airtasker.com/uk/services/,all_services_page,2026-09-05,Airtasker UK service taxonomy.,airtasker,pool table removals,airtasker||pool table removals,V2
Airtasker,Popeye's Delivery,London,https://www.airtasker.com/uk/services/,all_services_page,2026-09-05,Airtasker UK service taxonomy.,airtasker,popeyes delivery,airtasker||popeyes delivery,V2
Airtasker,Porsche Service,London,https://www.airtasker.com/uk/services/,all_services_page,2026-09-05,Airtasker UK service taxonomy.,airtasker,porsche service,airtasker||porsche service,V2
Airtasker,Portrait Photographer,London,https://www.airtasker.com/uk/services/,all_services_page,2026-09-05,Airtasker UK service taxonomy.,airtasker,portrait photographer,airtasker||portrait photographer,V2
Airtasker,Portuguese Tutor,London,https://www.airtasker.com/uk/services/,all_services_page,2026-09-05,Airtasker UK service taxonomy.,airtasker,portuguese tutor,airtasker||portuguese tutor,V2
Airtasker,Poster Design,London,https://www.airtasker.com/uk/services/,all_services_page,2026-09-05,Airtasker UK service taxonomy.,airtasker,poster design,airtasker||poster design,V2
Airtasker,Pottery Lessons,London,https://www.airtasker.com/uk/services/,all_services_page,2026-09-05,Airtasker UK service taxonomy.,airtasker,pottery lessons,airtasker||pottery lessons,V2
Airtasker,Power Point Installation,London,https://www.airtasker.com/uk/services/,all_services_page,2026-09-05,Airtasker UK service taxonomy.,airtasker,power point installation,airtasker||power point installation,V2
Airtasker,Pre Purchase Car Inspection,London,https://www.airtasker.com/uk/services/,all_services_page,2026-09-05,Airtasker UK service taxonomy.,airtasker,pre purchase car inspection,airtasker||pre purchase car inspection,V2
Airtasker,Pregnancy Fitness,London,https://www.airtasker.com/uk/services/,all_services_page,2026-09-05,Airtasker UK service taxonomy.,airtasker,pregnancy fitness,airtasker||pregnancy fitness,V2
Airtasker,Prescription Delivery,London,https://www.airtasker.com/uk/services/,all_services_page,2026-09-05,Airtasker UK service taxonomy.,airtasker,prescription delivery,airtasker||prescription delivery,V2
Airtasker,Presentations Design,London,https://www.airtasker.com/uk/services/,all_services_page,2026-09-05,Airtasker UK service taxonomy.,airtasker,presentations design,airtasker||presentations design,V2
Airtasker,Press Release Writing,London,https://www.airtasker.com/uk/services/,all_services_page,2026-09-05,Airtasker UK service taxonomy.,airtasker,press release writing,airtasker||press release writing,V2
Airtasker,Pressure Washer Repair,London,https://www.airtasker.com/uk/services/,all_services_page,2026-09-05,Airtasker UK service taxonomy.,airtasker,pressure washer repair,airtasker||pressure washer repair,V2
Airtasker,Print Design,London,https://www.airtasker.com/uk/services/,all_services_page,2026-09-05,Airtasker UK service taxonomy.,airtasker,print design,airtasker||print design,V2
Airtasker,Printer Help,London,https://www.airtasker.com/uk/services/,all_services_page,2026-09-05,Airtasker UK service taxonomy.,airtasker,printer help,airtasker||printer help,V2
Airtasker,Printing Services,London,https://www.airtasker.com/uk/services/,all_services_page,2026-09-05,Airtasker UK service taxonomy.,airtasker,printing services,airtasker||printing services,V2
Airtasker,Private Chef,London,https://www.airtasker.com/uk/services/,all_services_page,2026-09-05,Airtasker UK service taxonomy.,airtasker,private chef,airtasker||private chef,V2
Airtasker,Private Doctor,London,https://www.airtasker.com/uk/services/,all_services_page,2026-09-05,Airtasker UK service taxonomy.,airtasker,private doctor,airtasker||private doctor,V2
Airtasker,Product Testing,London,https://www.airtasker.com/uk/services/,all_services_page,2026-09-05,Airtasker UK service taxonomy.,airtasker,product testing,airtasker||product testing,V2
Airtasker,Project Management,London,https://www.airtasker.com/uk/services/,all_services_page,2026-09-05,Airtasker UK service taxonomy.,airtasker,project management,airtasker||project management,V2
Airtasker,Projector Installation,London,https://www.airtasker.com/uk/services/,all_services_page,2026-09-05,Airtasker UK service taxonomy.,airtasker,projector installation,airtasker||projector installation,V2
Airtasker,Prom Dressmaker,London,https://www.airtasker.com/uk/services/,all_services_page,2026-09-05,Airtasker UK service taxonomy.,airtasker,prom dressmaker,airtasker||prom dressmaker,V2
Airtasker,Proofreading,London,https://www.airtasker.com/uk/services/,all_services_page,2026-09-05,Airtasker UK service taxonomy.,airtasker,proofreading,airtasker||proofreading,V2
Airtasker,Property & Real Estate Photographers,London,https://www.airtasker.com/uk/services/,all_services_page,2026-09-05,Airtasker UK service taxonomy.,airtasker,property and real estate photographers,airtasker||property and real estate photographers,V2
Airtasker,Property Maintenance,London,https://www.airtasker.com/uk/services/,all_services_page,2026-09-05,Airtasker UK service taxonomy.,airtasker,property maintenance,airtasker||property maintenance,V2
Airtasker,Proposal Writing,London,https://www.airtasker.com/uk/services/,all_services_page,2026-09-05,Airtasker UK service taxonomy.,airtasker,proposal writing,airtasker||proposal writing,V2
Airtasker,Psychologist,London,https://www.airtasker.com/uk/services/,all_services_page,2026-09-05,Airtasker UK service taxonomy.,airtasker,psychologist,airtasker||psychologist,V2
Airtasker,Psychology Tutor,London,https://www.airtasker.com/uk/services/,all_services_page,2026-09-05,Airtasker UK service taxonomy.,airtasker,psychology tutor,airtasker||psychology tutor,V2
Airtasker,PTSD Therapy,London,https://www.airtasker.com/uk/services/,all_services_page,2026-09-05,Airtasker UK service taxonomy.,airtasker,ptsd therapy,airtasker||ptsd therapy,V2
Airtasker,Puppy Training,London,https://www.airtasker.com/uk/services/,all_services_page,2026-09-05,Airtasker UK service taxonomy.,airtasker,puppy training,airtasker||puppy training,V2
Airtasker,PVC Fascia & Soffit,London,https://www.airtasker.com/uk/services/,all_services_page,2026-09-05,Airtasker UK service taxonomy.,airtasker,pvc fascia and soffit,airtasker||pvc fascia and soffit,V2
Airtasker,PVC Fencing,London,https://www.airtasker.com/uk/services/,all_services_page,2026-09-05,Airtasker UK service taxonomy.,airtasker,pvc fencing,airtasker||pvc fencing,V2
Airtasker,PVC Gutters,London,https://www.airtasker.com/uk/services/,all_services_page,2026-09-05,Airtasker UK service taxonomy.,airtasker,pvc gutters,airtasker||pvc gutters,V2
Airtasker,PVC Pipe Repair,London,https://www.airtasker.com/uk/services/,all_services_page,2026-09-05,Airtasker UK service taxonomy.,airtasker,pvc pipe repair,airtasker||pvc pipe repair,V2
Airtasker,PVC Spraying,London,https://www.airtasker.com/uk/services/,all_services_page,2026-09-05,Airtasker UK service taxonomy.,airtasker,pvc spraying,airtasker||pvc spraying,V2
Airtasker,PVC Windows,London,https://www.airtasker.com/uk/services/,all_services_page,2026-09-05,Airtasker UK service taxonomy.,airtasker,pvc windows,airtasker||pvc windows,V2
Airtasker,Python Tutor,London,https://www.airtasker.com/uk/services/,all_services_page,2026-09-05,Airtasker UK service taxonomy.,airtasker,python tutor,airtasker||python tutor,V2
Airtasker,Quad Bike Repair,London,https://www.airtasker.com/uk/services/,all_services_page,2026-09-05,Airtasker UK service taxonomy.,airtasker,quad bike repair,airtasker||quad bike repair,V2
Airtasker,Quantity Surveyor,London,https://www.airtasker.com/uk/services/,all_services_page,2026-09-05,Airtasker UK service taxonomy.,airtasker,quantity surveyor,airtasker||quantity surveyor,V2
Airtasker,Queueing Service,London,https://www.airtasker.com/uk/services/,all_services_page,2026-09-05,Airtasker UK service taxonomy.,airtasker,queueing service,airtasker||queueing service,V2
Airtasker,Rabbit Boarding,London,https://www.airtasker.com/uk/services/,all_services_page,2026-09-05,Airtasker UK service taxonomy.,airtasker,rabbit boarding,airtasker||rabbit boarding,V2
Airtasker,Radiator Repair,London,https://www.airtasker.com/uk/services/,all_services_page,2026-09-05,Airtasker UK service taxonomy.,airtasker,radiator repair,airtasker||radiator repair,V2
Airtasker,Rangehood Cleaning,London,https://www.airtasker.com/uk/services/,all_services_page,2026-09-05,Airtasker UK service taxonomy.,airtasker,rangehood cleaning,airtasker||rangehood cleaning,V2
Airtasker,Real Estate,London,https://www.airtasker.com/uk/services/,all_services_page,2026-09-05,Airtasker UK service taxonomy.,airtasker,real estate,airtasker||real estate,V2
Airtasker,Receptionist,London,https://www.airtasker.com/uk/services/,all_services_page,2026-09-05,Airtasker UK service taxonomy.,airtasker,receptionist,airtasker||receptionist,V2
Airtasker,Recliner Chair Repair,London,https://www.airtasker.com/uk/services/,all_services_page,2026-09-05,Airtasker UK service taxonomy.,airtasker,recliner chair repair,airtasker||recliner chair repair,V2
Airtasker,Recliner Repair,London,https://www.airtasker.com/uk/services/,all_services_page,2026-09-05,Airtasker UK service taxonomy.,airtasker,recliner repair,airtasker||recliner repair,V2
Airtasker,Refinishing,London,https://www.airtasker.com/uk/services/,all_services_page,2026-09-05,Airtasker UK service taxonomy.,airtasker,refinishing,airtasker||refinishing,V2
Airtasker,Regrouting,London,https://www.airtasker.com/uk/services/,all_services_page,2026-09-05,Airtasker UK service taxonomy.,airtasker,regrouting,airtasker||regrouting,V2
Airtasker,Relationship Coach,London,https://www.airtasker.com/uk/services/,all_services_page,2026-09-05,Airtasker UK service taxonomy.,airtasker,relationship coach,airtasker||relationship coach,V2
Airtasker,Removals,London,https://www.airtasker.com/uk/services/,all_services_page,2026-09-05,Airtasker UK service taxonomy.,airtasker,removals,airtasker||removals,V2
Airtasker,Renault Service,London,https://www.airtasker.com/uk/services/,all_services_page,2026-09-05,Airtasker UK service taxonomy.,airtasker,renault service,airtasker||renault service,V2
Airtasker,Render Repair,London,https://www.airtasker.com/uk/services/,all_services_page,2026-09-05,Airtasker UK service taxonomy.,airtasker,render repair,airtasker||render repair,V2
Airtasker,Rendering & Resurfacing,London,https://www.airtasker.com/uk/services/,all_services_page,2026-09-05,Airtasker UK service taxonomy.,airtasker,rendering and resurfacing,airtasker||rendering and resurfacing,V2
Airtasker,Report Writing,London,https://www.airtasker.com/uk/services/,all_services_page,2026-09-05,Airtasker UK service taxonomy.,airtasker,report writing,airtasker||report writing,V2
Airtasker,Reptile Boarding,London,https://www.airtasker.com/uk/services/,all_services_page,2026-09-05,Airtasker UK service taxonomy.,airtasker,reptile boarding,airtasker||reptile boarding,V2
Airtasker,Research Assistant,London,https://www.airtasker.com/uk/services/,all_services_page,2026-09-05,Airtasker UK service taxonomy.,airtasker,research assistant,airtasker||research assistant,V2
Airtasker,Restaurant Designers,London,https://www.airtasker.com/uk/services/,all_services_page,2026-09-05,Airtasker UK service taxonomy.,airtasker,restaurant designers,airtasker||restaurant designers,V2
Airtasker,Resume Writing,London,https://www.airtasker.com/uk/services/,all_services_page,2026-09-05,Airtasker UK service taxonomy.,airtasker,resume writing,airtasker||resume writing,V2
Airtasker,Retaining Walls,London,https://www.airtasker.com/uk/services/,all_services_page,2026-09-05,Airtasker UK service taxonomy.,airtasker,retaining walls,airtasker||retaining walls,V2
Airtasker,Return Loads,London,https://www.airtasker.com/uk/services/,all_services_page,2026-09-05,Airtasker UK service taxonomy.,airtasker,return loads,airtasker||return loads,V2
Airtasker,Reversing Camera Installation,London,https://www.airtasker.com/uk/services/,all_services_page,2026-09-05,Airtasker UK service taxonomy.,airtasker,reversing camera installation,airtasker||reversing camera installation,V2
Airtasker,Ring Doorbell Installation,London,https://www.airtasker.com/uk/services/,all_services_page,2026-09-05,Airtasker UK service taxonomy.,airtasker,ring doorbell installation,airtasker||ring doorbell installation,V2
Airtasker,Roast Dinner Delivery,London,https://www.airtasker.com/uk/services/,all_services_page,2026-09-05,Airtasker UK service taxonomy.,airtasker,roast dinner delivery,airtasker||roast dinner delivery,V2
Airtasker,Roller Shutter Blinds Repair & Installation,London,https://www.airtasker.com/uk/services/,all_services_page,2026-09-05,Airtasker UK service taxonomy.,airtasker,roller shutter blinds repair and installation,airtasker||roller shutter blinds repair and installation,V2
Airtasker,Roller Skating Lessons,London,https://www.airtasker.com/uk/services/,all_services_page,2026-09-05,Airtasker UK service taxonomy.,airtasker,roller skating lessons,airtasker||roller skating lessons,V2
Airtasker,Roman Blind Fitter,London,https://www.airtasker.com/uk/services/,all_services_page,2026-09-05,Airtasker UK service taxonomy.,airtasker,roman blind fitter,airtasker||roman blind fitter,V2
Airtasker,Roman Blinds Installation,London,https://www.airtasker.com/uk/services/,all_services_page,2026-09-05,Airtasker UK service taxonomy.,airtasker,roman blinds installation,airtasker||roman blinds installation,V2
Airtasker,Roof Cleaning,London,https://www.airtasker.com/uk/services/,all_services_page,2026-09-05,Airtasker UK service taxonomy.,airtasker,roof cleaning,airtasker||roof cleaning,V2
Airtasker,Roof Installation,London,https://www.airtasker.com/uk/services/,all_services_page,2026-09-05,Airtasker UK service taxonomy.,airtasker,roof installation,airtasker||roof installation,V2
Airtasker,Roof Repair,London,https://www.airtasker.com/uk/services/,all_services_page,2026-09-05,Airtasker UK service taxonomy.,airtasker,roof repair,airtasker||roof repair,V2
Airtasker,Roof Ventilation,London,https://www.airtasker.com/uk/services/,all_services_page,2026-09-05,Airtasker UK service taxonomy.,airtasker,roof ventilation,airtasker||roof ventilation,V2
Airtasker,Roofing,London,https://www.airtasker.com/uk/services/,all_services_page,2026-09-05,Airtasker UK service taxonomy.,airtasker,roofing,airtasker||roofing,V2
Airtasker,Router Modem Setup,London,https://www.airtasker.com/uk/services/,all_services_page,2026-09-05,Airtasker UK service taxonomy.,airtasker,router modem setup,airtasker||router modem setup,V2
Airtasker,Rubbish Removal,London,https://www.airtasker.com/uk/services/,all_services_page,2026-09-05,Airtasker UK service taxonomy.,airtasker,rubbish removal,airtasker||rubbish removal,V2
Airtasker,Ruby Developer,London,https://www.airtasker.com/uk/services/,all_services_page,2026-09-05,Airtasker UK service taxonomy.,airtasker,ruby developer,airtasker||ruby developer,V2
Airtasker,Russian Lessons,London,https://www.airtasker.com/uk/services/,all_services_page,2026-09-05,Airtasker UK service taxonomy.,airtasker,russian lessons,airtasker||russian lessons,V2
Airtasker,Safe Locksmith,London,https://www.airtasker.com/uk/services/,all_services_page,2026-09-05,Airtasker UK service taxonomy.,airtasker,safe locksmith,airtasker||safe locksmith,V2
Airtasker,Sailing Lessons,London,https://www.airtasker.com/uk/services/,all_services_page,2026-09-05,Airtasker UK service taxonomy.,airtasker,sailing lessons,airtasker||sailing lessons,V2
Airtasker,Sainsburys Delivery,London,https://www.airtasker.com/uk/services/,all_services_page,2026-09-05,Airtasker UK service taxonomy.,airtasker,sainsburys delivery,airtasker||sainsburys delivery,V2
Airtasker,Salad Delivery,London,https://www.airtasker.com/uk/services/,all_services_page,2026-09-05,Airtasker UK service taxonomy.,airtasker,salad delivery,airtasker||salad delivery,V2
Airtasker,Sales Assistant,London,https://www.airtasker.com/uk/services/,all_services_page,2026-09-05,Airtasker UK service taxonomy.,airtasker,sales assistant,airtasker||sales assistant,V2
Airtasker,Salsa Lessons,London,https://www.airtasker.com/uk/services/,all_services_page,2026-09-05,Airtasker UK service taxonomy.,airtasker,salsa lessons,airtasker||salsa lessons,V2
Airtasker,Same-Day Dry Cleaning,London,https://www.airtasker.com/uk/services/,all_services_page,2026-09-05,Airtasker UK service taxonomy.,airtasker,same-day dry cleaning,airtasker||same-day dry cleaning,V2
Airtasker,Samsung Fridge Repair,London,https://www.airtasker.com/uk/services/,all_services_page,2026-09-05,Airtasker UK service taxonomy.,airtasker,samsung fridge repair,airtasker||samsung fridge repair,V2
Airtasker,Samsung TV Repair,London,https://www.airtasker.com/uk/services/,all_services_page,2026-09-05,Airtasker UK service taxonomy.,airtasker,samsung tv repair,airtasker||samsung tv repair,V2
Airtasker,SAT Tutor,London,https://www.airtasker.com/uk/services/,all_services_page,2026-09-05,Airtasker UK service taxonomy.,airtasker,sat tutor,airtasker||sat tutor,V2
Airtasker,Sauna Installation,London,https://www.airtasker.com/uk/services/,all_services_page,2026-09-05,Airtasker UK service taxonomy.,airtasker,sauna installation,airtasker||sauna installation,V2
Airtasker,Sawblade Sharpening,London,https://www.airtasker.com/uk/services/,all_services_page,2026-09-05,Airtasker UK service taxonomy.,airtasker,sawblade sharpening,airtasker||sawblade sharpening,V2
Airtasker,Saxophone Lessons,London,https://www.airtasker.com/uk/services/,all_services_page,2026-09-05,Airtasker UK service taxonomy.,airtasker,saxophone lessons,airtasker||saxophone lessons,V2
Airtasker,Scanner Setup,London,https://www.airtasker.com/uk/services/,all_services_page,2026-09-05,Airtasker UK service taxonomy.,airtasker,scanner setup,airtasker||scanner setup,V2
Airtasker,Science Tutor,London,https://www.airtasker.com/uk/services/,all_services_page,2026-09-05,Airtasker UK service taxonomy.,airtasker,science tutor,airtasker||science tutor,V2
Airtasker,Scrap Metal Removal,London,https://www.airtasker.com/uk/services/,all_services_page,2026-09-05,Airtasker UK service taxonomy.,airtasker,scrap metal removal,airtasker||scrap metal removal,V2
Airtasker,Screeding,London,https://www.airtasker.com/uk/services/,all_services_page,2026-09-05,Airtasker UK service taxonomy.,airtasker,screeding,airtasker||screeding,V2
Airtasker,Screen Repair,London,https://www.airtasker.com/uk/services/,all_services_page,2026-09-05,Airtasker UK service taxonomy.,airtasker,screen repair,airtasker||screen repair,V2
Airtasker,Seamstress,London,https://www.airtasker.com/uk/services/,all_services_page,2026-09-05,Airtasker UK service taxonomy.,airtasker,seamstress,airtasker||seamstress,V2
Airtasker,Search Engine Marketing,London,https://www.airtasker.com/uk/services/,all_services_page,2026-09-05,Airtasker UK service taxonomy.,airtasker,search engine marketing,airtasker||search engine marketing,V2
Airtasker,Security System Installation,London,https://www.airtasker.com/uk/services/,all_services_page,2026-09-05,Airtasker UK service taxonomy.,airtasker,security system installation,airtasker||security system installation,V2
Airtasker,Self Defence Classes,London,https://www.airtasker.com/uk/services/,all_services_page,2026-09-05,Airtasker UK service taxonomy.,airtasker,self defence classes,airtasker||self defence classes,V2
Airtasker,SEO,London,https://www.airtasker.com/uk/services/,all_services_page,2026-09-05,Airtasker UK service taxonomy.,airtasker,seo,airtasker||seo,V2
Airtasker,Sewing,London,https://www.airtasker.com/uk/services/,all_services_page,2026-09-05,Airtasker UK service taxonomy.,airtasker,sewing,airtasker||sewing,V2
Airtasker,Sewing Lessons,London,https://www.airtasker.com/uk/services/,all_services_page,2026-09-05,Airtasker UK service taxonomy.,airtasker,sewing lessons,airtasker||sewing lessons,V2
Airtasker,Sewing Machine Repair,London,https://www.airtasker.com/uk/services/,all_services_page,2026-09-05,Airtasker UK service taxonomy.,airtasker,sewing machine repair,airtasker||sewing machine repair,V2
Airtasker,Sharpening,London,https://www.airtasker.com/uk/services/,all_services_page,2026-09-05,Airtasker UK service taxonomy.,airtasker,sharpening,airtasker||sharpening,V2
Airtasker,Shed Cladding,London,https://www.airtasker.com/uk/services/,all_services_page,2026-09-05,Airtasker UK service taxonomy.,airtasker,shed cladding,airtasker||shed cladding,V2
Airtasker,Shed Installation,London,https://www.airtasker.com/uk/services/,all_services_page,2026-09-05,Airtasker UK service taxonomy.,airtasker,shed installation,airtasker||shed installation,V2
Airtasker,Shed Removal and Disposal,London,https://www.airtasker.com/uk/services/,all_services_page,2026-09-05,Airtasker UK service taxonomy.,airtasker,shed removal and disposal,airtasker||shed removal and disposal,V2
Airtasker,Shed Removals,London,https://www.airtasker.com/uk/services/,all_services_page,2026-09-05,Airtasker UK service taxonomy.,airtasker,shed removals,airtasker||shed removals,V2
Airtasker,Shed Roof Repair,London,https://www.airtasker.com/uk/services/,all_services_page,2026-09-05,Airtasker UK service taxonomy.,airtasker,shed roof repair,airtasker||shed roof repair,V2
Airtasker,Shelf Assembly,London,https://www.airtasker.com/uk/services/,all_services_page,2026-09-05,Airtasker UK service taxonomy.,airtasker,shelf assembly,airtasker||shelf assembly,V2
Airtasker,Shelf Hanging,London,https://www.airtasker.com/uk/services/,all_services_page,2026-09-05,Airtasker UK service taxonomy.,airtasker,shelf hanging,airtasker||shelf hanging,V2
Airtasker,Shiplap Cladding,London,https://www.airtasker.com/uk/services/,all_services_page,2026-09-05,Airtasker UK service taxonomy.,airtasker,shiplap cladding,airtasker||shiplap cladding,V2
Airtasker,Shopify Developer,London,https://www.airtasker.com/uk/services/,all_services_page,2026-09-05,Airtasker UK service taxonomy.,airtasker,shopify developer,airtasker||shopify developer,V2
Airtasker,Shower Head Installation,London,https://www.airtasker.com/uk/services/,all_services_page,2026-09-05,Airtasker UK service taxonomy.,airtasker,shower head installation,airtasker||shower head installation,V2
Airtasker,Shower Screen Installation,London,https://www.airtasker.com/uk/services/,all_services_page,2026-09-05,Airtasker UK service taxonomy.,airtasker,shower screen installation,airtasker||shower screen installation,V2
Airtasker,Shrub & Bush Trimming,London,https://www.airtasker.com/uk/services/,all_services_page,2026-09-05,Airtasker UK service taxonomy.,airtasker,shrub and bush trimming,airtasker||shrub and bush trimming,V2
Airtasker,Sign Hanging,London,https://www.airtasker.com/uk/services/,all_services_page,2026-09-05,Airtasker UK service taxonomy.,airtasker,sign hanging,airtasker||sign hanging,V2
Airtasker,Sign Language Lessons,London,https://www.airtasker.com/uk/services/,all_services_page,2026-09-05,Airtasker UK service taxonomy.,airtasker,sign language lessons,airtasker||sign language lessons,V2
Airtasker,Sign Writing,London,https://www.airtasker.com/uk/services/,all_services_page,2026-09-05,Airtasker UK service taxonomy.,airtasker,sign writing,airtasker||sign writing,V2
Airtasker,Signage Designer,London,https://www.airtasker.com/uk/services/,all_services_page,2026-09-05,Airtasker UK service taxonomy.,airtasker,signage designer,airtasker||signage designer,V2
Airtasker,Signage Installers,London,https://www.airtasker.com/uk/services/,all_services_page,2026-09-05,Airtasker UK service taxonomy.,airtasker,signage installers,airtasker||signage installers,V2
Airtasker,Singer,London,https://www.airtasker.com/uk/services/,all_services_page,2026-09-05,Airtasker UK service taxonomy.,airtasker,singer,airtasker||singer,V2
Airtasker,Singing Lessons,London,https://www.airtasker.com/uk/services/,all_services_page,2026-09-05,Airtasker UK service taxonomy.,airtasker,singing lessons,airtasker||singing lessons,V2
Airtasker,Sink Installation,London,https://www.airtasker.com/uk/services/,all_services_page,2026-09-05,Airtasker UK service taxonomy.,airtasker,sink installation,airtasker||sink installation,V2
Airtasker,Skate Sharpening,London,https://www.airtasker.com/uk/services/,all_services_page,2026-09-05,Airtasker UK service taxonomy.,airtasker,skate sharpening,airtasker||skate sharpening,V2
Airtasker,Skateboard Lessons,London,https://www.airtasker.com/uk/services/,all_services_page,2026-09-05,Airtasker UK service taxonomy.,airtasker,skateboard lessons,airtasker||skateboard lessons,V2
Airtasker,Ski Lessons,London,https://www.airtasker.com/uk/services/,all_services_page,2026-09-05,Airtasker UK service taxonomy.,airtasker,ski lessons,airtasker||ski lessons,V2
Airtasker,Skip Hire,London,https://www.airtasker.com/uk/services/,all_services_page,2026-09-05,Airtasker UK service taxonomy.,airtasker,skip hire,airtasker||skip hire,V2
Airtasker,Skirting Boards,London,https://www.airtasker.com/uk/services/,all_services_page,2026-09-05,Airtasker UK service taxonomy.,airtasker,skirting boards,airtasker||skirting boards,V2
Airtasker,Slab Laying,London,https://www.airtasker.com/uk/services/,all_services_page,2026-09-05,Airtasker UK service taxonomy.,airtasker,slab laying,airtasker||slab laying,V2
Airtasker,Slate Roofer,London,https://www.airtasker.com/uk/services/,all_services_page,2026-09-05,Airtasker UK service taxonomy.,airtasker,slate roofer,airtasker||slate roofer,V2
Airtasker,Sleep Therapy,London,https://www.airtasker.com/uk/services/,all_services_page,2026-09-05,Airtasker UK service taxonomy.,airtasker,sleep therapy,airtasker||sleep therapy,V2
Airtasker,Sliding Door Repair,London,https://www.airtasker.com/uk/services/,all_services_page,2026-09-05,Airtasker UK service taxonomy.,airtasker,sliding door repair,airtasker||sliding door repair,V2
Airtasker,Small Animal Boarding,London,https://www.airtasker.com/uk/services/,all_services_page,2026-09-05,Airtasker UK service taxonomy.,airtasker,small animal boarding,airtasker||small animal boarding,V2
Airtasker,Smoke Alarm Installation,London,https://www.airtasker.com/uk/services/,all_services_page,2026-09-05,Airtasker UK service taxonomy.,airtasker,smoke alarm installation,airtasker||smoke alarm installation,V2
Airtasker,Snack Delivery,London,https://www.airtasker.com/uk/services/,all_services_page,2026-09-05,Airtasker UK service taxonomy.,airtasker,snack delivery,airtasker||snack delivery,V2
Airtasker,Snow Plowing & Removal,London,https://www.airtasker.com/uk/services/,all_services_page,2026-09-05,Airtasker UK service taxonomy.,airtasker,snow plowing and removal,airtasker||snow plowing and removal,V2
Airtasker,Snowboarding Lessons,London,https://www.airtasker.com/uk/services/,all_services_page,2026-09-05,Airtasker UK service taxonomy.,airtasker,snowboarding lessons,airtasker||snowboarding lessons,V2
Airtasker,Social Media Marketing & Management,London,https://www.airtasker.com/uk/services/,all_services_page,2026-09-05,Airtasker UK service taxonomy.,airtasker,social media marketing and management,airtasker||social media marketing and management,V2
Airtasker,Sockets and Switches Installation,London,https://www.airtasker.com/uk/services/,all_services_page,2026-09-05,Airtasker UK service taxonomy.,airtasker,sockets and switches installation,airtasker||sockets and switches installation,V2
Airtasker,Sofa Assembly,London,https://www.airtasker.com/uk/services/,all_services_page,2026-09-05,Airtasker UK service taxonomy.,airtasker,sofa assembly,airtasker||sofa assembly,V2
Airtasker,Sofa Bed Repairs,London,https://www.airtasker.com/uk/services/,all_services_page,2026-09-05,Airtasker UK service taxonomy.,airtasker,sofa bed repairs,airtasker||sofa bed repairs,V2
Airtasker,Sofa Cleaning,London,https://www.airtasker.com/uk/services/,all_services_page,2026-09-05,Airtasker UK service taxonomy.,airtasker,sofa cleaning,airtasker||sofa cleaning,V2
Airtasker,Sofa Removal and Disposal,London,https://www.airtasker.com/uk/services/,all_services_page,2026-09-05,Airtasker UK service taxonomy.,airtasker,sofa removal and disposal,airtasker||sofa removal and disposal,V2
Airtasker,Sofa Removals,London,https://www.airtasker.com/uk/services/,all_services_page,2026-09-05,Airtasker UK service taxonomy.,airtasker,sofa removals,airtasker||sofa removals,V2
Airtasker,Software Help,London,https://www.airtasker.com/uk/services/,all_services_page,2026-09-05,Airtasker UK service taxonomy.,airtasker,software help,airtasker||software help,V2
Airtasker,Soil & Sand Delivery,London,https://www.airtasker.com/uk/services/,all_services_page,2026-09-05,Airtasker UK service taxonomy.,airtasker,soil and sand delivery,airtasker||soil and sand delivery,V2
Airtasker,Soil Removal,London,https://www.airtasker.com/uk/services/,all_services_page,2026-09-05,Airtasker UK service taxonomy.,airtasker,soil removal,airtasker||soil removal,V2
Airtasker,Solar Panel Cleaning,London,https://www.airtasker.com/uk/services/,all_services_page,2026-09-05,Airtasker UK service taxonomy.,airtasker,solar panel cleaning,airtasker||solar panel cleaning,V2
Airtasker,Solar Panel Installation,London,https://www.airtasker.com/uk/services/,all_services_page,2026-09-05,Airtasker UK service taxonomy.,airtasker,solar panel installation,airtasker||solar panel installation,V2
Airtasker,Sonos Speaker Repair,London,https://www.airtasker.com/uk/services/,all_services_page,2026-09-05,Airtasker UK service taxonomy.,airtasker,sonos speaker repair,airtasker||sonos speaker repair,V2
Airtasker,Sony TV Repair & Setup,London,https://www.airtasker.com/uk/services/,all_services_page,2026-09-05,Airtasker UK service taxonomy.,airtasker,sony tv repair and setup,airtasker||sony tv repair and setup,V2
Airtasker,Sound System Installation,London,https://www.airtasker.com/uk/services/,all_services_page,2026-09-05,Airtasker UK service taxonomy.,airtasker,sound system installation,airtasker||sound system installation,V2
Airtasker,Soundproofing,London,https://www.airtasker.com/uk/services/,all_services_page,2026-09-05,Airtasker UK service taxonomy.,airtasker,soundproofing,airtasker||soundproofing,V2
Airtasker,Spa Removal,London,https://www.airtasker.com/uk/services/,all_services_page,2026-09-05,Airtasker UK service taxonomy.,airtasker,spa removal,airtasker||spa removal,V2
Airtasker,Space Planners,London,https://www.airtasker.com/uk/services/,all_services_page,2026-09-05,Airtasker UK service taxonomy.,airtasker,space planners,airtasker||space planners,V2
Airtasker,Spanish Lessons,London,https://www.airtasker.com/uk/services/,all_services_page,2026-09-05,Airtasker UK service taxonomy.,airtasker,spanish lessons,airtasker||spanish lessons,V2
Airtasker,Spanish Translation,London,https://www.airtasker.com/uk/services/,all_services_page,2026-09-05,Airtasker UK service taxonomy.,airtasker,spanish translation,airtasker||spanish translation,V2
Airtasker,Speaker Repair,London,https://www.airtasker.com/uk/services/,all_services_page,2026-09-05,Airtasker UK service taxonomy.,airtasker,speaker repair,airtasker||speaker repair,V2
Airtasker,Speech Therapy,London,https://www.airtasker.com/uk/services/,all_services_page,2026-09-05,Airtasker UK service taxonomy.,airtasker,speech therapy,airtasker||speech therapy,V2
Airtasker,Speech Writing,London,https://www.airtasker.com/uk/services/,all_services_page,2026-09-05,Airtasker UK service taxonomy.,airtasker,speech writing,airtasker||speech writing,V2
Airtasker,Sports Coaches,London,https://www.airtasker.com/uk/services/,all_services_page,2026-09-05,Airtasker UK service taxonomy.,airtasker,sports coaches,airtasker||sports coaches,V2
Airtasker,Spray Foam Insulation,London,https://www.airtasker.com/uk/services/,all_services_page,2026-09-05,Airtasker UK service taxonomy.,airtasker,spray foam insulation,airtasker||spray foam insulation,V2
Airtasker,Spray Tanning,London,https://www.airtasker.com/uk/services/,all_services_page,2026-09-05,Airtasker UK service taxonomy.,airtasker,spray tanning,airtasker||spray tanning,V2
Airtasker,Spring Free Trampoline Assembly,London,https://www.airtasker.com/uk/services/,all_services_page,2026-09-05,Airtasker UK service taxonomy.,airtasker,spring free trampoline assembly,airtasker||spring free trampoline assembly,V2
Airtasker,Sprinkler System Installation,London,https://www.airtasker.com/uk/services/,all_services_page,2026-09-05,Airtasker UK service taxonomy.,airtasker,sprinkler system installation,airtasker||sprinkler system installation,V2
Airtasker,SQL Developer,London,https://www.airtasker.com/uk/services/,all_services_page,2026-09-05,Airtasker UK service taxonomy.,airtasker,sql developer,airtasker||sql developer,V2
Airtasker,Squarespace Developer,London,https://www.airtasker.com/uk/services/,all_services_page,2026-09-05,Airtasker UK service taxonomy.,airtasker,squarespace developer,airtasker||squarespace developer,V2
Airtasker,Staffing,London,https://www.airtasker.com/uk/services/,all_services_page,2026-09-05,Airtasker UK service taxonomy.,airtasker,staffing,airtasker||staffing,V2
Airtasker,Stain Removal,London,https://www.airtasker.com/uk/services/,all_services_page,2026-09-05,Airtasker UK service taxonomy.,airtasker,stain removal,airtasker||stain removal,V2
Airtasker,Stained Glass Repair,London,https://www.airtasker.com/uk/services/,all_services_page,2026-09-05,Airtasker UK service taxonomy.,airtasker,stained glass repair,airtasker||stained glass repair,V2
Airtasker,Staining,London,https://www.airtasker.com/uk/services/,all_services_page,2026-09-05,Airtasker UK service taxonomy.,airtasker,staining,airtasker||staining,V2
Airtasker,Staircase Renovation,London,https://www.airtasker.com/uk/services/,all_services_page,2026-09-05,Airtasker UK service taxonomy.,airtasker,staircase renovation,airtasker||staircase renovation,V2
Airtasker,Starbucks Delivery,London,https://www.airtasker.com/uk/services/,all_services_page,2026-09-05,Airtasker UK service taxonomy.,airtasker,starbucks delivery,airtasker||starbucks delivery,V2
Airtasker,Starter Motor Repair,London,https://www.airtasker.com/uk/services/,all_services_page,2026-09-05,Airtasker UK service taxonomy.,airtasker,starter motor repair,airtasker||starter motor repair,V2
Airtasker,Statistics Tutor,London,https://www.airtasker.com/uk/services/,all_services_page,2026-09-05,Airtasker UK service taxonomy.,airtasker,statistics tutor,airtasker||statistics tutor,V2
Airtasker,Steam Cleaning,London,https://www.airtasker.com/uk/services/,all_services_page,2026-09-05,Airtasker UK service taxonomy.,airtasker,steam cleaning,airtasker||steam cleaning,V2
Airtasker,Steering Wheel Repair,London,https://www.airtasker.com/uk/services/,all_services_page,2026-09-05,Airtasker UK service taxonomy.,airtasker,steering wheel repair,airtasker||steering wheel repair,V2
Airtasker,Stone Cladding,London,https://www.airtasker.com/uk/services/,all_services_page,2026-09-05,Airtasker UK service taxonomy.,airtasker,stone cladding,airtasker||stone cladding,V2
Airtasker,Stone Flooring,London,https://www.airtasker.com/uk/services/,all_services_page,2026-09-05,Airtasker UK service taxonomy.,airtasker,stone flooring,airtasker||stone flooring,V2
Airtasker,Stonemasonry,London,https://www.airtasker.com/uk/services/,all_services_page,2026-09-05,Airtasker UK service taxonomy.,airtasker,stonemasonry,airtasker||stonemasonry,V2
Airtasker,Stones Paving,London,https://www.airtasker.com/uk/services/,all_services_page,2026-09-05,Airtasker UK service taxonomy.,airtasker,stones paving,airtasker||stones paving,V2
Airtasker,Strata Cleaning,London,https://www.airtasker.com/uk/services/,all_services_page,2026-09-05,Airtasker UK service taxonomy.,airtasker,strata cleaning,airtasker||strata cleaning,V2
Airtasker,Street Dance Lessons,London,https://www.airtasker.com/uk/services/,all_services_page,2026-09-05,Airtasker UK service taxonomy.,airtasker,street dance lessons,airtasker||street dance lessons,V2
Airtasker,Student Removals,London,https://www.airtasker.com/uk/services/,all_services_page,2026-09-05,Airtasker UK service taxonomy.,airtasker,student removals,airtasker||student removals,V2
Airtasker,Suit Tailor,London,https://www.airtasker.com/uk/services/,all_services_page,2026-09-05,Airtasker UK service taxonomy.,airtasker,suit tailor,airtasker||suit tailor,V2
Airtasker,Sunday Dinner Delivery,London,https://www.airtasker.com/uk/services/,all_services_page,2026-09-05,Airtasker UK service taxonomy.,airtasker,sunday dinner delivery,airtasker||sunday dinner delivery,V2
Airtasker,Surf Lessons,London,https://www.airtasker.com/uk/services/,all_services_page,2026-09-05,Airtasker UK service taxonomy.,airtasker,surf lessons,airtasker||surf lessons,V2
Airtasker,Surveyors,London,https://www.airtasker.com/uk/services/,all_services_page,2026-09-05,Airtasker UK service taxonomy.,airtasker,surveyors,airtasker||surveyors,V2
Airtasker,Sushi Chef,London,https://www.airtasker.com/uk/services/,all_services_page,2026-09-05,Airtasker UK service taxonomy.,airtasker,sushi chef,airtasker||sushi chef,V2
Airtasker,Sushi Delivery,London,https://www.airtasker.com/uk/services/,all_services_page,2026-09-05,Airtasker UK service taxonomy.,airtasker,sushi delivery,airtasker||sushi delivery,V2
Airtasker,Suspension Repair,London,https://www.airtasker.com/uk/services/,all_services_page,2026-09-05,Airtasker UK service taxonomy.,airtasker,suspension repair,airtasker||suspension repair,V2
Airtasker,Suzuki Service,London,https://www.airtasker.com/uk/services/,all_services_page,2026-09-05,Airtasker UK service taxonomy.,airtasker,suzuki service,airtasker||suzuki service,V2
Airtasker,Sweets Delivery,London,https://www.airtasker.com/uk/services/,all_services_page,2026-09-05,Airtasker UK service taxonomy.,airtasker,sweets delivery,airtasker||sweets delivery,V2
Airtasker,Swimming Lessons,London,https://www.airtasker.com/uk/services/,all_services_page,2026-09-05,Airtasker UK service taxonomy.,airtasker,swimming lessons,airtasker||swimming lessons,V2
Airtasker,Swimming Pool Builders,London,https://www.airtasker.com/uk/services/,all_services_page,2026-09-05,Airtasker UK service taxonomy.,airtasker,swimming pool builders,airtasker||swimming pool builders,V2
Airtasker,Swing Dance Lessons,London,https://www.airtasker.com/uk/services/,all_services_page,2026-09-05,Airtasker UK service taxonomy.,airtasker,swing dance lessons,airtasker||swing dance lessons,V2
Airtasker,Swing Set Assembly,London,https://www.airtasker.com/uk/services/,all_services_page,2026-09-05,Airtasker UK service taxonomy.,airtasker,swing set assembly,airtasker||swing set assembly,V2
Airtasker,T-Shirt Printing,London,https://www.airtasker.com/uk/services/,all_services_page,2026-09-05,Airtasker UK service taxonomy.,airtasker,t-shirt printing,airtasker||t-shirt printing,V2
Airtasker,Table Assembly,London,https://www.airtasker.com/uk/services/,all_services_page,2026-09-05,Airtasker UK service taxonomy.,airtasker,table assembly,airtasker||table assembly,V2
Airtasker,Table Lamp Repair,London,https://www.airtasker.com/uk/services/,all_services_page,2026-09-05,Airtasker UK service taxonomy.,airtasker,table lamp repair,airtasker||table lamp repair,V2
Airtasker,Table Tennis Coaching,London,https://www.airtasker.com/uk/services/,all_services_page,2026-09-05,Airtasker UK service taxonomy.,airtasker,table tennis coaching,airtasker||table tennis coaching,V2
Airtasker,Table Tennis Table Assembly,London,https://www.airtasker.com/uk/services/,all_services_page,2026-09-05,Airtasker UK service taxonomy.,airtasker,table tennis table assembly,airtasker||table tennis table assembly,V2
Airtasker,Tablet Repair,London,https://www.airtasker.com/uk/services/,all_services_page,2026-09-05,Airtasker UK service taxonomy.,airtasker,tablet repair,airtasker||tablet repair,V2
Airtasker,Taekwondo Classes,London,https://www.airtasker.com/uk/services/,all_services_page,2026-09-05,Airtasker UK service taxonomy.,airtasker,taekwondo classes,airtasker||taekwondo classes,V2
Airtasker,Tailors,London,https://www.airtasker.com/uk/services/,all_services_page,2026-09-05,Airtasker UK service taxonomy.,airtasker,tailors,airtasker||tailors,V2
Airtasker,Takeaway & Delivery,London,https://www.airtasker.com/uk/services/,all_services_page,2026-09-05,Airtasker UK service taxonomy.,airtasker,takeaway and delivery,airtasker||takeaway and delivery,V2
Airtasker,Tap Dance Lessons,London,https://www.airtasker.com/uk/services/,all_services_page,2026-09-05,Airtasker UK service taxonomy.,airtasker,tap dance lessons,airtasker||tap dance lessons,V2
Airtasker,Tarmac Laying,London,https://www.airtasker.com/uk/services/,all_services_page,2026-09-05,Airtasker UK service taxonomy.,airtasker,tarmac laying,airtasker||tarmac laying,V2
Airtasker,Tattoo Artists,London,https://www.airtasker.com/uk/services/,all_services_page,2026-09-05,Airtasker UK service taxonomy.,airtasker,tattoo artists,airtasker||tattoo artists,V2
Airtasker,Tax Advisor,London,https://www.airtasker.com/uk/services/,all_services_page,2026-09-05,Airtasker UK service taxonomy.,airtasker,tax advisor,airtasker||tax advisor,V2
Airtasker,Technical Support,London,https://www.airtasker.com/uk/services/,all_services_page,2026-09-05,Airtasker UK service taxonomy.,airtasker,technical support,airtasker||technical support,V2
Airtasker,Technical Writer,London,https://www.airtasker.com/uk/services/,all_services_page,2026-09-05,Airtasker UK service taxonomy.,airtasker,technical writer,airtasker||technical writer,V2
Airtasker,Teen Counselling,London,https://www.airtasker.com/uk/services/,all_services_page,2026-09-05,Airtasker UK service taxonomy.,airtasker,teen counselling,airtasker||teen counselling,V2
Airtasker,Telephone Engineers,London,https://www.airtasker.com/uk/services/,all_services_page,2026-09-05,Airtasker UK service taxonomy.,airtasker,telephone engineers,airtasker||telephone engineers,V2
Airtasker,Temporary Fencing,London,https://www.airtasker.com/uk/services/,all_services_page,2026-09-05,Airtasker UK service taxonomy.,airtasker,temporary fencing,airtasker||temporary fencing,V2
Airtasker,Temporary Tattoo Artists,London,https://www.airtasker.com/uk/services/,all_services_page,2026-09-05,Airtasker UK service taxonomy.,airtasker,temporary tattoo artists,airtasker||temporary tattoo artists,V2
Airtasker,Tennis Lessons,London,https://www.airtasker.com/uk/services/,all_services_page,2026-09-05,Airtasker UK service taxonomy.,airtasker,tennis lessons,airtasker||tennis lessons,V2
Airtasker,Tent Repair,London,https://www.airtasker.com/uk/services/,all_services_page,2026-09-05,Airtasker UK service taxonomy.,airtasker,tent repair,airtasker||tent repair,V2
Airtasker,Terrazzo Flooring,London,https://www.airtasker.com/uk/services/,all_services_page,2026-09-05,Airtasker UK service taxonomy.,airtasker,terrazzo flooring,airtasker||terrazzo flooring,V2
Airtasker,Tesco Grocery Delivery,London,https://www.airtasker.com/uk/services/,all_services_page,2026-09-05,Airtasker UK service taxonomy.,airtasker,tesco grocery delivery,airtasker||tesco grocery delivery,V2
Airtasker,Thai Food Delivery,London,https://www.airtasker.com/uk/services/,all_services_page,2026-09-05,Airtasker UK service taxonomy.,airtasker,thai food delivery,airtasker||thai food delivery,V2
Airtasker,The Range Curtain Installation,London,https://www.airtasker.com/uk/services/,all_services_page,2026-09-05,Airtasker UK service taxonomy.,airtasker,the range curtain installation,airtasker||the range curtain installation,V2
Airtasker,The Range Furniture Assembly,London,https://www.airtasker.com/uk/services/,all_services_page,2026-09-05,Airtasker UK service taxonomy.,airtasker,the range furniture assembly,airtasker||the range furniture assembly,V2
Airtasker,The Range Hanging & Mounting,London,https://www.airtasker.com/uk/services/,all_services_page,2026-09-05,Airtasker UK service taxonomy.,airtasker,the range hanging and mounting,airtasker||the range hanging and mounting,V2
Airtasker,The Range Pergola Installation,London,https://www.airtasker.com/uk/services/,all_services_page,2026-09-05,Airtasker UK service taxonomy.,airtasker,the range pergola installation,airtasker||the range pergola installation,V2
Airtasker,The Range Storage,London,https://www.airtasker.com/uk/services/,all_services_page,2026-09-05,Airtasker UK service taxonomy.,airtasker,the range storage,airtasker||the range storage,V2
Airtasker,The Range Wallpaper Installation,London,https://www.airtasker.com/uk/services/,all_services_page,2026-09-05,Airtasker UK service taxonomy.,airtasker,the range wallpaper installation,airtasker||the range wallpaper installation,V2
Airtasker,Thermostat Installation,London,https://www.airtasker.com/uk/services/,all_services_page,2026-09-05,Airtasker UK service taxonomy.,airtasker,thermostat installation,airtasker||thermostat installation,V2
Airtasker,Tile & Grout Cleaning,London,https://www.airtasker.com/uk/services/,all_services_page,2026-09-05,Airtasker UK service taxonomy.,airtasker,tile and grout cleaning,airtasker||tile and grout cleaning,V2
Airtasker,Tiling,London,https://www.airtasker.com/uk/services/,all_services_page,2026-09-05,Airtasker UK service taxonomy.,airtasker,tiling,airtasker||tiling,V2
Airtasker,Timber Flooring,London,https://www.airtasker.com/uk/services/,all_services_page,2026-09-05,Airtasker UK service taxonomy.,airtasker,timber flooring,airtasker||timber flooring,V2
Airtasker,Timing Belt Replacement,London,https://www.airtasker.com/uk/services/,all_services_page,2026-09-05,Airtasker UK service taxonomy.,airtasker,timing belt replacement,airtasker||timing belt replacement,V2
Airtasker,Toaster Repair,London,https://www.airtasker.com/uk/services/,all_services_page,2026-09-05,Airtasker UK service taxonomy.,airtasker,toaster repair,airtasker||toaster repair,V2
Airtasker,Toilet Installation,London,https://www.airtasker.com/uk/services/,all_services_page,2026-09-05,Airtasker UK service taxonomy.,airtasker,toilet installation,airtasker||toilet installation,V2
Airtasker,Toilet Seat Fitting,London,https://www.airtasker.com/uk/services/,all_services_page,2026-09-05,Airtasker UK service taxonomy.,airtasker,toilet seat fitting,airtasker||toilet seat fitting,V2
Airtasker,Tool Repair,London,https://www.airtasker.com/uk/services/,all_services_page,2026-09-05,Airtasker UK service taxonomy.,airtasker,tool repair,airtasker||tool repair,V2
Airtasker,Tool Sharpening,London,https://www.airtasker.com/uk/services/,all_services_page,2026-09-05,Airtasker UK service taxonomy.,airtasker,tool sharpening,airtasker||tool sharpening,V2
Airtasker,Tow Bar Installation,London,https://www.airtasker.com/uk/services/,all_services_page,2026-09-05,Airtasker UK service taxonomy.,airtasker,tow bar installation,airtasker||tow bar installation,V2
Airtasker,Toy Assembly,London,https://www.airtasker.com/uk/services/,all_services_page,2026-09-05,Airtasker UK service taxonomy.,airtasker,toy assembly,airtasker||toy assembly,V2
Airtasker,Toyota Service,London,https://www.airtasker.com/uk/services/,all_services_page,2026-09-05,Airtasker UK service taxonomy.,airtasker,toyota service,airtasker||toyota service,V2
Airtasker,Tradesman,London,https://www.airtasker.com/uk/services/,all_services_page,2026-09-05,Airtasker UK service taxonomy.,airtasker,tradesman,airtasker||tradesman,V2
Airtasker,Trampoline Assembly,London,https://www.airtasker.com/uk/services/,all_services_page,2026-09-05,Airtasker UK service taxonomy.,airtasker,trampoline assembly,airtasker||trampoline assembly,V2
Airtasker,Trampoline Lessons,London,https://www.airtasker.com/uk/services/,all_services_page,2026-09-05,Airtasker UK service taxonomy.,airtasker,trampoline lessons,airtasker||trampoline lessons,V2
Airtasker,Trampoline Removals,London,https://www.airtasker.com/uk/services/,all_services_page,2026-09-05,Airtasker UK service taxonomy.,airtasker,trampoline removals,airtasker||trampoline removals,V2
Airtasker,Trampoline Repair Service,London,https://www.airtasker.com/uk/services/,all_services_page,2026-09-05,Airtasker UK service taxonomy.,airtasker,trampoline repair service,airtasker||trampoline repair service,V2
Airtasker,Transcription,London,https://www.airtasker.com/uk/services/,all_services_page,2026-09-05,Airtasker UK service taxonomy.,airtasker,transcription,airtasker||transcription,V2
Airtasker,Translation,London,https://www.airtasker.com/uk/services/,all_services_page,2026-09-05,Airtasker UK service taxonomy.,airtasker,translation,airtasker||translation,V2
Airtasker,Travel Writer,London,https://www.airtasker.com/uk/services/,all_services_page,2026-09-05,Airtasker UK service taxonomy.,airtasker,travel writer,airtasker||travel writer,V2
Airtasker,Treadmill Assembly,London,https://www.airtasker.com/uk/services/,all_services_page,2026-09-05,Airtasker UK service taxonomy.,airtasker,treadmill assembly,airtasker||treadmill assembly,V2
Airtasker,Treadmill Removal and Disposal,London,https://www.airtasker.com/uk/services/,all_services_page,2026-09-05,Airtasker UK service taxonomy.,airtasker,treadmill removal and disposal,airtasker||treadmill removal and disposal,V2
Airtasker,Treadmill Removals,London,https://www.airtasker.com/uk/services/,all_services_page,2026-09-05,Airtasker UK service taxonomy.,airtasker,treadmill removals,airtasker||treadmill removals,V2
Airtasker,Treadmill Repair,London,https://www.airtasker.com/uk/services/,all_services_page,2026-09-05,Airtasker UK service taxonomy.,airtasker,treadmill repair,airtasker||treadmill repair,V2
Airtasker,Tree Felling,London,https://www.airtasker.com/uk/services/,all_services_page,2026-09-05,Airtasker UK service taxonomy.,airtasker,tree felling,airtasker||tree felling,V2
Airtasker,Tree Lopper,London,https://www.airtasker.com/uk/services/,all_services_page,2026-09-05,Airtasker UK service taxonomy.,airtasker,tree lopper,airtasker||tree lopper,V2
Airtasker,Tree Pruning,London,https://www.airtasker.com/uk/services/,all_services_page,2026-09-05,Airtasker UK service taxonomy.,airtasker,tree pruning,airtasker||tree pruning,V2
Airtasker,Tree Removal,London,https://www.airtasker.com/uk/services/,all_services_page,2026-09-05,Airtasker UK service taxonomy.,airtasker,tree removal,airtasker||tree removal,V2
Airtasker,Tree Surgeons,London,https://www.airtasker.com/uk/services/,all_services_page,2026-09-05,Airtasker UK service taxonomy.,airtasker,tree surgeons,airtasker||tree surgeons,V2
Airtasker,Trench Digging,London,https://www.airtasker.com/uk/services/,all_services_page,2026-09-05,Airtasker UK service taxonomy.,airtasker,trench digging,airtasker||trench digging,V2
Airtasker,Triathlon Training,London,https://www.airtasker.com/uk/services/,all_services_page,2026-09-05,Airtasker UK service taxonomy.,airtasker,triathlon training,airtasker||triathlon training,V2
Airtasker,Triple Glazing,London,https://www.airtasker.com/uk/services/,all_services_page,2026-09-05,Airtasker UK service taxonomy.,airtasker,triple glazing,airtasker||triple glazing,V2
Airtasker,Troubleshooting,London,https://www.airtasker.com/uk/services/,all_services_page,2026-09-05,Airtasker UK service taxonomy.,airtasker,troubleshooting,airtasker||troubleshooting,V2
Airtasker,Trumpet Lessons,London,https://www.airtasker.com/uk/services/,all_services_page,2026-09-05,Airtasker UK service taxonomy.,airtasker,trumpet lessons,airtasker||trumpet lessons,V2
Airtasker,Turf Laying,London,https://www.airtasker.com/uk/services/,all_services_page,2026-09-05,Airtasker UK service taxonomy.,airtasker,turf laying,airtasker||turf laying,V2
Airtasker,Turf Repair,London,https://www.airtasker.com/uk/services/,all_services_page,2026-09-05,Airtasker UK service taxonomy.,airtasker,turf repair,airtasker||turf repair,V2
Airtasker,Turkish Takeaway,London,https://www.airtasker.com/uk/services/,all_services_page,2026-09-05,Airtasker UK service taxonomy.,airtasker,turkish takeaway,airtasker||turkish takeaway,V2
Airtasker,Tutoring,London,https://www.airtasker.com/uk/services/,all_services_page,2026-09-05,Airtasker UK service taxonomy.,airtasker,tutoring,airtasker||tutoring,V2
Airtasker,TV Delivery,London,https://www.airtasker.com/uk/services/,all_services_page,2026-09-05,Airtasker UK service taxonomy.,airtasker,tv delivery,airtasker||tv delivery,V2
Airtasker,TV Installation & Setup,London,https://www.airtasker.com/uk/services/,all_services_page,2026-09-05,Airtasker UK service taxonomy.,airtasker,tv installation and setup,airtasker||tv installation and setup,V2
Airtasker,TV Repairs and Installation,London,https://www.airtasker.com/uk/services/,all_services_page,2026-09-05,Airtasker UK service taxonomy.,airtasker,tv repairs and installation,airtasker||tv repairs and installation,V2
Airtasker,TV Wall Mounting,London,https://www.airtasker.com/uk/services/,all_services_page,2026-09-05,Airtasker UK service taxonomy.,airtasker,tv wall mounting,airtasker||tv wall mounting,V2
Airtasker,Typist,London,https://www.airtasker.com/uk/services/,all_services_page,2026-09-05,Airtasker UK service taxonomy.,airtasker,typist,airtasker||typist,V2
Airtasker,Tyre Fitting,London,https://www.airtasker.com/uk/services/,all_services_page,2026-09-05,Airtasker UK service taxonomy.,airtasker,tyre fitting,airtasker||tyre fitting,V2
Airtasker,Tyre Repair,London,https://www.airtasker.com/uk/services/,all_services_page,2026-09-05,Airtasker UK service taxonomy.,airtasker,tyre repair,airtasker||tyre repair,V2
Airtasker,Ukulele Lessons,London,https://www.airtasker.com/uk/services/,all_services_page,2026-09-05,Airtasker UK service taxonomy.,airtasker,ukulele lessons,airtasker||ukulele lessons,V2
Airtasker,Underfloor Heating Installation,London,https://www.airtasker.com/uk/services/,all_services_page,2026-09-05,Airtasker UK service taxonomy.,airtasker,underfloor heating installation,airtasker||underfloor heating installation,V2
Airtasker,University Tutor,London,https://www.airtasker.com/uk/services/,all_services_page,2026-09-05,Airtasker UK service taxonomy.,airtasker,university tutor,airtasker||university tutor,V2
Airtasker,Upholstery Cleaning,London,https://www.airtasker.com/uk/services/,all_services_page,2026-09-05,Airtasker UK service taxonomy.,airtasker,upholstery cleaning,airtasker||upholstery cleaning,V2
Airtasker,Upholstery Repair,London,https://www.airtasker.com/uk/services/,all_services_page,2026-09-05,Airtasker UK service taxonomy.,airtasker,upholstery repair,airtasker||upholstery repair,V2
Airtasker,Vacuum Cleaner Repair,London,https://www.airtasker.com/uk/services/,all_services_page,2026-09-05,Airtasker UK service taxonomy.,airtasker,vacuum cleaner repair,airtasker||vacuum cleaner repair,V2
Airtasker,Vacuuming,London,https://www.airtasker.com/uk/services/,all_services_page,2026-09-05,Airtasker UK service taxonomy.,airtasker,vacuuming,airtasker||vacuuming,V2
Airtasker,Valentine's Gift Delivery,London,https://www.airtasker.com/uk/services/,all_services_page,2026-09-05,Airtasker UK service taxonomy.,airtasker,valentines gift delivery,airtasker||valentines gift delivery,V2
Airtasker,Valentines Flower Delivery,London,https://www.airtasker.com/uk/services/,all_services_page,2026-09-05,Airtasker UK service taxonomy.,airtasker,valentines flower delivery,airtasker||valentines flower delivery,V2
Airtasker,Van Lock Fitting,London,https://www.airtasker.com/uk/services/,all_services_page,2026-09-05,Airtasker UK service taxonomy.,airtasker,van lock fitting,airtasker||van lock fitting,V2
Airtasker,Van MOT,London,https://www.airtasker.com/uk/services/,all_services_page,2026-09-05,Airtasker UK service taxonomy.,airtasker,van mot,airtasker||van mot,V2
Airtasker,Vanity Mirror Installation,London,https://www.airtasker.com/uk/services/,all_services_page,2026-09-05,Airtasker UK service taxonomy.,airtasker,vanity mirror installation,airtasker||vanity mirror installation,V2
Airtasker,Vauxhall Service,London,https://www.airtasker.com/uk/services/,all_services_page,2026-09-05,Airtasker UK service taxonomy.,airtasker,vauxhall service,airtasker||vauxhall service,V2
Airtasker,Vegan Baker,London,https://www.airtasker.com/uk/services/,all_services_page,2026-09-05,Airtasker UK service taxonomy.,airtasker,vegan baker,airtasker||vegan baker,V2
Airtasker,Vegan Cake Delivery,London,https://www.airtasker.com/uk/services/,all_services_page,2026-09-05,Airtasker UK service taxonomy.,airtasker,vegan cake delivery,airtasker||vegan cake delivery,V2
Airtasker,Vegan Food Delivery,London,https://www.airtasker.com/uk/services/,all_services_page,2026-09-05,Airtasker UK service taxonomy.,airtasker,vegan food delivery,airtasker||vegan food delivery,V2
Airtasker,Vegan Meal Preparation,London,https://www.airtasker.com/uk/services/,all_services_page,2026-09-05,Airtasker UK service taxonomy.,airtasker,vegan meal preparation,airtasker||vegan meal preparation,V2
Airtasker,Vegetable Delivery,London,https://www.airtasker.com/uk/services/,all_services_page,2026-09-05,Airtasker UK service taxonomy.,airtasker,vegetable delivery,airtasker||vegetable delivery,V2
Airtasker,Vegetarian Food Delivery,London,https://www.airtasker.com/uk/services/,all_services_page,2026-09-05,Airtasker UK service taxonomy.,airtasker,vegetarian food delivery,airtasker||vegetarian food delivery,V2
Airtasker,Vegetarian Meal Preparation,London,https://www.airtasker.com/uk/services/,all_services_page,2026-09-05,Airtasker UK service taxonomy.,airtasker,vegetarian meal preparation,airtasker||vegetarian meal preparation,V2
Airtasker,Vehicle MOT,London,https://www.airtasker.com/uk/services/,all_services_page,2026-09-05,Airtasker UK service taxonomy.,airtasker,vehicle mot,airtasker||vehicle mot,V2
Airtasker,Vehicle Transport,London,https://www.airtasker.com/uk/services/,all_services_page,2026-09-05,Airtasker UK service taxonomy.,airtasker,vehicle transport,airtasker||vehicle transport,V2
Airtasker,Vehicle Wraps,London,https://www.airtasker.com/uk/services/,all_services_page,2026-09-05,Airtasker UK service taxonomy.,airtasker,vehicle wraps,airtasker||vehicle wraps,V2
Airtasker,Venetian Blind Repair,London,https://www.airtasker.com/uk/services/,all_services_page,2026-09-05,Airtasker UK service taxonomy.,airtasker,venetian blind repair,airtasker||venetian blind repair,V2
Airtasker,Verandah Installation,London,https://www.airtasker.com/uk/services/,all_services_page,2026-09-05,Airtasker UK service taxonomy.,airtasker,verandah installation,airtasker||verandah installation,V2
Airtasker,Video Editing,London,https://www.airtasker.com/uk/services/,all_services_page,2026-09-05,Airtasker UK service taxonomy.,airtasker,video editing,airtasker||video editing,V2
Airtasker,Videographers,London,https://www.airtasker.com/uk/services/,all_services_page,2026-09-05,Airtasker UK service taxonomy.,airtasker,videographers,airtasker||videographers,V2
Airtasker,Villaboard Installation,London,https://www.airtasker.com/uk/services/,all_services_page,2026-09-05,Airtasker UK service taxonomy.,airtasker,villaboard installation,airtasker||villaboard installation,V2
Airtasker,Vinyl Flooring,London,https://www.airtasker.com/uk/services/,all_services_page,2026-09-05,Airtasker UK service taxonomy.,airtasker,vinyl flooring,airtasker||vinyl flooring,V2
Airtasker,Violin Lessons,London,https://www.airtasker.com/uk/services/,all_services_page,2026-09-05,Airtasker UK service taxonomy.,airtasker,violin lessons,airtasker||violin lessons,V2
Airtasker,Virtual Assistant,London,https://www.airtasker.com/uk/services/,all_services_page,2026-09-05,Airtasker UK service taxonomy.,airtasker,virtual assistant,airtasker||virtual assistant,V2
Airtasker,Virus Removal,London,https://www.airtasker.com/uk/services/,all_services_page,2026-09-05,Airtasker UK service taxonomy.,airtasker,virus removal,airtasker||virus removal,V2
Airtasker,Vokera Boiler Installation,London,https://www.airtasker.com/uk/services/,all_services_page,2026-09-05,Airtasker UK service taxonomy.,airtasker,vokera boiler installation,airtasker||vokera boiler installation,V2
Airtasker,Volkswagen Service,London,https://www.airtasker.com/uk/services/,all_services_page,2026-09-05,Airtasker UK service taxonomy.,airtasker,volkswagen service,airtasker||volkswagen service,V2
Airtasker,Volvo Service,London,https://www.airtasker.com/uk/services/,all_services_page,2026-09-05,Airtasker UK service taxonomy.,airtasker,volvo service,airtasker||volvo service,V2
Airtasker,Wait Staff,London,https://www.airtasker.com/uk/services/,all_services_page,2026-09-05,Airtasker UK service taxonomy.,airtasker,wait staff,airtasker||wait staff,V2
Airtasker,Waiter,London,https://www.airtasker.com/uk/services/,all_services_page,2026-09-05,Airtasker UK service taxonomy.,airtasker,waiter,airtasker||waiter,V2
Airtasker,Waitress,London,https://www.airtasker.com/uk/services/,all_services_page,2026-09-05,Airtasker UK service taxonomy.,airtasker,waitress,airtasker||waitress,V2
Airtasker,Wales to London Removals,London,https://www.airtasker.com/uk/services/,all_services_page,2026-09-05,Airtasker UK service taxonomy.,airtasker,wales to london removals,airtasker||wales to london removals,V2
Airtasker,Wall Hanging & Mounting,London,https://www.airtasker.com/uk/services/,all_services_page,2026-09-05,Airtasker UK service taxonomy.,airtasker,wall hanging and mounting,airtasker||wall hanging and mounting,V2
Airtasker,Wallpaper Repair,London,https://www.airtasker.com/uk/services/,all_services_page,2026-09-05,Airtasker UK service taxonomy.,airtasker,wallpaper repair,airtasker||wallpaper repair,V2
Airtasker,Wallpapering,London,https://www.airtasker.com/uk/services/,all_services_page,2026-09-05,Airtasker UK service taxonomy.,airtasker,wallpapering,airtasker||wallpapering,V2
Airtasker,Wardrobe Assembly,London,https://www.airtasker.com/uk/services/,all_services_page,2026-09-05,Airtasker UK service taxonomy.,airtasker,wardrobe assembly,airtasker||wardrobe assembly,V2
Airtasker,Wardrobe Delivery,London,https://www.airtasker.com/uk/services/,all_services_page,2026-09-05,Airtasker UK service taxonomy.,airtasker,wardrobe delivery,airtasker||wardrobe delivery,V2
Airtasker,Washing Machine Removals,London,https://www.airtasker.com/uk/services/,all_services_page,2026-09-05,Airtasker UK service taxonomy.,airtasker,washing machine removals,airtasker||washing machine removals,V2
Airtasker,Washing Machine Repairs & Installation,London,https://www.airtasker.com/uk/services/,all_services_page,2026-09-05,Airtasker UK service taxonomy.,airtasker,washing machine repairs and installation,airtasker||washing machine repairs and installation,V2
Airtasker,Wasp Nest Removal,London,https://www.airtasker.com/uk/services/,all_services_page,2026-09-05,Airtasker UK service taxonomy.,airtasker,wasp nest removal,airtasker||wasp nest removal,V2
Airtasker,Waste Bag Collection,London,https://www.airtasker.com/uk/services/,all_services_page,2026-09-05,Airtasker UK service taxonomy.,airtasker,waste bag collection,airtasker||waste bag collection,V2
Airtasker,Waste Collection & Disposal,London,https://www.airtasker.com/uk/services/,all_services_page,2026-09-05,Airtasker UK service taxonomy.,airtasker,waste collection and disposal,airtasker||waste collection and disposal,V2
Airtasker,Water Damage,London,https://www.airtasker.com/uk/services/,all_services_page,2026-09-05,Airtasker UK service taxonomy.,airtasker,water damage,airtasker||water damage,V2
Airtasker,Water Features,London,https://www.airtasker.com/uk/services/,all_services_page,2026-09-05,Airtasker UK service taxonomy.,airtasker,water features,airtasker||water features,V2
Airtasker,Water Heater Repairs and Installation,London,https://www.airtasker.com/uk/services/,all_services_page,2026-09-05,Airtasker UK service taxonomy.,airtasker,water heater repairs and installation,airtasker||water heater repairs and installation,V2
Airtasker,Water Pump Repair,London,https://www.airtasker.com/uk/services/,all_services_page,2026-09-05,Airtasker UK service taxonomy.,airtasker,water pump repair,airtasker||water pump repair,V2
Airtasker,Water Softener Installation,London,https://www.airtasker.com/uk/services/,all_services_page,2026-09-05,Airtasker UK service taxonomy.,airtasker,water softener installation,airtasker||water softener installation,V2
Airtasker,Water Tank Installation & Repair,London,https://www.airtasker.com/uk/services/,all_services_page,2026-09-05,Airtasker UK service taxonomy.,airtasker,water tank installation and repair,airtasker||water tank installation and repair,V2
Airtasker,Waterproofing,London,https://www.airtasker.com/uk/services/,all_services_page,2026-09-05,Airtasker UK service taxonomy.,airtasker,waterproofing,airtasker||waterproofing,V2
Airtasker,Waxing,London,https://www.airtasker.com/uk/services/,all_services_page,2026-09-05,Airtasker UK service taxonomy.,airtasker,waxing,airtasker||waxing,V2
Airtasker,Weather Stripping,London,https://www.airtasker.com/uk/services/,all_services_page,2026-09-05,Airtasker UK service taxonomy.,airtasker,weather stripping,airtasker||weather stripping,V2
Airtasker,Web,London,https://www.airtasker.com/uk/services/,all_services_page,2026-09-05,Airtasker UK service taxonomy.,airtasker,web,airtasker||web,V2
Airtasker,Web Design & Development,London,https://www.airtasker.com/uk/services/,all_services_page,2026-09-05,Airtasker UK service taxonomy.,airtasker,web design and development,airtasker||web design and development,V2
Airtasker,Web Hosting,London,https://www.airtasker.com/uk/services/,all_services_page,2026-09-05,Airtasker UK service taxonomy.,airtasker,web hosting,airtasker||web hosting,V2
Airtasker,Website & App Testing,London,https://www.airtasker.com/uk/services/,all_services_page,2026-09-05,Airtasker UK service taxonomy.,airtasker,website and app testing,airtasker||website and app testing,V2
Airtasker,Wedding,London,https://www.airtasker.com/uk/services/,all_services_page,2026-09-05,Airtasker UK service taxonomy.,airtasker,wedding,airtasker||wedding,V2
Airtasker,Wedding Band Hire,London,https://www.airtasker.com/uk/services/,all_services_page,2026-09-05,Airtasker UK service taxonomy.,airtasker,wedding band hire,airtasker||wedding band hire,V2
Airtasker,Wedding Cakes,London,https://www.airtasker.com/uk/services/,all_services_page,2026-09-05,Airtasker UK service taxonomy.,airtasker,wedding cakes,airtasker||wedding cakes,V2
Airtasker,Wedding Car Hire,London,https://www.airtasker.com/uk/services/,all_services_page,2026-09-05,Airtasker UK service taxonomy.,airtasker,wedding car hire,airtasker||wedding car hire,V2
Airtasker,Wedding Caterer,London,https://www.airtasker.com/uk/services/,all_services_page,2026-09-05,Airtasker UK service taxonomy.,airtasker,wedding caterer,airtasker||wedding caterer,V2
Airtasker,Wedding Celebrant,London,https://www.airtasker.com/uk/services/,all_services_page,2026-09-05,Airtasker UK service taxonomy.,airtasker,wedding celebrant,airtasker||wedding celebrant,V2
Airtasker,Wedding Dance Lessons,London,https://www.airtasker.com/uk/services/,all_services_page,2026-09-05,Airtasker UK service taxonomy.,airtasker,wedding dance lessons,airtasker||wedding dance lessons,V2
Airtasker,Wedding Decorator,London,https://www.airtasker.com/uk/services/,all_services_page,2026-09-05,Airtasker UK service taxonomy.,airtasker,wedding decorator,airtasker||wedding decorator,V2
Airtasker,Wedding DJ,London,https://www.airtasker.com/uk/services/,all_services_page,2026-09-05,Airtasker UK service taxonomy.,airtasker,wedding dj,airtasker||wedding dj,V2
Airtasker,Wedding Dress Alterations,London,https://www.airtasker.com/uk/services/,all_services_page,2026-09-05,Airtasker UK service taxonomy.,airtasker,wedding dress alterations,airtasker||wedding dress alterations,V2
Airtasker,Wedding Dress Designer,London,https://www.airtasker.com/uk/services/,all_services_page,2026-09-05,Airtasker UK service taxonomy.,airtasker,wedding dress designer,airtasker||wedding dress designer,V2
Airtasker,Wedding Dress Dry Cleaning,London,https://www.airtasker.com/uk/services/,all_services_page,2026-09-05,Airtasker UK service taxonomy.,airtasker,wedding dress dry cleaning,airtasker||wedding dress dry cleaning,V2
Airtasker,Wedding Entertainment,London,https://www.airtasker.com/uk/services/,all_services_page,2026-09-05,Airtasker UK service taxonomy.,airtasker,wedding entertainment,airtasker||wedding entertainment,V2
Airtasker,Wedding Florist,London,https://www.airtasker.com/uk/services/,all_services_page,2026-09-05,Airtasker UK service taxonomy.,airtasker,wedding florist,airtasker||wedding florist,V2
Airtasker,Wedding Hair Stylist,London,https://www.airtasker.com/uk/services/,all_services_page,2026-09-05,Airtasker UK service taxonomy.,airtasker,wedding hair stylist,airtasker||wedding hair stylist,V2
Airtasker,Wedding Invitation Designer,London,https://www.airtasker.com/uk/services/,all_services_page,2026-09-05,Airtasker UK service taxonomy.,airtasker,wedding invitation designer,airtasker||wedding invitation designer,V2
Airtasker,Wedding Musicians,London,https://www.airtasker.com/uk/services/,all_services_page,2026-09-05,Airtasker UK service taxonomy.,airtasker,wedding musicians,airtasker||wedding musicians,V2
Airtasker,Wedding Photographer,London,https://www.airtasker.com/uk/services/,all_services_page,2026-09-05,Airtasker UK service taxonomy.,airtasker,wedding photographer,airtasker||wedding photographer,V2
Airtasker,Wedding Singers,London,https://www.airtasker.com/uk/services/,all_services_page,2026-09-05,Airtasker UK service taxonomy.,airtasker,wedding singers,airtasker||wedding singers,V2
Airtasker,Wedding Transportation,London,https://www.airtasker.com/uk/services/,all_services_page,2026-09-05,Airtasker UK service taxonomy.,airtasker,wedding transportation,airtasker||wedding transportation,V2
Airtasker,Wedding Videographer,London,https://www.airtasker.com/uk/services/,all_services_page,2026-09-05,Airtasker UK service taxonomy.,airtasker,wedding videographer,airtasker||wedding videographer,V2
Airtasker,Weight Loss Training,London,https://www.airtasker.com/uk/services/,all_services_page,2026-09-05,Airtasker UK service taxonomy.,airtasker,weight loss training,airtasker||weight loss training,V2
Airtasker,Wheel & Tyre Service,London,https://www.airtasker.com/uk/services/,all_services_page,2026-09-05,Airtasker UK service taxonomy.,airtasker,wheel and tyre service,airtasker||wheel and tyre service,V2
Airtasker,Wheel Alignment,London,https://www.airtasker.com/uk/services/,all_services_page,2026-09-05,Airtasker UK service taxonomy.,airtasker,wheel alignment,airtasker||wheel alignment,V2
Airtasker,Wheel Refurbishment,London,https://www.airtasker.com/uk/services/,all_services_page,2026-09-05,Airtasker UK service taxonomy.,airtasker,wheel refurbishment,airtasker||wheel refurbishment,V2
Airtasker,Wheel Tracking,London,https://www.airtasker.com/uk/services/,all_services_page,2026-09-05,Airtasker UK service taxonomy.,airtasker,wheel tracking,airtasker||wheel tracking,V2
Airtasker,Whipper Snippering,London,https://www.airtasker.com/uk/services/,all_services_page,2026-09-05,Airtasker UK service taxonomy.,airtasker,whipper snippering,airtasker||whipper snippering,V2
Airtasker,White Goods Removal,London,https://www.airtasker.com/uk/services/,all_services_page,2026-09-05,Airtasker UK service taxonomy.,airtasker,white goods removal,airtasker||white goods removal,V2
Airtasker,White Paper Writer,London,https://www.airtasker.com/uk/services/,all_services_page,2026-09-05,Airtasker UK service taxonomy.,airtasker,white paper writer,airtasker||white paper writer,V2
Airtasker,Wholesale Baker,London,https://www.airtasker.com/uk/services/,all_services_page,2026-09-05,Airtasker UK service taxonomy.,airtasker,wholesale baker,airtasker||wholesale baker,V2
Airtasker,Wifi Extender Setup,London,https://www.airtasker.com/uk/services/,all_services_page,2026-09-05,Airtasker UK service taxonomy.,airtasker,wifi extender setup,airtasker||wifi extender setup,V2
Airtasker,Wifi Help,London,https://www.airtasker.com/uk/services/,all_services_page,2026-09-05,Airtasker UK service taxonomy.,airtasker,wifi help,airtasker||wifi help,V2
Airtasker,Window Cleaning,London,https://www.airtasker.com/uk/services/,all_services_page,2026-09-05,Airtasker UK service taxonomy.,airtasker,window cleaning,airtasker||window cleaning,V2
Airtasker,Window Fitter,London,https://www.airtasker.com/uk/services/,all_services_page,2026-09-05,Airtasker UK service taxonomy.,airtasker,window fitter,airtasker||window fitter,V2
Airtasker,Window Frame Repair,London,https://www.airtasker.com/uk/services/,all_services_page,2026-09-05,Airtasker UK service taxonomy.,airtasker,window frame repair,airtasker||window frame repair,V2
Airtasker,Window Lock Repair,London,https://www.airtasker.com/uk/services/,all_services_page,2026-09-05,Airtasker UK service taxonomy.,airtasker,window lock repair,airtasker||window lock repair,V2
Airtasker,Window Repair,London,https://www.airtasker.com/uk/services/,all_services_page,2026-09-05,Airtasker UK service taxonomy.,airtasker,window repair,airtasker||window repair,V2
Airtasker,Window Sash Repair,London,https://www.airtasker.com/uk/services/,all_services_page,2026-09-05,Airtasker UK service taxonomy.,airtasker,window sash repair,airtasker||window sash repair,V2
Airtasker,Windows & Doors,London,https://www.airtasker.com/uk/services/,all_services_page,2026-09-05,Airtasker UK service taxonomy.,airtasker,windows and doors,airtasker||windows and doors,V2
Airtasker,Windows Help,London,https://www.airtasker.com/uk/services/,all_services_page,2026-09-05,Airtasker UK service taxonomy.,airtasker,windows help,airtasker||windows help,V2
Airtasker,Windows Installation,London,https://www.airtasker.com/uk/services/,all_services_page,2026-09-05,Airtasker UK service taxonomy.,airtasker,windows installation,airtasker||windows installation,V2
Airtasker,Windscreen Repair & Replacement,London,https://www.airtasker.com/uk/services/,all_services_page,2026-09-05,Airtasker UK service taxonomy.,airtasker,windscreen repair and replacement,airtasker||windscreen repair and replacement,V2
Airtasker,Windsurfing Lessons,London,https://www.airtasker.com/uk/services/,all_services_page,2026-09-05,Airtasker UK service taxonomy.,airtasker,windsurfing lessons,airtasker||windsurfing lessons,V2
Airtasker,Wiper Motor Repair,London,https://www.airtasker.com/uk/services/,all_services_page,2026-09-05,Airtasker UK service taxonomy.,airtasker,wiper motor repair,airtasker||wiper motor repair,V2
Airtasker,Wix Help,London,https://www.airtasker.com/uk/services/,all_services_page,2026-09-05,Airtasker UK service taxonomy.,airtasker,wix help,airtasker||wix help,V2
Airtasker,Women's Tailoring,London,https://www.airtasker.com/uk/services/,all_services_page,2026-09-05,Airtasker UK service taxonomy.,airtasker,womens tailoring,airtasker||womens tailoring,V2
Airtasker,Woocommerce Help,London,https://www.airtasker.com/uk/services/,all_services_page,2026-09-05,Airtasker UK service taxonomy.,airtasker,woocommerce help,airtasker||woocommerce help,V2
Airtasker,Wood Chipping & Mulching,London,https://www.airtasker.com/uk/services/,all_services_page,2026-09-05,Airtasker UK service taxonomy.,airtasker,wood chipping and mulching,airtasker||wood chipping and mulching,V2
Airtasker,Wood Fencing,London,https://www.airtasker.com/uk/services/,all_services_page,2026-09-05,Airtasker UK service taxonomy.,airtasker,wood fencing,airtasker||wood fencing,V2
Airtasker,Wood Repair,London,https://www.airtasker.com/uk/services/,all_services_page,2026-09-05,Airtasker UK service taxonomy.,airtasker,wood repair,airtasker||wood repair,V2
Airtasker,Wooden Blind Fitter,London,https://www.airtasker.com/uk/services/,all_services_page,2026-09-05,Airtasker UK service taxonomy.,airtasker,wooden blind fitter,airtasker||wooden blind fitter,V2
Airtasker,Writing,London,https://www.airtasker.com/uk/services/,all_services_page,2026-09-05,Airtasker UK service taxonomy.,airtasker,writing,airtasker||writing,V2
Airtasker,Writing Tutor,London,https://www.airtasker.com/uk/services/,all_services_page,2026-09-05,Airtasker UK service taxonomy.,airtasker,writing tutor,airtasker||writing tutor,V2
Airtasker,Yard Work,London,https://www.airtasker.com/uk/services/,all_services_page,2026-09-05,Airtasker UK service taxonomy.,airtasker,yard work,airtasker||yard work,V2
Airtasker,Yoga Instructor,London,https://www.airtasker.com/uk/services/,all_services_page,2026-09-05,Airtasker UK service taxonomy.,airtasker,yoga instructor,airtasker||yoga instructor,V2
Airtasker,Zipper Repair,London,https://www.airtasker.com/uk/services/,all_services_page,2026-09-05,Airtasker UK service taxonomy.,airtasker,zipper repair,airtasker||zipper repair,V2
Airtasker,Zipper Repair and Replacement,London,https://www.airtasker.com/uk/services/,all_services_page,2026-09-05,Airtasker UK service taxonomy.,airtasker,zipper repair and replacement,airtasker||zipper repair and replacement,V2
Airtasker,Zumba Classes,London,https://www.airtasker.com/uk/services/,all_services_page,2026-09-05,Airtasker UK service taxonomy.,airtasker,zumba classes,airtasker||zumba classes,V2
Fresha,Barber,London,https://www.fresha.com/en-GB/pricing,uk_service_verticals,2026-09-05,UK public service/business verticals; broad coverage only.,fresha,barber,fresha||barber,V2
Fresha,Eyebrow Bar,London,https://www.fresha.com/en-GB/pricing,uk_service_verticals,2026-09-05,UK public service/business verticals; broad coverage only.,fresha,eyebrow bar,fresha||eyebrow bar,V2
Fresha,Fitness,London,https://www.fresha.com/en-GB/pricing,uk_service_verticals,2026-09-05,UK public service/business verticals; broad coverage only.,fresha,fitness,fresha||fitness,V2
Fresha,Hair Salon,London,https://www.fresha.com/en-GB/pricing,uk_service_verticals,2026-09-05,UK public service/business verticals; broad coverage only.,fresha,hair salon,fresha||hair salon,V2
Fresha,Massage Salon,London,https://www.fresha.com/en-GB/pricing,uk_service_verticals,2026-09-05,UK public service/business verticals; broad coverage only.,fresha,massage salon,fresha||massage salon,V2
Fresha,Medspa,London,https://www.fresha.com/en-GB/pricing,uk_service_verticals,2026-09-05,UK public service/business verticals; broad coverage only.,fresha,medspa,fresha||medspa,V2
Fresha,Nail Salon,London,https://www.fresha.com/en-GB/pricing,uk_service_verticals,2026-09-05,UK public service/business verticals; broad coverage only.,fresha,nail salon,fresha||nail salon,V2
Fresha,Personal Trainer,London,https://www.fresha.com/en-GB/pricing,uk_service_verticals,2026-09-05,UK public service/business verticals; broad coverage only.,fresha,personal trainer,fresha||personal trainer,V2
Fresha,Physical Therapy,London,https://www.fresha.com/en-GB/pricing,uk_service_verticals,2026-09-05,UK public service/business verticals; broad coverage only.,fresha,physical therapy,fresha||physical therapy,V2
Fresha,Spa,London,https://www.fresha.com/en-GB/pricing,uk_service_verticals,2026-09-05,UK public service/business verticals; broad coverage only.,fresha,spa,fresha||spa,V2
Fresha,Tanning Studio,London,https://www.fresha.com/en-GB/pricing,uk_service_verticals,2026-09-05,UK public service/business verticals; broad coverage only.,fresha,tanning studio,fresha||tanning studio,V2
Fresha,Tattooing & Piercing,London,https://www.fresha.com/en-GB/pricing,uk_service_verticals,2026-09-05,UK public service/business verticals; broad coverage only.,fresha,tattooing and piercing,fresha||tattooing and piercing,V2
Fresha,Therapy Centre,London,https://www.fresha.com/en-GB/pricing,uk_service_verticals,2026-09-05,UK public service/business verticals; broad coverage only.,fresha,therapy centre,fresha||therapy centre,V2
Fresha,Waxing Salon,London,https://www.fresha.com/en-GB/pricing,uk_service_verticals,2026-09-05,UK public service/business verticals; broad coverage only.,fresha,waxing salon,fresha||waxing salon,V2
Treatwell,Body exfoliation,London,https://www.treatwell.co.uk/,treatment_taxonomy,2026-09-05,Public treatment-category links from UK marketplace.,treatwell,body exfoliation,treatwell||body exfoliation,V2
Treatwell,Fade buzz,London,https://www.treatwell.co.uk/,treatment_taxonomy,2026-09-05,Public treatment-category links from UK marketplace.,treatwell,fade buzz,treatwell||fade buzz,V2
Treatwell,Hairdressers,London,https://www.treatwell.co.uk/,treatment_taxonomy,2026-09-05,Public treatment-category links from UK marketplace.,treatwell,hairdressers,treatwell||hairdressers,V2
Treatwell,Heart layers,London,https://www.treatwell.co.uk/,treatment_taxonomy,2026-09-05,Public treatment-category links from UK marketplace.,treatwell,heart layers,treatwell||heart layers,V2
Treatwell,Hydrating Facial,London,https://www.treatwell.co.uk/,treatment_taxonomy,2026-09-05,Public treatment-category links from UK marketplace.,treatwell,hydrating facial,treatwell||hydrating facial,V2
Treatwell,Jelly pedi,London,https://www.treatwell.co.uk/,treatment_taxonomy,2026-09-05,Public treatment-category links from UK marketplace.,treatwell,jelly pedi,treatwell||jelly pedi,V2
Treatwell,Lived-in blonde,London,https://www.treatwell.co.uk/,treatment_taxonomy,2026-09-05,Public treatment-category links from UK marketplace.,treatwell,lived-in blonde,treatwell||lived-in blonde,V2
Treatwell,Men's,London,https://www.treatwell.co.uk/,treatment_taxonomy,2026-09-05,Public treatment-category links from UK marketplace.,treatwell,mens,treatwell||mens,V2
Treatwell,Nail Salons,London,https://www.treatwell.co.uk/,treatment_taxonomy,2026-09-05,Public treatment-category links from UK marketplace.,treatwell,nail salons,treatwell||nail salons,V2
Treatwell,Stripey nails,London,https://www.treatwell.co.uk/,treatment_taxonomy,2026-09-05,Public treatment-category links from UK marketplace.,treatwell,stripey nails,treatwell||stripey nails,V2
Booksy,Aesthetic Medicine,London,https://booksy.com/en-gb/,service_category_page,2026-09-05,Booksy UK public marketplace service categories.,booksy,aesthetic medicine,booksy||aesthetic medicine,V2
Booksy,Barber,London,https://booksy.com/en-gb/,service_category_page,2026-09-05,Booksy UK public marketplace service categories.,booksy,barber,booksy||barber,V2
Booksy,Braids & Locs,London,https://booksy.com/en-gb/,service_category_page,2026-09-05,Booksy UK public marketplace service categories.,booksy,braids and locs,booksy||braids and locs,V2
Booksy,Brows & Lashes,London,https://booksy.com/en-gb/,service_category_page,2026-09-05,Booksy UK public marketplace service categories.,booksy,brows and lashes,booksy||brows and lashes,V2
Booksy,Dental,London,https://booksy.com/en-gb/,service_category_page,2026-09-05,Booksy UK public marketplace service categories.,booksy,dental,booksy||dental,V2
Booksy,Hair Removal,London,https://booksy.com/en-gb/,service_category_page,2026-09-05,Booksy UK public marketplace service categories.,booksy,hair removal,booksy||hair removal,V2
Booksy,Hair Salon,London,https://booksy.com/en-gb/,service_category_page,2026-09-05,Booksy UK public marketplace service categories.,booksy,hair salon,booksy||hair salon,V2
Booksy,Health & Fitness,London,https://booksy.com/en-gb/,service_category_page,2026-09-05,Booksy UK public marketplace service categories.,booksy,health and fitness,booksy||health and fitness,V2
Booksy,Home Services,London,https://booksy.com/en-gb/,service_category_page,2026-09-05,Booksy UK public marketplace service categories.,booksy,home services,booksy||home services,V2
Booksy,Make-up,London,https://booksy.com/en-gb/,service_category_page,2026-09-05,Booksy UK public marketplace service categories.,booksy,make-up,booksy||make-up,V2
Booksy,Massage,London,https://booksy.com/en-gb/,service_category_page,2026-09-05,Booksy UK public marketplace service categories.,booksy,massage,booksy||massage,V2
Booksy,Nail Salon,London,https://booksy.com/en-gb/,service_category_page,2026-09-05,Booksy UK public marketplace service categories.,booksy,nail salon,booksy||nail salon,V2
Booksy,Pet Services,London,https://booksy.com/en-gb/,service_category_page,2026-09-05,Booksy UK public marketplace service categories.,booksy,pet services,booksy||pet services,V2
Booksy,Piercing,London,https://booksy.com/en-gb/,service_category_page,2026-09-05,Booksy UK public marketplace service categories.,booksy,piercing,booksy||piercing,V2
Booksy,Skin care,London,https://booksy.com/en-gb/,service_category_page,2026-09-05,Booksy UK public marketplace service categories.,booksy,skin care,booksy||skin care,V2
Booksy,Tattoo Shop,London,https://booksy.com/en-gb/,service_category_page,2026-09-05,Booksy UK public marketplace service categories.,booksy,tattoo shop,booksy||tattoo shop,V2
Booksy,Wellness & Day Spa,London,https://booksy.com/en-gb/,service_category_page,2026-09-05,Booksy UK public marketplace service categories.,booksy,wellness and day spa,booksy||wellness and day spa,V2
