platform,raw_service,geography_scope,source_url,source_type,collection_date,coverage_note,platform_key,service_key,comparison_key,source_version
Checkatrade,Access Ramp Indoor / Outdoor,London,https://www.checkatrade.com/sitemap/locations/London/A,london_trade_sitemap,2026-09-05,London A-Z trade/service sitemap.,checkatrade,access ramp indoor outdoor,checkatrade||access ramp indoor outdoor,V2
Checkatrade,Accessible Kitchens,London,https://www.checkatrade.com/sitemap/locations/London/A,london_trade_sitemap,2026-09-05,London A-Z trade/service sitemap.,checkatrade,accessible kitchens,checkatrade||accessible kitchens,V2
Checkatrade,Accident Repair,London,https://www.checkatrade.com/sitemap/locations/London/A,london_trade_sitemap,2026-09-05,London A-Z trade/service sitemap.,checkatrade,accident repair,checkatrade||accident repair,V2
Checkatrade,Adjustable Beds,London,https://www.checkatrade.com/sitemap/locations/London/A,london_trade_sitemap,2026-09-05,London A-Z trade/service sitemap.,checkatrade,adjustable beds,checkatrade||adjustable beds,V2
Checkatrade,Aerial Installation,London,https://www.checkatrade.com/sitemap/locations/London/A,london_trade_sitemap,2026-09-05,London A-Z trade/service sitemap.,checkatrade,aerial installation,checkatrade||aerial installation,V2
Checkatrade,Aerial Repair,London,https://www.checkatrade.com/sitemap/locations/London/A,london_trade_sitemap,2026-09-05,London A-Z trade/service sitemap.,checkatrade,aerial repair,checkatrade||aerial repair,V2
Checkatrade,Aggregate Supplier,London,https://www.checkatrade.com/sitemap/locations/London/A,london_trade_sitemap,2026-09-05,London A-Z trade/service sitemap.,checkatrade,aggregate supplier,checkatrade||aggregate supplier,V2
Checkatrade,Agricultural Builders,London,https://www.checkatrade.com/sitemap/locations/London/A,london_trade_sitemap,2026-09-05,London A-Z trade/service sitemap.,checkatrade,agricultural builders,checkatrade||agricultural builders,V2
Checkatrade,Agricultural Building,London,https://www.checkatrade.com/sitemap/locations/London/A,london_trade_sitemap,2026-09-05,London A-Z trade/service sitemap.,checkatrade,agricultural building,checkatrade||agricultural building,V2
Checkatrade,Agricultural Contractor,London,https://www.checkatrade.com/sitemap/locations/London/A,london_trade_sitemap,2026-09-05,London A-Z trade/service sitemap.,checkatrade,agricultural contractor,checkatrade||agricultural contractor,V2
Checkatrade,Agricultural Fencing,London,https://www.checkatrade.com/sitemap/locations/London/A,london_trade_sitemap,2026-09-05,London A-Z trade/service sitemap.,checkatrade,agricultural fencing,checkatrade||agricultural fencing,V2
Checkatrade,Agricultural Irrigation,London,https://www.checkatrade.com/sitemap/locations/London/A,london_trade_sitemap,2026-09-05,London A-Z trade/service sitemap.,checkatrade,agricultural irrigation,checkatrade||agricultural irrigation,V2
Checkatrade,Agricultural Mechanic,London,https://www.checkatrade.com/sitemap/locations/London/A,london_trade_sitemap,2026-09-05,London A-Z trade/service sitemap.,checkatrade,agricultural mechanic,checkatrade||agricultural mechanic,V2
Checkatrade,Agricultural Merchant,London,https://www.checkatrade.com/sitemap/locations/London/A,london_trade_sitemap,2026-09-05,London A-Z trade/service sitemap.,checkatrade,agricultural merchant,checkatrade||agricultural merchant,V2
Checkatrade,Air Conditioning,London,https://www.checkatrade.com/sitemap/locations/London/A,london_trade_sitemap,2026-09-05,London A-Z trade/service sitemap.,checkatrade,air conditioning,checkatrade||air conditioning,V2
Checkatrade,Air Conditioning Installation,London,https://www.checkatrade.com/sitemap/locations/London/A,london_trade_sitemap,2026-09-05,London A-Z trade/service sitemap.,checkatrade,air conditioning installation,checkatrade||air conditioning installation,V2
Checkatrade,Air Conditioning Repair,London,https://www.checkatrade.com/sitemap/locations/London/A,london_trade_sitemap,2026-09-05,London A-Z trade/service sitemap.,checkatrade,air conditioning repair,checkatrade||air conditioning repair,V2
Checkatrade,Air Conditioning Servicing,London,https://www.checkatrade.com/sitemap/locations/London/A,london_trade_sitemap,2026-09-05,London A-Z trade/service sitemap.,checkatrade,air conditioning servicing,checkatrade||air conditioning servicing,V2
Checkatrade,Air Source Heat Pump Engineers,London,https://www.checkatrade.com/sitemap/locations/London/A,london_trade_sitemap,2026-09-05,London A-Z trade/service sitemap.,checkatrade,air source heat pump engineers,checkatrade||air source heat pump engineers,V2
Checkatrade,Air Source Heat Pump Installation - ASHP,London,https://www.checkatrade.com/sitemap/locations/London/A,london_trade_sitemap,2026-09-05,London A-Z trade/service sitemap.,checkatrade,air source heat pump installation - ashp,checkatrade||air source heat pump installation - ashp,V2
Checkatrade,Air Source Heat Pump Installers,London,https://www.checkatrade.com/sitemap/locations/London/A,london_trade_sitemap,2026-09-05,London A-Z trade/service sitemap.,checkatrade,air source heat pump installers,checkatrade||air source heat pump installers,V2
Checkatrade,Air Source Heat Pump Repair,London,https://www.checkatrade.com/sitemap/locations/London/A,london_trade_sitemap,2026-09-05,London A-Z trade/service sitemap.,checkatrade,air source heat pump repair,checkatrade||air source heat pump repair,V2
Checkatrade,Air Source Heat Pump Servicing,London,https://www.checkatrade.com/sitemap/locations/London/A,london_trade_sitemap,2026-09-05,London A-Z trade/service sitemap.,checkatrade,air source heat pump servicing,checkatrade||air source heat pump servicing,V2
Checkatrade,Air Source Heat Pump Servicing / Repair - ASHP,London,https://www.checkatrade.com/sitemap/locations/London/A,london_trade_sitemap,2026-09-05,London A-Z trade/service sitemap.,checkatrade,air source heat pump servicing repair - ashp,checkatrade||air source heat pump servicing repair - ashp,V2
Checkatrade,Airport Transfers,London,https://www.checkatrade.com/sitemap/locations/London/A,london_trade_sitemap,2026-09-05,London A-Z trade/service sitemap.,checkatrade,airport transfers,checkatrade||airport transfers,V2
Checkatrade,Alarm Response,London,https://www.checkatrade.com/sitemap/locations/London/A,london_trade_sitemap,2026-09-05,London A-Z trade/service sitemap.,checkatrade,alarm response,checkatrade||alarm response,V2
Checkatrade,Alarms / Security,London,https://www.checkatrade.com/sitemap/locations/London/A,london_trade_sitemap,2026-09-05,London A-Z trade/service sitemap.,checkatrade,alarms security,checkatrade||alarms security,V2
Checkatrade,Alloy Wheel Refurbishment,London,https://www.checkatrade.com/sitemap/locations/London/A,london_trade_sitemap,2026-09-05,London A-Z trade/service sitemap.,checkatrade,alloy wheel refurbishment,checkatrade||alloy wheel refurbishment,V2
Checkatrade,Alloy Wheels Repairs,London,https://www.checkatrade.com/sitemap/locations/London/A,london_trade_sitemap,2026-09-05,London A-Z trade/service sitemap.,checkatrade,alloy wheels repairs,checkatrade||alloy wheels repairs,V2
Checkatrade,Aluminium Doors Installation,London,https://www.checkatrade.com/sitemap/locations/London/A,london_trade_sitemap,2026-09-05,London A-Z trade/service sitemap.,checkatrade,aluminium doors installation,checkatrade||aluminium doors installation,V2
Checkatrade,Aluminium Doors Repair,London,https://www.checkatrade.com/sitemap/locations/London/A,london_trade_sitemap,2026-09-05,London A-Z trade/service sitemap.,checkatrade,aluminium doors repair,checkatrade||aluminium doors repair,V2
Checkatrade,Aluminium Guttering,London,https://www.checkatrade.com/sitemap/locations/London/A,london_trade_sitemap,2026-09-05,London A-Z trade/service sitemap.,checkatrade,aluminium guttering,checkatrade||aluminium guttering,V2
Checkatrade,Aluminium Windows Installation,London,https://www.checkatrade.com/sitemap/locations/London/A,london_trade_sitemap,2026-09-05,London A-Z trade/service sitemap.,checkatrade,aluminium windows installation,checkatrade||aluminium windows installation,V2
Checkatrade,Aluminium Windows Repair,London,https://www.checkatrade.com/sitemap/locations/London/A,london_trade_sitemap,2026-09-05,London A-Z trade/service sitemap.,checkatrade,aluminium windows repair,checkatrade||aluminium windows repair,V2
Checkatrade,Anti Vandal Coatings,London,https://www.checkatrade.com/sitemap/locations/London/A,london_trade_sitemap,2026-09-05,London A-Z trade/service sitemap.,checkatrade,anti vandal coatings,checkatrade||anti vandal coatings,V2
Checkatrade,anti vandal painters,London,https://www.checkatrade.com/sitemap/locations/London/A,london_trade_sitemap,2026-09-05,London A-Z trade/service sitemap.,checkatrade,anti vandal painters,checkatrade||anti vandal painters,V2
Checkatrade,antique furniture restoration,London,https://www.checkatrade.com/sitemap/locations/London/A,london_trade_sitemap,2026-09-05,London A-Z trade/service sitemap.,checkatrade,antique furniture restoration,checkatrade||antique furniture restoration,V2
Checkatrade,Antique Restoration,London,https://www.checkatrade.com/sitemap/locations/London/A,london_trade_sitemap,2026-09-05,London A-Z trade/service sitemap.,checkatrade,antique restoration,checkatrade||antique restoration,V2
Checkatrade,Antiviral cleaning services,London,https://www.checkatrade.com/sitemap/locations/London/A,london_trade_sitemap,2026-09-05,London A-Z trade/service sitemap.,checkatrade,antiviral cleaning services,checkatrade||antiviral cleaning services,V2
Checkatrade,Appliance Retailer,London,https://www.checkatrade.com/sitemap/locations/London/A,london_trade_sitemap,2026-09-05,London A-Z trade/service sitemap.,checkatrade,appliance retailer,checkatrade||appliance retailer,V2
Checkatrade,Appliance Services / Repair,London,https://www.checkatrade.com/sitemap/locations/London/A,london_trade_sitemap,2026-09-05,London A-Z trade/service sitemap.,checkatrade,appliance services repair,checkatrade||appliance services repair,V2
Checkatrade,Aquariums,London,https://www.checkatrade.com/sitemap/locations/London/A,london_trade_sitemap,2026-09-05,London A-Z trade/service sitemap.,checkatrade,aquariums,checkatrade||aquariums,V2
Checkatrade,Architect,London,https://www.checkatrade.com/sitemap/locations/London/A,london_trade_sitemap,2026-09-05,London A-Z trade/service sitemap.,checkatrade,architect,checkatrade||architect,V2
Checkatrade,Architectural Drawings,London,https://www.checkatrade.com/sitemap/locations/London/A,london_trade_sitemap,2026-09-05,London A-Z trade/service sitemap.,checkatrade,architectural drawings,checkatrade||architectural drawings,V2
Checkatrade,Architectural Services,London,https://www.checkatrade.com/sitemap/locations/London/A,london_trade_sitemap,2026-09-05,London A-Z trade/service sitemap.,checkatrade,architectural services,checkatrade||architectural services,V2
Checkatrade,Architectural Technician,London,https://www.checkatrade.com/sitemap/locations/London/A,london_trade_sitemap,2026-09-05,London A-Z trade/service sitemap.,checkatrade,architectural technician,checkatrade||architectural technician,V2
Checkatrade,Architraves,London,https://www.checkatrade.com/sitemap/locations/London/A,london_trade_sitemap,2026-09-05,London A-Z trade/service sitemap.,checkatrade,architraves,checkatrade||architraves,V2
Checkatrade,artex ceiling repair,London,https://www.checkatrade.com/sitemap/locations/London/A,london_trade_sitemap,2026-09-05,London A-Z trade/service sitemap.,checkatrade,artex ceiling repair,checkatrade||artex ceiling repair,V2
Checkatrade,Artexing,London,https://www.checkatrade.com/sitemap/locations/London/A,london_trade_sitemap,2026-09-05,London A-Z trade/service sitemap.,checkatrade,artexing,checkatrade||artexing,V2
Checkatrade,Artificial Grass,London,https://www.checkatrade.com/sitemap/locations/London/A,london_trade_sitemap,2026-09-05,London A-Z trade/service sitemap.,checkatrade,artificial grass,checkatrade||artificial grass,V2
Checkatrade,Asbestos Removal - License,London,https://www.checkatrade.com/sitemap/locations/London/A,london_trade_sitemap,2026-09-05,London A-Z trade/service sitemap.,checkatrade,asbestos removal - license,checkatrade||asbestos removal - license,V2
Checkatrade,Asbestos Removal - non License,London,https://www.checkatrade.com/sitemap/locations/London/A,london_trade_sitemap,2026-09-05,London A-Z trade/service sitemap.,checkatrade,asbestos removal - non license,checkatrade||asbestos removal - non license,V2
Checkatrade,asbestos roof replacement,London,https://www.checkatrade.com/sitemap/locations/London/A,london_trade_sitemap,2026-09-05,London A-Z trade/service sitemap.,checkatrade,asbestos roof replacement,checkatrade||asbestos roof replacement,V2
Checkatrade,Asbestos Services,London,https://www.checkatrade.com/sitemap/locations/London/A,london_trade_sitemap,2026-09-05,London A-Z trade/service sitemap.,checkatrade,asbestos services,checkatrade||asbestos services,V2
Checkatrade,Asbestos Surveys,London,https://www.checkatrade.com/sitemap/locations/London/A,london_trade_sitemap,2026-09-05,London A-Z trade/service sitemap.,checkatrade,asbestos surveys,checkatrade||asbestos surveys,V2
Checkatrade,Asbestos Testing,London,https://www.checkatrade.com/sitemap/locations/London/A,london_trade_sitemap,2026-09-05,London A-Z trade/service sitemap.,checkatrade,asbestos testing,checkatrade||asbestos testing,V2
Checkatrade,asphalt roofers,London,https://www.checkatrade.com/sitemap/locations/London/A,london_trade_sitemap,2026-09-05,London A-Z trade/service sitemap.,checkatrade,asphalt roofers,checkatrade||asphalt roofers,V2
Checkatrade,Asphalt Roofing Installation,London,https://www.checkatrade.com/sitemap/locations/London/A,london_trade_sitemap,2026-09-05,London A-Z trade/service sitemap.,checkatrade,asphalt roofing installation,checkatrade||asphalt roofing installation,V2
Checkatrade,Asphalt Roofing Repair,London,https://www.checkatrade.com/sitemap/locations/London/A,london_trade_sitemap,2026-09-05,London A-Z trade/service sitemap.,checkatrade,asphalt roofing repair,checkatrade||asphalt roofing repair,V2
Checkatrade,attic door,London,https://www.checkatrade.com/sitemap/locations/London/A,london_trade_sitemap,2026-09-05,London A-Z trade/service sitemap.,checkatrade,attic door,checkatrade||attic door,V2
Checkatrade,attic flooring,London,https://www.checkatrade.com/sitemap/locations/London/A,london_trade_sitemap,2026-09-05,London A-Z trade/service sitemap.,checkatrade,attic flooring,checkatrade||attic flooring,V2
Checkatrade,attic hatch,London,https://www.checkatrade.com/sitemap/locations/London/A,london_trade_sitemap,2026-09-05,London A-Z trade/service sitemap.,checkatrade,attic hatch,checkatrade||attic hatch,V2
Checkatrade,attic insulation,London,https://www.checkatrade.com/sitemap/locations/London/A,london_trade_sitemap,2026-09-05,London A-Z trade/service sitemap.,checkatrade,attic insulation,checkatrade||attic insulation,V2
Checkatrade,attic ladder,London,https://www.checkatrade.com/sitemap/locations/London/A,london_trade_sitemap,2026-09-05,London A-Z trade/service sitemap.,checkatrade,attic ladder,checkatrade||attic ladder,V2
Checkatrade,attic trap,London,https://www.checkatrade.com/sitemap/locations/London/A,london_trade_sitemap,2026-09-05,London A-Z trade/service sitemap.,checkatrade,attic trap,checkatrade||attic trap,V2
Checkatrade,Audio / Visual Installation,London,https://www.checkatrade.com/sitemap/locations/London/A,london_trade_sitemap,2026-09-05,London A-Z trade/service sitemap.,checkatrade,audio visual installation,checkatrade||audio visual installation,V2
Checkatrade,Auto / Vehicle Locksmith,London,https://www.checkatrade.com/sitemap/locations/London/A,london_trade_sitemap,2026-09-05,London A-Z trade/service sitemap.,checkatrade,auto vehicle locksmith,checkatrade||auto vehicle locksmith,V2
Checkatrade,Aviaries,London,https://www.checkatrade.com/sitemap/locations/London/A,london_trade_sitemap,2026-09-05,London A-Z trade/service sitemap.,checkatrade,aviaries,checkatrade||aviaries,V2
Checkatrade,Awnings / Canopies,London,https://www.checkatrade.com/sitemap/locations/London/A,london_trade_sitemap,2026-09-05,London A-Z trade/service sitemap.,checkatrade,awnings canopies,checkatrade||awnings canopies,V2
Checkatrade,Bathroom Fitters,London,https://www.checkatrade.com/sitemap/locations/London/A,london_trade_sitemap,2026-09-05,London A-Z trade/service sitemap.,checkatrade,bathroom fitters,checkatrade||bathroom fitters,V2
Checkatrade,Boiler Leaking Water Issues,London,https://www.checkatrade.com/sitemap/locations/London/A,london_trade_sitemap,2026-09-05,London A-Z trade/service sitemap.,checkatrade,boiler leaking water issues,checkatrade||boiler leaking water issues,V2
Checkatrade,Boiler Service,London,https://www.checkatrade.com/sitemap/locations/London/A,london_trade_sitemap,2026-09-05,London A-Z trade/service sitemap.,checkatrade,boiler service,checkatrade||boiler service,V2
Checkatrade,Builders,London,https://www.checkatrade.com/sitemap/locations/London/A,london_trade_sitemap,2026-09-05,London A-Z trade/service sitemap.,checkatrade,builders,checkatrade||builders,V2
Checkatrade,Carpenter,London,https://www.checkatrade.com/sitemap/locations/London/A,london_trade_sitemap,2026-09-05,London A-Z trade/service sitemap.,checkatrade,carpenter,checkatrade||carpenter,V2
Checkatrade,Carpenters,London,https://www.checkatrade.com/sitemap/locations/London/A,london_trade_sitemap,2026-09-05,London A-Z trade/service sitemap.,checkatrade,carpenters,checkatrade||carpenters,V2
Checkatrade,Carpet Fitter,London,https://www.checkatrade.com/sitemap/locations/London/A,london_trade_sitemap,2026-09-05,London A-Z trade/service sitemap.,checkatrade,carpet fitter,checkatrade||carpet fitter,V2
Checkatrade,Carpet Fitting Cost,London,https://www.checkatrade.com/sitemap/locations/London/A,london_trade_sitemap,2026-09-05,London A-Z trade/service sitemap.,checkatrade,carpet fitting cost,checkatrade||carpet fitting cost,V2
Checkatrade,Central Heating Engineers,London,https://www.checkatrade.com/sitemap/locations/London/A,london_trade_sitemap,2026-09-05,London A-Z trade/service sitemap.,checkatrade,central heating engineers,checkatrade||central heating engineers,V2
Checkatrade,Check Any Tradesperson,London,https://www.checkatrade.com/sitemap/locations/London/A,london_trade_sitemap,2026-09-05,London A-Z trade/service sitemap.,checkatrade,check any tradesperson,checkatrade||check any tradesperson,V2
Checkatrade,Checkatrade Standard,London,https://www.checkatrade.com/sitemap/locations/London/A,london_trade_sitemap,2026-09-05,London A-Z trade/service sitemap.,checkatrade,checkatrade standard,checkatrade||checkatrade standard,V2
Checkatrade,Cleaners,London,https://www.checkatrade.com/sitemap/locations/London/A,london_trade_sitemap,2026-09-05,London A-Z trade/service sitemap.,checkatrade,cleaners,checkatrade||cleaners,V2
Checkatrade,Conservatory Roof Replacement,London,https://www.checkatrade.com/sitemap/locations/London/A,london_trade_sitemap,2026-09-05,London A-Z trade/service sitemap.,checkatrade,conservatory roof replacement,checkatrade||conservatory roof replacement,V2
Checkatrade,Damp Proofing,London,https://www.checkatrade.com/sitemap/locations/London/A,london_trade_sitemap,2026-09-05,London A-Z trade/service sitemap.,checkatrade,damp proofing,checkatrade||damp proofing,V2
Checkatrade,Damp Walls Treatment,London,https://www.checkatrade.com/sitemap/locations/London/A,london_trade_sitemap,2026-09-05,London A-Z trade/service sitemap.,checkatrade,damp walls treatment,checkatrade||damp walls treatment,V2
Checkatrade,Double Glazed Windows Cost,London,https://www.checkatrade.com/sitemap/locations/London/A,london_trade_sitemap,2026-09-05,London A-Z trade/service sitemap.,checkatrade,double glazed windows cost,checkatrade||double glazed windows cost,V2
Checkatrade,Download app,London,https://www.checkatrade.com/sitemap/locations/London/A,london_trade_sitemap,2026-09-05,London A-Z trade/service sitemap.,checkatrade,download app,checkatrade||download app,V2
Checkatrade,Driveway Cleaning,London,https://www.checkatrade.com/sitemap/locations/London/A,london_trade_sitemap,2026-09-05,London A-Z trade/service sitemap.,checkatrade,driveway cleaning,checkatrade||driveway cleaning,V2
Checkatrade,Electric Cooker Installer,London,https://www.checkatrade.com/sitemap/locations/London/A,london_trade_sitemap,2026-09-05,London A-Z trade/service sitemap.,checkatrade,electric cooker installer,checkatrade||electric cooker installer,V2
Checkatrade,Electrical Safety Certificate Cost,London,https://www.checkatrade.com/sitemap/locations/London/A,london_trade_sitemap,2026-09-05,London A-Z trade/service sitemap.,checkatrade,electrical safety certificate cost,checkatrade||electrical safety certificate cost,V2
Checkatrade,Electricians,London,https://www.checkatrade.com/sitemap/locations/London/A,london_trade_sitemap,2026-09-05,London A-Z trade/service sitemap.,checkatrade,electricians,checkatrade||electricians,V2
Checkatrade,Emergency Plumbers,London,https://www.checkatrade.com/sitemap/locations/London/A,london_trade_sitemap,2026-09-05,London A-Z trade/service sitemap.,checkatrade,emergency plumbers,checkatrade||emergency plumbers,V2
Checkatrade,Fence Installation Cost,London,https://www.checkatrade.com/sitemap/locations/London/A,london_trade_sitemap,2026-09-05,London A-Z trade/service sitemap.,checkatrade,fence installation cost,checkatrade||fence installation cost,V2
Checkatrade,Fencing Contractors,London,https://www.checkatrade.com/sitemap/locations/London/A,london_trade_sitemap,2026-09-05,London A-Z trade/service sitemap.,checkatrade,fencing contractors,checkatrade||fencing contractors,V2
Checkatrade,Find a Gardener,London,https://www.checkatrade.com/sitemap/locations/London/A,london_trade_sitemap,2026-09-05,London A-Z trade/service sitemap.,checkatrade,find a gardener,checkatrade||find a gardener,V2
Checkatrade,Find a Tradesman,London,https://www.checkatrade.com/sitemap/locations/London/A,london_trade_sitemap,2026-09-05,London A-Z trade/service sitemap.,checkatrade,find a tradesman,checkatrade||find a tradesman,V2
Checkatrade,Gardeners,London,https://www.checkatrade.com/sitemap/locations/London/A,london_trade_sitemap,2026-09-05,London A-Z trade/service sitemap.,checkatrade,gardeners,checkatrade||gardeners,V2
Checkatrade,Gutter Cleaning,London,https://www.checkatrade.com/sitemap/locations/London/A,london_trade_sitemap,2026-09-05,London A-Z trade/service sitemap.,checkatrade,gutter cleaning,checkatrade||gutter cleaning,V2
Checkatrade,Gutter Cleaning Cost,London,https://www.checkatrade.com/sitemap/locations/London/A,london_trade_sitemap,2026-09-05,London A-Z trade/service sitemap.,checkatrade,gutter cleaning cost,checkatrade||gutter cleaning cost,V2
Checkatrade,Gutter Repair,London,https://www.checkatrade.com/sitemap/locations/London/A,london_trade_sitemap,2026-09-05,London A-Z trade/service sitemap.,checkatrade,gutter repair,checkatrade||gutter repair,V2
Checkatrade,Handyman,London,https://www.checkatrade.com/sitemap/locations/London/A,london_trade_sitemap,2026-09-05,London A-Z trade/service sitemap.,checkatrade,handyman,checkatrade||handyman,V2
Checkatrade,Hire a Damp Surveyor,London,https://www.checkatrade.com/sitemap/locations/London/A,london_trade_sitemap,2026-09-05,London A-Z trade/service sitemap.,checkatrade,hire a damp surveyor,checkatrade||hire a damp surveyor,V2
Checkatrade,House Extension Cost,London,https://www.checkatrade.com/sitemap/locations/London/A,london_trade_sitemap,2026-09-05,London A-Z trade/service sitemap.,checkatrade,house extension cost,checkatrade||house extension cost,V2
Checkatrade,Information Centre,London,https://www.checkatrade.com/sitemap/locations/London/A,london_trade_sitemap,2026-09-05,London A-Z trade/service sitemap.,checkatrade,information centre,checkatrade||information centre,V2
Checkatrade,Internal Door Fitters,London,https://www.checkatrade.com/sitemap/locations/London/A,london_trade_sitemap,2026-09-05,London A-Z trade/service sitemap.,checkatrade,internal door fitters,checkatrade||internal door fitters,V2
Checkatrade,Landscapers,London,https://www.checkatrade.com/sitemap/locations/London/A,london_trade_sitemap,2026-09-05,London A-Z trade/service sitemap.,checkatrade,landscapers,checkatrade||landscapers,V2
Checkatrade,Leak Detection Companies,London,https://www.checkatrade.com/sitemap/locations/London/A,london_trade_sitemap,2026-09-05,London A-Z trade/service sitemap.,checkatrade,leak detection companies,checkatrade||leak detection companies,V2
Checkatrade,Locksmith,London,https://www.checkatrade.com/sitemap/locations/London/A,london_trade_sitemap,2026-09-05,London A-Z trade/service sitemap.,checkatrade,locksmith,checkatrade||locksmith,V2
Checkatrade,Locksmiths,London,https://www.checkatrade.com/sitemap/locations/London/A,london_trade_sitemap,2026-09-05,London A-Z trade/service sitemap.,checkatrade,locksmiths,checkatrade||locksmiths,V2
Checkatrade,Man And Van,London,https://www.checkatrade.com/sitemap/locations/London/A,london_trade_sitemap,2026-09-05,London A-Z trade/service sitemap.,checkatrade,man and van,checkatrade||man and van,V2
Checkatrade,Mobile Mechanic,London,https://www.checkatrade.com/sitemap/locations/London/A,london_trade_sitemap,2026-09-05,London A-Z trade/service sitemap.,checkatrade,mobile mechanic,checkatrade||mobile mechanic,V2
Checkatrade,New Bathroom Cost,London,https://www.checkatrade.com/sitemap/locations/London/A,london_trade_sitemap,2026-09-05,London A-Z trade/service sitemap.,checkatrade,new bathroom cost,checkatrade||new bathroom cost,V2
Checkatrade,New Boiler Cost,London,https://www.checkatrade.com/sitemap/locations/London/A,london_trade_sitemap,2026-09-05,London A-Z trade/service sitemap.,checkatrade,new boiler cost,checkatrade||new boiler cost,V2
Checkatrade,Painter Decorator,London,https://www.checkatrade.com/sitemap/locations/London/A,london_trade_sitemap,2026-09-05,London A-Z trade/service sitemap.,checkatrade,painter decorator,checkatrade||painter decorator,V2
Checkatrade,Painters and Decorators London,London,https://www.checkatrade.com/sitemap/locations/London/A,london_trade_sitemap,2026-09-05,London A-Z trade/service sitemap.,checkatrade,painters and decorators london,checkatrade||painters and decorators london,V2
Checkatrade,Painting and Decorating Prices,London,https://www.checkatrade.com/sitemap/locations/London/A,london_trade_sitemap,2026-09-05,London A-Z trade/service sitemap.,checkatrade,painting and decorating prices,checkatrade||painting and decorating prices,V2
Checkatrade,Patio Laying Cost,London,https://www.checkatrade.com/sitemap/locations/London/A,london_trade_sitemap,2026-09-05,London A-Z trade/service sitemap.,checkatrade,patio laying cost,checkatrade||patio laying cost,V2
Checkatrade,Plasterers,London,https://www.checkatrade.com/sitemap/locations/London/A,london_trade_sitemap,2026-09-05,London A-Z trade/service sitemap.,checkatrade,plasterers,checkatrade||plasterers,V2
Checkatrade,Plumbers,London,https://www.checkatrade.com/sitemap/locations/London/A,london_trade_sitemap,2026-09-05,London A-Z trade/service sitemap.,checkatrade,plumbers,checkatrade||plumbers,V2
Checkatrade,Removals Companies,London,https://www.checkatrade.com/sitemap/locations/London/A,london_trade_sitemap,2026-09-05,London A-Z trade/service sitemap.,checkatrade,removals companies,checkatrade||removals companies,V2
Checkatrade,Reviewed Tradespeople,London,https://www.checkatrade.com/sitemap/locations/London/A,london_trade_sitemap,2026-09-05,London A-Z trade/service sitemap.,checkatrade,reviewed tradespeople,checkatrade||reviewed tradespeople,V2
Checkatrade,Roof Leak Repair,London,https://www.checkatrade.com/sitemap/locations/London/A,london_trade_sitemap,2026-09-05,London A-Z trade/service sitemap.,checkatrade,roof leak repair,checkatrade||roof leak repair,V2
Checkatrade,Roof Replacement Cost,London,https://www.checkatrade.com/sitemap/locations/London/A,london_trade_sitemap,2026-09-05,London A-Z trade/service sitemap.,checkatrade,roof replacement cost,checkatrade||roof replacement cost,V2
Checkatrade,Roofers,London,https://www.checkatrade.com/sitemap/locations/London/A,london_trade_sitemap,2026-09-05,London A-Z trade/service sitemap.,checkatrade,roofers,checkatrade||roofers,V2
Checkatrade,Sitemap,London,https://www.checkatrade.com/sitemap/locations/London/A,london_trade_sitemap,2026-09-05,London A-Z trade/service sitemap.,checkatrade,sitemap,checkatrade||sitemap,V2
Checkatrade,Skip Hire Prices,London,https://www.checkatrade.com/sitemap/locations/London/A,london_trade_sitemap,2026-09-05,London A-Z trade/service sitemap.,checkatrade,skip hire prices,checkatrade||skip hire prices,V2
Checkatrade,Spray Foam Insulation Companies,London,https://www.checkatrade.com/sitemap/locations/London/A,london_trade_sitemap,2026-09-05,London A-Z trade/service sitemap.,checkatrade,spray foam insulation companies,checkatrade||spray foam insulation companies,V2
Checkatrade,Tilers,London,https://www.checkatrade.com/sitemap/locations/London/A,london_trade_sitemap,2026-09-05,London A-Z trade/service sitemap.,checkatrade,tilers,checkatrade||tilers,V2
Checkatrade,Tv Aerial Fitters,London,https://www.checkatrade.com/sitemap/locations/London/A,london_trade_sitemap,2026-09-05,London A-Z trade/service sitemap.,checkatrade,tv aerial fitters,checkatrade||tv aerial fitters,V2
Checkatrade,Unblock Outside Drain,London,https://www.checkatrade.com/sitemap/locations/London/A,london_trade_sitemap,2026-09-05,London A-Z trade/service sitemap.,checkatrade,unblock outside drain,checkatrade||unblock outside drain,V2
Checkatrade,Wardrobe Maker,London,https://www.checkatrade.com/sitemap/locations/London/A,london_trade_sitemap,2026-09-05,London A-Z trade/service sitemap.,checkatrade,wardrobe maker,checkatrade||wardrobe maker,V2
Checkatrade,Washing Machine Repair,London,https://www.checkatrade.com/sitemap/locations/London/A,london_trade_sitemap,2026-09-05,London A-Z trade/service sitemap.,checkatrade,washing machine repair,checkatrade||washing machine repair,V2
Checkatrade,Water Leaking From Ceiling,London,https://www.checkatrade.com/sitemap/locations/London/A,london_trade_sitemap,2026-09-05,London A-Z trade/service sitemap.,checkatrade,water leaking from ceiling,checkatrade||water leaking from ceiling,V2
Checkatrade,Window Cleaner,London,https://www.checkatrade.com/sitemap/locations/London/A,london_trade_sitemap,2026-09-05,London A-Z trade/service sitemap.,checkatrade,window cleaner,checkatrade||window cleaner,V2
Checkatrade,Window Cleaners,London,https://www.checkatrade.com/sitemap/locations/London/A,london_trade_sitemap,2026-09-05,London A-Z trade/service sitemap.,checkatrade,window cleaners,checkatrade||window cleaners,V2
Checkatrade,Window Fitter,London,https://www.checkatrade.com/sitemap/locations/London/A,london_trade_sitemap,2026-09-05,London A-Z trade/service sitemap.,checkatrade,window fitter,checkatrade||window fitter,V2
Checkatrade,B2B IT Support,London,https://www.checkatrade.com/sitemap/locations/London/B,london_trade_sitemap,2026-09-05,London A-Z trade/service sitemap.,checkatrade,b2b it support,checkatrade||b2b it support,V2
Checkatrade,Balcony Roofing Installation,London,https://www.checkatrade.com/sitemap/locations/London/B,london_trade_sitemap,2026-09-05,London A-Z trade/service sitemap.,checkatrade,balcony roofing installation,checkatrade||balcony roofing installation,V2
Checkatrade,Balcony Roofing Repair,London,https://www.checkatrade.com/sitemap/locations/London/B,london_trade_sitemap,2026-09-05,London A-Z trade/service sitemap.,checkatrade,balcony roofing repair,checkatrade||balcony roofing repair,V2
Checkatrade,Balustrades,London,https://www.checkatrade.com/sitemap/locations/London/B,london_trade_sitemap,2026-09-05,London A-Z trade/service sitemap.,checkatrade,balustrades,checkatrade||balustrades,V2
Checkatrade,Barn Conversion,London,https://www.checkatrade.com/sitemap/locations/London/B,london_trade_sitemap,2026-09-05,London A-Z trade/service sitemap.,checkatrade,barn conversion,checkatrade||barn conversion,V2
Checkatrade,Barn Conversions,London,https://www.checkatrade.com/sitemap/locations/London/B,london_trade_sitemap,2026-09-05,London A-Z trade/service sitemap.,checkatrade,barn conversions,checkatrade||barn conversions,V2
Checkatrade,Barn Doors,London,https://www.checkatrade.com/sitemap/locations/London/B,london_trade_sitemap,2026-09-05,London A-Z trade/service sitemap.,checkatrade,barn doors,checkatrade||barn doors,V2
Checkatrade,barn roof repair,London,https://www.checkatrade.com/sitemap/locations/London/B,london_trade_sitemap,2026-09-05,London A-Z trade/service sitemap.,checkatrade,barn roof repair,checkatrade||barn roof repair,V2
Checkatrade,Basement / Cellar Conversions,London,https://www.checkatrade.com/sitemap/locations/London/B,london_trade_sitemap,2026-09-05,London A-Z trade/service sitemap.,checkatrade,basement cellar conversions,checkatrade||basement cellar conversions,V2
Checkatrade,Basement Conversions,London,https://www.checkatrade.com/sitemap/locations/London/B,london_trade_sitemap,2026-09-05,London A-Z trade/service sitemap.,checkatrade,basement conversions,checkatrade||basement conversions,V2
Checkatrade,Bath / Sink / Shower Trays,London,https://www.checkatrade.com/sitemap/locations/London/B,london_trade_sitemap,2026-09-05,London A-Z trade/service sitemap.,checkatrade,bath sink shower trays,checkatrade||bath sink shower trays,V2
Checkatrade,bath crack,London,https://www.checkatrade.com/sitemap/locations/London/B,london_trade_sitemap,2026-09-05,London A-Z trade/service sitemap.,checkatrade,bath crack,checkatrade||bath crack,V2
Checkatrade,bath replacement,London,https://www.checkatrade.com/sitemap/locations/London/B,london_trade_sitemap,2026-09-05,London A-Z trade/service sitemap.,checkatrade,bath replacement,checkatrade||bath replacement,V2
Checkatrade,Bath Resurfacing,London,https://www.checkatrade.com/sitemap/locations/London/B,london_trade_sitemap,2026-09-05,London A-Z trade/service sitemap.,checkatrade,bath resurfacing,checkatrade||bath resurfacing,V2
Checkatrade,Bathroom & Kitchen Plumbing,London,https://www.checkatrade.com/sitemap/locations/London/B,london_trade_sitemap,2026-09-05,London A-Z trade/service sitemap.,checkatrade,bathroom and kitchen plumbing,checkatrade||bathroom and kitchen plumbing,V2
Checkatrade,Bathroom Cladding,London,https://www.checkatrade.com/sitemap/locations/London/B,london_trade_sitemap,2026-09-05,London A-Z trade/service sitemap.,checkatrade,bathroom cladding,checkatrade||bathroom cladding,V2
Checkatrade,Bathroom Cladding Fitters,London,https://www.checkatrade.com/sitemap/locations/London/B,london_trade_sitemap,2026-09-05,London A-Z trade/service sitemap.,checkatrade,bathroom cladding fitters,checkatrade||bathroom cladding fitters,V2
Checkatrade,Bathroom Designer,London,https://www.checkatrade.com/sitemap/locations/London/B,london_trade_sitemap,2026-09-05,London A-Z trade/service sitemap.,checkatrade,bathroom designer,checkatrade||bathroom designer,V2
Checkatrade,Bathroom Fitter,London,https://www.checkatrade.com/sitemap/locations/London/B,london_trade_sitemap,2026-09-05,London A-Z trade/service sitemap.,checkatrade,bathroom fitter,checkatrade||bathroom fitter,V2
Checkatrade,Bathroom Mastic Sealant,London,https://www.checkatrade.com/sitemap/locations/London/B,london_trade_sitemap,2026-09-05,London A-Z trade/service sitemap.,checkatrade,bathroom mastic sealant,checkatrade||bathroom mastic sealant,V2
Checkatrade,bathroom painting,London,https://www.checkatrade.com/sitemap/locations/London/B,london_trade_sitemap,2026-09-05,London A-Z trade/service sitemap.,checkatrade,bathroom painting,checkatrade||bathroom painting,V2
Checkatrade,bathroom plumber,London,https://www.checkatrade.com/sitemap/locations/London/B,london_trade_sitemap,2026-09-05,London A-Z trade/service sitemap.,checkatrade,bathroom plumber,checkatrade||bathroom plumber,V2
Checkatrade,bathroom renovation,London,https://www.checkatrade.com/sitemap/locations/London/B,london_trade_sitemap,2026-09-05,London A-Z trade/service sitemap.,checkatrade,bathroom renovation,checkatrade||bathroom renovation,V2
Checkatrade,Bathroom Showroom,London,https://www.checkatrade.com/sitemap/locations/London/B,london_trade_sitemap,2026-09-05,London A-Z trade/service sitemap.,checkatrade,bathroom showroom,checkatrade||bathroom showroom,V2
Checkatrade,Bathroom Supplier,London,https://www.checkatrade.com/sitemap/locations/London/B,london_trade_sitemap,2026-09-05,London A-Z trade/service sitemap.,checkatrade,bathroom supplier,checkatrade||bathroom supplier,V2
Checkatrade,bathroom supplies,London,https://www.checkatrade.com/sitemap/locations/London/B,london_trade_sitemap,2026-09-05,London A-Z trade/service sitemap.,checkatrade,bathroom supplies,checkatrade||bathroom supplies,V2
Checkatrade,Bathroom Supply & Fit,London,https://www.checkatrade.com/sitemap/locations/London/B,london_trade_sitemap,2026-09-05,London A-Z trade/service sitemap.,checkatrade,bathroom supply and fit,checkatrade||bathroom supply and fit,V2
Checkatrade,Bathrooms,London,https://www.checkatrade.com/sitemap/locations/London/B,london_trade_sitemap,2026-09-05,London A-Z trade/service sitemap.,checkatrade,bathrooms,checkatrade||bathrooms,V2
Checkatrade,bathrub drain,London,https://www.checkatrade.com/sitemap/locations/London/B,london_trade_sitemap,2026-09-05,London A-Z trade/service sitemap.,checkatrade,bathrub drain,checkatrade||bathrub drain,V2
Checkatrade,bathrub screen,London,https://www.checkatrade.com/sitemap/locations/London/B,london_trade_sitemap,2026-09-05,London A-Z trade/service sitemap.,checkatrade,bathrub screen,checkatrade||bathrub screen,V2
Checkatrade,bathtub fitting,London,https://www.checkatrade.com/sitemap/locations/London/B,london_trade_sitemap,2026-09-05,London A-Z trade/service sitemap.,checkatrade,bathtub fitting,checkatrade||bathtub fitting,V2
Checkatrade,bathtub repair,London,https://www.checkatrade.com/sitemap/locations/London/B,london_trade_sitemap,2026-09-05,London A-Z trade/service sitemap.,checkatrade,bathtub repair,checkatrade||bathtub repair,V2
Checkatrade,Battery / Exhaust / Tyres,London,https://www.checkatrade.com/sitemap/locations/London/B,london_trade_sitemap,2026-09-05,London A-Z trade/service sitemap.,checkatrade,battery exhaust tyres,checkatrade||battery exhaust tyres,V2
Checkatrade,Baxi Boiler Repair,London,https://www.checkatrade.com/sitemap/locations/London/B,london_trade_sitemap,2026-09-05,London A-Z trade/service sitemap.,checkatrade,baxi boiler repair,checkatrade||baxi boiler repair,V2
Checkatrade,bay window roof repair,London,https://www.checkatrade.com/sitemap/locations/London/B,london_trade_sitemap,2026-09-05,London A-Z trade/service sitemap.,checkatrade,bay window roof repair,checkatrade||bay window roof repair,V2
Checkatrade,bay window roof replacement,London,https://www.checkatrade.com/sitemap/locations/London/B,london_trade_sitemap,2026-09-05,London A-Z trade/service sitemap.,checkatrade,bay window roof replacement,checkatrade||bay window roof replacement,V2
Checkatrade,Bay Windows Installation,London,https://www.checkatrade.com/sitemap/locations/London/B,london_trade_sitemap,2026-09-05,London A-Z trade/service sitemap.,checkatrade,bay windows installation,checkatrade||bay windows installation,V2
Checkatrade,Bay Windows Repair,London,https://www.checkatrade.com/sitemap/locations/London/B,london_trade_sitemap,2026-09-05,London A-Z trade/service sitemap.,checkatrade,bay windows repair,checkatrade||bay windows repair,V2
Checkatrade,BBQ Cleaning,London,https://www.checkatrade.com/sitemap/locations/London/B,london_trade_sitemap,2026-09-05,London A-Z trade/service sitemap.,checkatrade,bbq cleaning,checkatrade||bbq cleaning,V2
Checkatrade,bed frame repair,London,https://www.checkatrade.com/sitemap/locations/London/B,london_trade_sitemap,2026-09-05,London A-Z trade/service sitemap.,checkatrade,bed frame repair,checkatrade||bed frame repair,V2
Checkatrade,bedroom fitted wardrobes,London,https://www.checkatrade.com/sitemap/locations/London/B,london_trade_sitemap,2026-09-05,London A-Z trade/service sitemap.,checkatrade,bedroom fitted wardrobes,checkatrade||bedroom fitted wardrobes,V2
Checkatrade,Bedroom Planner / Designer,London,https://www.checkatrade.com/sitemap/locations/London/B,london_trade_sitemap,2026-09-05,London A-Z trade/service sitemap.,checkatrade,bedroom planner designer,checkatrade||bedroom planner designer,V2
Checkatrade,Bedroom Showroom,London,https://www.checkatrade.com/sitemap/locations/London/B,london_trade_sitemap,2026-09-05,London A-Z trade/service sitemap.,checkatrade,bedroom showroom,checkatrade||bedroom showroom,V2
Checkatrade,Bedroom Supplier / Installer,London,https://www.checkatrade.com/sitemap/locations/London/B,london_trade_sitemap,2026-09-05,London A-Z trade/service sitemap.,checkatrade,bedroom supplier installer,checkatrade||bedroom supplier installer,V2
Checkatrade,Bedrooms,London,https://www.checkatrade.com/sitemap/locations/London/B,london_trade_sitemap,2026-09-05,London A-Z trade/service sitemap.,checkatrade,bedrooms,checkatrade||bedrooms,V2
Checkatrade,bespoke alcove units,London,https://www.checkatrade.com/sitemap/locations/London/B,london_trade_sitemap,2026-09-05,London A-Z trade/service sitemap.,checkatrade,bespoke alcove units,checkatrade||bespoke alcove units,V2
Checkatrade,bespoke bedroom furniture,London,https://www.checkatrade.com/sitemap/locations/London/B,london_trade_sitemap,2026-09-05,London A-Z trade/service sitemap.,checkatrade,bespoke bedroom furniture,checkatrade||bespoke bedroom furniture,V2
Checkatrade,bespoke cabinet makers,London,https://www.checkatrade.com/sitemap/locations/London/B,london_trade_sitemap,2026-09-05,London A-Z trade/service sitemap.,checkatrade,bespoke cabinet makers,checkatrade||bespoke cabinet makers,V2
Checkatrade,bespoke cupboards,London,https://www.checkatrade.com/sitemap/locations/London/B,london_trade_sitemap,2026-09-05,London A-Z trade/service sitemap.,checkatrade,bespoke cupboards,checkatrade||bespoke cupboards,V2
Checkatrade,bespoke dining tables,London,https://www.checkatrade.com/sitemap/locations/London/B,london_trade_sitemap,2026-09-05,London A-Z trade/service sitemap.,checkatrade,bespoke dining tables,checkatrade||bespoke dining tables,V2
Checkatrade,bespoke doors,London,https://www.checkatrade.com/sitemap/locations/London/B,london_trade_sitemap,2026-09-05,London A-Z trade/service sitemap.,checkatrade,bespoke doors,checkatrade||bespoke doors,V2
Checkatrade,bespoke external doors,London,https://www.checkatrade.com/sitemap/locations/London/B,london_trade_sitemap,2026-09-05,London A-Z trade/service sitemap.,checkatrade,bespoke external doors,checkatrade||bespoke external doors,V2
Checkatrade,bespoke fitted furniture,London,https://www.checkatrade.com/sitemap/locations/London/B,london_trade_sitemap,2026-09-05,London A-Z trade/service sitemap.,checkatrade,bespoke fitted furniture,checkatrade||bespoke fitted furniture,V2
Checkatrade,Bespoke Furniture,London,https://www.checkatrade.com/sitemap/locations/London/B,london_trade_sitemap,2026-09-05,London A-Z trade/service sitemap.,checkatrade,bespoke furniture,checkatrade||bespoke furniture,V2
Checkatrade,bespoke furniture makers,London,https://www.checkatrade.com/sitemap/locations/London/B,london_trade_sitemap,2026-09-05,London A-Z trade/service sitemap.,checkatrade,bespoke furniture makers,checkatrade||bespoke furniture makers,V2
Checkatrade,bespoke home office furniture,London,https://www.checkatrade.com/sitemap/locations/London/B,london_trade_sitemap,2026-09-05,London A-Z trade/service sitemap.,checkatrade,bespoke home office furniture,checkatrade||bespoke home office furniture,V2
Checkatrade,bespoke interior doors,London,https://www.checkatrade.com/sitemap/locations/London/B,london_trade_sitemap,2026-09-05,London A-Z trade/service sitemap.,checkatrade,bespoke interior doors,checkatrade||bespoke interior doors,V2
Checkatrade,bespoke joinery,London,https://www.checkatrade.com/sitemap/locations/London/B,london_trade_sitemap,2026-09-05,London A-Z trade/service sitemap.,checkatrade,bespoke joinery,checkatrade||bespoke joinery,V2
Checkatrade,bespoke kitchen designers,London,https://www.checkatrade.com/sitemap/locations/London/B,london_trade_sitemap,2026-09-05,London A-Z trade/service sitemap.,checkatrade,bespoke kitchen designers,checkatrade||bespoke kitchen designers,V2
Checkatrade,bespoke kitchen fitters,London,https://www.checkatrade.com/sitemap/locations/London/B,london_trade_sitemap,2026-09-05,London A-Z trade/service sitemap.,checkatrade,bespoke kitchen fitters,checkatrade||bespoke kitchen fitters,V2
Checkatrade,bespoke kitchens,London,https://www.checkatrade.com/sitemap/locations/London/B,london_trade_sitemap,2026-09-05,London A-Z trade/service sitemap.,checkatrade,bespoke kitchens,checkatrade||bespoke kitchens,V2
Checkatrade,Bespoke Kitchens - Supply & Installation,London,https://www.checkatrade.com/sitemap/locations/London/B,london_trade_sitemap,2026-09-05,London A-Z trade/service sitemap.,checkatrade,bespoke kitchens - supply and installation,checkatrade||bespoke kitchens - supply and installation,V2
Checkatrade,bespoke living room furniture,London,https://www.checkatrade.com/sitemap/locations/London/B,london_trade_sitemap,2026-09-05,London A-Z trade/service sitemap.,checkatrade,bespoke living room furniture,checkatrade||bespoke living room furniture,V2
Checkatrade,Bespoke Metal Fabrication,London,https://www.checkatrade.com/sitemap/locations/London/B,london_trade_sitemap,2026-09-05,London A-Z trade/service sitemap.,checkatrade,bespoke metal fabrication,checkatrade||bespoke metal fabrication,V2
Checkatrade,bespoke oak doors,London,https://www.checkatrade.com/sitemap/locations/London/B,london_trade_sitemap,2026-09-05,London A-Z trade/service sitemap.,checkatrade,bespoke oak doors,checkatrade||bespoke oak doors,V2
Checkatrade,bespoke oak furniture,London,https://www.checkatrade.com/sitemap/locations/London/B,london_trade_sitemap,2026-09-05,London A-Z trade/service sitemap.,checkatrade,bespoke oak furniture,checkatrade||bespoke oak furniture,V2
Checkatrade,bespoke pergola,London,https://www.checkatrade.com/sitemap/locations/London/B,london_trade_sitemap,2026-09-05,London A-Z trade/service sitemap.,checkatrade,bespoke pergola,checkatrade||bespoke pergola,V2
Checkatrade,bespoke pine furniture,London,https://www.checkatrade.com/sitemap/locations/London/B,london_trade_sitemap,2026-09-05,London A-Z trade/service sitemap.,checkatrade,bespoke pine furniture,checkatrade||bespoke pine furniture,V2
Checkatrade,bespoke radiator covers,London,https://www.checkatrade.com/sitemap/locations/London/B,london_trade_sitemap,2026-09-05,London A-Z trade/service sitemap.,checkatrade,bespoke radiator covers,checkatrade||bespoke radiator covers,V2
Checkatrade,bespoke stable doors,London,https://www.checkatrade.com/sitemap/locations/London/B,london_trade_sitemap,2026-09-05,London A-Z trade/service sitemap.,checkatrade,bespoke stable doors,checkatrade||bespoke stable doors,V2
Checkatrade,Bespoke Staircases,London,https://www.checkatrade.com/sitemap/locations/London/B,london_trade_sitemap,2026-09-05,London A-Z trade/service sitemap.,checkatrade,bespoke staircases,checkatrade||bespoke staircases,V2
Checkatrade,bespoke timber windows,London,https://www.checkatrade.com/sitemap/locations/London/B,london_trade_sitemap,2026-09-05,London A-Z trade/service sitemap.,checkatrade,bespoke timber windows,checkatrade||bespoke timber windows,V2
Checkatrade,bespoke under stairs storage,London,https://www.checkatrade.com/sitemap/locations/London/B,london_trade_sitemap,2026-09-05,London A-Z trade/service sitemap.,checkatrade,bespoke under stairs storage,checkatrade||bespoke under stairs storage,V2
Checkatrade,bespoke windows,London,https://www.checkatrade.com/sitemap/locations/London/B,london_trade_sitemap,2026-09-05,London A-Z trade/service sitemap.,checkatrade,bespoke windows,checkatrade||bespoke windows,V2
Checkatrade,Bespoke Windows / Doors,London,https://www.checkatrade.com/sitemap/locations/London/B,london_trade_sitemap,2026-09-05,London A-Z trade/service sitemap.,checkatrade,bespoke windows doors,checkatrade||bespoke windows doors,V2
Checkatrade,bespoke wooden doors,London,https://www.checkatrade.com/sitemap/locations/London/B,london_trade_sitemap,2026-09-05,London A-Z trade/service sitemap.,checkatrade,bespoke wooden doors,checkatrade||bespoke wooden doors,V2
Checkatrade,bespoke wooden front doors,London,https://www.checkatrade.com/sitemap/locations/London/B,london_trade_sitemap,2026-09-05,London A-Z trade/service sitemap.,checkatrade,bespoke wooden front doors,checkatrade||bespoke wooden front doors,V2
Checkatrade,bespoke wooden windows,London,https://www.checkatrade.com/sitemap/locations/London/B,london_trade_sitemap,2026-09-05,London A-Z trade/service sitemap.,checkatrade,bespoke wooden windows,checkatrade||bespoke wooden windows,V2
Checkatrade,bespoke woodwork,London,https://www.checkatrade.com/sitemap/locations/London/B,london_trade_sitemap,2026-09-05,London A-Z trade/service sitemap.,checkatrade,bespoke woodwork,checkatrade||bespoke woodwork,V2
Checkatrade,Bifold Doors Installation,London,https://www.checkatrade.com/sitemap/locations/London/B,london_trade_sitemap,2026-09-05,London A-Z trade/service sitemap.,checkatrade,bifold doors installation,checkatrade||bifold doors installation,V2
Checkatrade,Bifold Doors Repair,London,https://www.checkatrade.com/sitemap/locations/London/B,london_trade_sitemap,2026-09-05,London A-Z trade/service sitemap.,checkatrade,bifold doors repair,checkatrade||bifold doors repair,V2
Checkatrade,Bike / Bicycle Repairs,London,https://www.checkatrade.com/sitemap/locations/London/B,london_trade_sitemap,2026-09-05,London A-Z trade/service sitemap.,checkatrade,bike bicycle repairs,checkatrade||bike bicycle repairs,V2
Checkatrade,Biomass Boiler Installation,London,https://www.checkatrade.com/sitemap/locations/London/B,london_trade_sitemap,2026-09-05,London A-Z trade/service sitemap.,checkatrade,biomass boiler installation,checkatrade||biomass boiler installation,V2
Checkatrade,Biomass Boiler Servicing / Repair,London,https://www.checkatrade.com/sitemap/locations/London/B,london_trade_sitemap,2026-09-05,London A-Z trade/service sitemap.,checkatrade,biomass boiler servicing repair,checkatrade||biomass boiler servicing repair,V2
Checkatrade,Biomass Energy,London,https://www.checkatrade.com/sitemap/locations/London/B,london_trade_sitemap,2026-09-05,London A-Z trade/service sitemap.,checkatrade,biomass energy,checkatrade||biomass energy,V2
Checkatrade,Biometric Security Systems,London,https://www.checkatrade.com/sitemap/locations/London/B,london_trade_sitemap,2026-09-05,London A-Z trade/service sitemap.,checkatrade,biometric security systems,checkatrade||biometric security systems,V2
Checkatrade,Bird Restriction Measures,London,https://www.checkatrade.com/sitemap/locations/London/B,london_trade_sitemap,2026-09-05,London A-Z trade/service sitemap.,checkatrade,bird restriction measures,checkatrade||bird restriction measures,V2
Checkatrade,Blind Fitter,London,https://www.checkatrade.com/sitemap/locations/London/B,london_trade_sitemap,2026-09-05,London A-Z trade/service sitemap.,checkatrade,blind fitter,checkatrade||blind fitter,V2
Checkatrade,Blind Supplier,London,https://www.checkatrade.com/sitemap/locations/London/B,london_trade_sitemap,2026-09-05,London A-Z trade/service sitemap.,checkatrade,blind supplier,checkatrade||blind supplier,V2
Checkatrade,Blind Supply & Fit,London,https://www.checkatrade.com/sitemap/locations/London/B,london_trade_sitemap,2026-09-05,London A-Z trade/service sitemap.,checkatrade,blind supply and fit,checkatrade||blind supply and fit,V2
Checkatrade,Block Management,London,https://www.checkatrade.com/sitemap/locations/London/B,london_trade_sitemap,2026-09-05,London A-Z trade/service sitemap.,checkatrade,block management,checkatrade||block management,V2
Checkatrade,Block Paving,London,https://www.checkatrade.com/sitemap/locations/London/B,london_trade_sitemap,2026-09-05,London A-Z trade/service sitemap.,checkatrade,block paving,checkatrade||block paving,V2
Checkatrade,Blocked Baths,London,https://www.checkatrade.com/sitemap/locations/London/B,london_trade_sitemap,2026-09-05,London A-Z trade/service sitemap.,checkatrade,blocked baths,checkatrade||blocked baths,V2
Checkatrade,blocked drain plumber,London,https://www.checkatrade.com/sitemap/locations/London/B,london_trade_sitemap,2026-09-05,London A-Z trade/service sitemap.,checkatrade,blocked drain plumber,checkatrade||blocked drain plumber,V2
Checkatrade,Blocked Drains,London,https://www.checkatrade.com/sitemap/locations/London/B,london_trade_sitemap,2026-09-05,London A-Z trade/service sitemap.,checkatrade,blocked drains,checkatrade||blocked drains,V2
Checkatrade,blocked loo,London,https://www.checkatrade.com/sitemap/locations/London/B,london_trade_sitemap,2026-09-05,London A-Z trade/service sitemap.,checkatrade,blocked loo,checkatrade||blocked loo,V2
Checkatrade,Blocked Sinks,London,https://www.checkatrade.com/sitemap/locations/London/B,london_trade_sitemap,2026-09-05,London A-Z trade/service sitemap.,checkatrade,blocked sinks,checkatrade||blocked sinks,V2
Checkatrade,blocked toilet plumber,London,https://www.checkatrade.com/sitemap/locations/London/B,london_trade_sitemap,2026-09-05,London A-Z trade/service sitemap.,checkatrade,blocked toilet plumber,checkatrade||blocked toilet plumber,V2
Checkatrade,Blocked Toilets,London,https://www.checkatrade.com/sitemap/locations/London/B,london_trade_sitemap,2026-09-05,London A-Z trade/service sitemap.,checkatrade,blocked toilets,checkatrade||blocked toilets,V2
Checkatrade,Boat Building / Repairs,London,https://www.checkatrade.com/sitemap/locations/London/B,london_trade_sitemap,2026-09-05,London A-Z trade/service sitemap.,checkatrade,boat building repairs,checkatrade||boat building repairs,V2
Checkatrade,boat repairs,London,https://www.checkatrade.com/sitemap/locations/London/B,london_trade_sitemap,2026-09-05,London A-Z trade/service sitemap.,checkatrade,boat repairs,checkatrade||boat repairs,V2
Checkatrade,boatbuilders,London,https://www.checkatrade.com/sitemap/locations/London/B,london_trade_sitemap,2026-09-05,London A-Z trade/service sitemap.,checkatrade,boatbuilders,checkatrade||boatbuilders,V2
Checkatrade,Boiler Fitter,London,https://www.checkatrade.com/sitemap/locations/London/B,london_trade_sitemap,2026-09-05,London A-Z trade/service sitemap.,checkatrade,boiler fitter,checkatrade||boiler fitter,V2
Checkatrade,Boiler Plumbers,London,https://www.checkatrade.com/sitemap/locations/London/B,london_trade_sitemap,2026-09-05,London A-Z trade/service sitemap.,checkatrade,boiler plumbers,checkatrade||boiler plumbers,V2
Checkatrade,Boiler Specialists,London,https://www.checkatrade.com/sitemap/locations/London/B,london_trade_sitemap,2026-09-05,London A-Z trade/service sitemap.,checkatrade,boiler specialists,checkatrade||boiler specialists,V2
Checkatrade,Bonded Aggregate Surfacing,London,https://www.checkatrade.com/sitemap/locations/London/B,london_trade_sitemap,2026-09-05,London A-Z trade/service sitemap.,checkatrade,bonded aggregate surfacing,checkatrade||bonded aggregate surfacing,V2
Checkatrade,bookcase makers,London,https://www.checkatrade.com/sitemap/locations/London/B,london_trade_sitemap,2026-09-05,London A-Z trade/service sitemap.,checkatrade,bookcase makers,checkatrade||bookcase makers,V2
Checkatrade,borehole,London,https://www.checkatrade.com/sitemap/locations/London/B,london_trade_sitemap,2026-09-05,London A-Z trade/service sitemap.,checkatrade,borehole,checkatrade||borehole,V2
Checkatrade,Bouncy Castle Hire,London,https://www.checkatrade.com/sitemap/locations/London/B,london_trade_sitemap,2026-09-05,London A-Z trade/service sitemap.,checkatrade,bouncy castle hire,checkatrade||bouncy castle hire,V2
Checkatrade,Breakdown Assistance,London,https://www.checkatrade.com/sitemap/locations/London/B,london_trade_sitemap,2026-09-05,London A-Z trade/service sitemap.,checkatrade,breakdown assistance,checkatrade||breakdown assistance,V2
Checkatrade,Brick & Stone Cleaning,London,https://www.checkatrade.com/sitemap/locations/London/B,london_trade_sitemap,2026-09-05,London A-Z trade/service sitemap.,checkatrade,brick and stone cleaning,checkatrade||brick and stone cleaning,V2
Checkatrade,Brick / Concrete Structural Repairs,London,https://www.checkatrade.com/sitemap/locations/London/B,london_trade_sitemap,2026-09-05,London A-Z trade/service sitemap.,checkatrade,brick concrete structural repairs,checkatrade||brick concrete structural repairs,V2
Checkatrade,Brick Repair,London,https://www.checkatrade.com/sitemap/locations/London/B,london_trade_sitemap,2026-09-05,London A-Z trade/service sitemap.,checkatrade,brick repair,checkatrade||brick repair,V2
Checkatrade,Brick Restoration,London,https://www.checkatrade.com/sitemap/locations/London/B,london_trade_sitemap,2026-09-05,London A-Z trade/service sitemap.,checkatrade,brick restoration,checkatrade||brick restoration,V2
Checkatrade,Brick Tiling,London,https://www.checkatrade.com/sitemap/locations/London/B,london_trade_sitemap,2026-09-05,London A-Z trade/service sitemap.,checkatrade,brick tiling,checkatrade||brick tiling,V2
Checkatrade,Bricklayer,London,https://www.checkatrade.com/sitemap/locations/London/B,london_trade_sitemap,2026-09-05,London A-Z trade/service sitemap.,checkatrade,bricklayer,checkatrade||bricklayer,V2
Checkatrade,Brickwork,London,https://www.checkatrade.com/sitemap/locations/London/B,london_trade_sitemap,2026-09-05,London A-Z trade/service sitemap.,checkatrade,brickwork,checkatrade||brickwork,V2
Checkatrade,Broadband Fault Finding,London,https://www.checkatrade.com/sitemap/locations/London/B,london_trade_sitemap,2026-09-05,London A-Z trade/service sitemap.,checkatrade,broadband fault finding,checkatrade||broadband fault finding,V2
Checkatrade,Broadband repair,London,https://www.checkatrade.com/sitemap/locations/London/B,london_trade_sitemap,2026-09-05,London A-Z trade/service sitemap.,checkatrade,broadband repair,checkatrade||broadband repair,V2
Checkatrade,Builder,London,https://www.checkatrade.com/sitemap/locations/London/B,london_trade_sitemap,2026-09-05,London A-Z trade/service sitemap.,checkatrade,builder,checkatrade||builder,V2
Checkatrade,Building Merchants,London,https://www.checkatrade.com/sitemap/locations/London/B,london_trade_sitemap,2026-09-05,London A-Z trade/service sitemap.,checkatrade,building merchants,checkatrade||building merchants,V2
Checkatrade,Building Project Managers,London,https://www.checkatrade.com/sitemap/locations/London/B,london_trade_sitemap,2026-09-05,London A-Z trade/service sitemap.,checkatrade,building project managers,checkatrade||building project managers,V2
Checkatrade,Building Surveyors,London,https://www.checkatrade.com/sitemap/locations/London/B,london_trade_sitemap,2026-09-05,London A-Z trade/service sitemap.,checkatrade,building surveyors,checkatrade||building surveyors,V2
Checkatrade,Built,London,https://www.checkatrade.com/sitemap/locations/London/B,london_trade_sitemap,2026-09-05,London A-Z trade/service sitemap.,checkatrade,built,checkatrade||built,V2
Checkatrade,Burglar Alarm - Installation,London,https://www.checkatrade.com/sitemap/locations/London/B,london_trade_sitemap,2026-09-05,London A-Z trade/service sitemap.,checkatrade,burglar alarm - installation,checkatrade||burglar alarm - installation,V2
Checkatrade,Burglar Alarm - Supply & Installation,London,https://www.checkatrade.com/sitemap/locations/London/B,london_trade_sitemap,2026-09-05,London A-Z trade/service sitemap.,checkatrade,burglar alarm - supply and installation,checkatrade||burglar alarm - supply and installation,V2
Checkatrade,Burglar Alarm - Supply Only,London,https://www.checkatrade.com/sitemap/locations/London/B,london_trade_sitemap,2026-09-05,London A-Z trade/service sitemap.,checkatrade,burglar alarm - supply only,checkatrade||burglar alarm - supply only,V2
Checkatrade,Burglar Alarm Servicing,London,https://www.checkatrade.com/sitemap/locations/London/B,london_trade_sitemap,2026-09-05,London A-Z trade/service sitemap.,checkatrade,burglar alarm servicing,checkatrade||burglar alarm servicing,V2
Checkatrade,cabinet maker,London,https://www.checkatrade.com/sitemap/locations/London/C,london_trade_sitemap,2026-09-05,London A-Z trade/service sitemap.,checkatrade,cabinet maker,checkatrade||cabinet maker,V2
Checkatrade,Cabinet Makers / Handmade Furniture,London,https://www.checkatrade.com/sitemap/locations/London/C,london_trade_sitemap,2026-09-05,London A-Z trade/service sitemap.,checkatrade,cabinet makers handmade furniture,checkatrade||cabinet makers handmade furniture,V2
Checkatrade,Cabling,London,https://www.checkatrade.com/sitemap/locations/London/C,london_trade_sitemap,2026-09-05,London A-Z trade/service sitemap.,checkatrade,cabling,checkatrade||cabling,V2
Checkatrade,Call / Door Entry Systems,London,https://www.checkatrade.com/sitemap/locations/London/C,london_trade_sitemap,2026-09-05,London A-Z trade/service sitemap.,checkatrade,call door entry systems,checkatrade||call door entry systems,V2
Checkatrade,Cambelts,London,https://www.checkatrade.com/sitemap/locations/London/C,london_trade_sitemap,2026-09-05,London A-Z trade/service sitemap.,checkatrade,cambelts,checkatrade||cambelts,V2
Checkatrade,Car / Auto Electrics,London,https://www.checkatrade.com/sitemap/locations/London/C,london_trade_sitemap,2026-09-05,London A-Z trade/service sitemap.,checkatrade,car auto electrics,checkatrade||car auto electrics,V2
Checkatrade,Car Alarms,London,https://www.checkatrade.com/sitemap/locations/London/C,london_trade_sitemap,2026-09-05,London A-Z trade/service sitemap.,checkatrade,car alarms,checkatrade||car alarms,V2
Checkatrade,Car Audio,London,https://www.checkatrade.com/sitemap/locations/London/C,london_trade_sitemap,2026-09-05,London A-Z trade/service sitemap.,checkatrade,car audio,checkatrade||car audio,V2
Checkatrade,Car Dealerships,London,https://www.checkatrade.com/sitemap/locations/London/C,london_trade_sitemap,2026-09-05,London A-Z trade/service sitemap.,checkatrade,car dealerships,checkatrade||car dealerships,V2
Checkatrade,Car Detailing,London,https://www.checkatrade.com/sitemap/locations/London/C,london_trade_sitemap,2026-09-05,London A-Z trade/service sitemap.,checkatrade,car detailing,checkatrade||car detailing,V2
Checkatrade,Car Key Replacement,London,https://www.checkatrade.com/sitemap/locations/London/C,london_trade_sitemap,2026-09-05,London A-Z trade/service sitemap.,checkatrade,car key replacement,checkatrade||car key replacement,V2
Checkatrade,Car Ports,London,https://www.checkatrade.com/sitemap/locations/London/C,london_trade_sitemap,2026-09-05,London A-Z trade/service sitemap.,checkatrade,car ports,checkatrade||car ports,V2
Checkatrade,Car Repair,London,https://www.checkatrade.com/sitemap/locations/London/C,london_trade_sitemap,2026-09-05,London A-Z trade/service sitemap.,checkatrade,car repair,checkatrade||car repair,V2
Checkatrade,Car Sales / Commercial Sales,London,https://www.checkatrade.com/sitemap/locations/London/C,london_trade_sitemap,2026-09-05,London A-Z trade/service sitemap.,checkatrade,car sales commercial sales,checkatrade||car sales commercial sales,V2
Checkatrade,Car Servicing,London,https://www.checkatrade.com/sitemap/locations/London/C,london_trade_sitemap,2026-09-05,London A-Z trade/service sitemap.,checkatrade,car servicing,checkatrade||car servicing,V2
Checkatrade,Caravan Valeting,London,https://www.checkatrade.com/sitemap/locations/London/C,london_trade_sitemap,2026-09-05,London A-Z trade/service sitemap.,checkatrade,caravan valeting,checkatrade||caravan valeting,V2
Checkatrade,Carpet and Upholstery Cleaning,London,https://www.checkatrade.com/sitemap/locations/London/C,london_trade_sitemap,2026-09-05,London A-Z trade/service sitemap.,checkatrade,carpet and upholstery cleaning,checkatrade||carpet and upholstery cleaning,V2
Checkatrade,Carpet Cleaning,London,https://www.checkatrade.com/sitemap/locations/London/C,london_trade_sitemap,2026-09-05,London A-Z trade/service sitemap.,checkatrade,carpet cleaning,checkatrade||carpet cleaning,V2
Checkatrade,Carpet Fitting,London,https://www.checkatrade.com/sitemap/locations/London/C,london_trade_sitemap,2026-09-05,London A-Z trade/service sitemap.,checkatrade,carpet fitting,checkatrade||carpet fitting,V2
Checkatrade,Carpet Repair / Stretching,London,https://www.checkatrade.com/sitemap/locations/London/C,london_trade_sitemap,2026-09-05,London A-Z trade/service sitemap.,checkatrade,carpet repair stretching,checkatrade||carpet repair stretching,V2
Checkatrade,Carpet Supplier,London,https://www.checkatrade.com/sitemap/locations/London/C,london_trade_sitemap,2026-09-05,London A-Z trade/service sitemap.,checkatrade,carpet supplier,checkatrade||carpet supplier,V2
Checkatrade,Carpet Supply & Fit,London,https://www.checkatrade.com/sitemap/locations/London/C,london_trade_sitemap,2026-09-05,London A-Z trade/service sitemap.,checkatrade,carpet supply and fit,checkatrade||carpet supply and fit,V2
Checkatrade,Carpet Tiles,London,https://www.checkatrade.com/sitemap/locations/London/C,london_trade_sitemap,2026-09-05,London A-Z trade/service sitemap.,checkatrade,carpet tiles,checkatrade||carpet tiles,V2
Checkatrade,Carpets / Flooring,London,https://www.checkatrade.com/sitemap/locations/London/C,london_trade_sitemap,2026-09-05,London A-Z trade/service sitemap.,checkatrade,carpets flooring,checkatrade||carpets flooring,V2
Checkatrade,Carport Manufacturers,London,https://www.checkatrade.com/sitemap/locations/London/C,london_trade_sitemap,2026-09-05,London A-Z trade/service sitemap.,checkatrade,carport manufacturers,checkatrade||carport manufacturers,V2
Checkatrade,carport roof repair,London,https://www.checkatrade.com/sitemap/locations/London/C,london_trade_sitemap,2026-09-05,London A-Z trade/service sitemap.,checkatrade,carport roof repair,checkatrade||carport roof repair,V2
Checkatrade,Carport Suppliers,London,https://www.checkatrade.com/sitemap/locations/London/C,london_trade_sitemap,2026-09-05,London A-Z trade/service sitemap.,checkatrade,carport suppliers,checkatrade||carport suppliers,V2
Checkatrade,Carports Installed,London,https://www.checkatrade.com/sitemap/locations/London/C,london_trade_sitemap,2026-09-05,London A-Z trade/service sitemap.,checkatrade,carports installed,checkatrade||carports installed,V2
Checkatrade,Cat Flaps,London,https://www.checkatrade.com/sitemap/locations/London/C,london_trade_sitemap,2026-09-05,London A-Z trade/service sitemap.,checkatrade,cat flaps,checkatrade||cat flaps,V2
Checkatrade,Catering Equipment Repair,London,https://www.checkatrade.com/sitemap/locations/London/C,london_trade_sitemap,2026-09-05,London A-Z trade/service sitemap.,checkatrade,catering equipment repair,checkatrade||catering equipment repair,V2
Checkatrade,Catering Services,London,https://www.checkatrade.com/sitemap/locations/London/C,london_trade_sitemap,2026-09-05,London A-Z trade/service sitemap.,checkatrade,catering services,checkatrade||catering services,V2
Checkatrade,Cavity Wall Insulation,London,https://www.checkatrade.com/sitemap/locations/London/C,london_trade_sitemap,2026-09-05,London A-Z trade/service sitemap.,checkatrade,cavity wall insulation,checkatrade||cavity wall insulation,V2
Checkatrade,Cavity Wall Insulation Removal,London,https://www.checkatrade.com/sitemap/locations/London/C,london_trade_sitemap,2026-09-05,London A-Z trade/service sitemap.,checkatrade,cavity wall insulation removal,checkatrade||cavity wall insulation removal,V2
Checkatrade,CCTV - Installation,London,https://www.checkatrade.com/sitemap/locations/London/C,london_trade_sitemap,2026-09-05,London A-Z trade/service sitemap.,checkatrade,cctv - installation,checkatrade||cctv - installation,V2
Checkatrade,CCTV - Supply & Installation,London,https://www.checkatrade.com/sitemap/locations/London/C,london_trade_sitemap,2026-09-05,London A-Z trade/service sitemap.,checkatrade,cctv - supply and installation,checkatrade||cctv - supply and installation,V2
Checkatrade,CCTV - Supply Only,London,https://www.checkatrade.com/sitemap/locations/London/C,london_trade_sitemap,2026-09-05,London A-Z trade/service sitemap.,checkatrade,cctv - supply only,checkatrade||cctv - supply only,V2
Checkatrade,CCTV Repair,London,https://www.checkatrade.com/sitemap/locations/London/C,london_trade_sitemap,2026-09-05,London A-Z trade/service sitemap.,checkatrade,cctv repair,checkatrade||cctv repair,V2
Checkatrade,CCTV Surveys for Drains,London,https://www.checkatrade.com/sitemap/locations/London/C,london_trade_sitemap,2026-09-05,London A-Z trade/service sitemap.,checkatrade,cctv surveys for drains,checkatrade||cctv surveys for drains,V2
Checkatrade,ceiling crack,London,https://www.checkatrade.com/sitemap/locations/London/C,london_trade_sitemap,2026-09-05,London A-Z trade/service sitemap.,checkatrade,ceiling crack,checkatrade||ceiling crack,V2
Checkatrade,ceiling fan,London,https://www.checkatrade.com/sitemap/locations/London/C,london_trade_sitemap,2026-09-05,London A-Z trade/service sitemap.,checkatrade,ceiling fan,checkatrade||ceiling fan,V2
Checkatrade,ceiling leak,London,https://www.checkatrade.com/sitemap/locations/London/C,london_trade_sitemap,2026-09-05,London A-Z trade/service sitemap.,checkatrade,ceiling leak,checkatrade||ceiling leak,V2
Checkatrade,ceiling painters,London,https://www.checkatrade.com/sitemap/locations/London/C,london_trade_sitemap,2026-09-05,London A-Z trade/service sitemap.,checkatrade,ceiling painters,checkatrade||ceiling painters,V2
Checkatrade,ceiling repair,London,https://www.checkatrade.com/sitemap/locations/London/C,london_trade_sitemap,2026-09-05,London A-Z trade/service sitemap.,checkatrade,ceiling repair,checkatrade||ceiling repair,V2
Checkatrade,ceiling skimming,London,https://www.checkatrade.com/sitemap/locations/London/C,london_trade_sitemap,2026-09-05,London A-Z trade/service sitemap.,checkatrade,ceiling skimming,checkatrade||ceiling skimming,V2
Checkatrade,Central Heating,London,https://www.checkatrade.com/sitemap/locations/London/C,london_trade_sitemap,2026-09-05,London A-Z trade/service sitemap.,checkatrade,central heating,checkatrade||central heating,V2
Checkatrade,Central Heating Engineer,London,https://www.checkatrade.com/sitemap/locations/London/C,london_trade_sitemap,2026-09-05,London A-Z trade/service sitemap.,checkatrade,central heating engineer,checkatrade||central heating engineer,V2
Checkatrade,Central Heating Fitters,London,https://www.checkatrade.com/sitemap/locations/London/C,london_trade_sitemap,2026-09-05,London A-Z trade/service sitemap.,checkatrade,central heating fitters,checkatrade||central heating fitters,V2
Checkatrade,central heating leak detection,London,https://www.checkatrade.com/sitemap/locations/London/C,london_trade_sitemap,2026-09-05,London A-Z trade/service sitemap.,checkatrade,central heating leak detection,checkatrade||central heating leak detection,V2
Checkatrade,central heating power flush,London,https://www.checkatrade.com/sitemap/locations/London/C,london_trade_sitemap,2026-09-05,London A-Z trade/service sitemap.,checkatrade,central heating power flush,checkatrade||central heating power flush,V2
Checkatrade,Ceramic Tiling,London,https://www.checkatrade.com/sitemap/locations/London/C,london_trade_sitemap,2026-09-05,London A-Z trade/service sitemap.,checkatrade,ceramic tiling,checkatrade||ceramic tiling,V2
Checkatrade,Chartered Surveyor,London,https://www.checkatrade.com/sitemap/locations/London/C,london_trade_sitemap,2026-09-05,London A-Z trade/service sitemap.,checkatrade,chartered surveyor,checkatrade||chartered surveyor,V2
Checkatrade,Chauffeur,London,https://www.checkatrade.com/sitemap/locations/London/C,london_trade_sitemap,2026-09-05,London A-Z trade/service sitemap.,checkatrade,chauffeur,checkatrade||chauffeur,V2
Checkatrade,Cherry Picker,London,https://www.checkatrade.com/sitemap/locations/London/C,london_trade_sitemap,2026-09-05,London A-Z trade/service sitemap.,checkatrade,cherry picker,checkatrade||cherry picker,V2
Checkatrade,chimney and roof repair,London,https://www.checkatrade.com/sitemap/locations/London/C,london_trade_sitemap,2026-09-05,London A-Z trade/service sitemap.,checkatrade,chimney and roof repair,checkatrade||chimney and roof repair,V2
Checkatrade,chimney breast removal,London,https://www.checkatrade.com/sitemap/locations/London/C,london_trade_sitemap,2026-09-05,London A-Z trade/service sitemap.,checkatrade,chimney breast removal,checkatrade||chimney breast removal,V2
Checkatrade,chimney builders,London,https://www.checkatrade.com/sitemap/locations/London/C,london_trade_sitemap,2026-09-05,London A-Z trade/service sitemap.,checkatrade,chimney builders,checkatrade||chimney builders,V2
Checkatrade,chimney cap installation,London,https://www.checkatrade.com/sitemap/locations/London/C,london_trade_sitemap,2026-09-05,London A-Z trade/service sitemap.,checkatrade,chimney cap installation,checkatrade||chimney cap installation,V2
Checkatrade,chimney contractors,London,https://www.checkatrade.com/sitemap/locations/London/C,london_trade_sitemap,2026-09-05,London A-Z trade/service sitemap.,checkatrade,chimney contractors,checkatrade||chimney contractors,V2
Checkatrade,chimney cowl fitting,London,https://www.checkatrade.com/sitemap/locations/London/C,london_trade_sitemap,2026-09-05,London A-Z trade/service sitemap.,checkatrade,chimney cowl fitting,checkatrade||chimney cowl fitting,V2
Checkatrade,Chimney Cowlings Installation,London,https://www.checkatrade.com/sitemap/locations/London/C,london_trade_sitemap,2026-09-05,London A-Z trade/service sitemap.,checkatrade,chimney cowlings installation,checkatrade||chimney cowlings installation,V2
Checkatrade,Chimney Cowlings Repair,London,https://www.checkatrade.com/sitemap/locations/London/C,london_trade_sitemap,2026-09-05,London A-Z trade/service sitemap.,checkatrade,chimney cowlings repair,checkatrade||chimney cowlings repair,V2
Checkatrade,chimney flashing repair,London,https://www.checkatrade.com/sitemap/locations/London/C,london_trade_sitemap,2026-09-05,London A-Z trade/service sitemap.,checkatrade,chimney flashing repair,checkatrade||chimney flashing repair,V2
Checkatrade,chimney flue installers,London,https://www.checkatrade.com/sitemap/locations/London/C,london_trade_sitemap,2026-09-05,London A-Z trade/service sitemap.,checkatrade,chimney flue installers,checkatrade||chimney flue installers,V2
Checkatrade,chimney installers,London,https://www.checkatrade.com/sitemap/locations/London/C,london_trade_sitemap,2026-09-05,London A-Z trade/service sitemap.,checkatrade,chimney installers,checkatrade||chimney installers,V2
Checkatrade,chimney leak repair,London,https://www.checkatrade.com/sitemap/locations/London/C,london_trade_sitemap,2026-09-05,London A-Z trade/service sitemap.,checkatrade,chimney leak repair,checkatrade||chimney leak repair,V2
Checkatrade,chimney liner installers,London,https://www.checkatrade.com/sitemap/locations/London/C,london_trade_sitemap,2026-09-05,London A-Z trade/service sitemap.,checkatrade,chimney liner installers,checkatrade||chimney liner installers,V2
Checkatrade,chimney pointing,London,https://www.checkatrade.com/sitemap/locations/London/C,london_trade_sitemap,2026-09-05,London A-Z trade/service sitemap.,checkatrade,chimney pointing,checkatrade||chimney pointing,V2
Checkatrade,Chimney Relining,London,https://www.checkatrade.com/sitemap/locations/London/C,london_trade_sitemap,2026-09-05,London A-Z trade/service sitemap.,checkatrade,chimney relining,checkatrade||chimney relining,V2
Checkatrade,chimney rendering,London,https://www.checkatrade.com/sitemap/locations/London/C,london_trade_sitemap,2026-09-05,London A-Z trade/service sitemap.,checkatrade,chimney rendering,checkatrade||chimney rendering,V2
Checkatrade,chimney repair companies,London,https://www.checkatrade.com/sitemap/locations/London/C,london_trade_sitemap,2026-09-05,London A-Z trade/service sitemap.,checkatrade,chimney repair companies,checkatrade||chimney repair companies,V2
Checkatrade,chimney repair specialists,London,https://www.checkatrade.com/sitemap/locations/London/C,london_trade_sitemap,2026-09-05,London A-Z trade/service sitemap.,checkatrade,chimney repair specialists,checkatrade||chimney repair specialists,V2
Checkatrade,chimney replacement,London,https://www.checkatrade.com/sitemap/locations/London/C,london_trade_sitemap,2026-09-05,London A-Z trade/service sitemap.,checkatrade,chimney replacement,checkatrade||chimney replacement,V2
Checkatrade,chimney specialist,London,https://www.checkatrade.com/sitemap/locations/London/C,london_trade_sitemap,2026-09-05,London A-Z trade/service sitemap.,checkatrade,chimney specialist,checkatrade||chimney specialist,V2
Checkatrade,chimney stack repair,London,https://www.checkatrade.com/sitemap/locations/London/C,london_trade_sitemap,2026-09-05,London A-Z trade/service sitemap.,checkatrade,chimney stack repair,checkatrade||chimney stack repair,V2
Checkatrade,Chimney Sweep,London,https://www.checkatrade.com/sitemap/locations/London/C,london_trade_sitemap,2026-09-05,London A-Z trade/service sitemap.,checkatrade,chimney sweep,checkatrade||chimney sweep,V2
Checkatrade,chimney sweep and repair,London,https://www.checkatrade.com/sitemap/locations/London/C,london_trade_sitemap,2026-09-05,London A-Z trade/service sitemap.,checkatrade,chimney sweep and repair,checkatrade||chimney sweep and repair,V2
Checkatrade,Chimneys Installation,London,https://www.checkatrade.com/sitemap/locations/London/C,london_trade_sitemap,2026-09-05,London A-Z trade/service sitemap.,checkatrade,chimneys installation,checkatrade||chimneys installation,V2
Checkatrade,Chimneys Repair,London,https://www.checkatrade.com/sitemap/locations/London/C,london_trade_sitemap,2026-09-05,London A-Z trade/service sitemap.,checkatrade,chimneys repair,checkatrade||chimneys repair,V2
Checkatrade,Cladding,London,https://www.checkatrade.com/sitemap/locations/London/C,london_trade_sitemap,2026-09-05,London A-Z trade/service sitemap.,checkatrade,cladding,checkatrade||cladding,V2
Checkatrade,Cladding Installers,London,https://www.checkatrade.com/sitemap/locations/London/C,london_trade_sitemap,2026-09-05,London A-Z trade/service sitemap.,checkatrade,cladding installers,checkatrade||cladding installers,V2
Checkatrade,Classic Car Restoration,London,https://www.checkatrade.com/sitemap/locations/London/C,london_trade_sitemap,2026-09-05,London A-Z trade/service sitemap.,checkatrade,classic car restoration,checkatrade||classic car restoration,V2
Checkatrade,Cleaner,London,https://www.checkatrade.com/sitemap/locations/London/C,london_trade_sitemap,2026-09-05,London A-Z trade/service sitemap.,checkatrade,cleaner,checkatrade||cleaner,V2
Checkatrade,Cleaning Equipment Hire,London,https://www.checkatrade.com/sitemap/locations/London/C,london_trade_sitemap,2026-09-05,London A-Z trade/service sitemap.,checkatrade,cleaning equipment hire,checkatrade||cleaning equipment hire,V2
Checkatrade,Cleaning Services,London,https://www.checkatrade.com/sitemap/locations/London/C,london_trade_sitemap,2026-09-05,London A-Z trade/service sitemap.,checkatrade,cleaning services,checkatrade||cleaning services,V2
Checkatrade,Cleaning Supplies,London,https://www.checkatrade.com/sitemap/locations/London/C,london_trade_sitemap,2026-09-05,London A-Z trade/service sitemap.,checkatrade,cleaning supplies,checkatrade||cleaning supplies,V2
Checkatrade,Close Board Fencing,London,https://www.checkatrade.com/sitemap/locations/London/C,london_trade_sitemap,2026-09-05,London A-Z trade/service sitemap.,checkatrade,close board fencing,checkatrade||close board fencing,V2
Checkatrade,Clutches,London,https://www.checkatrade.com/sitemap/locations/London/C,london_trade_sitemap,2026-09-05,London A-Z trade/service sitemap.,checkatrade,clutches,checkatrade||clutches,V2
Checkatrade,collapsed drain repair,London,https://www.checkatrade.com/sitemap/locations/London/C,london_trade_sitemap,2026-09-05,London A-Z trade/service sitemap.,checkatrade,collapsed drain repair,checkatrade||collapsed drain repair,V2
Checkatrade,Combi Boiler Installation,London,https://www.checkatrade.com/sitemap/locations/London/C,london_trade_sitemap,2026-09-05,London A-Z trade/service sitemap.,checkatrade,combi boiler installation,checkatrade||combi boiler installation,V2
Checkatrade,Commercial Agents,London,https://www.checkatrade.com/sitemap/locations/London/C,london_trade_sitemap,2026-09-05,London A-Z trade/service sitemap.,checkatrade,commercial agents,checkatrade||commercial agents,V2
Checkatrade,Commercial Cleaning,London,https://www.checkatrade.com/sitemap/locations/London/C,london_trade_sitemap,2026-09-05,London A-Z trade/service sitemap.,checkatrade,commercial cleaning,checkatrade||commercial cleaning,V2
Checkatrade,Commercial Deliveries,London,https://www.checkatrade.com/sitemap/locations/London/C,london_trade_sitemap,2026-09-05,London A-Z trade/service sitemap.,checkatrade,commercial deliveries,checkatrade||commercial deliveries,V2
Checkatrade,Commercial Grass Cutting,London,https://www.checkatrade.com/sitemap/locations/London/C,london_trade_sitemap,2026-09-05,London A-Z trade/service sitemap.,checkatrade,commercial grass cutting,checkatrade||commercial grass cutting,V2
Checkatrade,Commercial Interior Design,London,https://www.checkatrade.com/sitemap/locations/London/C,london_trade_sitemap,2026-09-05,London A-Z trade/service sitemap.,checkatrade,commercial interior design,checkatrade||commercial interior design,V2
Checkatrade,Commercial Oven Cleaner,London,https://www.checkatrade.com/sitemap/locations/London/C,london_trade_sitemap,2026-09-05,London A-Z trade/service sitemap.,checkatrade,commercial oven cleaner,checkatrade||commercial oven cleaner,V2
Checkatrade,commercial roof replacement,London,https://www.checkatrade.com/sitemap/locations/London/C,london_trade_sitemap,2026-09-05,London A-Z trade/service sitemap.,checkatrade,commercial roof replacement,checkatrade||commercial roof replacement,V2
Checkatrade,Communal Aerial / Satellites,London,https://www.checkatrade.com/sitemap/locations/London/C,london_trade_sitemap,2026-09-05,London A-Z trade/service sitemap.,checkatrade,communal aerial satellites,checkatrade||communal aerial satellites,V2
Checkatrade,Composite Decking,London,https://www.checkatrade.com/sitemap/locations/London/C,london_trade_sitemap,2026-09-05,London A-Z trade/service sitemap.,checkatrade,composite decking,checkatrade||composite decking,V2
Checkatrade,Composite Front Doors Installation,London,https://www.checkatrade.com/sitemap/locations/London/C,london_trade_sitemap,2026-09-05,London A-Z trade/service sitemap.,checkatrade,composite front doors installation,checkatrade||composite front doors installation,V2
Checkatrade,Composite Front Doors Repair,London,https://www.checkatrade.com/sitemap/locations/London/C,london_trade_sitemap,2026-09-05,London A-Z trade/service sitemap.,checkatrade,composite front doors repair,checkatrade||composite front doors repair,V2
Checkatrade,Computer Maintenance,London,https://www.checkatrade.com/sitemap/locations/London/C,london_trade_sitemap,2026-09-05,London A-Z trade/service sitemap.,checkatrade,computer maintenance,checkatrade||computer maintenance,V2
Checkatrade,Computer Repair,London,https://www.checkatrade.com/sitemap/locations/London/C,london_trade_sitemap,2026-09-05,London A-Z trade/service sitemap.,checkatrade,computer repair,checkatrade||computer repair,V2
Checkatrade,Computer Sales,London,https://www.checkatrade.com/sitemap/locations/London/C,london_trade_sitemap,2026-09-05,London A-Z trade/service sitemap.,checkatrade,computer sales,checkatrade||computer sales,V2
Checkatrade,Computer Training / Consultancy,London,https://www.checkatrade.com/sitemap/locations/London/C,london_trade_sitemap,2026-09-05,London A-Z trade/service sitemap.,checkatrade,computer training consultancy,checkatrade||computer training consultancy,V2
Checkatrade,Concrete / Finlock Gutter Replacement,London,https://www.checkatrade.com/sitemap/locations/London/C,london_trade_sitemap,2026-09-05,London A-Z trade/service sitemap.,checkatrade,concrete finlock gutter replacement,checkatrade||concrete finlock gutter replacement,V2
Checkatrade,Concrete / Finlock Guttering,London,https://www.checkatrade.com/sitemap/locations/London/C,london_trade_sitemap,2026-09-05,London A-Z trade/service sitemap.,checkatrade,concrete finlock guttering,checkatrade||concrete finlock guttering,V2
Checkatrade,Concrete Contractor,London,https://www.checkatrade.com/sitemap/locations/London/C,london_trade_sitemap,2026-09-05,London A-Z trade/service sitemap.,checkatrade,concrete contractor,checkatrade||concrete contractor,V2
Checkatrade,Concrete Driveway,London,https://www.checkatrade.com/sitemap/locations/London/C,london_trade_sitemap,2026-09-05,London A-Z trade/service sitemap.,checkatrade,concrete driveway,checkatrade||concrete driveway,V2
Checkatrade,Concrete Driveways,London,https://www.checkatrade.com/sitemap/locations/London/C,london_trade_sitemap,2026-09-05,London A-Z trade/service sitemap.,checkatrade,concrete driveways,checkatrade||concrete driveways,V2
Checkatrade,Concrete Flooring Specialist,London,https://www.checkatrade.com/sitemap/locations/London/C,london_trade_sitemap,2026-09-05,London A-Z trade/service sitemap.,checkatrade,concrete flooring specialist,checkatrade||concrete flooring specialist,V2
Checkatrade,Concrete Garages,London,https://www.checkatrade.com/sitemap/locations/London/C,london_trade_sitemap,2026-09-05,London A-Z trade/service sitemap.,checkatrade,concrete garages,checkatrade||concrete garages,V2
Checkatrade,Concrete Repair,London,https://www.checkatrade.com/sitemap/locations/London/C,london_trade_sitemap,2026-09-05,London A-Z trade/service sitemap.,checkatrade,concrete repair,checkatrade||concrete repair,V2
Checkatrade,Concreting,London,https://www.checkatrade.com/sitemap/locations/London/C,london_trade_sitemap,2026-09-05,London A-Z trade/service sitemap.,checkatrade,concreting,checkatrade||concreting,V2
Checkatrade,Condensation Control,London,https://www.checkatrade.com/sitemap/locations/London/C,london_trade_sitemap,2026-09-05,London A-Z trade/service sitemap.,checkatrade,condensation control,checkatrade||condensation control,V2
Checkatrade,Conservatory Blinds,London,https://www.checkatrade.com/sitemap/locations/London/C,london_trade_sitemap,2026-09-05,London A-Z trade/service sitemap.,checkatrade,conservatory blinds,checkatrade||conservatory blinds,V2
Checkatrade,Conservatory Cleaning,London,https://www.checkatrade.com/sitemap/locations/London/C,london_trade_sitemap,2026-09-05,London A-Z trade/service sitemap.,checkatrade,conservatory cleaning,checkatrade||conservatory cleaning,V2
Checkatrade,Conservatory Glass Heat Reduction Film,London,https://www.checkatrade.com/sitemap/locations/London/C,london_trade_sitemap,2026-09-05,London A-Z trade/service sitemap.,checkatrade,conservatory glass heat reduction film,checkatrade||conservatory glass heat reduction film,V2
Checkatrade,conservatory glass roof repairs,London,https://www.checkatrade.com/sitemap/locations/London/C,london_trade_sitemap,2026-09-05,London A-Z trade/service sitemap.,checkatrade,conservatory glass roof repairs,checkatrade||conservatory glass roof repairs,V2
Checkatrade,Conservatory Installation,London,https://www.checkatrade.com/sitemap/locations/London/C,london_trade_sitemap,2026-09-05,London A-Z trade/service sitemap.,checkatrade,conservatory installation,checkatrade||conservatory installation,V2
Checkatrade,Conservatory Repairs,London,https://www.checkatrade.com/sitemap/locations/London/C,london_trade_sitemap,2026-09-05,London A-Z trade/service sitemap.,checkatrade,conservatory repairs,checkatrade||conservatory repairs,V2
Checkatrade,Conservatory Roof Conversions,London,https://www.checkatrade.com/sitemap/locations/London/C,london_trade_sitemap,2026-09-05,London A-Z trade/service sitemap.,checkatrade,conservatory roof conversions,checkatrade||conservatory roof conversions,V2
Checkatrade,Conservatory Roof Insulation,London,https://www.checkatrade.com/sitemap/locations/London/C,london_trade_sitemap,2026-09-05,London A-Z trade/service sitemap.,checkatrade,conservatory roof insulation,checkatrade||conservatory roof insulation,V2
Checkatrade,conservatory roof leak repairs,London,https://www.checkatrade.com/sitemap/locations/London/C,london_trade_sitemap,2026-09-05,London A-Z trade/service sitemap.,checkatrade,conservatory roof leak repairs,checkatrade||conservatory roof leak repairs,V2
Checkatrade,conservatory roof repair,London,https://www.checkatrade.com/sitemap/locations/London/C,london_trade_sitemap,2026-09-05,London A-Z trade/service sitemap.,checkatrade,conservatory roof repair,checkatrade||conservatory roof repair,V2
Checkatrade,conservatory roof specialists,London,https://www.checkatrade.com/sitemap/locations/London/C,london_trade_sitemap,2026-09-05,London A-Z trade/service sitemap.,checkatrade,conservatory roof specialists,checkatrade||conservatory roof specialists,V2
Checkatrade,Core Drilling,London,https://www.checkatrade.com/sitemap/locations/London/C,london_trade_sitemap,2026-09-05,London A-Z trade/service sitemap.,checkatrade,core drilling,checkatrade||core drilling,V2
Checkatrade,Corporate Filming,London,https://www.checkatrade.com/sitemap/locations/London/C,london_trade_sitemap,2026-09-05,London A-Z trade/service sitemap.,checkatrade,corporate filming,checkatrade||corporate filming,V2
Checkatrade,corrugated roofing suppliers,London,https://www.checkatrade.com/sitemap/locations/London/C,london_trade_sitemap,2026-09-05,London A-Z trade/service sitemap.,checkatrade,corrugated roofing suppliers,checkatrade||corrugated roofing suppliers,V2
Checkatrade,Courier Services,London,https://www.checkatrade.com/sitemap/locations/London/C,london_trade_sitemap,2026-09-05,London A-Z trade/service sitemap.,checkatrade,courier services,checkatrade||courier services,V2
Checkatrade,Coving,London,https://www.checkatrade.com/sitemap/locations/London/C,london_trade_sitemap,2026-09-05,London A-Z trade/service sitemap.,checkatrade,coving,checkatrade||coving,V2
Checkatrade,coving installers,London,https://www.checkatrade.com/sitemap/locations/London/C,london_trade_sitemap,2026-09-05,London A-Z trade/service sitemap.,checkatrade,coving installers,checkatrade||coving installers,V2
Checkatrade,coving suppliers,London,https://www.checkatrade.com/sitemap/locations/London/C,london_trade_sitemap,2026-09-05,London A-Z trade/service sitemap.,checkatrade,coving suppliers,checkatrade||coving suppliers,V2
Checkatrade,Crane Hire,London,https://www.checkatrade.com/sitemap/locations/London/C,london_trade_sitemap,2026-09-05,London A-Z trade/service sitemap.,checkatrade,crane hire,checkatrade||crane hire,V2
Checkatrade,Crown Reduction,London,https://www.checkatrade.com/sitemap/locations/London/C,london_trade_sitemap,2026-09-05,London A-Z trade/service sitemap.,checkatrade,crown reduction,checkatrade||crown reduction,V2
Checkatrade,Crown Thinning,London,https://www.checkatrade.com/sitemap/locations/London/C,london_trade_sitemap,2026-09-05,London A-Z trade/service sitemap.,checkatrade,crown thinning,checkatrade||crown thinning,V2
Checkatrade,Cupboards,London,https://www.checkatrade.com/sitemap/locations/London/C,london_trade_sitemap,2026-09-05,London A-Z trade/service sitemap.,checkatrade,cupboards,checkatrade||cupboards,V2
Checkatrade,Curtain / Blind Fitters,London,https://www.checkatrade.com/sitemap/locations/London/C,london_trade_sitemap,2026-09-05,London A-Z trade/service sitemap.,checkatrade,curtain blind fitters,checkatrade||curtain blind fitters,V2
Checkatrade,Curtain Cleaning,London,https://www.checkatrade.com/sitemap/locations/London/C,london_trade_sitemap,2026-09-05,London A-Z trade/service sitemap.,checkatrade,curtain cleaning,checkatrade||curtain cleaning,V2
Checkatrade,Curtain Fitter,London,https://www.checkatrade.com/sitemap/locations/London/C,london_trade_sitemap,2026-09-05,London A-Z trade/service sitemap.,checkatrade,curtain fitter,checkatrade||curtain fitter,V2
Checkatrade,Curtain Poles / Tracks,London,https://www.checkatrade.com/sitemap/locations/London/C,london_trade_sitemap,2026-09-05,London A-Z trade/service sitemap.,checkatrade,curtain poles tracks,checkatrade||curtain poles tracks,V2
Checkatrade,Curtain Supply & Fit,London,https://www.checkatrade.com/sitemap/locations/London/C,london_trade_sitemap,2026-09-05,London A-Z trade/service sitemap.,checkatrade,curtain supply and fit,checkatrade||curtain supply and fit,V2
Checkatrade,Curtains / Blinds / Shutters,London,https://www.checkatrade.com/sitemap/locations/London/C,london_trade_sitemap,2026-09-05,London A-Z trade/service sitemap.,checkatrade,curtains blinds shutters,checkatrade||curtains blinds shutters,V2
Checkatrade,custom gazebo builders,London,https://www.checkatrade.com/sitemap/locations/London/C,london_trade_sitemap,2026-09-05,London A-Z trade/service sitemap.,checkatrade,custom gazebo builders,checkatrade||custom gazebo builders,V2
Checkatrade,custom made internal doors,London,https://www.checkatrade.com/sitemap/locations/London/C,london_trade_sitemap,2026-09-05,London A-Z trade/service sitemap.,checkatrade,custom made internal doors,checkatrade||custom made internal doors,V2
Checkatrade,custom made wooden external doors,London,https://www.checkatrade.com/sitemap/locations/London/C,london_trade_sitemap,2026-09-05,London A-Z trade/service sitemap.,checkatrade,custom made wooden external doors,checkatrade||custom made wooden external doors,V2
Checkatrade,custom pergola builders,London,https://www.checkatrade.com/sitemap/locations/London/C,london_trade_sitemap,2026-09-05,London A-Z trade/service sitemap.,checkatrade,custom pergola builders,checkatrade||custom pergola builders,V2
Checkatrade,custom roof trusses,London,https://www.checkatrade.com/sitemap/locations/London/C,london_trade_sitemap,2026-09-05,London A-Z trade/service sitemap.,checkatrade,custom roof trusses,checkatrade||custom roof trusses,V2
Checkatrade,custom shed builders,London,https://www.checkatrade.com/sitemap/locations/London/C,london_trade_sitemap,2026-09-05,London A-Z trade/service sitemap.,checkatrade,custom shed builders,checkatrade||custom shed builders,V2
Checkatrade,custom stair railing,London,https://www.checkatrade.com/sitemap/locations/London/C,london_trade_sitemap,2026-09-05,London A-Z trade/service sitemap.,checkatrade,custom stair railing,checkatrade||custom stair railing,V2
Checkatrade,Cyber Security Training,London,https://www.checkatrade.com/sitemap/locations/London/C,london_trade_sitemap,2026-09-05,London A-Z trade/service sitemap.,checkatrade,cyber security training,checkatrade||cyber security training,V2
Checkatrade,Damp Investigation,London,https://www.checkatrade.com/sitemap/locations/London/D,london_trade_sitemap,2026-09-05,London A-Z trade/service sitemap.,checkatrade,damp investigation,checkatrade||damp investigation,V2
Checkatrade,Damp Proofer,London,https://www.checkatrade.com/sitemap/locations/London/D,london_trade_sitemap,2026-09-05,London A-Z trade/service sitemap.,checkatrade,damp proofer,checkatrade||damp proofer,V2
Checkatrade,Damp Survey,London,https://www.checkatrade.com/sitemap/locations/London/D,london_trade_sitemap,2026-09-05,London A-Z trade/service sitemap.,checkatrade,damp survey,checkatrade||damp survey,V2
Checkatrade,Data Recovery / Back up,London,https://www.checkatrade.com/sitemap/locations/London/D,london_trade_sitemap,2026-09-05,London A-Z trade/service sitemap.,checkatrade,data recovery back up,checkatrade||data recovery back up,V2
Checkatrade,Data Shredding,London,https://www.checkatrade.com/sitemap/locations/London/D,london_trade_sitemap,2026-09-05,London A-Z trade/service sitemap.,checkatrade,data shredding,checkatrade||data shredding,V2
Checkatrade,deck and gazebo builders,London,https://www.checkatrade.com/sitemap/locations/London/D,london_trade_sitemap,2026-09-05,London A-Z trade/service sitemap.,checkatrade,deck and gazebo builders,checkatrade||deck and gazebo builders,V2
Checkatrade,deck painters,London,https://www.checkatrade.com/sitemap/locations/London/D,london_trade_sitemap,2026-09-05,London A-Z trade/service sitemap.,checkatrade,deck painters,checkatrade||deck painters,V2
Checkatrade,Decking,London,https://www.checkatrade.com/sitemap/locations/London/D,london_trade_sitemap,2026-09-05,London A-Z trade/service sitemap.,checkatrade,decking,checkatrade||decking,V2
Checkatrade,Decking Cleaning,London,https://www.checkatrade.com/sitemap/locations/London/D,london_trade_sitemap,2026-09-05,London A-Z trade/service sitemap.,checkatrade,decking cleaning,checkatrade||decking cleaning,V2
Checkatrade,Decluttering,London,https://www.checkatrade.com/sitemap/locations/London/D,london_trade_sitemap,2026-09-05,London A-Z trade/service sitemap.,checkatrade,decluttering,checkatrade||decluttering,V2
Checkatrade,Deep Cleaning Services,London,https://www.checkatrade.com/sitemap/locations/London/D,london_trade_sitemap,2026-09-05,London A-Z trade/service sitemap.,checkatrade,deep cleaning services,checkatrade||deep cleaning services,V2
Checkatrade,Demolition,London,https://www.checkatrade.com/sitemap/locations/London/D,london_trade_sitemap,2026-09-05,London A-Z trade/service sitemap.,checkatrade,demolition,checkatrade||demolition,V2
Checkatrade,Demolition Companies,London,https://www.checkatrade.com/sitemap/locations/London/D,london_trade_sitemap,2026-09-05,London A-Z trade/service sitemap.,checkatrade,demolition companies,checkatrade||demolition companies,V2
Checkatrade,Demolition Contractors,London,https://www.checkatrade.com/sitemap/locations/London/D,london_trade_sitemap,2026-09-05,London A-Z trade/service sitemap.,checkatrade,demolition contractors,checkatrade||demolition contractors,V2
Checkatrade,Dent Repair,London,https://www.checkatrade.com/sitemap/locations/London/D,london_trade_sitemap,2026-09-05,London A-Z trade/service sitemap.,checkatrade,dent repair,checkatrade||dent repair,V2
Checkatrade,Diagnostic Testing,London,https://www.checkatrade.com/sitemap/locations/London/D,london_trade_sitemap,2026-09-05,London A-Z trade/service sitemap.,checkatrade,diagnostic testing,checkatrade||diagnostic testing,V2
Checkatrade,Diamond Drilling,London,https://www.checkatrade.com/sitemap/locations/London/D,london_trade_sitemap,2026-09-05,London A-Z trade/service sitemap.,checkatrade,diamond drilling,checkatrade||diamond drilling,V2
Checkatrade,Digital Smart Door Lock Installation,London,https://www.checkatrade.com/sitemap/locations/London/D,london_trade_sitemap,2026-09-05,London A-Z trade/service sitemap.,checkatrade,digital smart door lock installation,checkatrade||digital smart door lock installation,V2
Checkatrade,Disabled Bathrooms / Showers,London,https://www.checkatrade.com/sitemap/locations/London/D,london_trade_sitemap,2026-09-05,London A-Z trade/service sitemap.,checkatrade,disabled bathrooms showers,checkatrade||disabled bathrooms showers,V2
Checkatrade,Disaster / Trauma Cleaning,London,https://www.checkatrade.com/sitemap/locations/London/D,london_trade_sitemap,2026-09-05,London A-Z trade/service sitemap.,checkatrade,disaster trauma cleaning,checkatrade||disaster trauma cleaning,V2
Checkatrade,dishwasher draining,London,https://www.checkatrade.com/sitemap/locations/London/D,london_trade_sitemap,2026-09-05,London A-Z trade/service sitemap.,checkatrade,dishwasher draining,checkatrade||dishwasher draining,V2
Checkatrade,dishwasher plumber,London,https://www.checkatrade.com/sitemap/locations/London/D,london_trade_sitemap,2026-09-05,London A-Z trade/service sitemap.,checkatrade,dishwasher plumber,checkatrade||dishwasher plumber,V2
Checkatrade,Dishwasher Repair,London,https://www.checkatrade.com/sitemap/locations/London/D,london_trade_sitemap,2026-09-05,London A-Z trade/service sitemap.,checkatrade,dishwasher repair,checkatrade||dishwasher repair,V2
Checkatrade,Dog Flaps,London,https://www.checkatrade.com/sitemap/locations/London/D,london_trade_sitemap,2026-09-05,London A-Z trade/service sitemap.,checkatrade,dog flaps,checkatrade||dog flaps,V2
Checkatrade,Domestic Cleaning,London,https://www.checkatrade.com/sitemap/locations/London/D,london_trade_sitemap,2026-09-05,London A-Z trade/service sitemap.,checkatrade,domestic cleaning,checkatrade||domestic cleaning,V2
Checkatrade,Domestic Oven Cleaning,London,https://www.checkatrade.com/sitemap/locations/London/D,london_trade_sitemap,2026-09-05,London A-Z trade/service sitemap.,checkatrade,domestic oven cleaning,checkatrade||domestic oven cleaning,V2
Checkatrade,Door Canopies,London,https://www.checkatrade.com/sitemap/locations/London/D,london_trade_sitemap,2026-09-05,London A-Z trade/service sitemap.,checkatrade,door canopies,checkatrade||door canopies,V2
Checkatrade,door dipping,London,https://www.checkatrade.com/sitemap/locations/London/D,london_trade_sitemap,2026-09-05,London A-Z trade/service sitemap.,checkatrade,door dipping,checkatrade||door dipping,V2
Checkatrade,Door Fitting / Hanging,London,https://www.checkatrade.com/sitemap/locations/London/D,london_trade_sitemap,2026-09-05,London A-Z trade/service sitemap.,checkatrade,door fitting hanging,checkatrade||door fitting hanging,V2
Checkatrade,door joinery,London,https://www.checkatrade.com/sitemap/locations/London/D,london_trade_sitemap,2026-09-05,London A-Z trade/service sitemap.,checkatrade,door joinery,checkatrade||door joinery,V2
Checkatrade,door paint stripping service,London,https://www.checkatrade.com/sitemap/locations/London/D,london_trade_sitemap,2026-09-05,London A-Z trade/service sitemap.,checkatrade,door paint stripping service,checkatrade||door paint stripping service,V2
Checkatrade,Door Stripping,London,https://www.checkatrade.com/sitemap/locations/London/D,london_trade_sitemap,2026-09-05,London A-Z trade/service sitemap.,checkatrade,door stripping,checkatrade||door stripping,V2
Checkatrade,Doors Opened / Unlocked,London,https://www.checkatrade.com/sitemap/locations/London/D,london_trade_sitemap,2026-09-05,London A-Z trade/service sitemap.,checkatrade,doors opened unlocked,checkatrade||doors opened unlocked,V2
Checkatrade,Doors Supply,London,https://www.checkatrade.com/sitemap/locations/London/D,london_trade_sitemap,2026-09-05,London A-Z trade/service sitemap.,checkatrade,doors supply,checkatrade||doors supply,V2
Checkatrade,Dormer / Roof Windows,London,https://www.checkatrade.com/sitemap/locations/London/D,london_trade_sitemap,2026-09-05,London A-Z trade/service sitemap.,checkatrade,dormer roof windows,checkatrade||dormer roof windows,V2
Checkatrade,dormer installation,London,https://www.checkatrade.com/sitemap/locations/London/D,london_trade_sitemap,2026-09-05,London A-Z trade/service sitemap.,checkatrade,dormer installation,checkatrade||dormer installation,V2
Checkatrade,dormer window installation,London,https://www.checkatrade.com/sitemap/locations/London/D,london_trade_sitemap,2026-09-05,London A-Z trade/service sitemap.,checkatrade,dormer window installation,checkatrade||dormer window installation,V2
Checkatrade,Double Glazing Installation,London,https://www.checkatrade.com/sitemap/locations/London/D,london_trade_sitemap,2026-09-05,London A-Z trade/service sitemap.,checkatrade,double glazing installation,checkatrade||double glazing installation,V2
Checkatrade,Double Glazing Repair,London,https://www.checkatrade.com/sitemap/locations/London/D,london_trade_sitemap,2026-09-05,London A-Z trade/service sitemap.,checkatrade,double glazing repair,checkatrade||double glazing repair,V2
Checkatrade,Drain / Sewer Clearance,London,https://www.checkatrade.com/sitemap/locations/London/D,london_trade_sitemap,2026-09-05,London A-Z trade/service sitemap.,checkatrade,drain sewer clearance,checkatrade||drain sewer clearance,V2
Checkatrade,Drain Installation,London,https://www.checkatrade.com/sitemap/locations/London/D,london_trade_sitemap,2026-09-05,London A-Z trade/service sitemap.,checkatrade,drain installation,checkatrade||drain installation,V2
Checkatrade,drain pipe repair,London,https://www.checkatrade.com/sitemap/locations/London/D,london_trade_sitemap,2026-09-05,London A-Z trade/service sitemap.,checkatrade,drain pipe repair,checkatrade||drain pipe repair,V2
Checkatrade,drain pipe replacement,London,https://www.checkatrade.com/sitemap/locations/London/D,london_trade_sitemap,2026-09-05,London A-Z trade/service sitemap.,checkatrade,drain pipe replacement,checkatrade||drain pipe replacement,V2
Checkatrade,Drain Relining,London,https://www.checkatrade.com/sitemap/locations/London/D,london_trade_sitemap,2026-09-05,London A-Z trade/service sitemap.,checkatrade,drain relining,checkatrade||drain relining,V2
Checkatrade,Drain Repair,London,https://www.checkatrade.com/sitemap/locations/London/D,london_trade_sitemap,2026-09-05,London A-Z trade/service sitemap.,checkatrade,drain repair,checkatrade||drain repair,V2
Checkatrade,Drainage Investigation,London,https://www.checkatrade.com/sitemap/locations/London/D,london_trade_sitemap,2026-09-05,London A-Z trade/service sitemap.,checkatrade,drainage investigation,checkatrade||drainage investigation,V2
Checkatrade,Draught Proofing,London,https://www.checkatrade.com/sitemap/locations/London/D,london_trade_sitemap,2026-09-05,London A-Z trade/service sitemap.,checkatrade,draught proofing,checkatrade||draught proofing,V2
Checkatrade,dripping tap,London,https://www.checkatrade.com/sitemap/locations/London/D,london_trade_sitemap,2026-09-05,London A-Z trade/service sitemap.,checkatrade,dripping tap,checkatrade||dripping tap,V2
Checkatrade,Driveway / Patio Design,London,https://www.checkatrade.com/sitemap/locations/London/D,london_trade_sitemap,2026-09-05,London A-Z trade/service sitemap.,checkatrade,driveway patio design,checkatrade||driveway patio design,V2
Checkatrade,Driveway Cleaning / Patio Cleaning,London,https://www.checkatrade.com/sitemap/locations/London/D,london_trade_sitemap,2026-09-05,London A-Z trade/service sitemap.,checkatrade,driveway cleaning patio cleaning,checkatrade||driveway cleaning patio cleaning,V2
Checkatrade,Driveway Cleaning / Sealing,London,https://www.checkatrade.com/sitemap/locations/London/D,london_trade_sitemap,2026-09-05,London A-Z trade/service sitemap.,checkatrade,driveway cleaning sealing,checkatrade||driveway cleaning sealing,V2
Checkatrade,Driveway Repair,London,https://www.checkatrade.com/sitemap/locations/London/D,london_trade_sitemap,2026-09-05,London A-Z trade/service sitemap.,checkatrade,driveway repair,checkatrade||driveway repair,V2
Checkatrade,Driveways / Patios / Paths,London,https://www.checkatrade.com/sitemap/locations/London/D,london_trade_sitemap,2026-09-05,London A-Z trade/service sitemap.,checkatrade,driveways patios paths,checkatrade||driveways patios paths,V2
Checkatrade,Drone Aerial Roof & Building Surveying,London,https://www.checkatrade.com/sitemap/locations/London/D,london_trade_sitemap,2026-09-05,London A-Z trade/service sitemap.,checkatrade,drone aerial roof and building surveying,checkatrade||drone aerial roof and building surveying,V2
Checkatrade,Drone Roof Inspection,London,https://www.checkatrade.com/sitemap/locations/London/D,london_trade_sitemap,2026-09-05,London A-Z trade/service sitemap.,checkatrade,drone roof inspection,checkatrade||drone roof inspection,V2
Checkatrade,Drone Surveying,London,https://www.checkatrade.com/sitemap/locations/London/D,london_trade_sitemap,2026-09-05,London A-Z trade/service sitemap.,checkatrade,drone surveying,checkatrade||drone surveying,V2
Checkatrade,Drop Ceiling Installation,London,https://www.checkatrade.com/sitemap/locations/London/D,london_trade_sitemap,2026-09-05,London A-Z trade/service sitemap.,checkatrade,drop ceiling installation,checkatrade||drop ceiling installation,V2
Checkatrade,Drop Ceiling Repair,London,https://www.checkatrade.com/sitemap/locations/London/D,london_trade_sitemap,2026-09-05,London A-Z trade/service sitemap.,checkatrade,drop ceiling repair,checkatrade||drop ceiling repair,V2
Checkatrade,Drop Kerbs,London,https://www.checkatrade.com/sitemap/locations/London/D,london_trade_sitemap,2026-09-05,London A-Z trade/service sitemap.,checkatrade,drop kerbs,checkatrade||drop kerbs,V2
Checkatrade,Dry Cleaning,London,https://www.checkatrade.com/sitemap/locations/London/D,london_trade_sitemap,2026-09-05,London A-Z trade/service sitemap.,checkatrade,dry cleaning,checkatrade||dry cleaning,V2
Checkatrade,Dry Lining,London,https://www.checkatrade.com/sitemap/locations/London/D,london_trade_sitemap,2026-09-05,London A-Z trade/service sitemap.,checkatrade,dry lining,checkatrade||dry lining,V2
Checkatrade,dry lining companies,London,https://www.checkatrade.com/sitemap/locations/London/D,london_trade_sitemap,2026-09-05,London A-Z trade/service sitemap.,checkatrade,dry lining companies,checkatrade||dry lining companies,V2
Checkatrade,dry lining contractors,London,https://www.checkatrade.com/sitemap/locations/London/D,london_trade_sitemap,2026-09-05,London A-Z trade/service sitemap.,checkatrade,dry lining contractors,checkatrade||dry lining contractors,V2
Checkatrade,Dry Ridge Installation,London,https://www.checkatrade.com/sitemap/locations/London/D,london_trade_sitemap,2026-09-05,London A-Z trade/service sitemap.,checkatrade,dry ridge installation,checkatrade||dry ridge installation,V2
Checkatrade,Dry Ridge Repair,London,https://www.checkatrade.com/sitemap/locations/London/D,london_trade_sitemap,2026-09-05,London A-Z trade/service sitemap.,checkatrade,dry ridge repair,checkatrade||dry ridge repair,V2
Checkatrade,Dry Rot Treatment,London,https://www.checkatrade.com/sitemap/locations/London/D,london_trade_sitemap,2026-09-05,London A-Z trade/service sitemap.,checkatrade,dry rot treatment,checkatrade||dry rot treatment,V2
Checkatrade,Dry Stone Walling,London,https://www.checkatrade.com/sitemap/locations/London/D,london_trade_sitemap,2026-09-05,London A-Z trade/service sitemap.,checkatrade,dry stone walling,checkatrade||dry stone walling,V2
Checkatrade,Dry Verge Installation,London,https://www.checkatrade.com/sitemap/locations/London/D,london_trade_sitemap,2026-09-05,London A-Z trade/service sitemap.,checkatrade,dry verge installation,checkatrade||dry verge installation,V2
Checkatrade,Dry Verge Repair,London,https://www.checkatrade.com/sitemap/locations/London/D,london_trade_sitemap,2026-09-05,London A-Z trade/service sitemap.,checkatrade,dry verge repair,checkatrade||dry verge repair,V2
Checkatrade,drywall ceiling contractors,London,https://www.checkatrade.com/sitemap/locations/London/D,london_trade_sitemap,2026-09-05,London A-Z trade/service sitemap.,checkatrade,drywall ceiling contractors,checkatrade||drywall ceiling contractors,V2
Checkatrade,drywall installers,London,https://www.checkatrade.com/sitemap/locations/London/D,london_trade_sitemap,2026-09-05,London A-Z trade/service sitemap.,checkatrade,drywall installers,checkatrade||drywall installers,V2
Checkatrade,drywall repair,London,https://www.checkatrade.com/sitemap/locations/London/D,london_trade_sitemap,2026-09-05,London A-Z trade/service sitemap.,checkatrade,drywall repair,checkatrade||drywall repair,V2
Checkatrade,drywall replacement,London,https://www.checkatrade.com/sitemap/locations/London/D,london_trade_sitemap,2026-09-05,London A-Z trade/service sitemap.,checkatrade,drywall replacement,checkatrade||drywall replacement,V2
Checkatrade,drywall taping,London,https://www.checkatrade.com/sitemap/locations/London/D,london_trade_sitemap,2026-09-05,London A-Z trade/service sitemap.,checkatrade,drywall taping,checkatrade||drywall taping,V2
Checkatrade,Dust / Fume Extraction,London,https://www.checkatrade.com/sitemap/locations/London/D,london_trade_sitemap,2026-09-05,London A-Z trade/service sitemap.,checkatrade,dust fume extraction,checkatrade||dust fume extraction,V2
Checkatrade,Eco Builders,London,https://www.checkatrade.com/sitemap/locations/London/E,london_trade_sitemap,2026-09-05,London A-Z trade/service sitemap.,checkatrade,eco builders,checkatrade||eco builders,V2
Checkatrade,Electric / Remote Blinds,London,https://www.checkatrade.com/sitemap/locations/London/E,london_trade_sitemap,2026-09-05,London A-Z trade/service sitemap.,checkatrade,electric remote blinds,checkatrade||electric remote blinds,V2
Checkatrade,Electric Boiler Installation,London,https://www.checkatrade.com/sitemap/locations/London/E,london_trade_sitemap,2026-09-05,London A-Z trade/service sitemap.,checkatrade,electric boiler installation,checkatrade||electric boiler installation,V2
Checkatrade,Electric Boiler Servicing / Repair,London,https://www.checkatrade.com/sitemap/locations/London/E,london_trade_sitemap,2026-09-05,London A-Z trade/service sitemap.,checkatrade,electric boiler servicing repair,checkatrade||electric boiler servicing repair,V2
Checkatrade,Electric Cookers,London,https://www.checkatrade.com/sitemap/locations/London/E,london_trade_sitemap,2026-09-05,London A-Z trade/service sitemap.,checkatrade,electric cookers,checkatrade||electric cookers,V2
Checkatrade,Electric Garage Door Installation,London,https://www.checkatrade.com/sitemap/locations/London/E,london_trade_sitemap,2026-09-05,London A-Z trade/service sitemap.,checkatrade,electric garage door installation,checkatrade||electric garage door installation,V2
Checkatrade,Electric Garage Door Repair,London,https://www.checkatrade.com/sitemap/locations/London/E,london_trade_sitemap,2026-09-05,London A-Z trade/service sitemap.,checkatrade,electric garage door repair,checkatrade||electric garage door repair,V2
Checkatrade,Electric Gate Installation,London,https://www.checkatrade.com/sitemap/locations/London/E,london_trade_sitemap,2026-09-05,London A-Z trade/service sitemap.,checkatrade,electric gate installation,checkatrade||electric gate installation,V2
Checkatrade,Electric Gate Repair,London,https://www.checkatrade.com/sitemap/locations/London/E,london_trade_sitemap,2026-09-05,London A-Z trade/service sitemap.,checkatrade,electric gate repair,checkatrade||electric gate repair,V2
Checkatrade,Electric Gate Supplier,London,https://www.checkatrade.com/sitemap/locations/London/E,london_trade_sitemap,2026-09-05,London A-Z trade/service sitemap.,checkatrade,electric gate supplier,checkatrade||electric gate supplier,V2
Checkatrade,Electric Gate Wiring,London,https://www.checkatrade.com/sitemap/locations/London/E,london_trade_sitemap,2026-09-05,London A-Z trade/service sitemap.,checkatrade,electric gate wiring,checkatrade||electric gate wiring,V2
Checkatrade,Electric Heating,London,https://www.checkatrade.com/sitemap/locations/London/E,london_trade_sitemap,2026-09-05,London A-Z trade/service sitemap.,checkatrade,electric heating,checkatrade||electric heating,V2
Checkatrade,Electric Oven / Cooker Repair,London,https://www.checkatrade.com/sitemap/locations/London/E,london_trade_sitemap,2026-09-05,London A-Z trade/service sitemap.,checkatrade,electric oven cooker repair,checkatrade||electric oven cooker repair,V2
Checkatrade,Electric Radiators,London,https://www.checkatrade.com/sitemap/locations/London/E,london_trade_sitemap,2026-09-05,London A-Z trade/service sitemap.,checkatrade,electric radiators,checkatrade||electric radiators,V2
Checkatrade,Electric Range Cookers,London,https://www.checkatrade.com/sitemap/locations/London/E,london_trade_sitemap,2026-09-05,London A-Z trade/service sitemap.,checkatrade,electric range cookers,checkatrade||electric range cookers,V2
Checkatrade,Electric Showers,London,https://www.checkatrade.com/sitemap/locations/London/E,london_trade_sitemap,2026-09-05,London A-Z trade/service sitemap.,checkatrade,electric showers,checkatrade||electric showers,V2
Checkatrade,Electric Smart Thermostats,London,https://www.checkatrade.com/sitemap/locations/London/E,london_trade_sitemap,2026-09-05,London A-Z trade/service sitemap.,checkatrade,electric smart thermostats,checkatrade||electric smart thermostats,V2
Checkatrade,Electric Sockets,London,https://www.checkatrade.com/sitemap/locations/London/E,london_trade_sitemap,2026-09-05,London A-Z trade/service sitemap.,checkatrade,electric sockets,checkatrade||electric sockets,V2
Checkatrade,Electric Stoves,London,https://www.checkatrade.com/sitemap/locations/London/E,london_trade_sitemap,2026-09-05,London A-Z trade/service sitemap.,checkatrade,electric stoves,checkatrade||electric stoves,V2
Checkatrade,Electric Vehicle Charger Installation,London,https://www.checkatrade.com/sitemap/locations/London/E,london_trade_sitemap,2026-09-05,London A-Z trade/service sitemap.,checkatrade,electric vehicle charger installation,checkatrade||electric vehicle charger installation,V2
Checkatrade,Electrical Contractors,London,https://www.checkatrade.com/sitemap/locations/London/E,london_trade_sitemap,2026-09-05,London A-Z trade/service sitemap.,checkatrade,electrical contractors,checkatrade||electrical contractors,V2
Checkatrade,Electrical Heater Repair,London,https://www.checkatrade.com/sitemap/locations/London/E,london_trade_sitemap,2026-09-05,London A-Z trade/service sitemap.,checkatrade,electrical heater repair,checkatrade||electrical heater repair,V2
Checkatrade,Electrical Installation Condition Report - Safety Checks - EICR,London,https://www.checkatrade.com/sitemap/locations/London/E,london_trade_sitemap,2026-09-05,London A-Z trade/service sitemap.,checkatrade,electrical installation condition report - safety checks - eicr,checkatrade||electrical installation condition report - safety checks - eicr,V2
Checkatrade,Electrical Under Floor Heating Installation,London,https://www.checkatrade.com/sitemap/locations/London/E,london_trade_sitemap,2026-09-05,London A-Z trade/service sitemap.,checkatrade,electrical under floor heating installation,checkatrade||electrical under floor heating installation,V2
Checkatrade,Electrical Under Floor Heating Repair,London,https://www.checkatrade.com/sitemap/locations/London/E,london_trade_sitemap,2026-09-05,London A-Z trade/service sitemap.,checkatrade,electrical under floor heating repair,checkatrade||electrical under floor heating repair,V2
Checkatrade,Electrician,London,https://www.checkatrade.com/sitemap/locations/London/E,london_trade_sitemap,2026-09-05,London A-Z trade/service sitemap.,checkatrade,electrician,checkatrade||electrician,V2
Checkatrade,Emergency / Fire / Flood Cleaning,London,https://www.checkatrade.com/sitemap/locations/London/E,london_trade_sitemap,2026-09-05,London A-Z trade/service sitemap.,checkatrade,emergency fire flood cleaning,checkatrade||emergency fire flood cleaning,V2
Checkatrade,Emergency Air Conditioning Service,London,https://www.checkatrade.com/sitemap/locations/London/E,london_trade_sitemap,2026-09-05,London A-Z trade/service sitemap.,checkatrade,emergency air conditioning service,checkatrade||emergency air conditioning service,V2
Checkatrade,Emergency Alarms / Security Service,London,https://www.checkatrade.com/sitemap/locations/London/E,london_trade_sitemap,2026-09-05,London A-Z trade/service sitemap.,checkatrade,emergency alarms security service,checkatrade||emergency alarms security service,V2
Checkatrade,Emergency Appliance Services / Repair Service,London,https://www.checkatrade.com/sitemap/locations/London/E,london_trade_sitemap,2026-09-05,London A-Z trade/service sitemap.,checkatrade,emergency appliance services repair service,checkatrade||emergency appliance services repair service,V2
Checkatrade,Emergency Asbestos Service,London,https://www.checkatrade.com/sitemap/locations/London/E,london_trade_sitemap,2026-09-05,London A-Z trade/service sitemap.,checkatrade,emergency asbestos service,checkatrade||emergency asbestos service,V2
Checkatrade,Emergency Bathroom Service,London,https://www.checkatrade.com/sitemap/locations/London/E,london_trade_sitemap,2026-09-05,London A-Z trade/service sitemap.,checkatrade,emergency bathroom service,checkatrade||emergency bathroom service,V2
Checkatrade,Emergency Bricklayer Service,London,https://www.checkatrade.com/sitemap/locations/London/E,london_trade_sitemap,2026-09-05,London A-Z trade/service sitemap.,checkatrade,emergency bricklayer service,checkatrade||emergency bricklayer service,V2
Checkatrade,Emergency Builder Service,London,https://www.checkatrade.com/sitemap/locations/London/E,london_trade_sitemap,2026-09-05,London A-Z trade/service sitemap.,checkatrade,emergency builder service,checkatrade||emergency builder service,V2
Checkatrade,Emergency Carpenter Service,London,https://www.checkatrade.com/sitemap/locations/London/E,london_trade_sitemap,2026-09-05,London A-Z trade/service sitemap.,checkatrade,emergency carpenter service,checkatrade||emergency carpenter service,V2
Checkatrade,Emergency Carpet and Upholstery Cleaning Service,London,https://www.checkatrade.com/sitemap/locations/London/E,london_trade_sitemap,2026-09-05,London A-Z trade/service sitemap.,checkatrade,emergency carpet and upholstery cleaning service,checkatrade||emergency carpet and upholstery cleaning service,V2
Checkatrade,Emergency Carpets / Flooring Service,London,https://www.checkatrade.com/sitemap/locations/London/E,london_trade_sitemap,2026-09-05,London A-Z trade/service sitemap.,checkatrade,emergency carpets flooring service,checkatrade||emergency carpets flooring service,V2
Checkatrade,Emergency Central Heating Repair,London,https://www.checkatrade.com/sitemap/locations/London/E,london_trade_sitemap,2026-09-05,London A-Z trade/service sitemap.,checkatrade,emergency central heating repair,checkatrade||emergency central heating repair,V2
Checkatrade,Emergency Chimney Sweep Service,London,https://www.checkatrade.com/sitemap/locations/London/E,london_trade_sitemap,2026-09-05,London A-Z trade/service sitemap.,checkatrade,emergency chimney sweep service,checkatrade||emergency chimney sweep service,V2
Checkatrade,Emergency Cleaning Service,London,https://www.checkatrade.com/sitemap/locations/London/E,london_trade_sitemap,2026-09-05,London A-Z trade/service sitemap.,checkatrade,emergency cleaning service,checkatrade||emergency cleaning service,V2
Checkatrade,Emergency Curtains / Blinds / Shutters Service,London,https://www.checkatrade.com/sitemap/locations/London/E,london_trade_sitemap,2026-09-05,London A-Z trade/service sitemap.,checkatrade,emergency curtains blinds shutters service,checkatrade||emergency curtains blinds shutters service,V2
Checkatrade,Emergency Damp Proofing Service,London,https://www.checkatrade.com/sitemap/locations/London/E,london_trade_sitemap,2026-09-05,London A-Z trade/service sitemap.,checkatrade,emergency damp proofing service,checkatrade||emergency damp proofing service,V2
Checkatrade,Emergency Drain / Sewer Clearance Service,London,https://www.checkatrade.com/sitemap/locations/London/E,london_trade_sitemap,2026-09-05,London A-Z trade/service sitemap.,checkatrade,emergency drain sewer clearance service,checkatrade||emergency drain sewer clearance service,V2
Checkatrade,Emergency Driveways / Patios / Paths Service,London,https://www.checkatrade.com/sitemap/locations/London/E,london_trade_sitemap,2026-09-05,London A-Z trade/service sitemap.,checkatrade,emergency driveways patios paths service,checkatrade||emergency driveways patios paths service,V2
Checkatrade,Emergency Electrician Service,London,https://www.checkatrade.com/sitemap/locations/London/E,london_trade_sitemap,2026-09-05,London A-Z trade/service sitemap.,checkatrade,emergency electrician service,checkatrade||emergency electrician service,V2
Checkatrade,Emergency Fascia / Soffits / Guttering Service,London,https://www.checkatrade.com/sitemap/locations/London/E,london_trade_sitemap,2026-09-05,London A-Z trade/service sitemap.,checkatrade,emergency fascia soffits guttering service,checkatrade||emergency fascia soffits guttering service,V2
Checkatrade,Emergency Fencing / Gate Service,London,https://www.checkatrade.com/sitemap/locations/London/E,london_trade_sitemap,2026-09-05,London A-Z trade/service sitemap.,checkatrade,emergency fencing gate service,checkatrade||emergency fencing gate service,V2
Checkatrade,Emergency Fireplaces / Stove Service,London,https://www.checkatrade.com/sitemap/locations/London/E,london_trade_sitemap,2026-09-05,London A-Z trade/service sitemap.,checkatrade,emergency fireplaces stove service,checkatrade||emergency fireplaces stove service,V2
Checkatrade,Emergency Furniture Repair / Restoration Service,London,https://www.checkatrade.com/sitemap/locations/London/E,london_trade_sitemap,2026-09-05,London A-Z trade/service sitemap.,checkatrade,emergency furniture repair restoration service,checkatrade||emergency furniture repair restoration service,V2
Checkatrade,Emergency Garage / Vehicle Service,London,https://www.checkatrade.com/sitemap/locations/London/E,london_trade_sitemap,2026-09-05,London A-Z trade/service sitemap.,checkatrade,emergency garage vehicle service,checkatrade||emergency garage vehicle service,V2
Checkatrade,Emergency Garage Door Service,London,https://www.checkatrade.com/sitemap/locations/London/E,london_trade_sitemap,2026-09-05,London A-Z trade/service sitemap.,checkatrade,emergency garage door service,checkatrade||emergency garage door service,V2
Checkatrade,Emergency Garden Service,London,https://www.checkatrade.com/sitemap/locations/London/E,london_trade_sitemap,2026-09-05,London A-Z trade/service sitemap.,checkatrade,emergency garden service,checkatrade||emergency garden service,V2
Checkatrade,Emergency Gas boiler repair,London,https://www.checkatrade.com/sitemap/locations/London/E,london_trade_sitemap,2026-09-05,London A-Z trade/service sitemap.,checkatrade,emergency gas boiler repair,checkatrade||emergency gas boiler repair,V2
Checkatrade,Emergency Groundwork Service,London,https://www.checkatrade.com/sitemap/locations/London/E,london_trade_sitemap,2026-09-05,London A-Z trade/service sitemap.,checkatrade,emergency groundwork service,checkatrade||emergency groundwork service,V2
Checkatrade,Emergency Handyman Service,London,https://www.checkatrade.com/sitemap/locations/London/E,london_trade_sitemap,2026-09-05,London A-Z trade/service sitemap.,checkatrade,emergency handyman service,checkatrade||emergency handyman service,V2
Checkatrade,Emergency Hire Service,London,https://www.checkatrade.com/sitemap/locations/London/E,london_trade_sitemap,2026-09-05,London A-Z trade/service sitemap.,checkatrade,emergency hire service,checkatrade||emergency hire service,V2
Checkatrade,Emergency Home Automation / Media Service,London,https://www.checkatrade.com/sitemap/locations/London/E,london_trade_sitemap,2026-09-05,London A-Z trade/service sitemap.,checkatrade,emergency home automation media service,checkatrade||emergency home automation media service,V2
Checkatrade,Emergency Household Water Treatment Service,London,https://www.checkatrade.com/sitemap/locations/London/E,london_trade_sitemap,2026-09-05,London A-Z trade/service sitemap.,checkatrade,emergency household water treatment service,checkatrade||emergency household water treatment service,V2
Checkatrade,Emergency IT and Consultancy Service,London,https://www.checkatrade.com/sitemap/locations/London/E,london_trade_sitemap,2026-09-05,London A-Z trade/service sitemap.,checkatrade,emergency it and consultancy service,checkatrade||emergency it and consultancy service,V2
Checkatrade,emergency joiners,London,https://www.checkatrade.com/sitemap/locations/London/E,london_trade_sitemap,2026-09-05,London A-Z trade/service sitemap.,checkatrade,emergency joiners,checkatrade||emergency joiners,V2
Checkatrade,Emergency Kitchen Service,London,https://www.checkatrade.com/sitemap/locations/London/E,london_trade_sitemap,2026-09-05,London A-Z trade/service sitemap.,checkatrade,emergency kitchen service,checkatrade||emergency kitchen service,V2
Checkatrade,Emergency Landlord Service,London,https://www.checkatrade.com/sitemap/locations/London/E,london_trade_sitemap,2026-09-05,London A-Z trade/service sitemap.,checkatrade,emergency landlord service,checkatrade||emergency landlord service,V2
Checkatrade,Emergency Lighting,London,https://www.checkatrade.com/sitemap/locations/London/E,london_trade_sitemap,2026-09-05,London A-Z trade/service sitemap.,checkatrade,emergency lighting,checkatrade||emergency lighting,V2
Checkatrade,Emergency Locksmith Service,London,https://www.checkatrade.com/sitemap/locations/London/E,london_trade_sitemap,2026-09-05,London A-Z trade/service sitemap.,checkatrade,emergency locksmith service,checkatrade||emergency locksmith service,V2
Checkatrade,Emergency Metalwork / Blacksmith Service,London,https://www.checkatrade.com/sitemap/locations/London/E,london_trade_sitemap,2026-09-05,London A-Z trade/service sitemap.,checkatrade,emergency metalwork blacksmith service,checkatrade||emergency metalwork blacksmith service,V2
Checkatrade,Emergency Miscellaneous Service,London,https://www.checkatrade.com/sitemap/locations/London/E,london_trade_sitemap,2026-09-05,London A-Z trade/service sitemap.,checkatrade,emergency miscellaneous service,checkatrade||emergency miscellaneous service,V2
Checkatrade,Emergency Mobility Service,London,https://www.checkatrade.com/sitemap/locations/London/E,london_trade_sitemap,2026-09-05,London A-Z trade/service sitemap.,checkatrade,emergency mobility service,checkatrade||emergency mobility service,V2
Checkatrade,Emergency Pest / Vermin Control Service,London,https://www.checkatrade.com/sitemap/locations/London/E,london_trade_sitemap,2026-09-05,London A-Z trade/service sitemap.,checkatrade,emergency pest vermin control service,checkatrade||emergency pest vermin control service,V2
Checkatrade,emergency plasterer,London,https://www.checkatrade.com/sitemap/locations/London/E,london_trade_sitemap,2026-09-05,London A-Z trade/service sitemap.,checkatrade,emergency plasterer,checkatrade||emergency plasterer,V2
Checkatrade,emergency plumber,London,https://www.checkatrade.com/sitemap/locations/London/E,london_trade_sitemap,2026-09-05,London A-Z trade/service sitemap.,checkatrade,emergency plumber,checkatrade||emergency plumber,V2
Checkatrade,Emergency Plumber Service,London,https://www.checkatrade.com/sitemap/locations/London/E,london_trade_sitemap,2026-09-05,London A-Z trade/service sitemap.,checkatrade,emergency plumber service,checkatrade||emergency plumber service,V2
Checkatrade,Emergency Removals / Storage Service,London,https://www.checkatrade.com/sitemap/locations/London/E,london_trade_sitemap,2026-09-05,London A-Z trade/service sitemap.,checkatrade,emergency removals storage service,checkatrade||emergency removals storage service,V2
Checkatrade,Emergency Renewable Energy Service,London,https://www.checkatrade.com/sitemap/locations/London/E,london_trade_sitemap,2026-09-05,London A-Z trade/service sitemap.,checkatrade,emergency renewable energy service,checkatrade||emergency renewable energy service,V2
Checkatrade,emergency roof leak repair,London,https://www.checkatrade.com/sitemap/locations/London/E,london_trade_sitemap,2026-09-05,London A-Z trade/service sitemap.,checkatrade,emergency roof leak repair,checkatrade||emergency roof leak repair,V2
Checkatrade,emergency roof repair,London,https://www.checkatrade.com/sitemap/locations/London/E,london_trade_sitemap,2026-09-05,London A-Z trade/service sitemap.,checkatrade,emergency roof repair,checkatrade||emergency roof repair,V2
Checkatrade,emergency roofer,London,https://www.checkatrade.com/sitemap/locations/London/E,london_trade_sitemap,2026-09-05,London A-Z trade/service sitemap.,checkatrade,emergency roofer,checkatrade||emergency roofer,V2
Checkatrade,Emergency Roofing Service,London,https://www.checkatrade.com/sitemap/locations/London/E,london_trade_sitemap,2026-09-05,London A-Z trade/service sitemap.,checkatrade,emergency roofing service,checkatrade||emergency roofing service,V2
Checkatrade,Emergency Rubbish / Waste / Clearance Service,London,https://www.checkatrade.com/sitemap/locations/London/E,london_trade_sitemap,2026-09-05,London A-Z trade/service sitemap.,checkatrade,emergency rubbish waste clearance service,checkatrade||emergency rubbish waste clearance service,V2
Checkatrade,Emergency Scaffolder Service,London,https://www.checkatrade.com/sitemap/locations/London/E,london_trade_sitemap,2026-09-05,London A-Z trade/service sitemap.,checkatrade,emergency scaffolder service,checkatrade||emergency scaffolder service,V2
Checkatrade,Emergency Stonemason Service,London,https://www.checkatrade.com/sitemap/locations/London/E,london_trade_sitemap,2026-09-05,London A-Z trade/service sitemap.,checkatrade,emergency stonemason service,checkatrade||emergency stonemason service,V2
Checkatrade,Emergency Surface Repair Service,London,https://www.checkatrade.com/sitemap/locations/London/E,london_trade_sitemap,2026-09-05,London A-Z trade/service sitemap.,checkatrade,emergency surface repair service,checkatrade||emergency surface repair service,V2
Checkatrade,Emergency Swimming Pool Service,London,https://www.checkatrade.com/sitemap/locations/London/E,london_trade_sitemap,2026-09-05,London A-Z trade/service sitemap.,checkatrade,emergency swimming pool service,checkatrade||emergency swimming pool service,V2
Checkatrade,Emergency Telecommunication Service,London,https://www.checkatrade.com/sitemap/locations/London/E,london_trade_sitemap,2026-09-05,London A-Z trade/service sitemap.,checkatrade,emergency telecommunication service,checkatrade||emergency telecommunication service,V2
Checkatrade,Emergency Tiling Service,London,https://www.checkatrade.com/sitemap/locations/London/E,london_trade_sitemap,2026-09-05,London A-Z trade/service sitemap.,checkatrade,emergency tiling service,checkatrade||emergency tiling service,V2
Checkatrade,Emergency Towing / Transportation Service,London,https://www.checkatrade.com/sitemap/locations/London/E,london_trade_sitemap,2026-09-05,London A-Z trade/service sitemap.,checkatrade,emergency towing transportation service,checkatrade||emergency towing transportation service,V2
Checkatrade,Emergency Transport Service,London,https://www.checkatrade.com/sitemap/locations/London/E,london_trade_sitemap,2026-09-05,London A-Z trade/service sitemap.,checkatrade,emergency transport service,checkatrade||emergency transport service,V2
Checkatrade,Emergency Tree Surgeon Service,London,https://www.checkatrade.com/sitemap/locations/London/E,london_trade_sitemap,2026-09-05,London A-Z trade/service sitemap.,checkatrade,emergency tree surgeon service,checkatrade||emergency tree surgeon service,V2
Checkatrade,Emergency TV Aerials / Satellite Service,London,https://www.checkatrade.com/sitemap/locations/London/E,london_trade_sitemap,2026-09-05,London A-Z trade/service sitemap.,checkatrade,emergency tv aerials satellite service,checkatrade||emergency tv aerials satellite service,V2
Checkatrade,Emergency Weather Coating Service,London,https://www.checkatrade.com/sitemap/locations/London/E,london_trade_sitemap,2026-09-05,London A-Z trade/service sitemap.,checkatrade,emergency weather coating service,checkatrade||emergency weather coating service,V2
Checkatrade,Emergency Window Cleaning Service,London,https://www.checkatrade.com/sitemap/locations/London/E,london_trade_sitemap,2026-09-05,London A-Z trade/service sitemap.,checkatrade,emergency window cleaning service,checkatrade||emergency window cleaning service,V2
Checkatrade,Emergency Windows / Doors / Conservatories Service,London,https://www.checkatrade.com/sitemap/locations/London/E,london_trade_sitemap,2026-09-05,London A-Z trade/service sitemap.,checkatrade,emergency windows doors conservatories service,checkatrade||emergency windows doors conservatories service,V2
Checkatrade,End of Tenancy / Move Cleaning,London,https://www.checkatrade.com/sitemap/locations/London/E,london_trade_sitemap,2026-09-05,London A-Z trade/service sitemap.,checkatrade,end of tenancy move cleaning,checkatrade||end of tenancy move cleaning,V2
Checkatrade,Energy Efficient Lighting,London,https://www.checkatrade.com/sitemap/locations/London/E,london_trade_sitemap,2026-09-05,London A-Z trade/service sitemap.,checkatrade,energy efficient lighting,checkatrade||energy efficient lighting,V2
Checkatrade,Energy Performance Certificate,London,https://www.checkatrade.com/sitemap/locations/London/E,london_trade_sitemap,2026-09-05,London A-Z trade/service sitemap.,checkatrade,energy performance certificate,checkatrade||energy performance certificate,V2
Checkatrade,Energy Performance Certificate - EPC,London,https://www.checkatrade.com/sitemap/locations/London/E,london_trade_sitemap,2026-09-05,London A-Z trade/service sitemap.,checkatrade,energy performance certificate - epc,checkatrade||energy performance certificate - epc,V2
Checkatrade,Energy Tariff Broker,London,https://www.checkatrade.com/sitemap/locations/London/E,london_trade_sitemap,2026-09-05,London A-Z trade/service sitemap.,checkatrade,energy tariff broker,checkatrade||energy tariff broker,V2
Checkatrade,Engine Cleaning,London,https://www.checkatrade.com/sitemap/locations/London/E,london_trade_sitemap,2026-09-05,London A-Z trade/service sitemap.,checkatrade,engine cleaning,checkatrade||engine cleaning,V2
Checkatrade,Engine Rebuilding,London,https://www.checkatrade.com/sitemap/locations/London/E,london_trade_sitemap,2026-09-05,London A-Z trade/service sitemap.,checkatrade,engine rebuilding,checkatrade||engine rebuilding,V2
Checkatrade,EPOS,London,https://www.checkatrade.com/sitemap/locations/London/E,london_trade_sitemap,2026-09-05,London A-Z trade/service sitemap.,checkatrade,epos,checkatrade||epos,V2
Checkatrade,Equestrian Stable,London,https://www.checkatrade.com/sitemap/locations/London/E,london_trade_sitemap,2026-09-05,London A-Z trade/service sitemap.,checkatrade,equestrian stable,checkatrade||equestrian stable,V2
Checkatrade,EV Charger Installation Only,London,https://www.checkatrade.com/sitemap/locations/London/E,london_trade_sitemap,2026-09-05,London A-Z trade/service sitemap.,checkatrade,ev charger installation only,checkatrade||ev charger installation only,V2
Checkatrade,EV Charger Repair,London,https://www.checkatrade.com/sitemap/locations/London/E,london_trade_sitemap,2026-09-05,London A-Z trade/service sitemap.,checkatrade,ev charger repair,checkatrade||ev charger repair,V2
Checkatrade,EV Charger Supply and Install,London,https://www.checkatrade.com/sitemap/locations/London/E,london_trade_sitemap,2026-09-05,London A-Z trade/service sitemap.,checkatrade,ev charger supply and install,checkatrade||ev charger supply and install,V2
Checkatrade,Events Setting,London,https://www.checkatrade.com/sitemap/locations/London/E,london_trade_sitemap,2026-09-05,London A-Z trade/service sitemap.,checkatrade,events setting,checkatrade||events setting,V2
Checkatrade,Extension Builders,London,https://www.checkatrade.com/sitemap/locations/London/E,london_trade_sitemap,2026-09-05,London A-Z trade/service sitemap.,checkatrade,extension builders,checkatrade||extension builders,V2
Checkatrade,Extensions / Conversions,London,https://www.checkatrade.com/sitemap/locations/London/E,london_trade_sitemap,2026-09-05,London A-Z trade/service sitemap.,checkatrade,extensions conversions,checkatrade||extensions conversions,V2
Checkatrade,Exterior Doors Installation,London,https://www.checkatrade.com/sitemap/locations/London/E,london_trade_sitemap,2026-09-05,London A-Z trade/service sitemap.,checkatrade,exterior doors installation,checkatrade||exterior doors installation,V2
Checkatrade,Exterior Doors Repair,London,https://www.checkatrade.com/sitemap/locations/London/E,london_trade_sitemap,2026-09-05,London A-Z trade/service sitemap.,checkatrade,exterior doors repair,checkatrade||exterior doors repair,V2
Checkatrade,exterior house painters,London,https://www.checkatrade.com/sitemap/locations/London/E,london_trade_sitemap,2026-09-05,London A-Z trade/service sitemap.,checkatrade,exterior house painters,checkatrade||exterior house painters,V2
Checkatrade,exterior house spray painting,London,https://www.checkatrade.com/sitemap/locations/London/E,london_trade_sitemap,2026-09-05,London A-Z trade/service sitemap.,checkatrade,exterior house spray painting,checkatrade||exterior house spray painting,V2
Checkatrade,exterior painters,London,https://www.checkatrade.com/sitemap/locations/London/E,london_trade_sitemap,2026-09-05,London A-Z trade/service sitemap.,checkatrade,exterior painters,checkatrade||exterior painters,V2
Checkatrade,Exterior Painting,London,https://www.checkatrade.com/sitemap/locations/London/E,london_trade_sitemap,2026-09-05,London A-Z trade/service sitemap.,checkatrade,exterior painting,checkatrade||exterior painting,V2
Checkatrade,exterior window painters,London,https://www.checkatrade.com/sitemap/locations/London/E,london_trade_sitemap,2026-09-05,London A-Z trade/service sitemap.,checkatrade,exterior window painters,checkatrade||exterior window painters,V2
Checkatrade,external decorator,London,https://www.checkatrade.com/sitemap/locations/London/E,london_trade_sitemap,2026-09-05,London A-Z trade/service sitemap.,checkatrade,external decorator,checkatrade||external decorator,V2
Checkatrade,external plasterers,London,https://www.checkatrade.com/sitemap/locations/London/E,london_trade_sitemap,2026-09-05,London A-Z trade/service sitemap.,checkatrade,external plasterers,checkatrade||external plasterers,V2
Checkatrade,External Solid Wall Insulation,London,https://www.checkatrade.com/sitemap/locations/London/E,london_trade_sitemap,2026-09-05,London A-Z trade/service sitemap.,checkatrade,external solid wall insulation,checkatrade||external solid wall insulation,V2
Checkatrade,Extractor Fans,London,https://www.checkatrade.com/sitemap/locations/London/E,london_trade_sitemap,2026-09-05,London A-Z trade/service sitemap.,checkatrade,extractor fans,checkatrade||extractor fans,V2
Checkatrade,Farm Fencing,London,https://www.checkatrade.com/sitemap/locations/London/F,london_trade_sitemap,2026-09-05,London A-Z trade/service sitemap.,checkatrade,farm fencing,checkatrade||farm fencing,V2
Checkatrade,Farm Gate,London,https://www.checkatrade.com/sitemap/locations/London/F,london_trade_sitemap,2026-09-05,London A-Z trade/service sitemap.,checkatrade,farm gate,checkatrade||farm gate,V2
Checkatrade,Farm Shed Builders,London,https://www.checkatrade.com/sitemap/locations/London/F,london_trade_sitemap,2026-09-05,London A-Z trade/service sitemap.,checkatrade,farm shed builders,checkatrade||farm shed builders,V2
Checkatrade,Fascia / Soffits / Guttering,London,https://www.checkatrade.com/sitemap/locations/London/F,london_trade_sitemap,2026-09-05,London A-Z trade/service sitemap.,checkatrade,fascia soffits guttering,checkatrade||fascia soffits guttering,V2
Checkatrade,Fascia / Soffits Repair,London,https://www.checkatrade.com/sitemap/locations/London/F,london_trade_sitemap,2026-09-05,London A-Z trade/service sitemap.,checkatrade,fascia soffits repair,checkatrade||fascia soffits repair,V2
Checkatrade,Fascia / Soffits Replacement,London,https://www.checkatrade.com/sitemap/locations/London/F,london_trade_sitemap,2026-09-05,London A-Z trade/service sitemap.,checkatrade,fascia soffits replacement,checkatrade||fascia soffits replacement,V2
Checkatrade,Fault Finding,London,https://www.checkatrade.com/sitemap/locations/London/F,london_trade_sitemap,2026-09-05,London A-Z trade/service sitemap.,checkatrade,fault finding,checkatrade||fault finding,V2
Checkatrade,felt lap vents,London,https://www.checkatrade.com/sitemap/locations/London/F,london_trade_sitemap,2026-09-05,London A-Z trade/service sitemap.,checkatrade,felt lap vents,checkatrade||felt lap vents,V2
Checkatrade,felt roof repairs,London,https://www.checkatrade.com/sitemap/locations/London/F,london_trade_sitemap,2026-09-05,London A-Z trade/service sitemap.,checkatrade,felt roof repairs,checkatrade||felt roof repairs,V2
Checkatrade,felt roofers,London,https://www.checkatrade.com/sitemap/locations/London/F,london_trade_sitemap,2026-09-05,London A-Z trade/service sitemap.,checkatrade,felt roofers,checkatrade||felt roofers,V2
Checkatrade,felt roofing contractors,London,https://www.checkatrade.com/sitemap/locations/London/F,london_trade_sitemap,2026-09-05,London A-Z trade/service sitemap.,checkatrade,felt roofing contractors,checkatrade||felt roofing contractors,V2
Checkatrade,Felt Roofing Installation,London,https://www.checkatrade.com/sitemap/locations/London/F,london_trade_sitemap,2026-09-05,London A-Z trade/service sitemap.,checkatrade,felt roofing installation,checkatrade||felt roofing installation,V2
Checkatrade,Felt Roofing Repair,London,https://www.checkatrade.com/sitemap/locations/London/F,london_trade_sitemap,2026-09-05,London A-Z trade/service sitemap.,checkatrade,felt roofing repair,checkatrade||felt roofing repair,V2
Checkatrade,fence painting services,London,https://www.checkatrade.com/sitemap/locations/London/F,london_trade_sitemap,2026-09-05,London A-Z trade/service sitemap.,checkatrade,fence painting services,checkatrade||fence painting services,V2
Checkatrade,fence spraying,London,https://www.checkatrade.com/sitemap/locations/London/F,london_trade_sitemap,2026-09-05,London A-Z trade/service sitemap.,checkatrade,fence spraying,checkatrade||fence spraying,V2
Checkatrade,Fencing / Gates,London,https://www.checkatrade.com/sitemap/locations/London/F,london_trade_sitemap,2026-09-05,London A-Z trade/service sitemap.,checkatrade,fencing gates,checkatrade||fencing gates,V2
Checkatrade,Fencing / Gates Supplier,London,https://www.checkatrade.com/sitemap/locations/London/F,london_trade_sitemap,2026-09-05,London A-Z trade/service sitemap.,checkatrade,fencing gates supplier,checkatrade||fencing gates supplier,V2
Checkatrade,Fencing Contractor,London,https://www.checkatrade.com/sitemap/locations/London/F,london_trade_sitemap,2026-09-05,London A-Z trade/service sitemap.,checkatrade,fencing contractor,checkatrade||fencing contractor,V2
Checkatrade,Fencing Repair / Replacement,London,https://www.checkatrade.com/sitemap/locations/London/F,london_trade_sitemap,2026-09-05,London A-Z trade/service sitemap.,checkatrade,fencing repair replacement,checkatrade||fencing repair replacement,V2
Checkatrade,Fibre Glass Roofing Installation,London,https://www.checkatrade.com/sitemap/locations/London/F,london_trade_sitemap,2026-09-05,London A-Z trade/service sitemap.,checkatrade,fibre glass roofing installation,checkatrade||fibre glass roofing installation,V2
Checkatrade,Fibre Glass Roofing Repair,London,https://www.checkatrade.com/sitemap/locations/London/F,london_trade_sitemap,2026-09-05,London A-Z trade/service sitemap.,checkatrade,fibre glass roofing repair,checkatrade||fibre glass roofing repair,V2
Checkatrade,fibreglass roof installers,London,https://www.checkatrade.com/sitemap/locations/London/F,london_trade_sitemap,2026-09-05,London A-Z trade/service sitemap.,checkatrade,fibreglass roof installers,checkatrade||fibreglass roof installers,V2
Checkatrade,fibreglass roof repairs,London,https://www.checkatrade.com/sitemap/locations/London/F,london_trade_sitemap,2026-09-05,London A-Z trade/service sitemap.,checkatrade,fibreglass roof repairs,checkatrade||fibreglass roof repairs,V2
Checkatrade,fibreglass roof specialist,London,https://www.checkatrade.com/sitemap/locations/London/F,london_trade_sitemap,2026-09-05,London A-Z trade/service sitemap.,checkatrade,fibreglass roof specialist,checkatrade||fibreglass roof specialist,V2
Checkatrade,Fire Alarm Installation,London,https://www.checkatrade.com/sitemap/locations/London/F,london_trade_sitemap,2026-09-05,London A-Z trade/service sitemap.,checkatrade,fire alarm installation,checkatrade||fire alarm installation,V2
Checkatrade,Fire Alarm Servicing,London,https://www.checkatrade.com/sitemap/locations/London/F,london_trade_sitemap,2026-09-05,London A-Z trade/service sitemap.,checkatrade,fire alarm servicing,checkatrade||fire alarm servicing,V2
Checkatrade,Fire and Flood Renovation,London,https://www.checkatrade.com/sitemap/locations/London/F,london_trade_sitemap,2026-09-05,London A-Z trade/service sitemap.,checkatrade,fire and flood renovation,checkatrade||fire and flood renovation,V2
Checkatrade,fire damage,London,https://www.checkatrade.com/sitemap/locations/London/F,london_trade_sitemap,2026-09-05,London A-Z trade/service sitemap.,checkatrade,fire damage,checkatrade||fire damage,V2
Checkatrade,Fire Damage Restoration,London,https://www.checkatrade.com/sitemap/locations/London/F,london_trade_sitemap,2026-09-05,London A-Z trade/service sitemap.,checkatrade,fire damage restoration,checkatrade||fire damage restoration,V2
Checkatrade,Fire Doors Installation,London,https://www.checkatrade.com/sitemap/locations/London/F,london_trade_sitemap,2026-09-05,London A-Z trade/service sitemap.,checkatrade,fire doors installation,checkatrade||fire doors installation,V2
Checkatrade,Fire Doors Repair,London,https://www.checkatrade.com/sitemap/locations/London/F,london_trade_sitemap,2026-09-05,London A-Z trade/service sitemap.,checkatrade,fire doors repair,checkatrade||fire doors repair,V2
Checkatrade,Fire Extinguishers,London,https://www.checkatrade.com/sitemap/locations/London/F,london_trade_sitemap,2026-09-05,London A-Z trade/service sitemap.,checkatrade,fire extinguishers,checkatrade||fire extinguishers,V2
Checkatrade,Fire Risk Assessment,London,https://www.checkatrade.com/sitemap/locations/London/F,london_trade_sitemap,2026-09-05,London A-Z trade/service sitemap.,checkatrade,fire risk assessment,checkatrade||fire risk assessment,V2
Checkatrade,Fireplace Surround,London,https://www.checkatrade.com/sitemap/locations/London/F,london_trade_sitemap,2026-09-05,London A-Z trade/service sitemap.,checkatrade,fireplace surround,checkatrade||fireplace surround,V2
Checkatrade,Fireplaces,London,https://www.checkatrade.com/sitemap/locations/London/F,london_trade_sitemap,2026-09-05,London A-Z trade/service sitemap.,checkatrade,fireplaces,checkatrade||fireplaces,V2
Checkatrade,Fireplaces / Stoves,London,https://www.checkatrade.com/sitemap/locations/London/F,london_trade_sitemap,2026-09-05,London A-Z trade/service sitemap.,checkatrade,fireplaces stoves,checkatrade||fireplaces stoves,V2
Checkatrade,fitted wardrobe company,London,https://www.checkatrade.com/sitemap/locations/London/F,london_trade_sitemap,2026-09-05,London A-Z trade/service sitemap.,checkatrade,fitted wardrobe company,checkatrade||fitted wardrobe company,V2
Checkatrade,Fitted Wardrobes,London,https://www.checkatrade.com/sitemap/locations/London/F,london_trade_sitemap,2026-09-05,London A-Z trade/service sitemap.,checkatrade,fitted wardrobes,checkatrade||fitted wardrobes,V2
Checkatrade,Fix Aluminium Windows,London,https://www.checkatrade.com/sitemap/locations/London/F,london_trade_sitemap,2026-09-05,London A-Z trade/service sitemap.,checkatrade,fix aluminium windows,checkatrade||fix aluminium windows,V2
Checkatrade,Fix Bay Windows,London,https://www.checkatrade.com/sitemap/locations/London/F,london_trade_sitemap,2026-09-05,London A-Z trade/service sitemap.,checkatrade,fix bay windows,checkatrade||fix bay windows,V2
Checkatrade,Fix Loft Windows,London,https://www.checkatrade.com/sitemap/locations/London/F,london_trade_sitemap,2026-09-05,London A-Z trade/service sitemap.,checkatrade,fix loft windows,checkatrade||fix loft windows,V2
Checkatrade,Fix Roof Windows,London,https://www.checkatrade.com/sitemap/locations/London/F,london_trade_sitemap,2026-09-05,London A-Z trade/service sitemap.,checkatrade,fix roof windows,checkatrade||fix roof windows,V2
Checkatrade,Fix Timber / Wooden Windows,London,https://www.checkatrade.com/sitemap/locations/London/F,london_trade_sitemap,2026-09-05,London A-Z trade/service sitemap.,checkatrade,fix timber wooden windows,checkatrade||fix timber wooden windows,V2
Checkatrade,Fix UPVC Windows,London,https://www.checkatrade.com/sitemap/locations/London/F,london_trade_sitemap,2026-09-05,London A-Z trade/service sitemap.,checkatrade,fix upvc windows,checkatrade||fix upvc windows,V2
Checkatrade,Fix Window Lock,London,https://www.checkatrade.com/sitemap/locations/London/F,london_trade_sitemap,2026-09-05,London A-Z trade/service sitemap.,checkatrade,fix window lock,checkatrade||fix window lock,V2
Checkatrade,Fix Wooden Sash Windows,London,https://www.checkatrade.com/sitemap/locations/London/F,london_trade_sitemap,2026-09-05,London A-Z trade/service sitemap.,checkatrade,fix wooden sash windows,checkatrade||fix wooden sash windows,V2
Checkatrade,Fixed Lines,London,https://www.checkatrade.com/sitemap/locations/London/F,london_trade_sitemap,2026-09-05,London A-Z trade/service sitemap.,checkatrade,fixed lines,checkatrade||fixed lines,V2
Checkatrade,Flat Ceilings,London,https://www.checkatrade.com/sitemap/locations/London/F,london_trade_sitemap,2026-09-05,London A-Z trade/service sitemap.,checkatrade,flat ceilings,checkatrade||flat ceilings,V2
Checkatrade,Flat Management,London,https://www.checkatrade.com/sitemap/locations/London/F,london_trade_sitemap,2026-09-05,London A-Z trade/service sitemap.,checkatrade,flat management,checkatrade||flat management,V2
Checkatrade,Flat Packs,London,https://www.checkatrade.com/sitemap/locations/London/F,london_trade_sitemap,2026-09-05,London A-Z trade/service sitemap.,checkatrade,flat packs,checkatrade||flat packs,V2
Checkatrade,flat roof builders,London,https://www.checkatrade.com/sitemap/locations/London/F,london_trade_sitemap,2026-09-05,London A-Z trade/service sitemap.,checkatrade,flat roof builders,checkatrade||flat roof builders,V2
Checkatrade,flat roof installers,London,https://www.checkatrade.com/sitemap/locations/London/F,london_trade_sitemap,2026-09-05,London A-Z trade/service sitemap.,checkatrade,flat roof installers,checkatrade||flat roof installers,V2
Checkatrade,Flat Roof Insulation,London,https://www.checkatrade.com/sitemap/locations/London/F,london_trade_sitemap,2026-09-05,London A-Z trade/service sitemap.,checkatrade,flat roof insulation,checkatrade||flat roof insulation,V2
Checkatrade,flat roof repair,London,https://www.checkatrade.com/sitemap/locations/London/F,london_trade_sitemap,2026-09-05,London A-Z trade/service sitemap.,checkatrade,flat roof repair,checkatrade||flat roof repair,V2
Checkatrade,flat roof replacement,London,https://www.checkatrade.com/sitemap/locations/London/F,london_trade_sitemap,2026-09-05,London A-Z trade/service sitemap.,checkatrade,flat roof replacement,checkatrade||flat roof replacement,V2
Checkatrade,flat roof specialists,London,https://www.checkatrade.com/sitemap/locations/London/F,london_trade_sitemap,2026-09-05,London A-Z trade/service sitemap.,checkatrade,flat roof specialists,checkatrade||flat roof specialists,V2
Checkatrade,flat roofing companies,London,https://www.checkatrade.com/sitemap/locations/London/F,london_trade_sitemap,2026-09-05,London A-Z trade/service sitemap.,checkatrade,flat roofing companies,checkatrade||flat roofing companies,V2
Checkatrade,Flat Roofing Installation,London,https://www.checkatrade.com/sitemap/locations/London/F,london_trade_sitemap,2026-09-05,London A-Z trade/service sitemap.,checkatrade,flat roofing installation,checkatrade||flat roofing installation,V2
Checkatrade,Flat Roofing Repair,London,https://www.checkatrade.com/sitemap/locations/London/F,london_trade_sitemap,2026-09-05,London A-Z trade/service sitemap.,checkatrade,flat roofing repair,checkatrade||flat roofing repair,V2
Checkatrade,flat rubber roof repair,London,https://www.checkatrade.com/sitemap/locations/London/F,london_trade_sitemap,2026-09-05,London A-Z trade/service sitemap.,checkatrade,flat rubber roof repair,checkatrade||flat rubber roof repair,V2
Checkatrade,Flatpack wardrobe setup,London,https://www.checkatrade.com/sitemap/locations/London/F,london_trade_sitemap,2026-09-05,London A-Z trade/service sitemap.,checkatrade,flatpack wardrobe setup,checkatrade||flatpack wardrobe setup,V2
Checkatrade,Flint / Stonework,London,https://www.checkatrade.com/sitemap/locations/London/F,london_trade_sitemap,2026-09-05,London A-Z trade/service sitemap.,checkatrade,flint stonework,checkatrade||flint stonework,V2
Checkatrade,flood damage,London,https://www.checkatrade.com/sitemap/locations/London/F,london_trade_sitemap,2026-09-05,London A-Z trade/service sitemap.,checkatrade,flood damage,checkatrade||flood damage,V2
Checkatrade,Flood Restoration,London,https://www.checkatrade.com/sitemap/locations/London/F,london_trade_sitemap,2026-09-05,London A-Z trade/service sitemap.,checkatrade,flood restoration,checkatrade||flood restoration,V2
Checkatrade,floor painting,London,https://www.checkatrade.com/sitemap/locations/London/F,london_trade_sitemap,2026-09-05,London A-Z trade/service sitemap.,checkatrade,floor painting,checkatrade||floor painting,V2
Checkatrade,Floor Sanding,London,https://www.checkatrade.com/sitemap/locations/London/F,london_trade_sitemap,2026-09-05,London A-Z trade/service sitemap.,checkatrade,floor sanding,checkatrade||floor sanding,V2
Checkatrade,Floor Screeding,London,https://www.checkatrade.com/sitemap/locations/London/F,london_trade_sitemap,2026-09-05,London A-Z trade/service sitemap.,checkatrade,floor screeding,checkatrade||floor screeding,V2
Checkatrade,Floor Tiling,London,https://www.checkatrade.com/sitemap/locations/London/F,london_trade_sitemap,2026-09-05,London A-Z trade/service sitemap.,checkatrade,floor tiling,checkatrade||floor tiling,V2
Checkatrade,Flooring Specialist,London,https://www.checkatrade.com/sitemap/locations/London/F,london_trade_sitemap,2026-09-05,London A-Z trade/service sitemap.,checkatrade,flooring specialist,checkatrade||flooring specialist,V2
Checkatrade,flue specialist,London,https://www.checkatrade.com/sitemap/locations/London/F,london_trade_sitemap,2026-09-05,London A-Z trade/service sitemap.,checkatrade,flue specialist,checkatrade||flue specialist,V2
Checkatrade,Foundation Builders,London,https://www.checkatrade.com/sitemap/locations/London/F,london_trade_sitemap,2026-09-05,London A-Z trade/service sitemap.,checkatrade,foundation builders,checkatrade||foundation builders,V2
Checkatrade,Foundations,London,https://www.checkatrade.com/sitemap/locations/London/F,london_trade_sitemap,2026-09-05,London A-Z trade/service sitemap.,checkatrade,foundations,checkatrade||foundations,V2
Checkatrade,Freesat,London,https://www.checkatrade.com/sitemap/locations/London/F,london_trade_sitemap,2026-09-05,London A-Z trade/service sitemap.,checkatrade,freesat,checkatrade||freesat,V2
Checkatrade,Freeview,London,https://www.checkatrade.com/sitemap/locations/London/F,london_trade_sitemap,2026-09-05,London A-Z trade/service sitemap.,checkatrade,freeview,checkatrade||freeview,V2
Checkatrade,French Doors Installation,London,https://www.checkatrade.com/sitemap/locations/London/F,london_trade_sitemap,2026-09-05,London A-Z trade/service sitemap.,checkatrade,french doors installation,checkatrade||french doors installation,V2
Checkatrade,French Doors Repair,London,https://www.checkatrade.com/sitemap/locations/London/F,london_trade_sitemap,2026-09-05,London A-Z trade/service sitemap.,checkatrade,french doors repair,checkatrade||french doors repair,V2
Checkatrade,French Polisher,London,https://www.checkatrade.com/sitemap/locations/London/F,london_trade_sitemap,2026-09-05,London A-Z trade/service sitemap.,checkatrade,french polisher,checkatrade||french polisher,V2
Checkatrade,Fridge / Freezer Repair,London,https://www.checkatrade.com/sitemap/locations/London/F,london_trade_sitemap,2026-09-05,London A-Z trade/service sitemap.,checkatrade,fridge freezer repair,checkatrade||fridge freezer repair,V2
Checkatrade,front door painters,London,https://www.checkatrade.com/sitemap/locations/London/F,london_trade_sitemap,2026-09-05,London A-Z trade/service sitemap.,checkatrade,front door painters,checkatrade||front door painters,V2
Checkatrade,Frosted Windows,London,https://www.checkatrade.com/sitemap/locations/London/F,london_trade_sitemap,2026-09-05,London A-Z trade/service sitemap.,checkatrade,frosted windows,checkatrade||frosted windows,V2
Checkatrade,Fumigation,London,https://www.checkatrade.com/sitemap/locations/London/F,london_trade_sitemap,2026-09-05,London A-Z trade/service sitemap.,checkatrade,fumigation,checkatrade||fumigation,V2
Checkatrade,furniture joinery,London,https://www.checkatrade.com/sitemap/locations/London/F,london_trade_sitemap,2026-09-05,London A-Z trade/service sitemap.,checkatrade,furniture joinery,checkatrade||furniture joinery,V2
Checkatrade,furniture painting,London,https://www.checkatrade.com/sitemap/locations/London/F,london_trade_sitemap,2026-09-05,London A-Z trade/service sitemap.,checkatrade,furniture painting,checkatrade||furniture painting,V2
Checkatrade,furniture refinishing,London,https://www.checkatrade.com/sitemap/locations/London/F,london_trade_sitemap,2026-09-05,London A-Z trade/service sitemap.,checkatrade,furniture refinishing,checkatrade||furniture refinishing,V2
Checkatrade,furniture refurbishing,London,https://www.checkatrade.com/sitemap/locations/London/F,london_trade_sitemap,2026-09-05,London A-Z trade/service sitemap.,checkatrade,furniture refurbishing,checkatrade||furniture refurbishing,V2
Checkatrade,furniture repair,London,https://www.checkatrade.com/sitemap/locations/London/F,london_trade_sitemap,2026-09-05,London A-Z trade/service sitemap.,checkatrade,furniture repair,checkatrade||furniture repair,V2
Checkatrade,Furniture Repair / Restoration,London,https://www.checkatrade.com/sitemap/locations/London/F,london_trade_sitemap,2026-09-05,London A-Z trade/service sitemap.,checkatrade,furniture repair restoration,checkatrade||furniture repair restoration,V2
Checkatrade,furniture repair services,London,https://www.checkatrade.com/sitemap/locations/London/F,london_trade_sitemap,2026-09-05,London A-Z trade/service sitemap.,checkatrade,furniture repair services,checkatrade||furniture repair services,V2
Checkatrade,furniture spray painters,London,https://www.checkatrade.com/sitemap/locations/London/F,london_trade_sitemap,2026-09-05,London A-Z trade/service sitemap.,checkatrade,furniture spray painters,checkatrade||furniture spray painters,V2
Checkatrade,furniture stripper,London,https://www.checkatrade.com/sitemap/locations/London/F,london_trade_sitemap,2026-09-05,London A-Z trade/service sitemap.,checkatrade,furniture stripper,checkatrade||furniture stripper,V2
Checkatrade,furniture stripping service,London,https://www.checkatrade.com/sitemap/locations/London/F,london_trade_sitemap,2026-09-05,London A-Z trade/service sitemap.,checkatrade,furniture stripping service,checkatrade||furniture stripping service,V2
Checkatrade,Fuseboard / Consumer Unit Installation,London,https://www.checkatrade.com/sitemap/locations/London/F,london_trade_sitemap,2026-09-05,London A-Z trade/service sitemap.,checkatrade,fuseboard consumer unit installation,checkatrade||fuseboard consumer unit installation,V2
Checkatrade,Fuseboard / Consumer Unit Repair,London,https://www.checkatrade.com/sitemap/locations/London/F,london_trade_sitemap,2026-09-05,London A-Z trade/service sitemap.,checkatrade,fuseboard consumer unit repair,checkatrade||fuseboard consumer unit repair,V2
Checkatrade,Garage / Vehicle Services,London,https://www.checkatrade.com/sitemap/locations/London/G,london_trade_sitemap,2026-09-05,London A-Z trade/service sitemap.,checkatrade,garage vehicle services,checkatrade||garage vehicle services,V2
Checkatrade,Garage Conversion Specialists,London,https://www.checkatrade.com/sitemap/locations/London/G,london_trade_sitemap,2026-09-05,London A-Z trade/service sitemap.,checkatrade,garage conversion specialists,checkatrade||garage conversion specialists,V2
Checkatrade,Garage Conversions,London,https://www.checkatrade.com/sitemap/locations/London/G,london_trade_sitemap,2026-09-05,London A-Z trade/service sitemap.,checkatrade,garage conversions,checkatrade||garage conversions,V2
Checkatrade,Garage Demolition And Removal,London,https://www.checkatrade.com/sitemap/locations/London/G,london_trade_sitemap,2026-09-05,London A-Z trade/service sitemap.,checkatrade,garage demolition and removal,checkatrade||garage demolition and removal,V2
Checkatrade,Garage Door Installation,London,https://www.checkatrade.com/sitemap/locations/London/G,london_trade_sitemap,2026-09-05,London A-Z trade/service sitemap.,checkatrade,garage door installation,checkatrade||garage door installation,V2
Checkatrade,garage door painting,London,https://www.checkatrade.com/sitemap/locations/London/G,london_trade_sitemap,2026-09-05,London A-Z trade/service sitemap.,checkatrade,garage door painting,checkatrade||garage door painting,V2
Checkatrade,Garage Door Servicing / Repair,London,https://www.checkatrade.com/sitemap/locations/London/G,london_trade_sitemap,2026-09-05,London A-Z trade/service sitemap.,checkatrade,garage door servicing repair,checkatrade||garage door servicing repair,V2
Checkatrade,Garage Door Supplier,London,https://www.checkatrade.com/sitemap/locations/London/G,london_trade_sitemap,2026-09-05,London A-Z trade/service sitemap.,checkatrade,garage door supplier,checkatrade||garage door supplier,V2
Checkatrade,Garage Doors,London,https://www.checkatrade.com/sitemap/locations/London/G,london_trade_sitemap,2026-09-05,London A-Z trade/service sitemap.,checkatrade,garage doors,checkatrade||garage doors,V2
Checkatrade,Garage Flooring,London,https://www.checkatrade.com/sitemap/locations/London/G,london_trade_sitemap,2026-09-05,London A-Z trade/service sitemap.,checkatrade,garage flooring,checkatrade||garage flooring,V2
Checkatrade,garage roof repairs,London,https://www.checkatrade.com/sitemap/locations/London/G,london_trade_sitemap,2026-09-05,London A-Z trade/service sitemap.,checkatrade,garage roof repairs,checkatrade||garage roof repairs,V2
Checkatrade,garage roof replacement,London,https://www.checkatrade.com/sitemap/locations/London/G,london_trade_sitemap,2026-09-05,London A-Z trade/service sitemap.,checkatrade,garage roof replacement,checkatrade||garage roof replacement,V2
Checkatrade,Garden Clearance,London,https://www.checkatrade.com/sitemap/locations/London/G,london_trade_sitemap,2026-09-05,London A-Z trade/service sitemap.,checkatrade,garden clearance,checkatrade||garden clearance,V2
Checkatrade,Garden Design,London,https://www.checkatrade.com/sitemap/locations/London/G,london_trade_sitemap,2026-09-05,London A-Z trade/service sitemap.,checkatrade,garden design,checkatrade||garden design,V2
Checkatrade,Garden Fencing,London,https://www.checkatrade.com/sitemap/locations/London/G,london_trade_sitemap,2026-09-05,London A-Z trade/service sitemap.,checkatrade,garden fencing,checkatrade||garden fencing,V2
Checkatrade,Garden Furniture Restoration,London,https://www.checkatrade.com/sitemap/locations/London/G,london_trade_sitemap,2026-09-05,London A-Z trade/service sitemap.,checkatrade,garden furniture restoration,checkatrade||garden furniture restoration,V2
Checkatrade,Garden Lighting,London,https://www.checkatrade.com/sitemap/locations/London/G,london_trade_sitemap,2026-09-05,London A-Z trade/service sitemap.,checkatrade,garden lighting,checkatrade||garden lighting,V2
Checkatrade,Garden Logs Supplied / Delivered,London,https://www.checkatrade.com/sitemap/locations/London/G,london_trade_sitemap,2026-09-05,London A-Z trade/service sitemap.,checkatrade,garden logs supplied delivered,checkatrade||garden logs supplied delivered,V2
Checkatrade,Garden Machinery Repairs,London,https://www.checkatrade.com/sitemap/locations/London/G,london_trade_sitemap,2026-09-05,London A-Z trade/service sitemap.,checkatrade,garden machinery repairs,checkatrade||garden machinery repairs,V2
Checkatrade,Garden Maintenance,London,https://www.checkatrade.com/sitemap/locations/London/G,london_trade_sitemap,2026-09-05,London A-Z trade/service sitemap.,checkatrade,garden maintenance,checkatrade||garden maintenance,V2
Checkatrade,Garden Rooms / Annexes,London,https://www.checkatrade.com/sitemap/locations/London/G,london_trade_sitemap,2026-09-05,London A-Z trade/service sitemap.,checkatrade,garden rooms annexes,checkatrade||garden rooms annexes,V2
Checkatrade,Garden Shed Suppliers,London,https://www.checkatrade.com/sitemap/locations/London/G,london_trade_sitemap,2026-09-05,London A-Z trade/service sitemap.,checkatrade,garden shed suppliers,checkatrade||garden shed suppliers,V2
Checkatrade,Garden Structures,London,https://www.checkatrade.com/sitemap/locations/London/G,london_trade_sitemap,2026-09-05,London A-Z trade/service sitemap.,checkatrade,garden structures,checkatrade||garden structures,V2
Checkatrade,Garden Studios,London,https://www.checkatrade.com/sitemap/locations/London/G,london_trade_sitemap,2026-09-05,London A-Z trade/service sitemap.,checkatrade,garden studios,checkatrade||garden studios,V2
Checkatrade,Gardener,London,https://www.checkatrade.com/sitemap/locations/London/G,london_trade_sitemap,2026-09-05,London A-Z trade/service sitemap.,checkatrade,gardener,checkatrade||gardener,V2
Checkatrade,gas and electric cooker installation,London,https://www.checkatrade.com/sitemap/locations/London/G,london_trade_sitemap,2026-09-05,London A-Z trade/service sitemap.,checkatrade,gas and electric cooker installation,checkatrade||gas and electric cooker installation,V2
Checkatrade,Gas Boiler Installation,London,https://www.checkatrade.com/sitemap/locations/London/G,london_trade_sitemap,2026-09-05,London A-Z trade/service sitemap.,checkatrade,gas boiler installation,checkatrade||gas boiler installation,V2
Checkatrade,Gas Boiler Installer,London,https://www.checkatrade.com/sitemap/locations/London/G,london_trade_sitemap,2026-09-05,London A-Z trade/service sitemap.,checkatrade,gas boiler installer,checkatrade||gas boiler installer,V2
Checkatrade,Gas Boiler Repair,London,https://www.checkatrade.com/sitemap/locations/London/G,london_trade_sitemap,2026-09-05,London A-Z trade/service sitemap.,checkatrade,gas boiler repair,checkatrade||gas boiler repair,V2
Checkatrade,Gas boiler replacement,London,https://www.checkatrade.com/sitemap/locations/London/G,london_trade_sitemap,2026-09-05,London A-Z trade/service sitemap.,checkatrade,gas boiler replacement,checkatrade||gas boiler replacement,V2
Checkatrade,Gas Boiler Servicing,London,https://www.checkatrade.com/sitemap/locations/London/G,london_trade_sitemap,2026-09-05,London A-Z trade/service sitemap.,checkatrade,gas boiler servicing,checkatrade||gas boiler servicing,V2
Checkatrade,Gas Boiler Servicing / Repair,London,https://www.checkatrade.com/sitemap/locations/London/G,london_trade_sitemap,2026-09-05,London A-Z trade/service sitemap.,checkatrade,gas boiler servicing repair,checkatrade||gas boiler servicing repair,V2
Checkatrade,Gas Central Heating Boiler Replacement,London,https://www.checkatrade.com/sitemap/locations/London/G,london_trade_sitemap,2026-09-05,London A-Z trade/service sitemap.,checkatrade,gas central heating boiler replacement,checkatrade||gas central heating boiler replacement,V2
Checkatrade,Gas Central Heating Engineers,London,https://www.checkatrade.com/sitemap/locations/London/G,london_trade_sitemap,2026-09-05,London A-Z trade/service sitemap.,checkatrade,gas central heating engineers,checkatrade||gas central heating engineers,V2
Checkatrade,Gas Central Heating Installation,London,https://www.checkatrade.com/sitemap/locations/London/G,london_trade_sitemap,2026-09-05,London A-Z trade/service sitemap.,checkatrade,gas central heating installation,checkatrade||gas central heating installation,V2
Checkatrade,Gas Central Heating Servicing / Repair,London,https://www.checkatrade.com/sitemap/locations/London/G,london_trade_sitemap,2026-09-05,London A-Z trade/service sitemap.,checkatrade,gas central heating servicing repair,checkatrade||gas central heating servicing repair,V2
Checkatrade,Gas Cooker Disposal,London,https://www.checkatrade.com/sitemap/locations/London/G,london_trade_sitemap,2026-09-05,London A-Z trade/service sitemap.,checkatrade,gas cooker disposal,checkatrade||gas cooker disposal,V2
Checkatrade,Gas Cooker Installation,London,https://www.checkatrade.com/sitemap/locations/London/G,london_trade_sitemap,2026-09-05,London A-Z trade/service sitemap.,checkatrade,gas cooker installation,checkatrade||gas cooker installation,V2
Checkatrade,Gas Cooker Repair,London,https://www.checkatrade.com/sitemap/locations/London/G,london_trade_sitemap,2026-09-05,London A-Z trade/service sitemap.,checkatrade,gas cooker repair,checkatrade||gas cooker repair,V2
Checkatrade,Gas Fire Installation,London,https://www.checkatrade.com/sitemap/locations/London/G,london_trade_sitemap,2026-09-05,London A-Z trade/service sitemap.,checkatrade,gas fire installation,checkatrade||gas fire installation,V2
Checkatrade,Gas Fire Servicing / Repair,London,https://www.checkatrade.com/sitemap/locations/London/G,london_trade_sitemap,2026-09-05,London A-Z trade/service sitemap.,checkatrade,gas fire servicing repair,checkatrade||gas fire servicing repair,V2
Checkatrade,gas meter,London,https://www.checkatrade.com/sitemap/locations/London/G,london_trade_sitemap,2026-09-05,London A-Z trade/service sitemap.,checkatrade,gas meter,checkatrade||gas meter,V2
Checkatrade,gas pipe fitters,London,https://www.checkatrade.com/sitemap/locations/London/G,london_trade_sitemap,2026-09-05,London A-Z trade/service sitemap.,checkatrade,gas pipe fitters,checkatrade||gas pipe fitters,V2
Checkatrade,gas pipe repair,London,https://www.checkatrade.com/sitemap/locations/London/G,london_trade_sitemap,2026-09-05,London A-Z trade/service sitemap.,checkatrade,gas pipe repair,checkatrade||gas pipe repair,V2
Checkatrade,gas pipework,London,https://www.checkatrade.com/sitemap/locations/London/G,london_trade_sitemap,2026-09-05,London A-Z trade/service sitemap.,checkatrade,gas pipework,checkatrade||gas pipework,V2
Checkatrade,Gas Safety Checks - CP12,London,https://www.checkatrade.com/sitemap/locations/London/G,london_trade_sitemap,2026-09-05,London A-Z trade/service sitemap.,checkatrade,gas safety checks - cp12,checkatrade||gas safety checks - cp12,V2
Checkatrade,Gate Automation,London,https://www.checkatrade.com/sitemap/locations/London/G,london_trade_sitemap,2026-09-05,London A-Z trade/service sitemap.,checkatrade,gate automation,checkatrade||gate automation,V2
Checkatrade,Gates,London,https://www.checkatrade.com/sitemap/locations/London/G,london_trade_sitemap,2026-09-05,London A-Z trade/service sitemap.,checkatrade,gates,checkatrade||gates,V2
Checkatrade,gazebo assembly service,London,https://www.checkatrade.com/sitemap/locations/London/G,london_trade_sitemap,2026-09-05,London A-Z trade/service sitemap.,checkatrade,gazebo assembly service,checkatrade||gazebo assembly service,V2
Checkatrade,gazebo builders,London,https://www.checkatrade.com/sitemap/locations/London/G,london_trade_sitemap,2026-09-05,London A-Z trade/service sitemap.,checkatrade,gazebo builders,checkatrade||gazebo builders,V2
Checkatrade,gazebo installation service,London,https://www.checkatrade.com/sitemap/locations/London/G,london_trade_sitemap,2026-09-05,London A-Z trade/service sitemap.,checkatrade,gazebo installation service,checkatrade||gazebo installation service,V2
Checkatrade,gazebo installer,London,https://www.checkatrade.com/sitemap/locations/London/G,london_trade_sitemap,2026-09-05,London A-Z trade/service sitemap.,checkatrade,gazebo installer,checkatrade||gazebo installer,V2
Checkatrade,Gearbox,London,https://www.checkatrade.com/sitemap/locations/London/G,london_trade_sitemap,2026-09-05,London A-Z trade/service sitemap.,checkatrade,gearbox,checkatrade||gearbox,V2
Checkatrade,General Building,London,https://www.checkatrade.com/sitemap/locations/London/G,london_trade_sitemap,2026-09-05,London A-Z trade/service sitemap.,checkatrade,general building,checkatrade||general building,V2
Checkatrade,General Carpentry,London,https://www.checkatrade.com/sitemap/locations/London/G,london_trade_sitemap,2026-09-05,London A-Z trade/service sitemap.,checkatrade,general carpentry,checkatrade||general carpentry,V2
Checkatrade,General Plumbing,London,https://www.checkatrade.com/sitemap/locations/London/G,london_trade_sitemap,2026-09-05,London A-Z trade/service sitemap.,checkatrade,general plumbing,checkatrade||general plumbing,V2
Checkatrade,Glass,London,https://www.checkatrade.com/sitemap/locations/London/G,london_trade_sitemap,2026-09-05,London A-Z trade/service sitemap.,checkatrade,glass,checkatrade||glass,V2
Checkatrade,Glass Balustrades,London,https://www.checkatrade.com/sitemap/locations/London/G,london_trade_sitemap,2026-09-05,London A-Z trade/service sitemap.,checkatrade,glass balustrades,checkatrade||glass balustrades,V2
Checkatrade,Glass Polishing,London,https://www.checkatrade.com/sitemap/locations/London/G,london_trade_sitemap,2026-09-05,London A-Z trade/service sitemap.,checkatrade,glass polishing,checkatrade||glass polishing,V2
Checkatrade,Glass Replacement,London,https://www.checkatrade.com/sitemap/locations/London/G,london_trade_sitemap,2026-09-05,London A-Z trade/service sitemap.,checkatrade,glass replacement,checkatrade||glass replacement,V2
Checkatrade,Glass Restoration,London,https://www.checkatrade.com/sitemap/locations/London/G,london_trade_sitemap,2026-09-05,London A-Z trade/service sitemap.,checkatrade,glass restoration,checkatrade||glass restoration,V2
Checkatrade,Glass Roof Installation,London,https://www.checkatrade.com/sitemap/locations/London/G,london_trade_sitemap,2026-09-05,London A-Z trade/service sitemap.,checkatrade,glass roof installation,checkatrade||glass roof installation,V2
Checkatrade,glass roof installers,London,https://www.checkatrade.com/sitemap/locations/London/G,london_trade_sitemap,2026-09-05,London A-Z trade/service sitemap.,checkatrade,glass roof installers,checkatrade||glass roof installers,V2
Checkatrade,Glass Roof Repair,London,https://www.checkatrade.com/sitemap/locations/London/G,london_trade_sitemap,2026-09-05,London A-Z trade/service sitemap.,checkatrade,glass roof repair,checkatrade||glass roof repair,V2
Checkatrade,Glass Shower Screens,London,https://www.checkatrade.com/sitemap/locations/London/G,london_trade_sitemap,2026-09-05,London A-Z trade/service sitemap.,checkatrade,glass shower screens,checkatrade||glass shower screens,V2
Checkatrade,Glass Splashbacks,London,https://www.checkatrade.com/sitemap/locations/London/G,london_trade_sitemap,2026-09-05,London A-Z trade/service sitemap.,checkatrade,glass splashbacks,checkatrade||glass splashbacks,V2
Checkatrade,Glass Surface Repair,London,https://www.checkatrade.com/sitemap/locations/London/G,london_trade_sitemap,2026-09-05,London A-Z trade/service sitemap.,checkatrade,glass surface repair,checkatrade||glass surface repair,V2
Checkatrade,Glazier,London,https://www.checkatrade.com/sitemap/locations/London/G,london_trade_sitemap,2026-09-05,London A-Z trade/service sitemap.,checkatrade,glazier,checkatrade||glazier,V2
Checkatrade,Golf / Bowls Greens,London,https://www.checkatrade.com/sitemap/locations/London/G,london_trade_sitemap,2026-09-05,London A-Z trade/service sitemap.,checkatrade,golf bowls greens,checkatrade||golf bowls greens,V2
Checkatrade,google thermostat,London,https://www.checkatrade.com/sitemap/locations/London/G,london_trade_sitemap,2026-09-05,London A-Z trade/service sitemap.,checkatrade,google thermostat,checkatrade||google thermostat,V2
Checkatrade,Grab hire,London,https://www.checkatrade.com/sitemap/locations/London/G,london_trade_sitemap,2026-09-05,London A-Z trade/service sitemap.,checkatrade,grab hire,checkatrade||grab hire,V2
Checkatrade,Graffiti Remover,London,https://www.checkatrade.com/sitemap/locations/London/G,london_trade_sitemap,2026-09-05,London A-Z trade/service sitemap.,checkatrade,graffiti remover,checkatrade||graffiti remover,V2
Checkatrade,Graphic Designers,London,https://www.checkatrade.com/sitemap/locations/London/G,london_trade_sitemap,2026-09-05,London A-Z trade/service sitemap.,checkatrade,graphic designers,checkatrade||graphic designers,V2
Checkatrade,Grass Cutting,London,https://www.checkatrade.com/sitemap/locations/London/G,london_trade_sitemap,2026-09-05,London A-Z trade/service sitemap.,checkatrade,grass cutting,checkatrade||grass cutting,V2
Checkatrade,Gravel / Shingle Driveways,London,https://www.checkatrade.com/sitemap/locations/London/G,london_trade_sitemap,2026-09-05,London A-Z trade/service sitemap.,checkatrade,gravel shingle driveways,checkatrade||gravel shingle driveways,V2
Checkatrade,Gravestone Renovation,London,https://www.checkatrade.com/sitemap/locations/London/G,london_trade_sitemap,2026-09-05,London A-Z trade/service sitemap.,checkatrade,gravestone renovation,checkatrade||gravestone renovation,V2
Checkatrade,Green Oak Framing,London,https://www.checkatrade.com/sitemap/locations/London/G,london_trade_sitemap,2026-09-05,London A-Z trade/service sitemap.,checkatrade,green oak framing,checkatrade||green oak framing,V2
Checkatrade,green roof companies,London,https://www.checkatrade.com/sitemap/locations/London/G,london_trade_sitemap,2026-09-05,London A-Z trade/service sitemap.,checkatrade,green roof companies,checkatrade||green roof companies,V2
Checkatrade,green roof installers,London,https://www.checkatrade.com/sitemap/locations/London/G,london_trade_sitemap,2026-09-05,London A-Z trade/service sitemap.,checkatrade,green roof installers,checkatrade||green roof installers,V2
Checkatrade,Green Roofing Installation,London,https://www.checkatrade.com/sitemap/locations/London/G,london_trade_sitemap,2026-09-05,London A-Z trade/service sitemap.,checkatrade,green roofing installation,checkatrade||green roofing installation,V2
Checkatrade,Green Roofing Repair,London,https://www.checkatrade.com/sitemap/locations/London/G,london_trade_sitemap,2026-09-05,London A-Z trade/service sitemap.,checkatrade,green roofing repair,checkatrade||green roofing repair,V2
Checkatrade,Greenhouse Installation,London,https://www.checkatrade.com/sitemap/locations/London/G,london_trade_sitemap,2026-09-05,London A-Z trade/service sitemap.,checkatrade,greenhouse installation,checkatrade||greenhouse installation,V2
Checkatrade,Greenhouse Supplier,London,https://www.checkatrade.com/sitemap/locations/London/G,london_trade_sitemap,2026-09-05,London A-Z trade/service sitemap.,checkatrade,greenhouse supplier,checkatrade||greenhouse supplier,V2
Checkatrade,Gritting,London,https://www.checkatrade.com/sitemap/locations/London/G,london_trade_sitemap,2026-09-05,London A-Z trade/service sitemap.,checkatrade,gritting,checkatrade||gritting,V2
Checkatrade,Ground Source Heat Pump Engineers,London,https://www.checkatrade.com/sitemap/locations/London/G,london_trade_sitemap,2026-09-05,London A-Z trade/service sitemap.,checkatrade,ground source heat pump engineers,checkatrade||ground source heat pump engineers,V2
Checkatrade,Ground Source Heat Pump Installation - GSHP,London,https://www.checkatrade.com/sitemap/locations/London/G,london_trade_sitemap,2026-09-05,London A-Z trade/service sitemap.,checkatrade,ground source heat pump installation - gshp,checkatrade||ground source heat pump installation - gshp,V2
Checkatrade,Ground Source Heat Pump Installers,London,https://www.checkatrade.com/sitemap/locations/London/G,london_trade_sitemap,2026-09-05,London A-Z trade/service sitemap.,checkatrade,ground source heat pump installers,checkatrade||ground source heat pump installers,V2
Checkatrade,Ground Source Heat Pump Repair,London,https://www.checkatrade.com/sitemap/locations/London/G,london_trade_sitemap,2026-09-05,London A-Z trade/service sitemap.,checkatrade,ground source heat pump repair,checkatrade||ground source heat pump repair,V2
Checkatrade,Ground Source Heat Pump Servicing,London,https://www.checkatrade.com/sitemap/locations/London/G,london_trade_sitemap,2026-09-05,London A-Z trade/service sitemap.,checkatrade,ground source heat pump servicing,checkatrade||ground source heat pump servicing,V2
Checkatrade,Ground Source Heat Pump Servicing / Repair - GSHP,London,https://www.checkatrade.com/sitemap/locations/London/G,london_trade_sitemap,2026-09-05,London A-Z trade/service sitemap.,checkatrade,ground source heat pump servicing repair - gshp,checkatrade||ground source heat pump servicing repair - gshp,V2
Checkatrade,Grounds Maintenance,London,https://www.checkatrade.com/sitemap/locations/London/G,london_trade_sitemap,2026-09-05,London A-Z trade/service sitemap.,checkatrade,grounds maintenance,checkatrade||grounds maintenance,V2
Checkatrade,Groundworks,London,https://www.checkatrade.com/sitemap/locations/London/G,london_trade_sitemap,2026-09-05,London A-Z trade/service sitemap.,checkatrade,groundworks,checkatrade||groundworks,V2
Checkatrade,guardian roof installers,London,https://www.checkatrade.com/sitemap/locations/London/G,london_trade_sitemap,2026-09-05,London A-Z trade/service sitemap.,checkatrade,guardian roof installers,checkatrade||guardian roof installers,V2
Checkatrade,Gutter Cleaning & Clearance,London,https://www.checkatrade.com/sitemap/locations/London/G,london_trade_sitemap,2026-09-05,London A-Z trade/service sitemap.,checkatrade,gutter cleaning and clearance,checkatrade||gutter cleaning and clearance,V2
Checkatrade,Hand Made Tiles,London,https://www.checkatrade.com/sitemap/locations/London/H,london_trade_sitemap,2026-09-05,London A-Z trade/service sitemap.,checkatrade,hand made tiles,checkatrade||hand made tiles,V2
Checkatrade,handmade kitchens,London,https://www.checkatrade.com/sitemap/locations/London/H,london_trade_sitemap,2026-09-05,London A-Z trade/service sitemap.,checkatrade,handmade kitchens,checkatrade||handmade kitchens,V2
Checkatrade,Handmade Kitchens Designed / Installed,London,https://www.checkatrade.com/sitemap/locations/London/H,london_trade_sitemap,2026-09-05,London A-Z trade/service sitemap.,checkatrade,handmade kitchens designed installed,checkatrade||handmade kitchens designed installed,V2
Checkatrade,Handrails,London,https://www.checkatrade.com/sitemap/locations/London/H,london_trade_sitemap,2026-09-05,London A-Z trade/service sitemap.,checkatrade,handrails,checkatrade||handrails,V2
Checkatrade,handyman roofer,London,https://www.checkatrade.com/sitemap/locations/London/H,london_trade_sitemap,2026-09-05,London A-Z trade/service sitemap.,checkatrade,handyman roofer,checkatrade||handyman roofer,V2
Checkatrade,Hard Floor Cleaning,London,https://www.checkatrade.com/sitemap/locations/London/H,london_trade_sitemap,2026-09-05,London A-Z trade/service sitemap.,checkatrade,hard floor cleaning,checkatrade||hard floor cleaning,V2
Checkatrade,Hard Landscaping,London,https://www.checkatrade.com/sitemap/locations/London/H,london_trade_sitemap,2026-09-05,London A-Z trade/service sitemap.,checkatrade,hard landscaping,checkatrade||hard landscaping,V2
Checkatrade,Hardware Consultants / Technicians,London,https://www.checkatrade.com/sitemap/locations/London/H,london_trade_sitemap,2026-09-05,London A-Z trade/service sitemap.,checkatrade,hardware consultants technicians,checkatrade||hardware consultants technicians,V2
Checkatrade,Hardwood Flooring Specialist,London,https://www.checkatrade.com/sitemap/locations/London/H,london_trade_sitemap,2026-09-05,London A-Z trade/service sitemap.,checkatrade,hardwood flooring specialist,checkatrade||hardwood flooring specialist,V2
Checkatrade,Haulage,London,https://www.checkatrade.com/sitemap/locations/London/H,london_trade_sitemap,2026-09-05,London A-Z trade/service sitemap.,checkatrade,haulage,checkatrade||haulage,V2
Checkatrade,Hedge Trimming / Removal,London,https://www.checkatrade.com/sitemap/locations/London/H,london_trade_sitemap,2026-09-05,London A-Z trade/service sitemap.,checkatrade,hedge trimming removal,checkatrade||hedge trimming removal,V2
Checkatrade,heritage plaster services,London,https://www.checkatrade.com/sitemap/locations/London/H,london_trade_sitemap,2026-09-05,London A-Z trade/service sitemap.,checkatrade,heritage plaster services,checkatrade||heritage plaster services,V2
Checkatrade,Heritage Property Specialist,London,https://www.checkatrade.com/sitemap/locations/London/H,london_trade_sitemap,2026-09-05,London A-Z trade/service sitemap.,checkatrade,heritage property specialist,checkatrade||heritage property specialist,V2
Checkatrade,Hire Services,London,https://www.checkatrade.com/sitemap/locations/London/H,london_trade_sitemap,2026-09-05,London A-Z trade/service sitemap.,checkatrade,hire services,checkatrade||hire services,V2
Checkatrade,Hive Heating Installers,London,https://www.checkatrade.com/sitemap/locations/London/H,london_trade_sitemap,2026-09-05,London A-Z trade/service sitemap.,checkatrade,hive heating installers,checkatrade||hive heating installers,V2
Checkatrade,hive thermostat,London,https://www.checkatrade.com/sitemap/locations/London/H,london_trade_sitemap,2026-09-05,London A-Z trade/service sitemap.,checkatrade,hive thermostat,checkatrade||hive thermostat,V2
Checkatrade,Holiday Let Cleaning Services,London,https://www.checkatrade.com/sitemap/locations/London/H,london_trade_sitemap,2026-09-05,London A-Z trade/service sitemap.,checkatrade,holiday let cleaning services,checkatrade||holiday let cleaning services,V2
Checkatrade,Home Automation,London,https://www.checkatrade.com/sitemap/locations/London/H,london_trade_sitemap,2026-09-05,London A-Z trade/service sitemap.,checkatrade,home automation,checkatrade||home automation,V2
Checkatrade,Home Automation / Media,London,https://www.checkatrade.com/sitemap/locations/London/H,london_trade_sitemap,2026-09-05,London A-Z trade/service sitemap.,checkatrade,home automation media,checkatrade||home automation media,V2
Checkatrade,Home Cinema,London,https://www.checkatrade.com/sitemap/locations/London/H,london_trade_sitemap,2026-09-05,London A-Z trade/service sitemap.,checkatrade,home cinema,checkatrade||home cinema,V2
Checkatrade,Home Interior Designer,London,https://www.checkatrade.com/sitemap/locations/London/H,london_trade_sitemap,2026-09-05,London A-Z trade/service sitemap.,checkatrade,home interior designer,checkatrade||home interior designer,V2
Checkatrade,Home Networks,London,https://www.checkatrade.com/sitemap/locations/London/H,london_trade_sitemap,2026-09-05,London A-Z trade/service sitemap.,checkatrade,home networks,checkatrade||home networks,V2
Checkatrade,Home Offices,London,https://www.checkatrade.com/sitemap/locations/London/H,london_trade_sitemap,2026-09-05,London A-Z trade/service sitemap.,checkatrade,home offices,checkatrade||home offices,V2
Checkatrade,home renovation,London,https://www.checkatrade.com/sitemap/locations/London/H,london_trade_sitemap,2026-09-05,London A-Z trade/service sitemap.,checkatrade,home renovation,checkatrade||home renovation,V2
Checkatrade,HomeBuyer Report,London,https://www.checkatrade.com/sitemap/locations/London/H,london_trade_sitemap,2026-09-05,London A-Z trade/service sitemap.,checkatrade,homebuyer report,checkatrade||homebuyer report,V2
Checkatrade,Horse Stable Builders,London,https://www.checkatrade.com/sitemap/locations/London/H,london_trade_sitemap,2026-09-05,London A-Z trade/service sitemap.,checkatrade,horse stable builders,checkatrade||horse stable builders,V2
Checkatrade,Hot Melt Roofing Installation,London,https://www.checkatrade.com/sitemap/locations/London/H,london_trade_sitemap,2026-09-05,London A-Z trade/service sitemap.,checkatrade,hot melt roofing installation,checkatrade||hot melt roofing installation,V2
Checkatrade,Hot Melt Roofing Repair,London,https://www.checkatrade.com/sitemap/locations/London/H,london_trade_sitemap,2026-09-05,London A-Z trade/service sitemap.,checkatrade,hot melt roofing repair,checkatrade||hot melt roofing repair,V2
Checkatrade,Hot Tub Installation,London,https://www.checkatrade.com/sitemap/locations/London/H,london_trade_sitemap,2026-09-05,London A-Z trade/service sitemap.,checkatrade,hot tub installation,checkatrade||hot tub installation,V2
Checkatrade,Hot Tub Servicing,London,https://www.checkatrade.com/sitemap/locations/London/H,london_trade_sitemap,2026-09-05,London A-Z trade/service sitemap.,checkatrade,hot tub servicing,checkatrade||hot tub servicing,V2
Checkatrade,Hot Tub Supplier,London,https://www.checkatrade.com/sitemap/locations/London/H,london_trade_sitemap,2026-09-05,London A-Z trade/service sitemap.,checkatrade,hot tub supplier,checkatrade||hot tub supplier,V2
Checkatrade,Hot Tub Wiring,London,https://www.checkatrade.com/sitemap/locations/London/H,london_trade_sitemap,2026-09-05,London A-Z trade/service sitemap.,checkatrade,hot tub wiring,checkatrade||hot tub wiring,V2
Checkatrade,Hot Tubs / Spas,London,https://www.checkatrade.com/sitemap/locations/London/H,london_trade_sitemap,2026-09-05,London A-Z trade/service sitemap.,checkatrade,hot tubs spas,checkatrade||hot tubs spas,V2
Checkatrade,hot water tank,London,https://www.checkatrade.com/sitemap/locations/London/H,london_trade_sitemap,2026-09-05,London A-Z trade/service sitemap.,checkatrade,hot water tank,checkatrade||hot water tank,V2
Checkatrade,House Clearance,London,https://www.checkatrade.com/sitemap/locations/London/H,london_trade_sitemap,2026-09-05,London A-Z trade/service sitemap.,checkatrade,house clearance,checkatrade||house clearance,V2
Checkatrade,House Removal,London,https://www.checkatrade.com/sitemap/locations/London/H,london_trade_sitemap,2026-09-05,London A-Z trade/service sitemap.,checkatrade,house removal,checkatrade||house removal,V2
Checkatrade,house renovation,London,https://www.checkatrade.com/sitemap/locations/London/H,london_trade_sitemap,2026-09-05,London A-Z trade/service sitemap.,checkatrade,house renovation,checkatrade||house renovation,V2
Checkatrade,House Rewiring,London,https://www.checkatrade.com/sitemap/locations/London/H,london_trade_sitemap,2026-09-05,London A-Z trade/service sitemap.,checkatrade,house rewiring,checkatrade||house rewiring,V2
Checkatrade,Household Water Treatment,London,https://www.checkatrade.com/sitemap/locations/London/H,london_trade_sitemap,2026-09-05,London A-Z trade/service sitemap.,checkatrade,household water treatment,checkatrade||household water treatment,V2
Checkatrade,hydraulic pipe repair,London,https://www.checkatrade.com/sitemap/locations/London/H,london_trade_sitemap,2026-09-05,London A-Z trade/service sitemap.,checkatrade,hydraulic pipe repair,checkatrade||hydraulic pipe repair,V2
Checkatrade,Immersion Heater Installation,London,https://www.checkatrade.com/sitemap/locations/London/I,london_trade_sitemap,2026-09-05,London A-Z trade/service sitemap.,checkatrade,immersion heater installation,checkatrade||immersion heater installation,V2
Checkatrade,Immersion Heater Repair,London,https://www.checkatrade.com/sitemap/locations/London/I,london_trade_sitemap,2026-09-05,London A-Z trade/service sitemap.,checkatrade,immersion heater repair,checkatrade||immersion heater repair,V2
Checkatrade,Industrial Doors,London,https://www.checkatrade.com/sitemap/locations/London/I,london_trade_sitemap,2026-09-05,London A-Z trade/service sitemap.,checkatrade,industrial doors,checkatrade||industrial doors,V2
Checkatrade,Industrial Garage Doors,London,https://www.checkatrade.com/sitemap/locations/London/I,london_trade_sitemap,2026-09-05,London A-Z trade/service sitemap.,checkatrade,industrial garage doors,checkatrade||industrial garage doors,V2
Checkatrade,Insect Screens,London,https://www.checkatrade.com/sitemap/locations/London/I,london_trade_sitemap,2026-09-05,London A-Z trade/service sitemap.,checkatrade,insect screens,checkatrade||insect screens,V2
Checkatrade,Insulated Rendering,London,https://www.checkatrade.com/sitemap/locations/London/I,london_trade_sitemap,2026-09-05,London A-Z trade/service sitemap.,checkatrade,insulated rendering,checkatrade||insulated rendering,V2
Checkatrade,Insulation,London,https://www.checkatrade.com/sitemap/locations/London/I,london_trade_sitemap,2026-09-05,London A-Z trade/service sitemap.,checkatrade,insulation,checkatrade||insulation,V2
Checkatrade,insulation and drywall contractors,London,https://www.checkatrade.com/sitemap/locations/London/I,london_trade_sitemap,2026-09-05,London A-Z trade/service sitemap.,checkatrade,insulation and drywall contractors,checkatrade||insulation and drywall contractors,V2
Checkatrade,Insurance Claim Specialist,London,https://www.checkatrade.com/sitemap/locations/London/I,london_trade_sitemap,2026-09-05,London A-Z trade/service sitemap.,checkatrade,insurance claim specialist,checkatrade||insurance claim specialist,V2
Checkatrade,Integral Blinds,London,https://www.checkatrade.com/sitemap/locations/London/I,london_trade_sitemap,2026-09-05,London A-Z trade/service sitemap.,checkatrade,integral blinds,checkatrade||integral blinds,V2
Checkatrade,Intercom Entry Systems,London,https://www.checkatrade.com/sitemap/locations/London/I,london_trade_sitemap,2026-09-05,London A-Z trade/service sitemap.,checkatrade,intercom entry systems,checkatrade||intercom entry systems,V2
Checkatrade,Interior Designer,London,https://www.checkatrade.com/sitemap/locations/London/I,london_trade_sitemap,2026-09-05,London A-Z trade/service sitemap.,checkatrade,interior designer,checkatrade||interior designer,V2
Checkatrade,interior painters,London,https://www.checkatrade.com/sitemap/locations/London/I,london_trade_sitemap,2026-09-05,London A-Z trade/service sitemap.,checkatrade,interior painters,checkatrade||interior painters,V2
Checkatrade,Interior Window Shutter Fitters,London,https://www.checkatrade.com/sitemap/locations/London/I,london_trade_sitemap,2026-09-05,London A-Z trade/service sitemap.,checkatrade,interior window shutter fitters,checkatrade||interior window shutter fitters,V2
Checkatrade,Interlocking Floor Tiles,London,https://www.checkatrade.com/sitemap/locations/London/I,london_trade_sitemap,2026-09-05,London A-Z trade/service sitemap.,checkatrade,interlocking floor tiles,checkatrade||interlocking floor tiles,V2
Checkatrade,Internal Solid Wall Insulation,London,https://www.checkatrade.com/sitemap/locations/London/I,london_trade_sitemap,2026-09-05,London A-Z trade/service sitemap.,checkatrade,internal solid wall insulation,checkatrade||internal solid wall insulation,V2
Checkatrade,Internet Services,London,https://www.checkatrade.com/sitemap/locations/London/I,london_trade_sitemap,2026-09-05,London A-Z trade/service sitemap.,checkatrade,internet services,checkatrade||internet services,V2
Checkatrade,Intruder Alarms,London,https://www.checkatrade.com/sitemap/locations/London/I,london_trade_sitemap,2026-09-05,London A-Z trade/service sitemap.,checkatrade,intruder alarms,checkatrade||intruder alarms,V2
Checkatrade,Ironing,London,https://www.checkatrade.com/sitemap/locations/London/I,london_trade_sitemap,2026-09-05,London A-Z trade/service sitemap.,checkatrade,ironing,checkatrade||ironing,V2
Checkatrade,Irrigation Systems,London,https://www.checkatrade.com/sitemap/locations/London/I,london_trade_sitemap,2026-09-05,London A-Z trade/service sitemap.,checkatrade,irrigation systems,checkatrade||irrigation systems,V2
Checkatrade,IT and Consultancy,London,https://www.checkatrade.com/sitemap/locations/London/I,london_trade_sitemap,2026-09-05,London A-Z trade/service sitemap.,checkatrade,it and consultancy,checkatrade||it and consultancy,V2
Checkatrade,IT Planning and Construction,London,https://www.checkatrade.com/sitemap/locations/London/I,london_trade_sitemap,2026-09-05,London A-Z trade/service sitemap.,checkatrade,it planning and construction,checkatrade||it planning and construction,V2
Checkatrade,IT Project Management,London,https://www.checkatrade.com/sitemap/locations/London/I,london_trade_sitemap,2026-09-05,London A-Z trade/service sitemap.,checkatrade,it project management,checkatrade||it project management,V2
Checkatrade,Japanese Knotweed,London,https://www.checkatrade.com/sitemap/locations/London/J,london_trade_sitemap,2026-09-05,London A-Z trade/service sitemap.,checkatrade,japanese knotweed,checkatrade||japanese knotweed,V2
Checkatrade,Jet / Pressure Washing,London,https://www.checkatrade.com/sitemap/locations/London/J,london_trade_sitemap,2026-09-05,London A-Z trade/service sitemap.,checkatrade,jet pressure washing,checkatrade||jet pressure washing,V2
Checkatrade,joiner,London,https://www.checkatrade.com/sitemap/locations/London/J,london_trade_sitemap,2026-09-05,London A-Z trade/service sitemap.,checkatrade,joiner,checkatrade||joiner,V2
Checkatrade,Joinery,London,https://www.checkatrade.com/sitemap/locations/London/J,london_trade_sitemap,2026-09-05,London A-Z trade/service sitemap.,checkatrade,joinery,checkatrade||joinery,V2
Checkatrade,joinery companies,London,https://www.checkatrade.com/sitemap/locations/London/J,london_trade_sitemap,2026-09-05,London A-Z trade/service sitemap.,checkatrade,joinery companies,checkatrade||joinery companies,V2
Checkatrade,K Rend,London,https://www.checkatrade.com/sitemap/locations/London/K,london_trade_sitemap,2026-09-05,London A-Z trade/service sitemap.,checkatrade,k rend,checkatrade||k rend,V2
Checkatrade,k rend installers,London,https://www.checkatrade.com/sitemap/locations/London/K,london_trade_sitemap,2026-09-05,London A-Z trade/service sitemap.,checkatrade,k rend installers,checkatrade||k rend installers,V2
Checkatrade,k rend specialists,London,https://www.checkatrade.com/sitemap/locations/London/K,london_trade_sitemap,2026-09-05,London A-Z trade/service sitemap.,checkatrade,k rend specialists,checkatrade||k rend specialists,V2
Checkatrade,k rend suppliers,London,https://www.checkatrade.com/sitemap/locations/London/K,london_trade_sitemap,2026-09-05,London A-Z trade/service sitemap.,checkatrade,k rend suppliers,checkatrade||k rend suppliers,V2
Checkatrade,k rendering companies,London,https://www.checkatrade.com/sitemap/locations/London/K,london_trade_sitemap,2026-09-05,London A-Z trade/service sitemap.,checkatrade,k rendering companies,checkatrade||k rendering companies,V2
Checkatrade,Key Cutting,London,https://www.checkatrade.com/sitemap/locations/London/K,london_trade_sitemap,2026-09-05,London A-Z trade/service sitemap.,checkatrade,key cutting,checkatrade||key cutting,V2
Checkatrade,Kitchen Appliance Supplier,London,https://www.checkatrade.com/sitemap/locations/London/K,london_trade_sitemap,2026-09-05,London A-Z trade/service sitemap.,checkatrade,kitchen appliance supplier,checkatrade||kitchen appliance supplier,V2
Checkatrade,kitchen cabinet makers,London,https://www.checkatrade.com/sitemap/locations/London/K,london_trade_sitemap,2026-09-05,London A-Z trade/service sitemap.,checkatrade,kitchen cabinet makers,checkatrade||kitchen cabinet makers,V2
Checkatrade,kitchen cupboard repair,London,https://www.checkatrade.com/sitemap/locations/London/K,london_trade_sitemap,2026-09-05,London A-Z trade/service sitemap.,checkatrade,kitchen cupboard repair,checkatrade||kitchen cupboard repair,V2
Checkatrade,kitchen cupboard repairs,London,https://www.checkatrade.com/sitemap/locations/London/K,london_trade_sitemap,2026-09-05,London A-Z trade/service sitemap.,checkatrade,kitchen cupboard repairs,checkatrade||kitchen cupboard repairs,V2
Checkatrade,Kitchen Designers,London,https://www.checkatrade.com/sitemap/locations/London/K,london_trade_sitemap,2026-09-05,London A-Z trade/service sitemap.,checkatrade,kitchen designers,checkatrade||kitchen designers,V2
Checkatrade,Kitchen Doors - Installation,London,https://www.checkatrade.com/sitemap/locations/London/K,london_trade_sitemap,2026-09-05,London A-Z trade/service sitemap.,checkatrade,kitchen doors - installation,checkatrade||kitchen doors - installation,V2
Checkatrade,Kitchen Doors - Repair,London,https://www.checkatrade.com/sitemap/locations/London/K,london_trade_sitemap,2026-09-05,London A-Z trade/service sitemap.,checkatrade,kitchen doors - repair,checkatrade||kitchen doors - repair,V2
Checkatrade,Kitchen Doors - Supply & Installation,London,https://www.checkatrade.com/sitemap/locations/London/K,london_trade_sitemap,2026-09-05,London A-Z trade/service sitemap.,checkatrade,kitchen doors - supply and installation,checkatrade||kitchen doors - supply and installation,V2
Checkatrade,Kitchen Extraction Cleaning,London,https://www.checkatrade.com/sitemap/locations/London/K,london_trade_sitemap,2026-09-05,London A-Z trade/service sitemap.,checkatrade,kitchen extraction cleaning,checkatrade||kitchen extraction cleaning,V2
Checkatrade,Kitchen Fitters - Installation,London,https://www.checkatrade.com/sitemap/locations/London/K,london_trade_sitemap,2026-09-05,London A-Z trade/service sitemap.,checkatrade,kitchen fitters - installation,checkatrade||kitchen fitters - installation,V2
Checkatrade,Kitchen Fitters - Supply & Installation,London,https://www.checkatrade.com/sitemap/locations/London/K,london_trade_sitemap,2026-09-05,London A-Z trade/service sitemap.,checkatrade,kitchen fitters - supply and installation,checkatrade||kitchen fitters - supply and installation,V2
Checkatrade,kitchen painters,London,https://www.checkatrade.com/sitemap/locations/London/K,london_trade_sitemap,2026-09-05,London A-Z trade/service sitemap.,checkatrade,kitchen painters,checkatrade||kitchen painters,V2
Checkatrade,Kitchen Refurbishments,London,https://www.checkatrade.com/sitemap/locations/London/K,london_trade_sitemap,2026-09-05,London A-Z trade/service sitemap.,checkatrade,kitchen refurbishments,checkatrade||kitchen refurbishments,V2
Checkatrade,kitchen renovation,London,https://www.checkatrade.com/sitemap/locations/London/K,london_trade_sitemap,2026-09-05,London A-Z trade/service sitemap.,checkatrade,kitchen renovation,checkatrade||kitchen renovation,V2
Checkatrade,Kitchen Showroom,London,https://www.checkatrade.com/sitemap/locations/London/K,london_trade_sitemap,2026-09-05,London A-Z trade/service sitemap.,checkatrade,kitchen showroom,checkatrade||kitchen showroom,V2
Checkatrade,kitchen sink installation,London,https://www.checkatrade.com/sitemap/locations/London/K,london_trade_sitemap,2026-09-05,London A-Z trade/service sitemap.,checkatrade,kitchen sink installation,checkatrade||kitchen sink installation,V2
Checkatrade,kitchen sink repair,London,https://www.checkatrade.com/sitemap/locations/London/K,london_trade_sitemap,2026-09-05,London A-Z trade/service sitemap.,checkatrade,kitchen sink repair,checkatrade||kitchen sink repair,V2
Checkatrade,kitchen sprayers,London,https://www.checkatrade.com/sitemap/locations/London/K,london_trade_sitemap,2026-09-05,London A-Z trade/service sitemap.,checkatrade,kitchen sprayers,checkatrade||kitchen sprayers,V2
Checkatrade,Kitchen Supplier,London,https://www.checkatrade.com/sitemap/locations/London/K,london_trade_sitemap,2026-09-05,London A-Z trade/service sitemap.,checkatrade,kitchen supplier,checkatrade||kitchen supplier,V2
Checkatrade,Kitchens,London,https://www.checkatrade.com/sitemap/locations/London/K,london_trade_sitemap,2026-09-05,London A-Z trade/service sitemap.,checkatrade,kitchens,checkatrade||kitchens,V2
Checkatrade,Laminate Flooring,London,https://www.checkatrade.com/sitemap/locations/London/L,london_trade_sitemap,2026-09-05,London A-Z trade/service sitemap.,checkatrade,laminate flooring,checkatrade||laminate flooring,V2
Checkatrade,Land Appraisal,London,https://www.checkatrade.com/sitemap/locations/London/L,london_trade_sitemap,2026-09-05,London A-Z trade/service sitemap.,checkatrade,land appraisal,checkatrade||land appraisal,V2
Checkatrade,Land Surveyors,London,https://www.checkatrade.com/sitemap/locations/London/L,london_trade_sitemap,2026-09-05,London A-Z trade/service sitemap.,checkatrade,land surveyors,checkatrade||land surveyors,V2
Checkatrade,Landlord Inventories,London,https://www.checkatrade.com/sitemap/locations/London/L,london_trade_sitemap,2026-09-05,London A-Z trade/service sitemap.,checkatrade,landlord inventories,checkatrade||landlord inventories,V2
Checkatrade,Landlord Inventories - Mid Tenancy Inspection,London,https://www.checkatrade.com/sitemap/locations/London/L,london_trade_sitemap,2026-09-05,London A-Z trade/service sitemap.,checkatrade,landlord inventories - mid tenancy inspection,checkatrade||landlord inventories - mid tenancy inspection,V2
Checkatrade,Landlord Inventories - Tenant Check In,London,https://www.checkatrade.com/sitemap/locations/London/L,london_trade_sitemap,2026-09-05,London A-Z trade/service sitemap.,checkatrade,landlord inventories - tenant check in,checkatrade||landlord inventories - tenant check in,V2
Checkatrade,Landlord Inventories - Tenant Check Out,London,https://www.checkatrade.com/sitemap/locations/London/L,london_trade_sitemap,2026-09-05,London A-Z trade/service sitemap.,checkatrade,landlord inventories - tenant check out,checkatrade||landlord inventories - tenant check out,V2
Checkatrade,Landlord Services,London,https://www.checkatrade.com/sitemap/locations/London/L,london_trade_sitemap,2026-09-05,London A-Z trade/service sitemap.,checkatrade,landlord services,checkatrade||landlord services,V2
Checkatrade,Landscape Contractor,London,https://www.checkatrade.com/sitemap/locations/London/L,london_trade_sitemap,2026-09-05,London A-Z trade/service sitemap.,checkatrade,landscape contractor,checkatrade||landscape contractor,V2
Checkatrade,Landscaper,London,https://www.checkatrade.com/sitemap/locations/London/L,london_trade_sitemap,2026-09-05,London A-Z trade/service sitemap.,checkatrade,landscaper,checkatrade||landscaper,V2
Checkatrade,Laptop Repairs,London,https://www.checkatrade.com/sitemap/locations/London/L,london_trade_sitemap,2026-09-05,London A-Z trade/service sitemap.,checkatrade,laptop repairs,checkatrade||laptop repairs,V2
Checkatrade,Laser Cutting Stainless Steel,London,https://www.checkatrade.com/sitemap/locations/London/L,london_trade_sitemap,2026-09-05,London A-Z trade/service sitemap.,checkatrade,laser cutting stainless steel,checkatrade||laser cutting stainless steel,V2
Checkatrade,Lath Plastering,London,https://www.checkatrade.com/sitemap/locations/London/L,london_trade_sitemap,2026-09-05,London A-Z trade/service sitemap.,checkatrade,lath plastering,checkatrade||lath plastering,V2
Checkatrade,Laundry Service,London,https://www.checkatrade.com/sitemap/locations/London/L,london_trade_sitemap,2026-09-05,London A-Z trade/service sitemap.,checkatrade,laundry service,checkatrade||laundry service,V2
Checkatrade,Lawn Aeration,London,https://www.checkatrade.com/sitemap/locations/London/L,london_trade_sitemap,2026-09-05,London A-Z trade/service sitemap.,checkatrade,lawn aeration,checkatrade||lawn aeration,V2
Checkatrade,Lawn Care,London,https://www.checkatrade.com/sitemap/locations/London/L,london_trade_sitemap,2026-09-05,London A-Z trade/service sitemap.,checkatrade,lawn care,checkatrade||lawn care,V2
Checkatrade,Lawn Treatment,London,https://www.checkatrade.com/sitemap/locations/London/L,london_trade_sitemap,2026-09-05,London A-Z trade/service sitemap.,checkatrade,lawn treatment,checkatrade||lawn treatment,V2
Checkatrade,Lead flashing,London,https://www.checkatrade.com/sitemap/locations/London/L,london_trade_sitemap,2026-09-05,London A-Z trade/service sitemap.,checkatrade,lead flashing,checkatrade||lead flashing,V2
Checkatrade,lead flashing repairs,London,https://www.checkatrade.com/sitemap/locations/London/L,london_trade_sitemap,2026-09-05,London A-Z trade/service sitemap.,checkatrade,lead flashing repairs,checkatrade||lead flashing repairs,V2
Checkatrade,lead pipe,London,https://www.checkatrade.com/sitemap/locations/London/L,london_trade_sitemap,2026-09-05,London A-Z trade/service sitemap.,checkatrade,lead pipe,checkatrade||lead pipe,V2
Checkatrade,lead roofers,London,https://www.checkatrade.com/sitemap/locations/London/L,london_trade_sitemap,2026-09-05,London A-Z trade/service sitemap.,checkatrade,lead roofers,checkatrade||lead roofers,V2
Checkatrade,Leadwork,London,https://www.checkatrade.com/sitemap/locations/London/L,london_trade_sitemap,2026-09-05,London A-Z trade/service sitemap.,checkatrade,leadwork,checkatrade||leadwork,V2
Checkatrade,Leadworks Installation,London,https://www.checkatrade.com/sitemap/locations/London/L,london_trade_sitemap,2026-09-05,London A-Z trade/service sitemap.,checkatrade,leadworks installation,checkatrade||leadworks installation,V2
Checkatrade,Leadworks Repair,London,https://www.checkatrade.com/sitemap/locations/London/L,london_trade_sitemap,2026-09-05,London A-Z trade/service sitemap.,checkatrade,leadworks repair,checkatrade||leadworks repair,V2
Checkatrade,leak detection specialist,London,https://www.checkatrade.com/sitemap/locations/London/L,london_trade_sitemap,2026-09-05,London A-Z trade/service sitemap.,checkatrade,leak detection specialist,checkatrade||leak detection specialist,V2
Checkatrade,leaking conservatory roof repairs,London,https://www.checkatrade.com/sitemap/locations/London/L,london_trade_sitemap,2026-09-05,London A-Z trade/service sitemap.,checkatrade,leaking conservatory roof repairs,checkatrade||leaking conservatory roof repairs,V2
Checkatrade,lean to conservatory,London,https://www.checkatrade.com/sitemap/locations/London/L,london_trade_sitemap,2026-09-05,London A-Z trade/service sitemap.,checkatrade,lean to conservatory,checkatrade||lean to conservatory,V2
Checkatrade,lean to gazebo,London,https://www.checkatrade.com/sitemap/locations/London/L,london_trade_sitemap,2026-09-05,London A-Z trade/service sitemap.,checkatrade,lean to gazebo,checkatrade||lean to gazebo,V2
Checkatrade,lean to roof,London,https://www.checkatrade.com/sitemap/locations/London/L,london_trade_sitemap,2026-09-05,London A-Z trade/service sitemap.,checkatrade,lean to roof,checkatrade||lean to roof,V2
Checkatrade,Leather Cleaning,London,https://www.checkatrade.com/sitemap/locations/London/L,london_trade_sitemap,2026-09-05,London A-Z trade/service sitemap.,checkatrade,leather cleaning,checkatrade||leather cleaning,V2
Checkatrade,Leather Repair,London,https://www.checkatrade.com/sitemap/locations/London/L,london_trade_sitemap,2026-09-05,London A-Z trade/service sitemap.,checkatrade,leather repair,checkatrade||leather repair,V2
Checkatrade,LED Lighting,London,https://www.checkatrade.com/sitemap/locations/London/L,london_trade_sitemap,2026-09-05,London A-Z trade/service sitemap.,checkatrade,led lighting,checkatrade||led lighting,V2
Checkatrade,Legionella Assessment,London,https://www.checkatrade.com/sitemap/locations/London/L,london_trade_sitemap,2026-09-05,London A-Z trade/service sitemap.,checkatrade,legionella assessment,checkatrade||legionella assessment,V2
Checkatrade,Legionella Control,London,https://www.checkatrade.com/sitemap/locations/London/L,london_trade_sitemap,2026-09-05,London A-Z trade/service sitemap.,checkatrade,legionella control,checkatrade||legionella control,V2
Checkatrade,Legionella Testing,London,https://www.checkatrade.com/sitemap/locations/London/L,london_trade_sitemap,2026-09-05,London A-Z trade/service sitemap.,checkatrade,legionella testing,checkatrade||legionella testing,V2
Checkatrade,leka conservatory roof installers,London,https://www.checkatrade.com/sitemap/locations/London/L,london_trade_sitemap,2026-09-05,London A-Z trade/service sitemap.,checkatrade,leka conservatory roof installers,checkatrade||leka conservatory roof installers,V2
Checkatrade,Lighting Design,London,https://www.checkatrade.com/sitemap/locations/London/L,london_trade_sitemap,2026-09-05,London A-Z trade/service sitemap.,checkatrade,lighting design,checkatrade||lighting design,V2
Checkatrade,lightweight conservatory roof replacement,London,https://www.checkatrade.com/sitemap/locations/London/L,london_trade_sitemap,2026-09-05,London A-Z trade/service sitemap.,checkatrade,lightweight conservatory roof replacement,checkatrade||lightweight conservatory roof replacement,V2
Checkatrade,lime mortar specialists,London,https://www.checkatrade.com/sitemap/locations/London/L,london_trade_sitemap,2026-09-05,London A-Z trade/service sitemap.,checkatrade,lime mortar specialists,checkatrade||lime mortar specialists,V2
Checkatrade,lime plaster suppliers,London,https://www.checkatrade.com/sitemap/locations/London/L,london_trade_sitemap,2026-09-05,London A-Z trade/service sitemap.,checkatrade,lime plaster suppliers,checkatrade||lime plaster suppliers,V2
Checkatrade,lime plasterer,London,https://www.checkatrade.com/sitemap/locations/London/L,london_trade_sitemap,2026-09-05,London A-Z trade/service sitemap.,checkatrade,lime plasterer,checkatrade||lime plasterer,V2
Checkatrade,Lime Plastering,London,https://www.checkatrade.com/sitemap/locations/London/L,london_trade_sitemap,2026-09-05,London A-Z trade/service sitemap.,checkatrade,lime plastering,checkatrade||lime plastering,V2
Checkatrade,lime render specialist,London,https://www.checkatrade.com/sitemap/locations/London/L,london_trade_sitemap,2026-09-05,London A-Z trade/service sitemap.,checkatrade,lime render specialist,checkatrade||lime render specialist,V2
Checkatrade,lime rendering,London,https://www.checkatrade.com/sitemap/locations/London/L,london_trade_sitemap,2026-09-05,London A-Z trade/service sitemap.,checkatrade,lime rendering,checkatrade||lime rendering,V2
Checkatrade,lime wash paint,London,https://www.checkatrade.com/sitemap/locations/London/L,london_trade_sitemap,2026-09-05,London A-Z trade/service sitemap.,checkatrade,lime wash paint,checkatrade||lime wash paint,V2
Checkatrade,lintel installation,London,https://www.checkatrade.com/sitemap/locations/London/L,london_trade_sitemap,2026-09-05,London A-Z trade/service sitemap.,checkatrade,lintel installation,checkatrade||lintel installation,V2
Checkatrade,lintel repair,London,https://www.checkatrade.com/sitemap/locations/London/L,london_trade_sitemap,2026-09-05,London A-Z trade/service sitemap.,checkatrade,lintel repair,checkatrade||lintel repair,V2
Checkatrade,lintel replacement,London,https://www.checkatrade.com/sitemap/locations/London/L,london_trade_sitemap,2026-09-05,London A-Z trade/service sitemap.,checkatrade,lintel replacement,checkatrade||lintel replacement,V2
Checkatrade,Liquid Plastic Roofing Installation,London,https://www.checkatrade.com/sitemap/locations/London/L,london_trade_sitemap,2026-09-05,London A-Z trade/service sitemap.,checkatrade,liquid plastic roofing installation,checkatrade||liquid plastic roofing installation,V2
Checkatrade,Liquid Plastic Roofing Repair,London,https://www.checkatrade.com/sitemap/locations/London/L,london_trade_sitemap,2026-09-05,London A-Z trade/service sitemap.,checkatrade,liquid plastic roofing repair,checkatrade||liquid plastic roofing repair,V2
Checkatrade,Liquid Screeding,London,https://www.checkatrade.com/sitemap/locations/London/L,london_trade_sitemap,2026-09-05,London A-Z trade/service sitemap.,checkatrade,liquid screeding,checkatrade||liquid screeding,V2
Checkatrade,Liquid Waterproof System,London,https://www.checkatrade.com/sitemap/locations/London/L,london_trade_sitemap,2026-09-05,London A-Z trade/service sitemap.,checkatrade,liquid waterproof system,checkatrade||liquid waterproof system,V2
Checkatrade,Lock Fitting,London,https://www.checkatrade.com/sitemap/locations/London/L,london_trade_sitemap,2026-09-05,London A-Z trade/service sitemap.,checkatrade,lock fitting,checkatrade||lock fitting,V2
Checkatrade,Lock Repair,London,https://www.checkatrade.com/sitemap/locations/London/L,london_trade_sitemap,2026-09-05,London A-Z trade/service sitemap.,checkatrade,lock repair,checkatrade||lock repair,V2
Checkatrade,Locking Wheel Nut Removal,London,https://www.checkatrade.com/sitemap/locations/London/L,london_trade_sitemap,2026-09-05,London A-Z trade/service sitemap.,checkatrade,locking wheel nut removal,checkatrade||locking wheel nut removal,V2
Checkatrade,Loft Conversion Specialists,London,https://www.checkatrade.com/sitemap/locations/London/L,london_trade_sitemap,2026-09-05,London A-Z trade/service sitemap.,checkatrade,loft conversion specialists,checkatrade||loft conversion specialists,V2
Checkatrade,Loft Conversions,London,https://www.checkatrade.com/sitemap/locations/London/L,london_trade_sitemap,2026-09-05,London A-Z trade/service sitemap.,checkatrade,loft conversions,checkatrade||loft conversions,V2
Checkatrade,Loft Extensions,London,https://www.checkatrade.com/sitemap/locations/London/L,london_trade_sitemap,2026-09-05,London A-Z trade/service sitemap.,checkatrade,loft extensions,checkatrade||loft extensions,V2
Checkatrade,Loft Floor Boarding,London,https://www.checkatrade.com/sitemap/locations/London/L,london_trade_sitemap,2026-09-05,London A-Z trade/service sitemap.,checkatrade,loft floor boarding,checkatrade||loft floor boarding,V2
Checkatrade,Loft Hatches,London,https://www.checkatrade.com/sitemap/locations/London/L,london_trade_sitemap,2026-09-05,London A-Z trade/service sitemap.,checkatrade,loft hatches,checkatrade||loft hatches,V2
Checkatrade,Loft Insulation,London,https://www.checkatrade.com/sitemap/locations/London/L,london_trade_sitemap,2026-09-05,London A-Z trade/service sitemap.,checkatrade,loft insulation,checkatrade||loft insulation,V2
Checkatrade,Loft Ladder Installer,London,https://www.checkatrade.com/sitemap/locations/London/L,london_trade_sitemap,2026-09-05,London A-Z trade/service sitemap.,checkatrade,loft ladder installer,checkatrade||loft ladder installer,V2
Checkatrade,Loft Ladder Supplier,London,https://www.checkatrade.com/sitemap/locations/London/L,london_trade_sitemap,2026-09-05,London A-Z trade/service sitemap.,checkatrade,loft ladder supplier,checkatrade||loft ladder supplier,V2
Checkatrade,Loft Storage,London,https://www.checkatrade.com/sitemap/locations/London/L,london_trade_sitemap,2026-09-05,London A-Z trade/service sitemap.,checkatrade,loft storage,checkatrade||loft storage,V2
Checkatrade,Loft Storage Room,London,https://www.checkatrade.com/sitemap/locations/London/L,london_trade_sitemap,2026-09-05,London A-Z trade/service sitemap.,checkatrade,loft storage room,checkatrade||loft storage room,V2
Checkatrade,Loft Windows Installation,London,https://www.checkatrade.com/sitemap/locations/London/L,london_trade_sitemap,2026-09-05,London A-Z trade/service sitemap.,checkatrade,loft windows installation,checkatrade||loft windows installation,V2
Checkatrade,Loft Windows Repair,London,https://www.checkatrade.com/sitemap/locations/London/L,london_trade_sitemap,2026-09-05,London A-Z trade/service sitemap.,checkatrade,loft windows repair,checkatrade||loft windows repair,V2
Checkatrade,Lofts / Loft Ladders,London,https://www.checkatrade.com/sitemap/locations/London/L,london_trade_sitemap,2026-09-05,London A-Z trade/service sitemap.,checkatrade,lofts loft ladders,checkatrade||lofts loft ladders,V2
Checkatrade,log cabin builders,London,https://www.checkatrade.com/sitemap/locations/London/L,london_trade_sitemap,2026-09-05,London A-Z trade/service sitemap.,checkatrade,log cabin builders,checkatrade||log cabin builders,V2
Checkatrade,log cabin fitters,London,https://www.checkatrade.com/sitemap/locations/London/L,london_trade_sitemap,2026-09-05,London A-Z trade/service sitemap.,checkatrade,log cabin fitters,checkatrade||log cabin fitters,V2
Checkatrade,log cabin installers,London,https://www.checkatrade.com/sitemap/locations/London/L,london_trade_sitemap,2026-09-05,London A-Z trade/service sitemap.,checkatrade,log cabin installers,checkatrade||log cabin installers,V2
Checkatrade,log cabin repair,London,https://www.checkatrade.com/sitemap/locations/London/L,london_trade_sitemap,2026-09-05,London A-Z trade/service sitemap.,checkatrade,log cabin repair,checkatrade||log cabin repair,V2
Checkatrade,log cabin suppliers,London,https://www.checkatrade.com/sitemap/locations/London/L,london_trade_sitemap,2026-09-05,London A-Z trade/service sitemap.,checkatrade,log cabin suppliers,checkatrade||log cabin suppliers,V2
Checkatrade,Log Cabins,London,https://www.checkatrade.com/sitemap/locations/London/L,london_trade_sitemap,2026-09-05,London A-Z trade/service sitemap.,checkatrade,log cabins,checkatrade||log cabins,V2
Checkatrade,Logs,London,https://www.checkatrade.com/sitemap/locations/London/L,london_trade_sitemap,2026-09-05,London A-Z trade/service sitemap.,checkatrade,logs,checkatrade||logs,V2
Checkatrade,Low Moisture Cleaning,London,https://www.checkatrade.com/sitemap/locations/London/L,london_trade_sitemap,2026-09-05,London A-Z trade/service sitemap.,checkatrade,low moisture cleaning,checkatrade||low moisture cleaning,V2
Checkatrade,LPG Boiler Installation,London,https://www.checkatrade.com/sitemap/locations/London/L,london_trade_sitemap,2026-09-05,London A-Z trade/service sitemap.,checkatrade,lpg boiler installation,checkatrade||lpg boiler installation,V2
Checkatrade,LPG Boiler Repair,London,https://www.checkatrade.com/sitemap/locations/London/L,london_trade_sitemap,2026-09-05,London A-Z trade/service sitemap.,checkatrade,lpg boiler repair,checkatrade||lpg boiler repair,V2
Checkatrade,LPG Boiler Servicing,London,https://www.checkatrade.com/sitemap/locations/London/L,london_trade_sitemap,2026-09-05,London A-Z trade/service sitemap.,checkatrade,lpg boiler servicing,checkatrade||lpg boiler servicing,V2
Checkatrade,LPG Central Heating Installation,London,https://www.checkatrade.com/sitemap/locations/London/L,london_trade_sitemap,2026-09-05,London A-Z trade/service sitemap.,checkatrade,lpg central heating installation,checkatrade||lpg central heating installation,V2
Checkatrade,LPG Central Heating Servicing / Repair,London,https://www.checkatrade.com/sitemap/locations/London/L,london_trade_sitemap,2026-09-05,London A-Z trade/service sitemap.,checkatrade,lpg central heating servicing repair,checkatrade||lpg central heating servicing repair,V2
Checkatrade,LPG Heating Engineers,London,https://www.checkatrade.com/sitemap/locations/London/L,london_trade_sitemap,2026-09-05,London A-Z trade/service sitemap.,checkatrade,lpg heating engineers,checkatrade||lpg heating engineers,V2
Checkatrade,macerator toilet repair,London,https://www.checkatrade.com/sitemap/locations/London/M,london_trade_sitemap,2026-09-05,London A-Z trade/service sitemap.,checkatrade,macerator toilet repair,checkatrade||macerator toilet repair,V2
Checkatrade,Made to Measure Blinds,London,https://www.checkatrade.com/sitemap/locations/London/M,london_trade_sitemap,2026-09-05,London A-Z trade/service sitemap.,checkatrade,made to measure blinds,checkatrade||made to measure blinds,V2
Checkatrade,Made to Measure Curtain,London,https://www.checkatrade.com/sitemap/locations/London/M,london_trade_sitemap,2026-09-05,London A-Z trade/service sitemap.,checkatrade,made to measure curtain,checkatrade||made to measure curtain,V2
Checkatrade,Made to Measure Curtain / Blinds,London,https://www.checkatrade.com/sitemap/locations/London/M,london_trade_sitemap,2026-09-05,London A-Z trade/service sitemap.,checkatrade,made to measure curtain blinds,checkatrade||made to measure curtain blinds,V2
Checkatrade,made to measure doors,London,https://www.checkatrade.com/sitemap/locations/London/M,london_trade_sitemap,2026-09-05,London A-Z trade/service sitemap.,checkatrade,made to measure doors,checkatrade||made to measure doors,V2
Checkatrade,made to measure kitchen units,London,https://www.checkatrade.com/sitemap/locations/London/M,london_trade_sitemap,2026-09-05,London A-Z trade/service sitemap.,checkatrade,made to measure kitchen units,checkatrade||made to measure kitchen units,V2
Checkatrade,made to measure radiator covers,London,https://www.checkatrade.com/sitemap/locations/London/M,london_trade_sitemap,2026-09-05,London A-Z trade/service sitemap.,checkatrade,made to measure radiator covers,checkatrade||made to measure radiator covers,V2
Checkatrade,Made to Measure Shutters,London,https://www.checkatrade.com/sitemap/locations/London/M,london_trade_sitemap,2026-09-05,London A-Z trade/service sitemap.,checkatrade,made to measure shutters,checkatrade||made to measure shutters,V2
Checkatrade,Magnetic Plastering,London,https://www.checkatrade.com/sitemap/locations/London/M,london_trade_sitemap,2026-09-05,London A-Z trade/service sitemap.,checkatrade,magnetic plastering,checkatrade||magnetic plastering,V2
Checkatrade,Man And A Van,London,https://www.checkatrade.com/sitemap/locations/London/M,london_trade_sitemap,2026-09-05,London A-Z trade/service sitemap.,checkatrade,man and a van,checkatrade||man and a van,V2
Checkatrade,Marquee Hire,London,https://www.checkatrade.com/sitemap/locations/London/M,london_trade_sitemap,2026-09-05,London A-Z trade/service sitemap.,checkatrade,marquee hire,checkatrade||marquee hire,V2
Checkatrade,masonry painters,London,https://www.checkatrade.com/sitemap/locations/London/M,london_trade_sitemap,2026-09-05,London A-Z trade/service sitemap.,checkatrade,masonry painters,checkatrade||masonry painters,V2
Checkatrade,master thatcher,London,https://www.checkatrade.com/sitemap/locations/London/M,london_trade_sitemap,2026-09-05,London A-Z trade/service sitemap.,checkatrade,master thatcher,checkatrade||master thatcher,V2
Checkatrade,Mastic Sealant,London,https://www.checkatrade.com/sitemap/locations/London/M,london_trade_sitemap,2026-09-05,London A-Z trade/service sitemap.,checkatrade,mastic sealant,checkatrade||mastic sealant,V2
Checkatrade,Mechanic,London,https://www.checkatrade.com/sitemap/locations/London/M,london_trade_sitemap,2026-09-05,London A-Z trade/service sitemap.,checkatrade,mechanic,checkatrade||mechanic,V2
Checkatrade,media wall builder,London,https://www.checkatrade.com/sitemap/locations/London/M,london_trade_sitemap,2026-09-05,London A-Z trade/service sitemap.,checkatrade,media wall builder,checkatrade||media wall builder,V2
Checkatrade,media wall carpenter,London,https://www.checkatrade.com/sitemap/locations/London/M,london_trade_sitemap,2026-09-05,London A-Z trade/service sitemap.,checkatrade,media wall carpenter,checkatrade||media wall carpenter,V2
Checkatrade,media wall fitters,London,https://www.checkatrade.com/sitemap/locations/London/M,london_trade_sitemap,2026-09-05,London A-Z trade/service sitemap.,checkatrade,media wall fitters,checkatrade||media wall fitters,V2
Checkatrade,media wall installation,London,https://www.checkatrade.com/sitemap/locations/London/M,london_trade_sitemap,2026-09-05,London A-Z trade/service sitemap.,checkatrade,media wall installation,checkatrade||media wall installation,V2
Checkatrade,media wall specialist,London,https://www.checkatrade.com/sitemap/locations/London/M,london_trade_sitemap,2026-09-05,London A-Z trade/service sitemap.,checkatrade,media wall specialist,checkatrade||media wall specialist,V2
Checkatrade,media wall with fireplace installation,London,https://www.checkatrade.com/sitemap/locations/London/M,london_trade_sitemap,2026-09-05,London A-Z trade/service sitemap.,checkatrade,media wall with fireplace installation,checkatrade||media wall with fireplace installation,V2
Checkatrade,Memorial Gravestones Supplied,London,https://www.checkatrade.com/sitemap/locations/London/M,london_trade_sitemap,2026-09-05,London A-Z trade/service sitemap.,checkatrade,memorial gravestones supplied,checkatrade||memorial gravestones supplied,V2
Checkatrade,Metal Fabrication,London,https://www.checkatrade.com/sitemap/locations/London/M,london_trade_sitemap,2026-09-05,London A-Z trade/service sitemap.,checkatrade,metal fabrication,checkatrade||metal fabrication,V2
Checkatrade,Metal Gates,London,https://www.checkatrade.com/sitemap/locations/London/M,london_trade_sitemap,2026-09-05,London A-Z trade/service sitemap.,checkatrade,metal gates,checkatrade||metal gates,V2
Checkatrade,metal painting,London,https://www.checkatrade.com/sitemap/locations/London/M,london_trade_sitemap,2026-09-05,London A-Z trade/service sitemap.,checkatrade,metal painting,checkatrade||metal painting,V2
Checkatrade,metal roof restoration,London,https://www.checkatrade.com/sitemap/locations/London/M,london_trade_sitemap,2026-09-05,London A-Z trade/service sitemap.,checkatrade,metal roof restoration,checkatrade||metal roof restoration,V2
Checkatrade,metal roofing companies,London,https://www.checkatrade.com/sitemap/locations/London/M,london_trade_sitemap,2026-09-05,London A-Z trade/service sitemap.,checkatrade,metal roofing companies,checkatrade||metal roofing companies,V2
Checkatrade,metal roofing contractors,London,https://www.checkatrade.com/sitemap/locations/London/M,london_trade_sitemap,2026-09-05,London A-Z trade/service sitemap.,checkatrade,metal roofing contractors,checkatrade||metal roofing contractors,V2
Checkatrade,Metal Roofing Installation,London,https://www.checkatrade.com/sitemap/locations/London/M,london_trade_sitemap,2026-09-05,London A-Z trade/service sitemap.,checkatrade,metal roofing installation,checkatrade||metal roofing installation,V2
Checkatrade,Metal Roofing Repair,London,https://www.checkatrade.com/sitemap/locations/London/M,london_trade_sitemap,2026-09-05,London A-Z trade/service sitemap.,checkatrade,metal roofing repair,checkatrade||metal roofing repair,V2
Checkatrade,metal roofing repair contractors,London,https://www.checkatrade.com/sitemap/locations/London/M,london_trade_sitemap,2026-09-05,London A-Z trade/service sitemap.,checkatrade,metal roofing repair contractors,checkatrade||metal roofing repair contractors,V2
Checkatrade,metal roofing suppliers,London,https://www.checkatrade.com/sitemap/locations/London/M,london_trade_sitemap,2026-09-05,London A-Z trade/service sitemap.,checkatrade,metal roofing suppliers,checkatrade||metal roofing suppliers,V2
Checkatrade,Metal Staircases,London,https://www.checkatrade.com/sitemap/locations/London/M,london_trade_sitemap,2026-09-05,London A-Z trade/service sitemap.,checkatrade,metal staircases,checkatrade||metal staircases,V2
Checkatrade,metal stud,London,https://www.checkatrade.com/sitemap/locations/London/M,london_trade_sitemap,2026-09-05,London A-Z trade/service sitemap.,checkatrade,metal stud,checkatrade||metal stud,V2
Checkatrade,Metal Works,London,https://www.checkatrade.com/sitemap/locations/London/M,london_trade_sitemap,2026-09-05,London A-Z trade/service sitemap.,checkatrade,metal works,checkatrade||metal works,V2
Checkatrade,Metalwork / Blacksmith,London,https://www.checkatrade.com/sitemap/locations/London/M,london_trade_sitemap,2026-09-05,London A-Z trade/service sitemap.,checkatrade,metalwork blacksmith,checkatrade||metalwork blacksmith,V2
Checkatrade,Mini / Micro Digger Hire,London,https://www.checkatrade.com/sitemap/locations/London/M,london_trade_sitemap,2026-09-05,London A-Z trade/service sitemap.,checkatrade,mini micro digger hire,checkatrade||mini micro digger hire,V2
Checkatrade,Mini Bus Hire,London,https://www.checkatrade.com/sitemap/locations/London/M,london_trade_sitemap,2026-09-05,London A-Z trade/service sitemap.,checkatrade,mini bus hire,checkatrade||mini bus hire,V2
Checkatrade,Minibus Taxi,London,https://www.checkatrade.com/sitemap/locations/London/M,london_trade_sitemap,2026-09-05,London A-Z trade/service sitemap.,checkatrade,minibus taxi,checkatrade||minibus taxi,V2
Checkatrade,Mirrors,London,https://www.checkatrade.com/sitemap/locations/London/M,london_trade_sitemap,2026-09-05,London A-Z trade/service sitemap.,checkatrade,mirrors,checkatrade||mirrors,V2
Checkatrade,Miscellaneous Services,London,https://www.checkatrade.com/sitemap/locations/London/M,london_trade_sitemap,2026-09-05,London A-Z trade/service sitemap.,checkatrade,miscellaneous services,checkatrade||miscellaneous services,V2
Checkatrade,Misted Double Glazing,London,https://www.checkatrade.com/sitemap/locations/London/M,london_trade_sitemap,2026-09-05,London A-Z trade/service sitemap.,checkatrade,misted double glazing,checkatrade||misted double glazing,V2
Checkatrade,Mobile Discos,London,https://www.checkatrade.com/sitemap/locations/London/M,london_trade_sitemap,2026-09-05,London A-Z trade/service sitemap.,checkatrade,mobile discos,checkatrade||mobile discos,V2
Checkatrade,mobile furniture repair,London,https://www.checkatrade.com/sitemap/locations/London/M,london_trade_sitemap,2026-09-05,London A-Z trade/service sitemap.,checkatrade,mobile furniture repair,checkatrade||mobile furniture repair,V2
Checkatrade,Mobile Phone Repairs,London,https://www.checkatrade.com/sitemap/locations/London/M,london_trade_sitemap,2026-09-05,London A-Z trade/service sitemap.,checkatrade,mobile phone repairs,checkatrade||mobile phone repairs,V2
Checkatrade,Mobile Tyre Fitting,London,https://www.checkatrade.com/sitemap/locations/London/M,london_trade_sitemap,2026-09-05,London A-Z trade/service sitemap.,checkatrade,mobile tyre fitting,checkatrade||mobile tyre fitting,V2
Checkatrade,Mobile Welding,London,https://www.checkatrade.com/sitemap/locations/London/M,london_trade_sitemap,2026-09-05,London A-Z trade/service sitemap.,checkatrade,mobile welding,checkatrade||mobile welding,V2
Checkatrade,Mobility,London,https://www.checkatrade.com/sitemap/locations/London/M,london_trade_sitemap,2026-09-05,London A-Z trade/service sitemap.,checkatrade,mobility,checkatrade||mobility,V2
Checkatrade,Mobility Adaptions,London,https://www.checkatrade.com/sitemap/locations/London/M,london_trade_sitemap,2026-09-05,London A-Z trade/service sitemap.,checkatrade,mobility adaptions,checkatrade||mobility adaptions,V2
Checkatrade,Mobility Aids,London,https://www.checkatrade.com/sitemap/locations/London/M,london_trade_sitemap,2026-09-05,London A-Z trade/service sitemap.,checkatrade,mobility aids,checkatrade||mobility aids,V2
Checkatrade,Mobility Furniture,London,https://www.checkatrade.com/sitemap/locations/London/M,london_trade_sitemap,2026-09-05,London A-Z trade/service sitemap.,checkatrade,mobility furniture,checkatrade||mobility furniture,V2
Checkatrade,Mobility Scooter Repair,London,https://www.checkatrade.com/sitemap/locations/London/M,london_trade_sitemap,2026-09-05,London A-Z trade/service sitemap.,checkatrade,mobility scooter repair,checkatrade||mobility scooter repair,V2
Checkatrade,Mobility Scooters,London,https://www.checkatrade.com/sitemap/locations/London/M,london_trade_sitemap,2026-09-05,London A-Z trade/service sitemap.,checkatrade,mobility scooters,checkatrade||mobility scooters,V2
Checkatrade,moling contractors,London,https://www.checkatrade.com/sitemap/locations/London/M,london_trade_sitemap,2026-09-05,London A-Z trade/service sitemap.,checkatrade,moling contractors,checkatrade||moling contractors,V2
Checkatrade,moling services,London,https://www.checkatrade.com/sitemap/locations/London/M,london_trade_sitemap,2026-09-05,London A-Z trade/service sitemap.,checkatrade,moling services,checkatrade||moling services,V2
Checkatrade,monocouche render suppliers,London,https://www.checkatrade.com/sitemap/locations/London/M,london_trade_sitemap,2026-09-05,London A-Z trade/service sitemap.,checkatrade,monocouche render suppliers,checkatrade||monocouche render suppliers,V2
Checkatrade,Monocouche Rendering,London,https://www.checkatrade.com/sitemap/locations/London/M,london_trade_sitemap,2026-09-05,London A-Z trade/service sitemap.,checkatrade,monocouche rendering,checkatrade||monocouche rendering,V2
Checkatrade,Mosaic Tiles,London,https://www.checkatrade.com/sitemap/locations/London/M,london_trade_sitemap,2026-09-05,London A-Z trade/service sitemap.,checkatrade,mosaic tiles,checkatrade||mosaic tiles,V2
Checkatrade,Moss Removal,London,https://www.checkatrade.com/sitemap/locations/London/M,london_trade_sitemap,2026-09-05,London A-Z trade/service sitemap.,checkatrade,moss removal,checkatrade||moss removal,V2
Checkatrade,Moss Removal Service,London,https://www.checkatrade.com/sitemap/locations/London/M,london_trade_sitemap,2026-09-05,London A-Z trade/service sitemap.,checkatrade,moss removal service,checkatrade||moss removal service,V2
Checkatrade,MOT,London,https://www.checkatrade.com/sitemap/locations/London/M,london_trade_sitemap,2026-09-05,London A-Z trade/service sitemap.,checkatrade,mot,checkatrade||mot,V2
Checkatrade,Motor Home Sales,London,https://www.checkatrade.com/sitemap/locations/London/M,london_trade_sitemap,2026-09-05,London A-Z trade/service sitemap.,checkatrade,motor home sales,checkatrade||motor home sales,V2
Checkatrade,Motor Home Servicing / Leisure Accessories,London,https://www.checkatrade.com/sitemap/locations/London/M,london_trade_sitemap,2026-09-05,London A-Z trade/service sitemap.,checkatrade,motor home servicing leisure accessories,checkatrade||motor home servicing leisure accessories,V2
Checkatrade,Motor Homes,London,https://www.checkatrade.com/sitemap/locations/London/M,london_trade_sitemap,2026-09-05,London A-Z trade/service sitemap.,checkatrade,motor homes,checkatrade||motor homes,V2
Checkatrade,Motorcycle MOTs,London,https://www.checkatrade.com/sitemap/locations/London/M,london_trade_sitemap,2026-09-05,London A-Z trade/service sitemap.,checkatrade,motorcycle mots,checkatrade||motorcycle mots,V2
Checkatrade,Motorcycle Sales,London,https://www.checkatrade.com/sitemap/locations/London/M,london_trade_sitemap,2026-09-05,London A-Z trade/service sitemap.,checkatrade,motorcycle sales,checkatrade||motorcycle sales,V2
Checkatrade,Motorcycle Services,London,https://www.checkatrade.com/sitemap/locations/London/M,london_trade_sitemap,2026-09-05,London A-Z trade/service sitemap.,checkatrade,motorcycle services,checkatrade||motorcycle services,V2
Checkatrade,Motorcycle Tyres,London,https://www.checkatrade.com/sitemap/locations/London/M,london_trade_sitemap,2026-09-05,London A-Z trade/service sitemap.,checkatrade,motorcycle tyres,checkatrade||motorcycle tyres,V2
Checkatrade,Mould Control,London,https://www.checkatrade.com/sitemap/locations/London/M,london_trade_sitemap,2026-09-05,London A-Z trade/service sitemap.,checkatrade,mould control,checkatrade||mould control,V2
Checkatrade,Mulching,London,https://www.checkatrade.com/sitemap/locations/London/M,london_trade_sitemap,2026-09-05,London A-Z trade/service sitemap.,checkatrade,mulching,checkatrade||mulching,V2
Checkatrade,mural artist,London,https://www.checkatrade.com/sitemap/locations/London/M,london_trade_sitemap,2026-09-05,London A-Z trade/service sitemap.,checkatrade,mural artist,checkatrade||mural artist,V2
Checkatrade,mural painter,London,https://www.checkatrade.com/sitemap/locations/London/M,london_trade_sitemap,2026-09-05,London A-Z trade/service sitemap.,checkatrade,mural painter,checkatrade||mural painter,V2
Checkatrade,Natural Stone Tiles,London,https://www.checkatrade.com/sitemap/locations/London/N,london_trade_sitemap,2026-09-05,London A-Z trade/service sitemap.,checkatrade,natural stone tiles,checkatrade||natural stone tiles,V2
Checkatrade,nest thermostat,London,https://www.checkatrade.com/sitemap/locations/London/N,london_trade_sitemap,2026-09-05,London A-Z trade/service sitemap.,checkatrade,nest thermostat,checkatrade||nest thermostat,V2
Checkatrade,Network Administration,London,https://www.checkatrade.com/sitemap/locations/London/N,london_trade_sitemap,2026-09-05,London A-Z trade/service sitemap.,checkatrade,network administration,checkatrade||network administration,V2
Checkatrade,Network Cabling,London,https://www.checkatrade.com/sitemap/locations/London/N,london_trade_sitemap,2026-09-05,London A-Z trade/service sitemap.,checkatrade,network cabling,checkatrade||network cabling,V2
Checkatrade,Network Installation,London,https://www.checkatrade.com/sitemap/locations/London/N,london_trade_sitemap,2026-09-05,London A-Z trade/service sitemap.,checkatrade,network installation,checkatrade||network installation,V2
Checkatrade,Network Support,London,https://www.checkatrade.com/sitemap/locations/London/N,london_trade_sitemap,2026-09-05,London A-Z trade/service sitemap.,checkatrade,network support,checkatrade||network support,V2
Checkatrade,New Builds,London,https://www.checkatrade.com/sitemap/locations/London/N,london_trade_sitemap,2026-09-05,London A-Z trade/service sitemap.,checkatrade,new builds,checkatrade||new builds,V2
Checkatrade,new roof,London,https://www.checkatrade.com/sitemap/locations/London/N,london_trade_sitemap,2026-09-05,London A-Z trade/service sitemap.,checkatrade,new roof,checkatrade||new roof,V2
Checkatrade,oak furniture restoration,London,https://www.checkatrade.com/sitemap/locations/London/O,london_trade_sitemap,2026-09-05,London A-Z trade/service sitemap.,checkatrade,oak furniture restoration,checkatrade||oak furniture restoration,V2
Checkatrade,Office Cleaning,London,https://www.checkatrade.com/sitemap/locations/London/O,london_trade_sitemap,2026-09-05,London A-Z trade/service sitemap.,checkatrade,office cleaning,checkatrade||office cleaning,V2
Checkatrade,Office Clearance,London,https://www.checkatrade.com/sitemap/locations/London/O,london_trade_sitemap,2026-09-05,London A-Z trade/service sitemap.,checkatrade,office clearance,checkatrade||office clearance,V2
Checkatrade,Oil Boiler Installation,London,https://www.checkatrade.com/sitemap/locations/London/O,london_trade_sitemap,2026-09-05,London A-Z trade/service sitemap.,checkatrade,oil boiler installation,checkatrade||oil boiler installation,V2
Checkatrade,Oil Boiler Replacement,London,https://www.checkatrade.com/sitemap/locations/London/O,london_trade_sitemap,2026-09-05,London A-Z trade/service sitemap.,checkatrade,oil boiler replacement,checkatrade||oil boiler replacement,V2
Checkatrade,Oil Central Heating Engineers,London,https://www.checkatrade.com/sitemap/locations/London/O,london_trade_sitemap,2026-09-05,London A-Z trade/service sitemap.,checkatrade,oil central heating engineers,checkatrade||oil central heating engineers,V2
Checkatrade,Oil Central Heating Installation,London,https://www.checkatrade.com/sitemap/locations/London/O,london_trade_sitemap,2026-09-05,London A-Z trade/service sitemap.,checkatrade,oil central heating installation,checkatrade||oil central heating installation,V2
Checkatrade,Oil Central Heating Servicing / Repair,London,https://www.checkatrade.com/sitemap/locations/London/O,london_trade_sitemap,2026-09-05,London A-Z trade/service sitemap.,checkatrade,oil central heating servicing repair,checkatrade||oil central heating servicing repair,V2
Checkatrade,Oil Tank Emptying Service,London,https://www.checkatrade.com/sitemap/locations/London/O,london_trade_sitemap,2026-09-05,London A-Z trade/service sitemap.,checkatrade,oil tank emptying service,checkatrade||oil tank emptying service,V2
Checkatrade,Oil Tank Installation,London,https://www.checkatrade.com/sitemap/locations/London/O,london_trade_sitemap,2026-09-05,London A-Z trade/service sitemap.,checkatrade,oil tank installation,checkatrade||oil tank installation,V2
Checkatrade,Oil Tank Removal,London,https://www.checkatrade.com/sitemap/locations/London/O,london_trade_sitemap,2026-09-05,London A-Z trade/service sitemap.,checkatrade,oil tank removal,checkatrade||oil tank removal,V2
Checkatrade,Oil Tank Repair,London,https://www.checkatrade.com/sitemap/locations/London/O,london_trade_sitemap,2026-09-05,London A-Z trade/service sitemap.,checkatrade,oil tank repair,checkatrade||oil tank repair,V2
Checkatrade,Oil Tank Servicing,London,https://www.checkatrade.com/sitemap/locations/London/O,london_trade_sitemap,2026-09-05,London A-Z trade/service sitemap.,checkatrade,oil tank servicing,checkatrade||oil tank servicing,V2
Checkatrade,Online Interior Design,London,https://www.checkatrade.com/sitemap/locations/London/O,london_trade_sitemap,2026-09-05,London A-Z trade/service sitemap.,checkatrade,online interior design,checkatrade||online interior design,V2
Checkatrade,Orangeries,London,https://www.checkatrade.com/sitemap/locations/London/O,london_trade_sitemap,2026-09-05,London A-Z trade/service sitemap.,checkatrade,orangeries,checkatrade||orangeries,V2
Checkatrade,Organic Cleaning,London,https://www.checkatrade.com/sitemap/locations/London/O,london_trade_sitemap,2026-09-05,London A-Z trade/service sitemap.,checkatrade,organic cleaning,checkatrade||organic cleaning,V2
Checkatrade,Outbuilding,London,https://www.checkatrade.com/sitemap/locations/London/O,london_trade_sitemap,2026-09-05,London A-Z trade/service sitemap.,checkatrade,outbuilding,checkatrade||outbuilding,V2
Checkatrade,Oven Cleaning,London,https://www.checkatrade.com/sitemap/locations/London/O,london_trade_sitemap,2026-09-05,London A-Z trade/service sitemap.,checkatrade,oven cleaning,checkatrade||oven cleaning,V2
Checkatrade,Packaging service,London,https://www.checkatrade.com/sitemap/locations/London/P,london_trade_sitemap,2026-09-05,London A-Z trade/service sitemap.,checkatrade,packaging service,checkatrade||packaging service,V2
Checkatrade,Paint Sprayer,London,https://www.checkatrade.com/sitemap/locations/London/P,london_trade_sitemap,2026-09-05,London A-Z trade/service sitemap.,checkatrade,paint sprayer,checkatrade||paint sprayer,V2
Checkatrade,paint stripping,London,https://www.checkatrade.com/sitemap/locations/London/P,london_trade_sitemap,2026-09-05,London A-Z trade/service sitemap.,checkatrade,paint stripping,checkatrade||paint stripping,V2
Checkatrade,Painting / Decorating,London,https://www.checkatrade.com/sitemap/locations/London/P,london_trade_sitemap,2026-09-05,London A-Z trade/service sitemap.,checkatrade,painting decorating,checkatrade||painting decorating,V2
Checkatrade,painting and decorating companies,London,https://www.checkatrade.com/sitemap/locations/London/P,london_trade_sitemap,2026-09-05,London A-Z trade/service sitemap.,checkatrade,painting and decorating companies,checkatrade||painting and decorating companies,V2
Checkatrade,Painting Kitchen Cabinets,London,https://www.checkatrade.com/sitemap/locations/London/P,london_trade_sitemap,2026-09-05,London A-Z trade/service sitemap.,checkatrade,painting kitchen cabinets,checkatrade||painting kitchen cabinets,V2
Checkatrade,Panel Fencing,London,https://www.checkatrade.com/sitemap/locations/London/P,london_trade_sitemap,2026-09-05,London A-Z trade/service sitemap.,checkatrade,panel fencing,checkatrade||panel fencing,V2
Checkatrade,Parquet Flooring,London,https://www.checkatrade.com/sitemap/locations/London/P,london_trade_sitemap,2026-09-05,London A-Z trade/service sitemap.,checkatrade,parquet flooring,checkatrade||parquet flooring,V2
Checkatrade,Partition Walls,London,https://www.checkatrade.com/sitemap/locations/London/P,london_trade_sitemap,2026-09-05,London A-Z trade/service sitemap.,checkatrade,partition walls,checkatrade||partition walls,V2
Checkatrade,Party Wall Matters,London,https://www.checkatrade.com/sitemap/locations/London/P,london_trade_sitemap,2026-09-05,London A-Z trade/service sitemap.,checkatrade,party wall matters,checkatrade||party wall matters,V2
Checkatrade,Patio Doors Installation,London,https://www.checkatrade.com/sitemap/locations/London/P,london_trade_sitemap,2026-09-05,London A-Z trade/service sitemap.,checkatrade,patio doors installation,checkatrade||patio doors installation,V2
Checkatrade,Patio Doors Repair,London,https://www.checkatrade.com/sitemap/locations/London/P,london_trade_sitemap,2026-09-05,London A-Z trade/service sitemap.,checkatrade,patio doors repair,checkatrade||patio doors repair,V2
Checkatrade,Patios / Paving,London,https://www.checkatrade.com/sitemap/locations/London/P,london_trade_sitemap,2026-09-05,London A-Z trade/service sitemap.,checkatrade,patios paving,checkatrade||patios paving,V2
Checkatrade,Patterned Imprinted Concrete,London,https://www.checkatrade.com/sitemap/locations/London/P,london_trade_sitemap,2026-09-05,London A-Z trade/service sitemap.,checkatrade,patterned imprinted concrete,checkatrade||patterned imprinted concrete,V2
Checkatrade,PC Repairs,London,https://www.checkatrade.com/sitemap/locations/London/P,london_trade_sitemap,2026-09-05,London A-Z trade/service sitemap.,checkatrade,pc repairs,checkatrade||pc repairs,V2
Checkatrade,pebble dash companies,London,https://www.checkatrade.com/sitemap/locations/London/P,london_trade_sitemap,2026-09-05,London A-Z trade/service sitemap.,checkatrade,pebble dash companies,checkatrade||pebble dash companies,V2
Checkatrade,pebble dash render,London,https://www.checkatrade.com/sitemap/locations/London/P,london_trade_sitemap,2026-09-05,London A-Z trade/service sitemap.,checkatrade,pebble dash render,checkatrade||pebble dash render,V2
Checkatrade,pebble dash repair,London,https://www.checkatrade.com/sitemap/locations/London/P,london_trade_sitemap,2026-09-05,London A-Z trade/service sitemap.,checkatrade,pebble dash repair,checkatrade||pebble dash repair,V2
Checkatrade,pebble dash suppliers,London,https://www.checkatrade.com/sitemap/locations/London/P,london_trade_sitemap,2026-09-05,London A-Z trade/service sitemap.,checkatrade,pebble dash suppliers,checkatrade||pebble dash suppliers,V2
Checkatrade,pebble dashing,London,https://www.checkatrade.com/sitemap/locations/London/P,london_trade_sitemap,2026-09-05,London A-Z trade/service sitemap.,checkatrade,pebble dashing,checkatrade||pebble dashing,V2
Checkatrade,Pebble Dashing / Rough Casting,London,https://www.checkatrade.com/sitemap/locations/London/P,london_trade_sitemap,2026-09-05,London A-Z trade/service sitemap.,checkatrade,pebble dashing rough casting,checkatrade||pebble dashing rough casting,V2
Checkatrade,Penetrating Damp Treatment,London,https://www.checkatrade.com/sitemap/locations/London/P,london_trade_sitemap,2026-09-05,London A-Z trade/service sitemap.,checkatrade,penetrating damp treatment,checkatrade||penetrating damp treatment,V2
Checkatrade,Performance Tuning,London,https://www.checkatrade.com/sitemap/locations/London/P,london_trade_sitemap,2026-09-05,London A-Z trade/service sitemap.,checkatrade,performance tuning,checkatrade||performance tuning,V2
Checkatrade,pergola builders,London,https://www.checkatrade.com/sitemap/locations/London/P,london_trade_sitemap,2026-09-05,London A-Z trade/service sitemap.,checkatrade,pergola builders,checkatrade||pergola builders,V2
Checkatrade,pergolas installed,London,https://www.checkatrade.com/sitemap/locations/London/P,london_trade_sitemap,2026-09-05,London A-Z trade/service sitemap.,checkatrade,pergolas installed,checkatrade||pergolas installed,V2
Checkatrade,Period Property Restoration,London,https://www.checkatrade.com/sitemap/locations/London/P,london_trade_sitemap,2026-09-05,London A-Z trade/service sitemap.,checkatrade,period property restoration,checkatrade||period property restoration,V2
Checkatrade,Permeable Paving,London,https://www.checkatrade.com/sitemap/locations/London/P,london_trade_sitemap,2026-09-05,London A-Z trade/service sitemap.,checkatrade,permeable paving,checkatrade||permeable paving,V2
Checkatrade,Pest / Vermin Control,London,https://www.checkatrade.com/sitemap/locations/London/P,london_trade_sitemap,2026-09-05,London A-Z trade/service sitemap.,checkatrade,pest vermin control,checkatrade||pest vermin control,V2
Checkatrade,Piano Removals,London,https://www.checkatrade.com/sitemap/locations/London/P,london_trade_sitemap,2026-09-05,London A-Z trade/service sitemap.,checkatrade,piano removals,checkatrade||piano removals,V2
Checkatrade,Picket Fencing,London,https://www.checkatrade.com/sitemap/locations/London/P,london_trade_sitemap,2026-09-05,London A-Z trade/service sitemap.,checkatrade,picket fencing,checkatrade||picket fencing,V2
Checkatrade,Piling,London,https://www.checkatrade.com/sitemap/locations/London/P,london_trade_sitemap,2026-09-05,London A-Z trade/service sitemap.,checkatrade,piling,checkatrade||piling,V2
Checkatrade,pine furniture restoration,London,https://www.checkatrade.com/sitemap/locations/London/P,london_trade_sitemap,2026-09-05,London A-Z trade/service sitemap.,checkatrade,pine furniture restoration,checkatrade||pine furniture restoration,V2
Checkatrade,Pipe Fitter,London,https://www.checkatrade.com/sitemap/locations/London/P,london_trade_sitemap,2026-09-05,London A-Z trade/service sitemap.,checkatrade,pipe fitter,checkatrade||pipe fitter,V2
Checkatrade,pipework,London,https://www.checkatrade.com/sitemap/locations/London/P,london_trade_sitemap,2026-09-05,London A-Z trade/service sitemap.,checkatrade,pipework,checkatrade||pipework,V2
Checkatrade,pipework connect,London,https://www.checkatrade.com/sitemap/locations/London/P,london_trade_sitemap,2026-09-05,London A-Z trade/service sitemap.,checkatrade,pipework connect,checkatrade||pipework connect,V2
Checkatrade,pitched roofers,London,https://www.checkatrade.com/sitemap/locations/London/P,london_trade_sitemap,2026-09-05,London A-Z trade/service sitemap.,checkatrade,pitched roofers,checkatrade||pitched roofers,V2
Checkatrade,Pitched Roofing Installation,London,https://www.checkatrade.com/sitemap/locations/London/P,london_trade_sitemap,2026-09-05,London A-Z trade/service sitemap.,checkatrade,pitched roofing installation,checkatrade||pitched roofing installation,V2
Checkatrade,Pitched Roofing Repair,London,https://www.checkatrade.com/sitemap/locations/London/P,london_trade_sitemap,2026-09-05,London A-Z trade/service sitemap.,checkatrade,pitched roofing repair,checkatrade||pitched roofing repair,V2
Checkatrade,Plain Tiles,London,https://www.checkatrade.com/sitemap/locations/London/P,london_trade_sitemap,2026-09-05,London A-Z trade/service sitemap.,checkatrade,plain tiles,checkatrade||plain tiles,V2
Checkatrade,Planning / Design,London,https://www.checkatrade.com/sitemap/locations/London/P,london_trade_sitemap,2026-09-05,London A-Z trade/service sitemap.,checkatrade,planning design,checkatrade||planning design,V2
Checkatrade,Planning Consultants,London,https://www.checkatrade.com/sitemap/locations/London/P,london_trade_sitemap,2026-09-05,London A-Z trade/service sitemap.,checkatrade,planning consultants,checkatrade||planning consultants,V2
Checkatrade,Plant Hire / Sales,London,https://www.checkatrade.com/sitemap/locations/London/P,london_trade_sitemap,2026-09-05,London A-Z trade/service sitemap.,checkatrade,plant hire sales,checkatrade||plant hire sales,V2
Checkatrade,Plantation Shutters,London,https://www.checkatrade.com/sitemap/locations/London/P,london_trade_sitemap,2026-09-05,London A-Z trade/service sitemap.,checkatrade,plantation shutters,checkatrade||plantation shutters,V2
Checkatrade,plaster and painter,London,https://www.checkatrade.com/sitemap/locations/London/P,london_trade_sitemap,2026-09-05,London A-Z trade/service sitemap.,checkatrade,plaster and painter,checkatrade||plaster and painter,V2
Checkatrade,plaster ceiling repair,London,https://www.checkatrade.com/sitemap/locations/London/P,london_trade_sitemap,2026-09-05,London A-Z trade/service sitemap.,checkatrade,plaster ceiling repair,checkatrade||plaster ceiling repair,V2
Checkatrade,plaster coving,London,https://www.checkatrade.com/sitemap/locations/London/P,london_trade_sitemap,2026-09-05,London A-Z trade/service sitemap.,checkatrade,plaster coving,checkatrade||plaster coving,V2
Checkatrade,Plaster Mouldings,London,https://www.checkatrade.com/sitemap/locations/London/P,london_trade_sitemap,2026-09-05,London A-Z trade/service sitemap.,checkatrade,plaster mouldings,checkatrade||plaster mouldings,V2
Checkatrade,plaster repair,London,https://www.checkatrade.com/sitemap/locations/London/P,london_trade_sitemap,2026-09-05,London A-Z trade/service sitemap.,checkatrade,plaster repair,checkatrade||plaster repair,V2
Checkatrade,plasterboard installers,London,https://www.checkatrade.com/sitemap/locations/London/P,london_trade_sitemap,2026-09-05,London A-Z trade/service sitemap.,checkatrade,plasterboard installers,checkatrade||plasterboard installers,V2
Checkatrade,Plasterer,London,https://www.checkatrade.com/sitemap/locations/London/P,london_trade_sitemap,2026-09-05,London A-Z trade/service sitemap.,checkatrade,plasterer,checkatrade||plasterer,V2
Checkatrade,Plastering,London,https://www.checkatrade.com/sitemap/locations/London/P,london_trade_sitemap,2026-09-05,London A-Z trade/service sitemap.,checkatrade,plastering,checkatrade||plastering,V2
Checkatrade,plastering firms,London,https://www.checkatrade.com/sitemap/locations/London/P,london_trade_sitemap,2026-09-05,London A-Z trade/service sitemap.,checkatrade,plastering firms,checkatrade||plastering firms,V2
Checkatrade,plastering services,London,https://www.checkatrade.com/sitemap/locations/London/P,london_trade_sitemap,2026-09-05,London A-Z trade/service sitemap.,checkatrade,plastering services,checkatrade||plastering services,V2
Checkatrade,Plastic Canopies,London,https://www.checkatrade.com/sitemap/locations/London/P,london_trade_sitemap,2026-09-05,London A-Z trade/service sitemap.,checkatrade,plastic canopies,checkatrade||plastic canopies,V2
Checkatrade,Play Areas,London,https://www.checkatrade.com/sitemap/locations/London/P,london_trade_sitemap,2026-09-05,London A-Z trade/service sitemap.,checkatrade,play areas,checkatrade||play areas,V2
Checkatrade,Plumber,London,https://www.checkatrade.com/sitemap/locations/London/P,london_trade_sitemap,2026-09-05,London A-Z trade/service sitemap.,checkatrade,plumber,checkatrade||plumber,V2
Checkatrade,plumbers merchant,London,https://www.checkatrade.com/sitemap/locations/London/P,london_trade_sitemap,2026-09-05,London A-Z trade/service sitemap.,checkatrade,plumbers merchant,checkatrade||plumbers merchant,V2
Checkatrade,Plumbing Merchants,London,https://www.checkatrade.com/sitemap/locations/London/P,london_trade_sitemap,2026-09-05,London A-Z trade/service sitemap.,checkatrade,plumbing merchants,checkatrade||plumbing merchants,V2
Checkatrade,Plumbing Repairs,London,https://www.checkatrade.com/sitemap/locations/London/P,london_trade_sitemap,2026-09-05,London A-Z trade/service sitemap.,checkatrade,plumbing repairs,checkatrade||plumbing repairs,V2
Checkatrade,Ply Boarding,London,https://www.checkatrade.com/sitemap/locations/London/P,london_trade_sitemap,2026-09-05,London A-Z trade/service sitemap.,checkatrade,ply boarding,checkatrade||ply boarding,V2
Checkatrade,pole barn roof repair,London,https://www.checkatrade.com/sitemap/locations/London/P,london_trade_sitemap,2026-09-05,London A-Z trade/service sitemap.,checkatrade,pole barn roof repair,checkatrade||pole barn roof repair,V2
Checkatrade,Polished Concrete,London,https://www.checkatrade.com/sitemap/locations/London/P,london_trade_sitemap,2026-09-05,London A-Z trade/service sitemap.,checkatrade,polished concrete,checkatrade||polished concrete,V2
Checkatrade,Polished Plastering,London,https://www.checkatrade.com/sitemap/locations/London/P,london_trade_sitemap,2026-09-05,London A-Z trade/service sitemap.,checkatrade,polished plastering,checkatrade||polished plastering,V2
Checkatrade,polycarbonate conservatory roof repairs,London,https://www.checkatrade.com/sitemap/locations/London/P,london_trade_sitemap,2026-09-05,London A-Z trade/service sitemap.,checkatrade,polycarbonate conservatory roof repairs,checkatrade||polycarbonate conservatory roof repairs,V2
Checkatrade,polycarbonate conservatory roof replacement,London,https://www.checkatrade.com/sitemap/locations/London/P,london_trade_sitemap,2026-09-05,London A-Z trade/service sitemap.,checkatrade,polycarbonate conservatory roof replacement,checkatrade||polycarbonate conservatory roof replacement,V2
Checkatrade,Polycarbonate Roofing Installation,London,https://www.checkatrade.com/sitemap/locations/London/P,london_trade_sitemap,2026-09-05,London A-Z trade/service sitemap.,checkatrade,polycarbonate roofing installation,checkatrade||polycarbonate roofing installation,V2
Checkatrade,Polycarbonate Roofing Repair,London,https://www.checkatrade.com/sitemap/locations/London/P,london_trade_sitemap,2026-09-05,London A-Z trade/service sitemap.,checkatrade,polycarbonate roofing repair,checkatrade||polycarbonate roofing repair,V2
Checkatrade,Polytunnels,London,https://www.checkatrade.com/sitemap/locations/London/P,london_trade_sitemap,2026-09-05,London A-Z trade/service sitemap.,checkatrade,polytunnels,checkatrade||polytunnels,V2
Checkatrade,Pond Construction,London,https://www.checkatrade.com/sitemap/locations/London/P,london_trade_sitemap,2026-09-05,London A-Z trade/service sitemap.,checkatrade,pond construction,checkatrade||pond construction,V2
Checkatrade,Pond Maintenance / Cleaning,London,https://www.checkatrade.com/sitemap/locations/London/P,london_trade_sitemap,2026-09-05,London A-Z trade/service sitemap.,checkatrade,pond maintenance cleaning,checkatrade||pond maintenance cleaning,V2
Checkatrade,popcorn ceiling spray,London,https://www.checkatrade.com/sitemap/locations/London/P,london_trade_sitemap,2026-09-05,London A-Z trade/service sitemap.,checkatrade,popcorn ceiling spray,checkatrade||popcorn ceiling spray,V2
Checkatrade,Porcelain Tiles,London,https://www.checkatrade.com/sitemap/locations/London/P,london_trade_sitemap,2026-09-05,London A-Z trade/service sitemap.,checkatrade,porcelain tiles,checkatrade||porcelain tiles,V2
Checkatrade,Porch Installation,London,https://www.checkatrade.com/sitemap/locations/London/P,london_trade_sitemap,2026-09-05,London A-Z trade/service sitemap.,checkatrade,porch installation,checkatrade||porch installation,V2
Checkatrade,porch roof repair,London,https://www.checkatrade.com/sitemap/locations/London/P,london_trade_sitemap,2026-09-05,London A-Z trade/service sitemap.,checkatrade,porch roof repair,checkatrade||porch roof repair,V2
Checkatrade,Porches Repair,London,https://www.checkatrade.com/sitemap/locations/London/P,london_trade_sitemap,2026-09-05,London A-Z trade/service sitemap.,checkatrade,porches repair,checkatrade||porches repair,V2
Checkatrade,Portable Appliance Testing - PAT Testing,London,https://www.checkatrade.com/sitemap/locations/London/P,london_trade_sitemap,2026-09-05,London A-Z trade/service sitemap.,checkatrade,portable appliance testing - pat testing,checkatrade||portable appliance testing - pat testing,V2
Checkatrade,Portable offices,London,https://www.checkatrade.com/sitemap/locations/London/P,london_trade_sitemap,2026-09-05,London A-Z trade/service sitemap.,checkatrade,portable offices,checkatrade||portable offices,V2
Checkatrade,Powder Coating,London,https://www.checkatrade.com/sitemap/locations/London/P,london_trade_sitemap,2026-09-05,London A-Z trade/service sitemap.,checkatrade,powder coating,checkatrade||powder coating,V2
Checkatrade,power flush companies,London,https://www.checkatrade.com/sitemap/locations/London/P,london_trade_sitemap,2026-09-05,London A-Z trade/service sitemap.,checkatrade,power flush companies,checkatrade||power flush companies,V2
Checkatrade,Power Flushing,London,https://www.checkatrade.com/sitemap/locations/London/P,london_trade_sitemap,2026-09-05,London A-Z trade/service sitemap.,checkatrade,power flushing,checkatrade||power flushing,V2
Checkatrade,Printer Repairs,London,https://www.checkatrade.com/sitemap/locations/London/P,london_trade_sitemap,2026-09-05,London A-Z trade/service sitemap.,checkatrade,printer repairs,checkatrade||printer repairs,V2
Checkatrade,Printing,London,https://www.checkatrade.com/sitemap/locations/London/P,london_trade_sitemap,2026-09-05,London A-Z trade/service sitemap.,checkatrade,printing,checkatrade||printing,V2
Checkatrade,Project Management,London,https://www.checkatrade.com/sitemap/locations/London/P,london_trade_sitemap,2026-09-05,London A-Z trade/service sitemap.,checkatrade,project management,checkatrade||project management,V2
Checkatrade,Property Maintenance / Repair,London,https://www.checkatrade.com/sitemap/locations/London/P,london_trade_sitemap,2026-09-05,London A-Z trade/service sitemap.,checkatrade,property maintenance repair,checkatrade||property maintenance repair,V2
Checkatrade,Property Renovation,London,https://www.checkatrade.com/sitemap/locations/London/P,london_trade_sitemap,2026-09-05,London A-Z trade/service sitemap.,checkatrade,property renovation,checkatrade||property renovation,V2
Checkatrade,Pruning,London,https://www.checkatrade.com/sitemap/locations/London/P,london_trade_sitemap,2026-09-05,London A-Z trade/service sitemap.,checkatrade,pruning,checkatrade||pruning,V2
Checkatrade,Purifiers,London,https://www.checkatrade.com/sitemap/locations/London/P,london_trade_sitemap,2026-09-05,London A-Z trade/service sitemap.,checkatrade,purifiers,checkatrade||purifiers,V2
Checkatrade,Quantity Surveyor,London,https://www.checkatrade.com/sitemap/locations/London/Q,london_trade_sitemap,2026-09-05,London A-Z trade/service sitemap.,checkatrade,quantity surveyor,checkatrade||quantity surveyor,V2
Checkatrade,Quartz Tiling,London,https://www.checkatrade.com/sitemap/locations/London/Q,london_trade_sitemap,2026-09-05,London A-Z trade/service sitemap.,checkatrade,quartz tiling,checkatrade||quartz tiling,V2
Checkatrade,radiator cleaning,London,https://www.checkatrade.com/sitemap/locations/London/R,london_trade_sitemap,2026-09-05,London A-Z trade/service sitemap.,checkatrade,radiator cleaning,checkatrade||radiator cleaning,V2
Checkatrade,Radiator Covers,London,https://www.checkatrade.com/sitemap/locations/London/R,london_trade_sitemap,2026-09-05,London A-Z trade/service sitemap.,checkatrade,radiator covers,checkatrade||radiator covers,V2
Checkatrade,radiator fitters,London,https://www.checkatrade.com/sitemap/locations/London/R,london_trade_sitemap,2026-09-05,London A-Z trade/service sitemap.,checkatrade,radiator fitters,checkatrade||radiator fitters,V2
Checkatrade,Radiator Installation,London,https://www.checkatrade.com/sitemap/locations/London/R,london_trade_sitemap,2026-09-05,London A-Z trade/service sitemap.,checkatrade,radiator installation,checkatrade||radiator installation,V2
Checkatrade,Radiator Repair,London,https://www.checkatrade.com/sitemap/locations/London/R,london_trade_sitemap,2026-09-05,London A-Z trade/service sitemap.,checkatrade,radiator repair,checkatrade||radiator repair,V2
Checkatrade,radiator replacement,London,https://www.checkatrade.com/sitemap/locations/London/R,london_trade_sitemap,2026-09-05,London A-Z trade/service sitemap.,checkatrade,radiator replacement,checkatrade||radiator replacement,V2
Checkatrade,radiator restoration,London,https://www.checkatrade.com/sitemap/locations/London/R,london_trade_sitemap,2026-09-05,London A-Z trade/service sitemap.,checkatrade,radiator restoration,checkatrade||radiator restoration,V2
Checkatrade,radiator service,London,https://www.checkatrade.com/sitemap/locations/London/R,london_trade_sitemap,2026-09-05,London A-Z trade/service sitemap.,checkatrade,radiator service,checkatrade||radiator service,V2
Checkatrade,radiator specialist,London,https://www.checkatrade.com/sitemap/locations/London/R,london_trade_sitemap,2026-09-05,London A-Z trade/service sitemap.,checkatrade,radiator specialist,checkatrade||radiator specialist,V2
Checkatrade,radiator supply and fit,London,https://www.checkatrade.com/sitemap/locations/London/R,london_trade_sitemap,2026-09-05,London A-Z trade/service sitemap.,checkatrade,radiator supply and fit,checkatrade||radiator supply and fit,V2
Checkatrade,Radiator Thermostat Valve Installation,London,https://www.checkatrade.com/sitemap/locations/London/R,london_trade_sitemap,2026-09-05,London A-Z trade/service sitemap.,checkatrade,radiator thermostat valve installation,checkatrade||radiator thermostat valve installation,V2
Checkatrade,Radiator Thermostat Valve Repair,London,https://www.checkatrade.com/sitemap/locations/London/R,london_trade_sitemap,2026-09-05,London A-Z trade/service sitemap.,checkatrade,radiator thermostat valve repair,checkatrade||radiator thermostat valve repair,V2
Checkatrade,radiators suppliers,London,https://www.checkatrade.com/sitemap/locations/London/R,london_trade_sitemap,2026-09-05,London A-Z trade/service sitemap.,checkatrade,radiators suppliers,checkatrade||radiators suppliers,V2
Checkatrade,Railings,London,https://www.checkatrade.com/sitemap/locations/London/R,london_trade_sitemap,2026-09-05,London A-Z trade/service sitemap.,checkatrade,railings,checkatrade||railings,V2
Checkatrade,Rainwater Harvesting,London,https://www.checkatrade.com/sitemap/locations/London/R,london_trade_sitemap,2026-09-05,London A-Z trade/service sitemap.,checkatrade,rainwater harvesting,checkatrade||rainwater harvesting,V2
Checkatrade,Range Cooker,London,https://www.checkatrade.com/sitemap/locations/London/R,london_trade_sitemap,2026-09-05,London A-Z trade/service sitemap.,checkatrade,range cooker,checkatrade||range cooker,V2
Checkatrade,Range Cooker Servicing / Repair,London,https://www.checkatrade.com/sitemap/locations/London/R,london_trade_sitemap,2026-09-05,London A-Z trade/service sitemap.,checkatrade,range cooker servicing repair,checkatrade||range cooker servicing repair,V2
Checkatrade,Rayburn Servicing / Repair,London,https://www.checkatrade.com/sitemap/locations/London/R,london_trade_sitemap,2026-09-05,London A-Z trade/service sitemap.,checkatrade,rayburn servicing repair,checkatrade||rayburn servicing repair,V2
Checkatrade,Recycling,London,https://www.checkatrade.com/sitemap/locations/London/R,london_trade_sitemap,2026-09-05,London A-Z trade/service sitemap.,checkatrade,recycling,checkatrade||recycling,V2
Checkatrade,Refrigerated Transportation,London,https://www.checkatrade.com/sitemap/locations/London/R,london_trade_sitemap,2026-09-05,London A-Z trade/service sitemap.,checkatrade,refrigerated transportation,checkatrade||refrigerated transportation,V2
Checkatrade,Refrigeration Services,London,https://www.checkatrade.com/sitemap/locations/London/R,london_trade_sitemap,2026-09-05,London A-Z trade/service sitemap.,checkatrade,refrigeration services,checkatrade||refrigeration services,V2
Checkatrade,Refurbishments,London,https://www.checkatrade.com/sitemap/locations/London/R,london_trade_sitemap,2026-09-05,London A-Z trade/service sitemap.,checkatrade,refurbishments,checkatrade||refurbishments,V2
Checkatrade,Registered Gas Boiler Engineers,London,https://www.checkatrade.com/sitemap/locations/London/R,london_trade_sitemap,2026-09-05,London A-Z trade/service sitemap.,checkatrade,registered gas boiler engineers,checkatrade||registered gas boiler engineers,V2
Checkatrade,Removals / Storage,London,https://www.checkatrade.com/sitemap/locations/London/R,london_trade_sitemap,2026-09-05,London A-Z trade/service sitemap.,checkatrade,removals storage,checkatrade||removals storage,V2
Checkatrade,Render Cleaning,London,https://www.checkatrade.com/sitemap/locations/London/R,london_trade_sitemap,2026-09-05,London A-Z trade/service sitemap.,checkatrade,render cleaning,checkatrade||render cleaning,V2
Checkatrade,render specialist,London,https://www.checkatrade.com/sitemap/locations/London/R,london_trade_sitemap,2026-09-05,London A-Z trade/service sitemap.,checkatrade,render specialist,checkatrade||render specialist,V2
Checkatrade,render supplier,London,https://www.checkatrade.com/sitemap/locations/London/R,london_trade_sitemap,2026-09-05,London A-Z trade/service sitemap.,checkatrade,render supplier,checkatrade||render supplier,V2
Checkatrade,Rendering,London,https://www.checkatrade.com/sitemap/locations/London/R,london_trade_sitemap,2026-09-05,London A-Z trade/service sitemap.,checkatrade,rendering,checkatrade||rendering,V2
Checkatrade,rendering companies,London,https://www.checkatrade.com/sitemap/locations/London/R,london_trade_sitemap,2026-09-05,London A-Z trade/service sitemap.,checkatrade,rendering companies,checkatrade||rendering companies,V2
Checkatrade,rendering repair,London,https://www.checkatrade.com/sitemap/locations/London/R,london_trade_sitemap,2026-09-05,London A-Z trade/service sitemap.,checkatrade,rendering repair,checkatrade||rendering repair,V2
Checkatrade,rendering services,London,https://www.checkatrade.com/sitemap/locations/London/R,london_trade_sitemap,2026-09-05,London A-Z trade/service sitemap.,checkatrade,rendering services,checkatrade||rendering services,V2
Checkatrade,Renewable Energy,London,https://www.checkatrade.com/sitemap/locations/London/R,london_trade_sitemap,2026-09-05,London A-Z trade/service sitemap.,checkatrade,renewable energy,checkatrade||renewable energy,V2
Checkatrade,Renovation Specialist,London,https://www.checkatrade.com/sitemap/locations/London/R,london_trade_sitemap,2026-09-05,London A-Z trade/service sitemap.,checkatrade,renovation specialist,checkatrade||renovation specialist,V2
Checkatrade,Repair and Listed Building Specialist,London,https://www.checkatrade.com/sitemap/locations/London/R,london_trade_sitemap,2026-09-05,London A-Z trade/service sitemap.,checkatrade,repair and listed building specialist,checkatrade||repair and listed building specialist,V2
Checkatrade,Replace kitchen cabinets,London,https://www.checkatrade.com/sitemap/locations/London/R,london_trade_sitemap,2026-09-05,London A-Z trade/service sitemap.,checkatrade,replace kitchen cabinets,checkatrade||replace kitchen cabinets,V2
Checkatrade,replace toilet,London,https://www.checkatrade.com/sitemap/locations/London/R,london_trade_sitemap,2026-09-05,London A-Z trade/service sitemap.,checkatrade,replace toilet,checkatrade||replace toilet,V2
Checkatrade,Replacement Doors and Drawers,London,https://www.checkatrade.com/sitemap/locations/London/R,london_trade_sitemap,2026-09-05,London A-Z trade/service sitemap.,checkatrade,replacement doors and drawers,checkatrade||replacement doors and drawers,V2
Checkatrade,replacement polycarbonate conservatory roof,London,https://www.checkatrade.com/sitemap/locations/London/R,london_trade_sitemap,2026-09-05,London A-Z trade/service sitemap.,checkatrade,replacement polycarbonate conservatory roof,checkatrade||replacement polycarbonate conservatory roof,V2
Checkatrade,Repointing,London,https://www.checkatrade.com/sitemap/locations/London/R,london_trade_sitemap,2026-09-05,London A-Z trade/service sitemap.,checkatrade,repointing,checkatrade||repointing,V2
Checkatrade,Residential Grass Cutting,London,https://www.checkatrade.com/sitemap/locations/London/R,london_trade_sitemap,2026-09-05,London A-Z trade/service sitemap.,checkatrade,residential grass cutting,checkatrade||residential grass cutting,V2
Checkatrade,Resin Bond Surfacing,London,https://www.checkatrade.com/sitemap/locations/London/R,london_trade_sitemap,2026-09-05,London A-Z trade/service sitemap.,checkatrade,resin bond surfacing,checkatrade||resin bond surfacing,V2
Checkatrade,Resin Bound Surfacing,London,https://www.checkatrade.com/sitemap/locations/London/R,london_trade_sitemap,2026-09-05,London A-Z trade/service sitemap.,checkatrade,resin bound surfacing,checkatrade||resin bound surfacing,V2
Checkatrade,Resin Flooring,London,https://www.checkatrade.com/sitemap/locations/London/R,london_trade_sitemap,2026-09-05,London A-Z trade/service sitemap.,checkatrade,resin flooring,checkatrade||resin flooring,V2
Checkatrade,Restoration,London,https://www.checkatrade.com/sitemap/locations/London/R,london_trade_sitemap,2026-09-05,London A-Z trade/service sitemap.,checkatrade,restoration,checkatrade||restoration,V2
Checkatrade,RICS Condition Report,London,https://www.checkatrade.com/sitemap/locations/London/R,london_trade_sitemap,2026-09-05,London A-Z trade/service sitemap.,checkatrade,rics condition report,checkatrade||rics condition report,V2
Checkatrade,ridge tile repairs,London,https://www.checkatrade.com/sitemap/locations/London/R,london_trade_sitemap,2026-09-05,London A-Z trade/service sitemap.,checkatrade,ridge tile repairs,checkatrade||ridge tile repairs,V2
Checkatrade,Ridged Tiles Installation,London,https://www.checkatrade.com/sitemap/locations/London/R,london_trade_sitemap,2026-09-05,London A-Z trade/service sitemap.,checkatrade,ridged tiles installation,checkatrade||ridged tiles installation,V2
Checkatrade,Ridged Tiles Repair,London,https://www.checkatrade.com/sitemap/locations/London/R,london_trade_sitemap,2026-09-05,London A-Z trade/service sitemap.,checkatrade,ridged tiles repair,checkatrade||ridged tiles repair,V2
Checkatrade,Rise & Recline Chairs,London,https://www.checkatrade.com/sitemap/locations/London/R,london_trade_sitemap,2026-09-05,London A-Z trade/service sitemap.,checkatrade,rise and recline chairs,checkatrade||rise and recline chairs,V2
Checkatrade,Rising Damp,London,https://www.checkatrade.com/sitemap/locations/London/R,london_trade_sitemap,2026-09-05,London A-Z trade/service sitemap.,checkatrade,rising damp,checkatrade||rising damp,V2
Checkatrade,Road Markings,London,https://www.checkatrade.com/sitemap/locations/London/R,london_trade_sitemap,2026-09-05,London A-Z trade/service sitemap.,checkatrade,road markings,checkatrade||road markings,V2
Checkatrade,rolled steel joist installation,London,https://www.checkatrade.com/sitemap/locations/London/R,london_trade_sitemap,2026-09-05,London A-Z trade/service sitemap.,checkatrade,rolled steel joist installation,checkatrade||rolled steel joist installation,V2
Checkatrade,Roller Shutters,London,https://www.checkatrade.com/sitemap/locations/London/R,london_trade_sitemap,2026-09-05,London A-Z trade/service sitemap.,checkatrade,roller shutters,checkatrade||roller shutters,V2
Checkatrade,roof and gutter repairs,London,https://www.checkatrade.com/sitemap/locations/London/R,london_trade_sitemap,2026-09-05,London A-Z trade/service sitemap.,checkatrade,roof and gutter repairs,checkatrade||roof and gutter repairs,V2
Checkatrade,Roof Blinds,London,https://www.checkatrade.com/sitemap/locations/London/R,london_trade_sitemap,2026-09-05,London A-Z trade/service sitemap.,checkatrade,roof blinds,checkatrade||roof blinds,V2
Checkatrade,Roof Cleaning,London,https://www.checkatrade.com/sitemap/locations/London/R,london_trade_sitemap,2026-09-05,London A-Z trade/service sitemap.,checkatrade,roof cleaning,checkatrade||roof cleaning,V2
Checkatrade,Roof Coatings,London,https://www.checkatrade.com/sitemap/locations/London/R,london_trade_sitemap,2026-09-05,London A-Z trade/service sitemap.,checkatrade,roof coatings,checkatrade||roof coatings,V2
Checkatrade,Roof Gardens,London,https://www.checkatrade.com/sitemap/locations/London/R,london_trade_sitemap,2026-09-05,London A-Z trade/service sitemap.,checkatrade,roof gardens,checkatrade||roof gardens,V2
Checkatrade,roof inspection and repair,London,https://www.checkatrade.com/sitemap/locations/London/R,london_trade_sitemap,2026-09-05,London A-Z trade/service sitemap.,checkatrade,roof inspection and repair,checkatrade||roof inspection and repair,V2
Checkatrade,Roof Inspection Report,London,https://www.checkatrade.com/sitemap/locations/London/R,london_trade_sitemap,2026-09-05,London A-Z trade/service sitemap.,checkatrade,roof inspection report,checkatrade||roof inspection report,V2
Checkatrade,Roof Joist Insulation,London,https://www.checkatrade.com/sitemap/locations/London/R,london_trade_sitemap,2026-09-05,London A-Z trade/service sitemap.,checkatrade,roof joist insulation,checkatrade||roof joist insulation,V2
Checkatrade,roof leak detection,London,https://www.checkatrade.com/sitemap/locations/London/R,london_trade_sitemap,2026-09-05,London A-Z trade/service sitemap.,checkatrade,roof leak detection,checkatrade||roof leak detection,V2
Checkatrade,Roof Lights Installation,London,https://www.checkatrade.com/sitemap/locations/London/R,london_trade_sitemap,2026-09-05,London A-Z trade/service sitemap.,checkatrade,roof lights installation,checkatrade||roof lights installation,V2
Checkatrade,Roof Lights Repair,London,https://www.checkatrade.com/sitemap/locations/London/R,london_trade_sitemap,2026-09-05,London A-Z trade/service sitemap.,checkatrade,roof lights repair,checkatrade||roof lights repair,V2
Checkatrade,roof maintenance,London,https://www.checkatrade.com/sitemap/locations/London/R,london_trade_sitemap,2026-09-05,London A-Z trade/service sitemap.,checkatrade,roof maintenance,checkatrade||roof maintenance,V2
Checkatrade,roof moss removal,London,https://www.checkatrade.com/sitemap/locations/London/R,london_trade_sitemap,2026-09-05,London A-Z trade/service sitemap.,checkatrade,roof moss removal,checkatrade||roof moss removal,V2
Checkatrade,roof moss removal companies,London,https://www.checkatrade.com/sitemap/locations/London/R,london_trade_sitemap,2026-09-05,London A-Z trade/service sitemap.,checkatrade,roof moss removal companies,checkatrade||roof moss removal companies,V2
Checkatrade,roof moss treatment,London,https://www.checkatrade.com/sitemap/locations/London/R,london_trade_sitemap,2026-09-05,London A-Z trade/service sitemap.,checkatrade,roof moss treatment,checkatrade||roof moss treatment,V2
Checkatrade,Roof Rafter Insulation,London,https://www.checkatrade.com/sitemap/locations/London/R,london_trade_sitemap,2026-09-05,London A-Z trade/service sitemap.,checkatrade,roof rafter insulation,checkatrade||roof rafter insulation,V2
Checkatrade,roof repair companies,London,https://www.checkatrade.com/sitemap/locations/London/R,london_trade_sitemap,2026-09-05,London A-Z trade/service sitemap.,checkatrade,roof repair companies,checkatrade||roof repair companies,V2
Checkatrade,roof repair services,London,https://www.checkatrade.com/sitemap/locations/London/R,london_trade_sitemap,2026-09-05,London A-Z trade/service sitemap.,checkatrade,roof repair services,checkatrade||roof repair services,V2
Checkatrade,Roof Replacement,London,https://www.checkatrade.com/sitemap/locations/London/R,london_trade_sitemap,2026-09-05,London A-Z trade/service sitemap.,checkatrade,roof replacement,checkatrade||roof replacement,V2
Checkatrade,roof replacement companies,London,https://www.checkatrade.com/sitemap/locations/London/R,london_trade_sitemap,2026-09-05,London A-Z trade/service sitemap.,checkatrade,roof replacement companies,checkatrade||roof replacement companies,V2
Checkatrade,roof slate suppliers,London,https://www.checkatrade.com/sitemap/locations/London/R,london_trade_sitemap,2026-09-05,London A-Z trade/service sitemap.,checkatrade,roof slate suppliers,checkatrade||roof slate suppliers,V2
Checkatrade,roof tile replacement,London,https://www.checkatrade.com/sitemap/locations/London/R,london_trade_sitemap,2026-09-05,London A-Z trade/service sitemap.,checkatrade,roof tile replacement,checkatrade||roof tile replacement,V2
Checkatrade,roof trusses,London,https://www.checkatrade.com/sitemap/locations/London/R,london_trade_sitemap,2026-09-05,London A-Z trade/service sitemap.,checkatrade,roof trusses,checkatrade||roof trusses,V2
Checkatrade,roof window installer,London,https://www.checkatrade.com/sitemap/locations/London/R,london_trade_sitemap,2026-09-05,London A-Z trade/service sitemap.,checkatrade,roof window installer,checkatrade||roof window installer,V2
Checkatrade,roof window repair,London,https://www.checkatrade.com/sitemap/locations/London/R,london_trade_sitemap,2026-09-05,London A-Z trade/service sitemap.,checkatrade,roof window repair,checkatrade||roof window repair,V2
Checkatrade,Roof Windows Installation,London,https://www.checkatrade.com/sitemap/locations/London/R,london_trade_sitemap,2026-09-05,London A-Z trade/service sitemap.,checkatrade,roof windows installation,checkatrade||roof windows installation,V2
Checkatrade,Roof Windows Repair,London,https://www.checkatrade.com/sitemap/locations/London/R,london_trade_sitemap,2026-09-05,London A-Z trade/service sitemap.,checkatrade,roof windows repair,checkatrade||roof windows repair,V2
Checkatrade,Roofer,London,https://www.checkatrade.com/sitemap/locations/London/R,london_trade_sitemap,2026-09-05,London A-Z trade/service sitemap.,checkatrade,roofer,checkatrade||roofer,V2
Checkatrade,roofing and chimney repair,London,https://www.checkatrade.com/sitemap/locations/London/R,london_trade_sitemap,2026-09-05,London A-Z trade/service sitemap.,checkatrade,roofing and chimney repair,checkatrade||roofing and chimney repair,V2
Checkatrade,roofing material suppliers,London,https://www.checkatrade.com/sitemap/locations/London/R,london_trade_sitemap,2026-09-05,London A-Z trade/service sitemap.,checkatrade,roofing material suppliers,checkatrade||roofing material suppliers,V2
Checkatrade,Roofing Repairs,London,https://www.checkatrade.com/sitemap/locations/London/R,london_trade_sitemap,2026-09-05,London A-Z trade/service sitemap.,checkatrade,roofing repairs,checkatrade||roofing repairs,V2
Checkatrade,Rsj Beam,London,https://www.checkatrade.com/sitemap/locations/London/R,london_trade_sitemap,2026-09-05,London A-Z trade/service sitemap.,checkatrade,rsj beam,checkatrade||rsj beam,V2
Checkatrade,rsj installation,London,https://www.checkatrade.com/sitemap/locations/London/R,london_trade_sitemap,2026-09-05,London A-Z trade/service sitemap.,checkatrade,rsj installation,checkatrade||rsj installation,V2
Checkatrade,rubber roof installers,London,https://www.checkatrade.com/sitemap/locations/London/R,london_trade_sitemap,2026-09-05,London A-Z trade/service sitemap.,checkatrade,rubber roof installers,checkatrade||rubber roof installers,V2
Checkatrade,rubber roof repair,London,https://www.checkatrade.com/sitemap/locations/London/R,london_trade_sitemap,2026-09-05,London A-Z trade/service sitemap.,checkatrade,rubber roof repair,checkatrade||rubber roof repair,V2
Checkatrade,rubber roofing contractors,London,https://www.checkatrade.com/sitemap/locations/London/R,london_trade_sitemap,2026-09-05,London A-Z trade/service sitemap.,checkatrade,rubber roofing contractors,checkatrade||rubber roofing contractors,V2
Checkatrade,Rubber Roofing Installation,London,https://www.checkatrade.com/sitemap/locations/London/R,london_trade_sitemap,2026-09-05,London A-Z trade/service sitemap.,checkatrade,rubber roofing installation,checkatrade||rubber roofing installation,V2
Checkatrade,Rubber Roofing Repair,London,https://www.checkatrade.com/sitemap/locations/London/R,london_trade_sitemap,2026-09-05,London A-Z trade/service sitemap.,checkatrade,rubber roofing repair,checkatrade||rubber roofing repair,V2
Checkatrade,rubber roofing suppliers,London,https://www.checkatrade.com/sitemap/locations/London/R,london_trade_sitemap,2026-09-05,London A-Z trade/service sitemap.,checkatrade,rubber roofing suppliers,checkatrade||rubber roofing suppliers,V2
Checkatrade,Rubbish / Waste / Clearance,London,https://www.checkatrade.com/sitemap/locations/London/R,london_trade_sitemap,2026-09-05,London A-Z trade/service sitemap.,checkatrade,rubbish waste clearance,checkatrade||rubbish waste clearance,V2
Checkatrade,Rug Cleaning,London,https://www.checkatrade.com/sitemap/locations/London/R,london_trade_sitemap,2026-09-05,London A-Z trade/service sitemap.,checkatrade,rug cleaning,checkatrade||rug cleaning,V2
Checkatrade,Safe Locks,London,https://www.checkatrade.com/sitemap/locations/London/S,london_trade_sitemap,2026-09-05,London A-Z trade/service sitemap.,checkatrade,safe locks,checkatrade||safe locks,V2
Checkatrade,Safes,London,https://www.checkatrade.com/sitemap/locations/London/S,london_trade_sitemap,2026-09-05,London A-Z trade/service sitemap.,checkatrade,safes,checkatrade||safes,V2
Checkatrade,Safety Flooring,London,https://www.checkatrade.com/sitemap/locations/London/S,london_trade_sitemap,2026-09-05,London A-Z trade/service sitemap.,checkatrade,safety flooring,checkatrade||safety flooring,V2
Checkatrade,sagging roof repair,London,https://www.checkatrade.com/sitemap/locations/London/S,london_trade_sitemap,2026-09-05,London A-Z trade/service sitemap.,checkatrade,sagging roof repair,checkatrade||sagging roof repair,V2
Checkatrade,Sail Shades,London,https://www.checkatrade.com/sitemap/locations/London/S,london_trade_sitemap,2026-09-05,London A-Z trade/service sitemap.,checkatrade,sail shades,checkatrade||sail shades,V2
Checkatrade,Salvage,London,https://www.checkatrade.com/sitemap/locations/London/S,london_trade_sitemap,2026-09-05,London A-Z trade/service sitemap.,checkatrade,salvage,checkatrade||salvage,V2
Checkatrade,Satellite Broadband Services,London,https://www.checkatrade.com/sitemap/locations/London/S,london_trade_sitemap,2026-09-05,London A-Z trade/service sitemap.,checkatrade,satellite broadband services,checkatrade||satellite broadband services,V2
Checkatrade,Scaffold Alarms,London,https://www.checkatrade.com/sitemap/locations/London/S,london_trade_sitemap,2026-09-05,London A-Z trade/service sitemap.,checkatrade,scaffold alarms,checkatrade||scaffold alarms,V2
Checkatrade,Scaffolder,London,https://www.checkatrade.com/sitemap/locations/London/S,london_trade_sitemap,2026-09-05,London A-Z trade/service sitemap.,checkatrade,scaffolder,checkatrade||scaffolder,V2
Checkatrade,Scaffolding Hire,London,https://www.checkatrade.com/sitemap/locations/London/S,london_trade_sitemap,2026-09-05,London A-Z trade/service sitemap.,checkatrade,scaffolding hire,checkatrade||scaffolding hire,V2
Checkatrade,Scarification,London,https://www.checkatrade.com/sitemap/locations/London/S,london_trade_sitemap,2026-09-05,London A-Z trade/service sitemap.,checkatrade,scarification,checkatrade||scarification,V2
Checkatrade,Scooter MOTs,London,https://www.checkatrade.com/sitemap/locations/London/S,london_trade_sitemap,2026-09-05,London A-Z trade/service sitemap.,checkatrade,scooter mots,checkatrade||scooter mots,V2
Checkatrade,Scooter Services,London,https://www.checkatrade.com/sitemap/locations/London/S,london_trade_sitemap,2026-09-05,London A-Z trade/service sitemap.,checkatrade,scooter services,checkatrade||scooter services,V2
Checkatrade,Scooter Tyres,London,https://www.checkatrade.com/sitemap/locations/London/S,london_trade_sitemap,2026-09-05,London A-Z trade/service sitemap.,checkatrade,scooter tyres,checkatrade||scooter tyres,V2
Checkatrade,Scrap Cars,London,https://www.checkatrade.com/sitemap/locations/London/S,london_trade_sitemap,2026-09-05,London A-Z trade/service sitemap.,checkatrade,scrap cars,checkatrade||scrap cars,V2
Checkatrade,Scrap Metal,London,https://www.checkatrade.com/sitemap/locations/London/S,london_trade_sitemap,2026-09-05,London A-Z trade/service sitemap.,checkatrade,scrap metal,checkatrade||scrap metal,V2
Checkatrade,Scratch Repair,London,https://www.checkatrade.com/sitemap/locations/London/S,london_trade_sitemap,2026-09-05,London A-Z trade/service sitemap.,checkatrade,scratch repair,checkatrade||scratch repair,V2
Checkatrade,Screeding,London,https://www.checkatrade.com/sitemap/locations/London/S,london_trade_sitemap,2026-09-05,London A-Z trade/service sitemap.,checkatrade,screeding,checkatrade||screeding,V2
Checkatrade,screeding companies,London,https://www.checkatrade.com/sitemap/locations/London/S,london_trade_sitemap,2026-09-05,London A-Z trade/service sitemap.,checkatrade,screeding companies,checkatrade||screeding companies,V2
Checkatrade,Sealoflex Roofing Installation,London,https://www.checkatrade.com/sitemap/locations/London/S,london_trade_sitemap,2026-09-05,London A-Z trade/service sitemap.,checkatrade,sealoflex roofing installation,checkatrade||sealoflex roofing installation,V2
Checkatrade,Sealoflex Roofing Repair,London,https://www.checkatrade.com/sitemap/locations/London/S,london_trade_sitemap,2026-09-05,London A-Z trade/service sitemap.,checkatrade,sealoflex roofing repair,checkatrade||sealoflex roofing repair,V2
Checkatrade,Secondary Glazing,London,https://www.checkatrade.com/sitemap/locations/London/S,london_trade_sitemap,2026-09-05,London A-Z trade/service sitemap.,checkatrade,secondary glazing,checkatrade||secondary glazing,V2
Checkatrade,Security Assessment,London,https://www.checkatrade.com/sitemap/locations/London/S,london_trade_sitemap,2026-09-05,London A-Z trade/service sitemap.,checkatrade,security assessment,checkatrade||security assessment,V2
Checkatrade,Security Barriers,London,https://www.checkatrade.com/sitemap/locations/London/S,london_trade_sitemap,2026-09-05,London A-Z trade/service sitemap.,checkatrade,security barriers,checkatrade||security barriers,V2
Checkatrade,Security Door Locks,London,https://www.checkatrade.com/sitemap/locations/London/S,london_trade_sitemap,2026-09-05,London A-Z trade/service sitemap.,checkatrade,security door locks,checkatrade||security door locks,V2
Checkatrade,Security Fencing,London,https://www.checkatrade.com/sitemap/locations/London/S,london_trade_sitemap,2026-09-05,London A-Z trade/service sitemap.,checkatrade,security fencing,checkatrade||security fencing,V2
Checkatrade,Security Shutters / Grilles,London,https://www.checkatrade.com/sitemap/locations/London/S,london_trade_sitemap,2026-09-05,London A-Z trade/service sitemap.,checkatrade,security shutters grilles,checkatrade||security shutters grilles,V2
Checkatrade,Security Solutions / Access Control,London,https://www.checkatrade.com/sitemap/locations/London/S,london_trade_sitemap,2026-09-05,London A-Z trade/service sitemap.,checkatrade,security solutions access control,checkatrade||security solutions access control,V2
Checkatrade,Sensory Gardens,London,https://www.checkatrade.com/sitemap/locations/London/S,london_trade_sitemap,2026-09-05,London A-Z trade/service sitemap.,checkatrade,sensory gardens,checkatrade||sensory gardens,V2
Checkatrade,Septic Tank Emptying,London,https://www.checkatrade.com/sitemap/locations/London/S,london_trade_sitemap,2026-09-05,London A-Z trade/service sitemap.,checkatrade,septic tank emptying,checkatrade||septic tank emptying,V2
Checkatrade,Septic Tank Installation,London,https://www.checkatrade.com/sitemap/locations/London/S,london_trade_sitemap,2026-09-05,London A-Z trade/service sitemap.,checkatrade,septic tank installation,checkatrade||septic tank installation,V2
Checkatrade,Septic Tank Repair,London,https://www.checkatrade.com/sitemap/locations/London/S,london_trade_sitemap,2026-09-05,London A-Z trade/service sitemap.,checkatrade,septic tank repair,checkatrade||septic tank repair,V2
Checkatrade,Sewage Pump Installation,London,https://www.checkatrade.com/sitemap/locations/London/S,london_trade_sitemap,2026-09-05,London A-Z trade/service sitemap.,checkatrade,sewage pump installation,checkatrade||sewage pump installation,V2
Checkatrade,Sewage Pump Maintenance,London,https://www.checkatrade.com/sitemap/locations/London/S,london_trade_sitemap,2026-09-05,London A-Z trade/service sitemap.,checkatrade,sewage pump maintenance,checkatrade||sewage pump maintenance,V2
Checkatrade,sewer repair,London,https://www.checkatrade.com/sitemap/locations/London/S,london_trade_sitemap,2026-09-05,London A-Z trade/service sitemap.,checkatrade,sewer repair,checkatrade||sewer repair,V2
Checkatrade,Shed Bases,London,https://www.checkatrade.com/sitemap/locations/London/S,london_trade_sitemap,2026-09-05,London A-Z trade/service sitemap.,checkatrade,shed bases,checkatrade||shed bases,V2
Checkatrade,shed builders,London,https://www.checkatrade.com/sitemap/locations/London/S,london_trade_sitemap,2026-09-05,London A-Z trade/service sitemap.,checkatrade,shed builders,checkatrade||shed builders,V2
Checkatrade,shed fitter,London,https://www.checkatrade.com/sitemap/locations/London/S,london_trade_sitemap,2026-09-05,London A-Z trade/service sitemap.,checkatrade,shed fitter,checkatrade||shed fitter,V2
Checkatrade,shed makers,London,https://www.checkatrade.com/sitemap/locations/London/S,london_trade_sitemap,2026-09-05,London A-Z trade/service sitemap.,checkatrade,shed makers,checkatrade||shed makers,V2
Checkatrade,Shed Repair,London,https://www.checkatrade.com/sitemap/locations/London/S,london_trade_sitemap,2026-09-05,London A-Z trade/service sitemap.,checkatrade,shed repair,checkatrade||shed repair,V2
Checkatrade,shed roof refelting,London,https://www.checkatrade.com/sitemap/locations/London/S,london_trade_sitemap,2026-09-05,London A-Z trade/service sitemap.,checkatrade,shed roof refelting,checkatrade||shed roof refelting,V2
Checkatrade,shed roof repairs,London,https://www.checkatrade.com/sitemap/locations/London/S,london_trade_sitemap,2026-09-05,London A-Z trade/service sitemap.,checkatrade,shed roof repairs,checkatrade||shed roof repairs,V2
Checkatrade,Sheds,London,https://www.checkatrade.com/sitemap/locations/London/S,london_trade_sitemap,2026-09-05,London A-Z trade/service sitemap.,checkatrade,sheds,checkatrade||sheds,V2
Checkatrade,sheetrock contractors,London,https://www.checkatrade.com/sitemap/locations/London/S,london_trade_sitemap,2026-09-05,London A-Z trade/service sitemap.,checkatrade,sheetrock contractors,checkatrade||sheetrock contractors,V2
Checkatrade,sheetrock installers,London,https://www.checkatrade.com/sitemap/locations/London/S,london_trade_sitemap,2026-09-05,London A-Z trade/service sitemap.,checkatrade,sheetrock installers,checkatrade||sheetrock installers,V2
Checkatrade,Shelving,London,https://www.checkatrade.com/sitemap/locations/London/S,london_trade_sitemap,2026-09-05,London A-Z trade/service sitemap.,checkatrade,shelving,checkatrade||shelving,V2
Checkatrade,Shop Fitting,London,https://www.checkatrade.com/sitemap/locations/London/S,london_trade_sitemap,2026-09-05,London A-Z trade/service sitemap.,checkatrade,shop fitting,checkatrade||shop fitting,V2
Checkatrade,Shower Installation,London,https://www.checkatrade.com/sitemap/locations/London/S,london_trade_sitemap,2026-09-05,London A-Z trade/service sitemap.,checkatrade,shower installation,checkatrade||shower installation,V2
Checkatrade,shower plumbers,London,https://www.checkatrade.com/sitemap/locations/London/S,london_trade_sitemap,2026-09-05,London A-Z trade/service sitemap.,checkatrade,shower plumbers,checkatrade||shower plumbers,V2
Checkatrade,Shower Repair,London,https://www.checkatrade.com/sitemap/locations/London/S,london_trade_sitemap,2026-09-05,London A-Z trade/service sitemap.,checkatrade,shower repair,checkatrade||shower repair,V2
Checkatrade,shower replacement,London,https://www.checkatrade.com/sitemap/locations/London/S,london_trade_sitemap,2026-09-05,London A-Z trade/service sitemap.,checkatrade,shower replacement,checkatrade||shower replacement,V2
Checkatrade,Sign Makers,London,https://www.checkatrade.com/sitemap/locations/London/S,london_trade_sitemap,2026-09-05,London A-Z trade/service sitemap.,checkatrade,sign makers,checkatrade||sign makers,V2
Checkatrade,Sign Writers,London,https://www.checkatrade.com/sitemap/locations/London/S,london_trade_sitemap,2026-09-05,London A-Z trade/service sitemap.,checkatrade,sign writers,checkatrade||sign writers,V2
Checkatrade,silicone rendering,London,https://www.checkatrade.com/sitemap/locations/London/S,london_trade_sitemap,2026-09-05,London A-Z trade/service sitemap.,checkatrade,silicone rendering,checkatrade||silicone rendering,V2
Checkatrade,silicone sealing,London,https://www.checkatrade.com/sitemap/locations/London/S,london_trade_sitemap,2026-09-05,London A-Z trade/service sitemap.,checkatrade,silicone sealing,checkatrade||silicone sealing,V2
Checkatrade,Single Ply Membrane Roofs Installation,London,https://www.checkatrade.com/sitemap/locations/London/S,london_trade_sitemap,2026-09-05,London A-Z trade/service sitemap.,checkatrade,single ply membrane roofs installation,checkatrade||single ply membrane roofs installation,V2
Checkatrade,Single Ply Membrane Roofs Repair,London,https://www.checkatrade.com/sitemap/locations/London/S,london_trade_sitemap,2026-09-05,London A-Z trade/service sitemap.,checkatrade,single ply membrane roofs repair,checkatrade||single ply membrane roofs repair,V2
Checkatrade,sink crack,London,https://www.checkatrade.com/sitemap/locations/London/S,london_trade_sitemap,2026-09-05,London A-Z trade/service sitemap.,checkatrade,sink crack,checkatrade||sink crack,V2
Checkatrade,sink draining,London,https://www.checkatrade.com/sitemap/locations/London/S,london_trade_sitemap,2026-09-05,London A-Z trade/service sitemap.,checkatrade,sink draining,checkatrade||sink draining,V2
Checkatrade,skim coating contractor,London,https://www.checkatrade.com/sitemap/locations/London/S,london_trade_sitemap,2026-09-05,London A-Z trade/service sitemap.,checkatrade,skim coating contractor,checkatrade||skim coating contractor,V2
Checkatrade,Skimming,London,https://www.checkatrade.com/sitemap/locations/London/S,london_trade_sitemap,2026-09-05,London A-Z trade/service sitemap.,checkatrade,skimming,checkatrade||skimming,V2
Checkatrade,Skip Bag Hire,London,https://www.checkatrade.com/sitemap/locations/London/S,london_trade_sitemap,2026-09-05,London A-Z trade/service sitemap.,checkatrade,skip bag hire,checkatrade||skip bag hire,V2
Checkatrade,Skip Hire,London,https://www.checkatrade.com/sitemap/locations/London/S,london_trade_sitemap,2026-09-05,London A-Z trade/service sitemap.,checkatrade,skip hire,checkatrade||skip hire,V2
Checkatrade,Skirting,London,https://www.checkatrade.com/sitemap/locations/London/S,london_trade_sitemap,2026-09-05,London A-Z trade/service sitemap.,checkatrade,skirting,checkatrade||skirting,V2
Checkatrade,skirting boards,London,https://www.checkatrade.com/sitemap/locations/London/S,london_trade_sitemap,2026-09-05,London A-Z trade/service sitemap.,checkatrade,skirting boards,checkatrade||skirting boards,V2
Checkatrade,skirting installers,London,https://www.checkatrade.com/sitemap/locations/London/S,london_trade_sitemap,2026-09-05,London A-Z trade/service sitemap.,checkatrade,skirting installers,checkatrade||skirting installers,V2
Checkatrade,skylight install,London,https://www.checkatrade.com/sitemap/locations/London/S,london_trade_sitemap,2026-09-05,London A-Z trade/service sitemap.,checkatrade,skylight install,checkatrade||skylight install,V2
Checkatrade,skylights for flat roofs,London,https://www.checkatrade.com/sitemap/locations/London/S,london_trade_sitemap,2026-09-05,London A-Z trade/service sitemap.,checkatrade,skylights for flat roofs,checkatrade||skylights for flat roofs,V2
Checkatrade,Slate / Tiled Roofing Installation,London,https://www.checkatrade.com/sitemap/locations/London/S,london_trade_sitemap,2026-09-05,London A-Z trade/service sitemap.,checkatrade,slate tiled roofing installation,checkatrade||slate tiled roofing installation,V2
Checkatrade,Slate Roof Installation,London,https://www.checkatrade.com/sitemap/locations/London/S,london_trade_sitemap,2026-09-05,London A-Z trade/service sitemap.,checkatrade,slate roof installation,checkatrade||slate roof installation,V2
Checkatrade,slate roof repair,London,https://www.checkatrade.com/sitemap/locations/London/S,london_trade_sitemap,2026-09-05,London A-Z trade/service sitemap.,checkatrade,slate roof repair,checkatrade||slate roof repair,V2
Checkatrade,Slate Roofer Repair,London,https://www.checkatrade.com/sitemap/locations/London/S,london_trade_sitemap,2026-09-05,London A-Z trade/service sitemap.,checkatrade,slate roofer repair,checkatrade||slate roofer repair,V2
Checkatrade,slate roofing contractors,London,https://www.checkatrade.com/sitemap/locations/London/S,london_trade_sitemap,2026-09-05,London A-Z trade/service sitemap.,checkatrade,slate roofing contractors,checkatrade||slate roofing contractors,V2
Checkatrade,Slate Tiles,London,https://www.checkatrade.com/sitemap/locations/London/S,london_trade_sitemap,2026-09-05,London A-Z trade/service sitemap.,checkatrade,slate tiles,checkatrade||slate tiles,V2
Checkatrade,Sleepers,London,https://www.checkatrade.com/sitemap/locations/London/S,london_trade_sitemap,2026-09-05,London A-Z trade/service sitemap.,checkatrade,sleepers,checkatrade||sleepers,V2
Checkatrade,small roof repairs,London,https://www.checkatrade.com/sitemap/locations/London/S,london_trade_sitemap,2026-09-05,London A-Z trade/service sitemap.,checkatrade,small roof repairs,checkatrade||small roof repairs,V2
Checkatrade,Smart Heating Installation,London,https://www.checkatrade.com/sitemap/locations/London/S,london_trade_sitemap,2026-09-05,London A-Z trade/service sitemap.,checkatrade,smart heating installation,checkatrade||smart heating installation,V2
Checkatrade,Smart Home Technology Consultant,London,https://www.checkatrade.com/sitemap/locations/London/S,london_trade_sitemap,2026-09-05,London A-Z trade/service sitemap.,checkatrade,smart home technology consultant,checkatrade||smart home technology consultant,V2
Checkatrade,Smart Repairs,London,https://www.checkatrade.com/sitemap/locations/London/S,london_trade_sitemap,2026-09-05,London A-Z trade/service sitemap.,checkatrade,smart repairs,checkatrade||smart repairs,V2
Checkatrade,Smart Thermostat Installation,London,https://www.checkatrade.com/sitemap/locations/London/S,london_trade_sitemap,2026-09-05,London A-Z trade/service sitemap.,checkatrade,smart thermostat installation,checkatrade||smart thermostat installation,V2
Checkatrade,Smart Thermostats,London,https://www.checkatrade.com/sitemap/locations/London/S,london_trade_sitemap,2026-09-05,London A-Z trade/service sitemap.,checkatrade,smart thermostats,checkatrade||smart thermostats,V2
Checkatrade,Smoke Alarms,London,https://www.checkatrade.com/sitemap/locations/London/S,london_trade_sitemap,2026-09-05,London A-Z trade/service sitemap.,checkatrade,smoke alarms,checkatrade||smoke alarms,V2
Checkatrade,Smokeless Fuel,London,https://www.checkatrade.com/sitemap/locations/London/S,london_trade_sitemap,2026-09-05,London A-Z trade/service sitemap.,checkatrade,smokeless fuel,checkatrade||smokeless fuel,V2
Checkatrade,Snap Locks,London,https://www.checkatrade.com/sitemap/locations/London/S,london_trade_sitemap,2026-09-05,London A-Z trade/service sitemap.,checkatrade,snap locks,checkatrade||snap locks,V2
Checkatrade,Soakaway Clearance,London,https://www.checkatrade.com/sitemap/locations/London/S,london_trade_sitemap,2026-09-05,London A-Z trade/service sitemap.,checkatrade,soakaway clearance,checkatrade||soakaway clearance,V2
Checkatrade,Soakaways,London,https://www.checkatrade.com/sitemap/locations/London/S,london_trade_sitemap,2026-09-05,London A-Z trade/service sitemap.,checkatrade,soakaways,checkatrade||soakaways,V2
Checkatrade,Soda / Sand / Shot Blasting,London,https://www.checkatrade.com/sitemap/locations/London/S,london_trade_sitemap,2026-09-05,London A-Z trade/service sitemap.,checkatrade,soda sand shot blasting,checkatrade||soda sand shot blasting,V2
Checkatrade,Soft Landscaping,London,https://www.checkatrade.com/sitemap/locations/London/S,london_trade_sitemap,2026-09-05,London A-Z trade/service sitemap.,checkatrade,soft landscaping,checkatrade||soft landscaping,V2
Checkatrade,Soft Washing,London,https://www.checkatrade.com/sitemap/locations/London/S,london_trade_sitemap,2026-09-05,London A-Z trade/service sitemap.,checkatrade,soft washing,checkatrade||soft washing,V2
Checkatrade,Software Testing,London,https://www.checkatrade.com/sitemap/locations/London/S,london_trade_sitemap,2026-09-05,London A-Z trade/service sitemap.,checkatrade,software testing,checkatrade||software testing,V2
Checkatrade,soil stack replacement,London,https://www.checkatrade.com/sitemap/locations/London/S,london_trade_sitemap,2026-09-05,London A-Z trade/service sitemap.,checkatrade,soil stack replacement,checkatrade||soil stack replacement,V2
Checkatrade,Solar Battery Storage,London,https://www.checkatrade.com/sitemap/locations/London/S,london_trade_sitemap,2026-09-05,London A-Z trade/service sitemap.,checkatrade,solar battery storage,checkatrade||solar battery storage,V2
Checkatrade,Solar Panel Cleaning,London,https://www.checkatrade.com/sitemap/locations/London/S,london_trade_sitemap,2026-09-05,London A-Z trade/service sitemap.,checkatrade,solar panel cleaning,checkatrade||solar panel cleaning,V2
Checkatrade,Solar Panel Installation,London,https://www.checkatrade.com/sitemap/locations/London/S,london_trade_sitemap,2026-09-05,London A-Z trade/service sitemap.,checkatrade,solar panel installation,checkatrade||solar panel installation,V2
Checkatrade,Solar Panel Repair,London,https://www.checkatrade.com/sitemap/locations/London/S,london_trade_sitemap,2026-09-05,London A-Z trade/service sitemap.,checkatrade,solar panel repair,checkatrade||solar panel repair,V2
Checkatrade,Solar Panel Servicing / Repair,London,https://www.checkatrade.com/sitemap/locations/London/S,london_trade_sitemap,2026-09-05,London A-Z trade/service sitemap.,checkatrade,solar panel servicing repair,checkatrade||solar panel servicing repair,V2
Checkatrade,Solar Panel Supply and Install,London,https://www.checkatrade.com/sitemap/locations/London/S,london_trade_sitemap,2026-09-05,London A-Z trade/service sitemap.,checkatrade,solar panel supply and install,checkatrade||solar panel supply and install,V2
Checkatrade,Solar Photovoltaic / Electric,London,https://www.checkatrade.com/sitemap/locations/London/S,london_trade_sitemap,2026-09-05,London A-Z trade/service sitemap.,checkatrade,solar photovoltaic electric,checkatrade||solar photovoltaic electric,V2
Checkatrade,Solar Photovoltaic / Electric - Feed,London,https://www.checkatrade.com/sitemap/locations/London/S,london_trade_sitemap,2026-09-05,London A-Z trade/service sitemap.,checkatrade,solar photovoltaic electric - feed,checkatrade||solar photovoltaic electric - feed,V2
Checkatrade,Solar Roof Installation,London,https://www.checkatrade.com/sitemap/locations/London/S,london_trade_sitemap,2026-09-05,London A-Z trade/service sitemap.,checkatrade,solar roof installation,checkatrade||solar roof installation,V2
Checkatrade,Solar Roof Servicing / Repair,London,https://www.checkatrade.com/sitemap/locations/London/S,london_trade_sitemap,2026-09-05,London A-Z trade/service sitemap.,checkatrade,solar roof servicing repair,checkatrade||solar roof servicing repair,V2
Checkatrade,Solar Thermal Heating Installation,London,https://www.checkatrade.com/sitemap/locations/London/S,london_trade_sitemap,2026-09-05,London A-Z trade/service sitemap.,checkatrade,solar thermal heating installation,checkatrade||solar thermal heating installation,V2
Checkatrade,Solar Thermal Heating Servicing / Repair,London,https://www.checkatrade.com/sitemap/locations/London/S,london_trade_sitemap,2026-09-05,London A-Z trade/service sitemap.,checkatrade,solar thermal heating servicing repair,checkatrade||solar thermal heating servicing repair,V2
Checkatrade,Solid Floor Insulation,London,https://www.checkatrade.com/sitemap/locations/London/S,london_trade_sitemap,2026-09-05,London A-Z trade/service sitemap.,checkatrade,solid floor insulation,checkatrade||solid floor insulation,V2
Checkatrade,Solid Fuel,London,https://www.checkatrade.com/sitemap/locations/London/S,london_trade_sitemap,2026-09-05,London A-Z trade/service sitemap.,checkatrade,solid fuel,checkatrade||solid fuel,V2
Checkatrade,Sound Proofing,London,https://www.checkatrade.com/sitemap/locations/London/S,london_trade_sitemap,2026-09-05,London A-Z trade/service sitemap.,checkatrade,sound proofing,checkatrade||sound proofing,V2
Checkatrade,spalling brick repair,London,https://www.checkatrade.com/sitemap/locations/London/S,london_trade_sitemap,2026-09-05,London A-Z trade/service sitemap.,checkatrade,spalling brick repair,checkatrade||spalling brick repair,V2
Checkatrade,Specialist Paint Effects,London,https://www.checkatrade.com/sitemap/locations/London/S,london_trade_sitemap,2026-09-05,London A-Z trade/service sitemap.,checkatrade,specialist paint effects,checkatrade||specialist paint effects,V2
Checkatrade,Spray Foam Insulation,London,https://www.checkatrade.com/sitemap/locations/London/S,london_trade_sitemap,2026-09-05,London A-Z trade/service sitemap.,checkatrade,spray foam insulation,checkatrade||spray foam insulation,V2
Checkatrade,Spray Foam Insulation Removal,London,https://www.checkatrade.com/sitemap/locations/London/S,london_trade_sitemap,2026-09-05,London A-Z trade/service sitemap.,checkatrade,spray foam insulation removal,checkatrade||spray foam insulation removal,V2
Checkatrade,spray render companies,London,https://www.checkatrade.com/sitemap/locations/London/S,london_trade_sitemap,2026-09-05,London A-Z trade/service sitemap.,checkatrade,spray render companies,checkatrade||spray render companies,V2
Checkatrade,Spray Rendering,London,https://www.checkatrade.com/sitemap/locations/London/S,london_trade_sitemap,2026-09-05,London A-Z trade/service sitemap.,checkatrade,spray rendering,checkatrade||spray rendering,V2
Checkatrade,Stable Doors,London,https://www.checkatrade.com/sitemap/locations/London/S,london_trade_sitemap,2026-09-05,London A-Z trade/service sitemap.,checkatrade,stable doors,checkatrade||stable doors,V2
Checkatrade,Stain Protection,London,https://www.checkatrade.com/sitemap/locations/London/S,london_trade_sitemap,2026-09-05,London A-Z trade/service sitemap.,checkatrade,stain protection,checkatrade||stain protection,V2
Checkatrade,Stained Glass,London,https://www.checkatrade.com/sitemap/locations/London/S,london_trade_sitemap,2026-09-05,London A-Z trade/service sitemap.,checkatrade,stained glass,checkatrade||stained glass,V2
Checkatrade,Stained Glass Restoration,London,https://www.checkatrade.com/sitemap/locations/London/S,london_trade_sitemap,2026-09-05,London A-Z trade/service sitemap.,checkatrade,stained glass restoration,checkatrade||stained glass restoration,V2
Checkatrade,staircase fitters,London,https://www.checkatrade.com/sitemap/locations/London/S,london_trade_sitemap,2026-09-05,London A-Z trade/service sitemap.,checkatrade,staircase fitters,checkatrade||staircase fitters,V2
Checkatrade,staircase joinery,London,https://www.checkatrade.com/sitemap/locations/London/S,london_trade_sitemap,2026-09-05,London A-Z trade/service sitemap.,checkatrade,staircase joinery,checkatrade||staircase joinery,V2
Checkatrade,staircase refurbishment,London,https://www.checkatrade.com/sitemap/locations/London/S,london_trade_sitemap,2026-09-05,London A-Z trade/service sitemap.,checkatrade,staircase refurbishment,checkatrade||staircase refurbishment,V2
Checkatrade,staircase repair,London,https://www.checkatrade.com/sitemap/locations/London/S,london_trade_sitemap,2026-09-05,London A-Z trade/service sitemap.,checkatrade,staircase repair,checkatrade||staircase repair,V2
Checkatrade,Staircases,London,https://www.checkatrade.com/sitemap/locations/London/S,london_trade_sitemap,2026-09-05,London A-Z trade/service sitemap.,checkatrade,staircases,checkatrade||staircases,V2
Checkatrade,Stairlift Installation,London,https://www.checkatrade.com/sitemap/locations/London/S,london_trade_sitemap,2026-09-05,London A-Z trade/service sitemap.,checkatrade,stairlift installation,checkatrade||stairlift installation,V2
Checkatrade,Stairlift Repair,London,https://www.checkatrade.com/sitemap/locations/London/S,london_trade_sitemap,2026-09-05,London A-Z trade/service sitemap.,checkatrade,stairlift repair,checkatrade||stairlift repair,V2
Checkatrade,stairs made to measure,London,https://www.checkatrade.com/sitemap/locations/London/S,london_trade_sitemap,2026-09-05,London A-Z trade/service sitemap.,checkatrade,stairs made to measure,checkatrade||stairs made to measure,V2
Checkatrade,Steam Cleaning,London,https://www.checkatrade.com/sitemap/locations/London/S,london_trade_sitemap,2026-09-05,London A-Z trade/service sitemap.,checkatrade,steam cleaning,checkatrade||steam cleaning,V2
Checkatrade,Steel Bending Services,London,https://www.checkatrade.com/sitemap/locations/London/S,london_trade_sitemap,2026-09-05,London A-Z trade/service sitemap.,checkatrade,steel bending services,checkatrade||steel bending services,V2
Checkatrade,Steel Fabrication,London,https://www.checkatrade.com/sitemap/locations/London/S,london_trade_sitemap,2026-09-05,London A-Z trade/service sitemap.,checkatrade,steel fabrication,checkatrade||steel fabrication,V2
Checkatrade,Steel Fabricators,London,https://www.checkatrade.com/sitemap/locations/London/S,london_trade_sitemap,2026-09-05,London A-Z trade/service sitemap.,checkatrade,steel fabricators,checkatrade||steel fabricators,V2
Checkatrade,Steel Work Design,London,https://www.checkatrade.com/sitemap/locations/London/S,london_trade_sitemap,2026-09-05,London A-Z trade/service sitemap.,checkatrade,steel work design,checkatrade||steel work design,V2
Checkatrade,Stone Carving,London,https://www.checkatrade.com/sitemap/locations/London/S,london_trade_sitemap,2026-09-05,London A-Z trade/service sitemap.,checkatrade,stone carving,checkatrade||stone carving,V2
Checkatrade,Stone Floor Cleaning,London,https://www.checkatrade.com/sitemap/locations/London/S,london_trade_sitemap,2026-09-05,London A-Z trade/service sitemap.,checkatrade,stone floor cleaning,checkatrade||stone floor cleaning,V2
Checkatrade,Stone Floor Restoration,London,https://www.checkatrade.com/sitemap/locations/London/S,london_trade_sitemap,2026-09-05,London A-Z trade/service sitemap.,checkatrade,stone floor restoration,checkatrade||stone floor restoration,V2
Checkatrade,Stone Flooring,London,https://www.checkatrade.com/sitemap/locations/London/S,london_trade_sitemap,2026-09-05,London A-Z trade/service sitemap.,checkatrade,stone flooring,checkatrade||stone flooring,V2
Checkatrade,Stone Repairs,London,https://www.checkatrade.com/sitemap/locations/London/S,london_trade_sitemap,2026-09-05,London A-Z trade/service sitemap.,checkatrade,stone repairs,checkatrade||stone repairs,V2
Checkatrade,Stonemason,London,https://www.checkatrade.com/sitemap/locations/London/S,london_trade_sitemap,2026-09-05,London A-Z trade/service sitemap.,checkatrade,stonemason,checkatrade||stonemason,V2
Checkatrade,Storage,London,https://www.checkatrade.com/sitemap/locations/London/S,london_trade_sitemap,2026-09-05,London A-Z trade/service sitemap.,checkatrade,storage,checkatrade||storage,V2
Checkatrade,Storage Heating,London,https://www.checkatrade.com/sitemap/locations/London/S,london_trade_sitemap,2026-09-05,London A-Z trade/service sitemap.,checkatrade,storage heating,checkatrade||storage heating,V2
Checkatrade,stove pipe installers,London,https://www.checkatrade.com/sitemap/locations/London/S,london_trade_sitemap,2026-09-05,London A-Z trade/service sitemap.,checkatrade,stove pipe installers,checkatrade||stove pipe installers,V2
Checkatrade,Stoves / Fireplace Showroom,London,https://www.checkatrade.com/sitemap/locations/London/S,london_trade_sitemap,2026-09-05,London A-Z trade/service sitemap.,checkatrade,stoves fireplace showroom,checkatrade||stoves fireplace showroom,V2
Checkatrade,Stoves Installer,London,https://www.checkatrade.com/sitemap/locations/London/S,london_trade_sitemap,2026-09-05,London A-Z trade/service sitemap.,checkatrade,stoves installer,checkatrade||stoves installer,V2
Checkatrade,Stretched Ceilings,London,https://www.checkatrade.com/sitemap/locations/London/S,london_trade_sitemap,2026-09-05,London A-Z trade/service sitemap.,checkatrade,stretched ceilings,checkatrade||stretched ceilings,V2
Checkatrade,Structural Design,London,https://www.checkatrade.com/sitemap/locations/London/S,london_trade_sitemap,2026-09-05,London A-Z trade/service sitemap.,checkatrade,structural design,checkatrade||structural design,V2
Checkatrade,Structural Designer,London,https://www.checkatrade.com/sitemap/locations/London/S,london_trade_sitemap,2026-09-05,London A-Z trade/service sitemap.,checkatrade,structural designer,checkatrade||structural designer,V2
Checkatrade,Structural Engineer,London,https://www.checkatrade.com/sitemap/locations/London/S,london_trade_sitemap,2026-09-05,London A-Z trade/service sitemap.,checkatrade,structural engineer,checkatrade||structural engineer,V2
Checkatrade,Structural Engineer - Structural Calculations,London,https://www.checkatrade.com/sitemap/locations/London/S,london_trade_sitemap,2026-09-05,London A-Z trade/service sitemap.,checkatrade,structural engineer - structural calculations,checkatrade||structural engineer - structural calculations,V2
Checkatrade,Structural Engineering Services,London,https://www.checkatrade.com/sitemap/locations/London/S,london_trade_sitemap,2026-09-05,London A-Z trade/service sitemap.,checkatrade,structural engineering services,checkatrade||structural engineering services,V2
Checkatrade,Structural Steels,London,https://www.checkatrade.com/sitemap/locations/London/S,london_trade_sitemap,2026-09-05,London A-Z trade/service sitemap.,checkatrade,structural steels,checkatrade||structural steels,V2
Checkatrade,Structural Water Proofing,London,https://www.checkatrade.com/sitemap/locations/London/S,london_trade_sitemap,2026-09-05,London A-Z trade/service sitemap.,checkatrade,structural water proofing,checkatrade||structural water proofing,V2
Checkatrade,stud partition,London,https://www.checkatrade.com/sitemap/locations/London/S,london_trade_sitemap,2026-09-05,London A-Z trade/service sitemap.,checkatrade,stud partition,checkatrade||stud partition,V2
Checkatrade,stud wall,London,https://www.checkatrade.com/sitemap/locations/London/S,london_trade_sitemap,2026-09-05,London A-Z trade/service sitemap.,checkatrade,stud wall,checkatrade||stud wall,V2
Checkatrade,Stump Grinding,London,https://www.checkatrade.com/sitemap/locations/London/S,london_trade_sitemap,2026-09-05,London A-Z trade/service sitemap.,checkatrade,stump grinding,checkatrade||stump grinding,V2
Checkatrade,subsidence builder,London,https://www.checkatrade.com/sitemap/locations/London/S,london_trade_sitemap,2026-09-05,London A-Z trade/service sitemap.,checkatrade,subsidence builder,checkatrade||subsidence builder,V2
Checkatrade,subsidence repair,London,https://www.checkatrade.com/sitemap/locations/London/S,london_trade_sitemap,2026-09-05,London A-Z trade/service sitemap.,checkatrade,subsidence repair,checkatrade||subsidence repair,V2
Checkatrade,subsidence specialist,London,https://www.checkatrade.com/sitemap/locations/London/S,london_trade_sitemap,2026-09-05,London A-Z trade/service sitemap.,checkatrade,subsidence specialist,checkatrade||subsidence specialist,V2
Checkatrade,subsidence surveys,London,https://www.checkatrade.com/sitemap/locations/London/S,london_trade_sitemap,2026-09-05,London A-Z trade/service sitemap.,checkatrade,subsidence surveys,checkatrade||subsidence surveys,V2
Checkatrade,summer house,London,https://www.checkatrade.com/sitemap/locations/London/S,london_trade_sitemap,2026-09-05,London A-Z trade/service sitemap.,checkatrade,summer house,checkatrade||summer house,V2
Checkatrade,Summer House Design / Construction,London,https://www.checkatrade.com/sitemap/locations/London/S,london_trade_sitemap,2026-09-05,London A-Z trade/service sitemap.,checkatrade,summer house design construction,checkatrade||summer house design construction,V2
Checkatrade,Summerhouse Builders,London,https://www.checkatrade.com/sitemap/locations/London/S,london_trade_sitemap,2026-09-05,London A-Z trade/service sitemap.,checkatrade,summerhouse builders,checkatrade||summerhouse builders,V2
Checkatrade,Summerhouse Installers,London,https://www.checkatrade.com/sitemap/locations/London/S,london_trade_sitemap,2026-09-05,London A-Z trade/service sitemap.,checkatrade,summerhouse installers,checkatrade||summerhouse installers,V2
Checkatrade,Summerhouse Repairs,London,https://www.checkatrade.com/sitemap/locations/London/S,london_trade_sitemap,2026-09-05,London A-Z trade/service sitemap.,checkatrade,summerhouse repairs,checkatrade||summerhouse repairs,V2
Checkatrade,Summerhouse Suppliers,London,https://www.checkatrade.com/sitemap/locations/London/S,london_trade_sitemap,2026-09-05,London A-Z trade/service sitemap.,checkatrade,summerhouse suppliers,checkatrade||summerhouse suppliers,V2
Checkatrade,Surface Repair,London,https://www.checkatrade.com/sitemap/locations/London/S,london_trade_sitemap,2026-09-05,London A-Z trade/service sitemap.,checkatrade,surface repair,checkatrade||surface repair,V2
Checkatrade,Surveying,London,https://www.checkatrade.com/sitemap/locations/London/S,london_trade_sitemap,2026-09-05,London A-Z trade/service sitemap.,checkatrade,surveying,checkatrade||surveying,V2
Checkatrade,Suspended Ceiling Contractors,London,https://www.checkatrade.com/sitemap/locations/London/S,london_trade_sitemap,2026-09-05,London A-Z trade/service sitemap.,checkatrade,suspended ceiling contractors,checkatrade||suspended ceiling contractors,V2
Checkatrade,Suspended Ceiling Installers,London,https://www.checkatrade.com/sitemap/locations/London/S,london_trade_sitemap,2026-09-05,London A-Z trade/service sitemap.,checkatrade,suspended ceiling installers,checkatrade||suspended ceiling installers,V2
Checkatrade,Suspended Ceiling Suppliers,London,https://www.checkatrade.com/sitemap/locations/London/S,london_trade_sitemap,2026-09-05,London A-Z trade/service sitemap.,checkatrade,suspended ceiling suppliers,checkatrade||suspended ceiling suppliers,V2
Checkatrade,Suspended Ceilings,London,https://www.checkatrade.com/sitemap/locations/London/S,london_trade_sitemap,2026-09-05,London A-Z trade/service sitemap.,checkatrade,suspended ceilings,checkatrade||suspended ceilings,V2
Checkatrade,Suspended Floor Insulation,London,https://www.checkatrade.com/sitemap/locations/London/S,london_trade_sitemap,2026-09-05,London A-Z trade/service sitemap.,checkatrade,suspended floor insulation,checkatrade||suspended floor insulation,V2
Checkatrade,Sustainable Builders,London,https://www.checkatrade.com/sitemap/locations/London/S,london_trade_sitemap,2026-09-05,London A-Z trade/service sitemap.,checkatrade,sustainable builders,checkatrade||sustainable builders,V2
Checkatrade,Sustainable Construction,London,https://www.checkatrade.com/sitemap/locations/London/S,london_trade_sitemap,2026-09-05,London A-Z trade/service sitemap.,checkatrade,sustainable construction,checkatrade||sustainable construction,V2
Checkatrade,Swimming Pool Construction,London,https://www.checkatrade.com/sitemap/locations/London/S,london_trade_sitemap,2026-09-05,London A-Z trade/service sitemap.,checkatrade,swimming pool construction,checkatrade||swimming pool construction,V2
Checkatrade,Swimming Pool Maintenance,London,https://www.checkatrade.com/sitemap/locations/London/S,london_trade_sitemap,2026-09-05,London A-Z trade/service sitemap.,checkatrade,swimming pool maintenance,checkatrade||swimming pool maintenance,V2
Checkatrade,Swimming Pools,London,https://www.checkatrade.com/sitemap/locations/London/S,london_trade_sitemap,2026-09-05,London A-Z trade/service sitemap.,checkatrade,swimming pools,checkatrade||swimming pools,V2
Checkatrade,table restoration,London,https://www.checkatrade.com/sitemap/locations/London/T,london_trade_sitemap,2026-09-05,London A-Z trade/service sitemap.,checkatrade,table restoration,checkatrade||table restoration,V2
Checkatrade,Tado Installers,London,https://www.checkatrade.com/sitemap/locations/London/T,london_trade_sitemap,2026-09-05,London A-Z trade/service sitemap.,checkatrade,tado installers,checkatrade||tado installers,V2
Checkatrade,tap drip,London,https://www.checkatrade.com/sitemap/locations/London/T,london_trade_sitemap,2026-09-05,London A-Z trade/service sitemap.,checkatrade,tap drip,checkatrade||tap drip,V2
Checkatrade,Tap Repair,London,https://www.checkatrade.com/sitemap/locations/London/T,london_trade_sitemap,2026-09-05,London A-Z trade/service sitemap.,checkatrade,tap repair,checkatrade||tap repair,V2
Checkatrade,Tape & Jointing,London,https://www.checkatrade.com/sitemap/locations/London/T,london_trade_sitemap,2026-09-05,London A-Z trade/service sitemap.,checkatrade,tape and jointing,checkatrade||tape and jointing,V2
Checkatrade,Tarmac Driveways,London,https://www.checkatrade.com/sitemap/locations/London/T,london_trade_sitemap,2026-09-05,London A-Z trade/service sitemap.,checkatrade,tarmac driveways,checkatrade||tarmac driveways,V2
Checkatrade,Taxi Services,London,https://www.checkatrade.com/sitemap/locations/London/T,london_trade_sitemap,2026-09-05,London A-Z trade/service sitemap.,checkatrade,taxi services,checkatrade||taxi services,V2
Checkatrade,Technical Drawing,London,https://www.checkatrade.com/sitemap/locations/London/T,london_trade_sitemap,2026-09-05,London A-Z trade/service sitemap.,checkatrade,technical drawing,checkatrade||technical drawing,V2
Checkatrade,Telecommunications,London,https://www.checkatrade.com/sitemap/locations/London/T,london_trade_sitemap,2026-09-05,London A-Z trade/service sitemap.,checkatrade,telecommunications,checkatrade||telecommunications,V2
Checkatrade,Telephone Engineer,London,https://www.checkatrade.com/sitemap/locations/London/T,london_trade_sitemap,2026-09-05,London A-Z trade/service sitemap.,checkatrade,telephone engineer,checkatrade||telephone engineer,V2
Checkatrade,Telephone Faults,London,https://www.checkatrade.com/sitemap/locations/London/T,london_trade_sitemap,2026-09-05,London A-Z trade/service sitemap.,checkatrade,telephone faults,checkatrade||telephone faults,V2
Checkatrade,Telephone Points,London,https://www.checkatrade.com/sitemap/locations/London/T,london_trade_sitemap,2026-09-05,London A-Z trade/service sitemap.,checkatrade,telephone points,checkatrade||telephone points,V2
Checkatrade,Telephone System Equipment,London,https://www.checkatrade.com/sitemap/locations/London/T,london_trade_sitemap,2026-09-05,London A-Z trade/service sitemap.,checkatrade,telephone system equipment,checkatrade||telephone system equipment,V2
Checkatrade,Television Points,London,https://www.checkatrade.com/sitemap/locations/London/T,london_trade_sitemap,2026-09-05,London A-Z trade/service sitemap.,checkatrade,television points,checkatrade||television points,V2
Checkatrade,thatch roof repairs,London,https://www.checkatrade.com/sitemap/locations/London/T,london_trade_sitemap,2026-09-05,London A-Z trade/service sitemap.,checkatrade,thatch roof repairs,checkatrade||thatch roof repairs,V2
Checkatrade,Thatched Roof Installation,London,https://www.checkatrade.com/sitemap/locations/London/T,london_trade_sitemap,2026-09-05,London A-Z trade/service sitemap.,checkatrade,thatched roof installation,checkatrade||thatched roof installation,V2
Checkatrade,Thatched Roof Repair,London,https://www.checkatrade.com/sitemap/locations/London/T,london_trade_sitemap,2026-09-05,London A-Z trade/service sitemap.,checkatrade,thatched roof repair,checkatrade||thatched roof repair,V2
Checkatrade,Thermal Dynamics,London,https://www.checkatrade.com/sitemap/locations/London/T,london_trade_sitemap,2026-09-05,London A-Z trade/service sitemap.,checkatrade,thermal dynamics,checkatrade||thermal dynamics,V2
Checkatrade,Thermodynamic Panels,London,https://www.checkatrade.com/sitemap/locations/London/T,london_trade_sitemap,2026-09-05,London A-Z trade/service sitemap.,checkatrade,thermodynamic panels,checkatrade||thermodynamic panels,V2
Checkatrade,Tile & Ceramic Repair,London,https://www.checkatrade.com/sitemap/locations/London/T,london_trade_sitemap,2026-09-05,London A-Z trade/service sitemap.,checkatrade,tile and ceramic repair,checkatrade||tile and ceramic repair,V2
Checkatrade,Tile and Grout Cleaning,London,https://www.checkatrade.com/sitemap/locations/London/T,london_trade_sitemap,2026-09-05,London A-Z trade/service sitemap.,checkatrade,tile and grout cleaning,checkatrade||tile and grout cleaning,V2
Checkatrade,Tile Repair,London,https://www.checkatrade.com/sitemap/locations/London/T,london_trade_sitemap,2026-09-05,London A-Z trade/service sitemap.,checkatrade,tile repair,checkatrade||tile repair,V2
Checkatrade,tile roof repair,London,https://www.checkatrade.com/sitemap/locations/London/T,london_trade_sitemap,2026-09-05,London A-Z trade/service sitemap.,checkatrade,tile roof repair,checkatrade||tile roof repair,V2
Checkatrade,Tile Supplier,London,https://www.checkatrade.com/sitemap/locations/London/T,london_trade_sitemap,2026-09-05,London A-Z trade/service sitemap.,checkatrade,tile supplier,checkatrade||tile supplier,V2
Checkatrade,Tiled Conservatory Roof Installation,London,https://www.checkatrade.com/sitemap/locations/London/T,london_trade_sitemap,2026-09-05,London A-Z trade/service sitemap.,checkatrade,tiled conservatory roof installation,checkatrade||tiled conservatory roof installation,V2
Checkatrade,Tiled Conservatory Roof Repair,London,https://www.checkatrade.com/sitemap/locations/London/T,london_trade_sitemap,2026-09-05,London A-Z trade/service sitemap.,checkatrade,tiled conservatory roof repair,checkatrade||tiled conservatory roof repair,V2
Checkatrade,Tiled Floor Cleaning,London,https://www.checkatrade.com/sitemap/locations/London/T,london_trade_sitemap,2026-09-05,London A-Z trade/service sitemap.,checkatrade,tiled floor cleaning,checkatrade||tiled floor cleaning,V2
Checkatrade,Tiler - Tiling,London,https://www.checkatrade.com/sitemap/locations/London/T,london_trade_sitemap,2026-09-05,London A-Z trade/service sitemap.,checkatrade,tiler - tiling,checkatrade||tiler - tiling,V2
Checkatrade,Timber / Wooden Doors Installation,London,https://www.checkatrade.com/sitemap/locations/London/T,london_trade_sitemap,2026-09-05,London A-Z trade/service sitemap.,checkatrade,timber wooden doors installation,checkatrade||timber wooden doors installation,V2
Checkatrade,Timber / Wooden Doors Repair,London,https://www.checkatrade.com/sitemap/locations/London/T,london_trade_sitemap,2026-09-05,London A-Z trade/service sitemap.,checkatrade,timber wooden doors repair,checkatrade||timber wooden doors repair,V2
Checkatrade,Timber / Wooden Windows Installation,London,https://www.checkatrade.com/sitemap/locations/London/T,london_trade_sitemap,2026-09-05,London A-Z trade/service sitemap.,checkatrade,timber wooden windows installation,checkatrade||timber wooden windows installation,V2
Checkatrade,Timber / Wooden Windows Repair,London,https://www.checkatrade.com/sitemap/locations/London/T,london_trade_sitemap,2026-09-05,London A-Z trade/service sitemap.,checkatrade,timber wooden windows repair,checkatrade||timber wooden windows repair,V2
Checkatrade,Timber Merchants,London,https://www.checkatrade.com/sitemap/locations/London/T,london_trade_sitemap,2026-09-05,London A-Z trade/service sitemap.,checkatrade,timber merchants,checkatrade||timber merchants,V2
Checkatrade,Timber Resin Repairs,London,https://www.checkatrade.com/sitemap/locations/London/T,london_trade_sitemap,2026-09-05,London A-Z trade/service sitemap.,checkatrade,timber resin repairs,checkatrade||timber resin repairs,V2
Checkatrade,Timber Restoration,London,https://www.checkatrade.com/sitemap/locations/London/T,london_trade_sitemap,2026-09-05,London A-Z trade/service sitemap.,checkatrade,timber restoration,checkatrade||timber restoration,V2
Checkatrade,Timber Treatment,London,https://www.checkatrade.com/sitemap/locations/London/T,london_trade_sitemap,2026-09-05,London A-Z trade/service sitemap.,checkatrade,timber treatment,checkatrade||timber treatment,V2
Checkatrade,tin roof installers,London,https://www.checkatrade.com/sitemap/locations/London/T,london_trade_sitemap,2026-09-05,London A-Z trade/service sitemap.,checkatrade,tin roof installers,checkatrade||tin roof installers,V2
Checkatrade,Toilet / Portable Toilet,London,https://www.checkatrade.com/sitemap/locations/London/T,london_trade_sitemap,2026-09-05,London A-Z trade/service sitemap.,checkatrade,toilet portable toilet,checkatrade||toilet portable toilet,V2
Checkatrade,toilet fitting,London,https://www.checkatrade.com/sitemap/locations/London/T,london_trade_sitemap,2026-09-05,London A-Z trade/service sitemap.,checkatrade,toilet fitting,checkatrade||toilet fitting,V2
Checkatrade,toilet flush repair,London,https://www.checkatrade.com/sitemap/locations/London/T,london_trade_sitemap,2026-09-05,London A-Z trade/service sitemap.,checkatrade,toilet flush repair,checkatrade||toilet flush repair,V2
Checkatrade,toilet installation,London,https://www.checkatrade.com/sitemap/locations/London/T,london_trade_sitemap,2026-09-05,London A-Z trade/service sitemap.,checkatrade,toilet installation,checkatrade||toilet installation,V2
Checkatrade,toilet plumber,London,https://www.checkatrade.com/sitemap/locations/London/T,london_trade_sitemap,2026-09-05,London A-Z trade/service sitemap.,checkatrade,toilet plumber,checkatrade||toilet plumber,V2
Checkatrade,toilet repair,London,https://www.checkatrade.com/sitemap/locations/London/T,london_trade_sitemap,2026-09-05,London A-Z trade/service sitemap.,checkatrade,toilet repair,checkatrade||toilet repair,V2
Checkatrade,Toilet seat installation,London,https://www.checkatrade.com/sitemap/locations/London/T,london_trade_sitemap,2026-09-05,London A-Z trade/service sitemap.,checkatrade,toilet seat installation,checkatrade||toilet seat installation,V2
Checkatrade,Tool Hire,London,https://www.checkatrade.com/sitemap/locations/London/T,london_trade_sitemap,2026-09-05,London A-Z trade/service sitemap.,checkatrade,tool hire,checkatrade||tool hire,V2
Checkatrade,Towing / Transportation,London,https://www.checkatrade.com/sitemap/locations/London/T,london_trade_sitemap,2026-09-05,London A-Z trade/service sitemap.,checkatrade,towing transportation,checkatrade||towing transportation,V2
Checkatrade,Towing Services,London,https://www.checkatrade.com/sitemap/locations/London/T,london_trade_sitemap,2026-09-05,London A-Z trade/service sitemap.,checkatrade,towing services,checkatrade||towing services,V2
Checkatrade,Trade Supplier,London,https://www.checkatrade.com/sitemap/locations/London/T,london_trade_sitemap,2026-09-05,London A-Z trade/service sitemap.,checkatrade,trade supplier,checkatrade||trade supplier,V2
Checkatrade,Trailer Towing Training,London,https://www.checkatrade.com/sitemap/locations/London/T,london_trade_sitemap,2026-09-05,London A-Z trade/service sitemap.,checkatrade,trailer towing training,checkatrade||trailer towing training,V2
Checkatrade,Transport Services,London,https://www.checkatrade.com/sitemap/locations/London/T,london_trade_sitemap,2026-09-05,London A-Z trade/service sitemap.,checkatrade,transport services,checkatrade||transport services,V2
Checkatrade,Transportation of Heavy Vehicles,London,https://www.checkatrade.com/sitemap/locations/London/T,london_trade_sitemap,2026-09-05,London A-Z trade/service sitemap.,checkatrade,transportation of heavy vehicles,checkatrade||transportation of heavy vehicles,V2
Checkatrade,Transportation of Light Vehicles,London,https://www.checkatrade.com/sitemap/locations/London/T,london_trade_sitemap,2026-09-05,London A-Z trade/service sitemap.,checkatrade,transportation of light vehicles,checkatrade||transportation of light vehicles,V2
Checkatrade,Tree Felling,London,https://www.checkatrade.com/sitemap/locations/London/T,london_trade_sitemap,2026-09-05,London A-Z trade/service sitemap.,checkatrade,tree felling,checkatrade||tree felling,V2
Checkatrade,Tree House Builder,London,https://www.checkatrade.com/sitemap/locations/London/T,london_trade_sitemap,2026-09-05,London A-Z trade/service sitemap.,checkatrade,tree house builder,checkatrade||tree house builder,V2
Checkatrade,Tree Houses,London,https://www.checkatrade.com/sitemap/locations/London/T,london_trade_sitemap,2026-09-05,London A-Z trade/service sitemap.,checkatrade,tree houses,checkatrade||tree houses,V2
Checkatrade,Tree Planting,London,https://www.checkatrade.com/sitemap/locations/London/T,london_trade_sitemap,2026-09-05,London A-Z trade/service sitemap.,checkatrade,tree planting,checkatrade||tree planting,V2
Checkatrade,Tree Pruning,London,https://www.checkatrade.com/sitemap/locations/London/T,london_trade_sitemap,2026-09-05,London A-Z trade/service sitemap.,checkatrade,tree pruning,checkatrade||tree pruning,V2
Checkatrade,Tree Surgeon,London,https://www.checkatrade.com/sitemap/locations/London/T,london_trade_sitemap,2026-09-05,London A-Z trade/service sitemap.,checkatrade,tree surgeon,checkatrade||tree surgeon,V2
Checkatrade,Trellis,London,https://www.checkatrade.com/sitemap/locations/London/T,london_trade_sitemap,2026-09-05,London A-Z trade/service sitemap.,checkatrade,trellis,checkatrade||trellis,V2
Checkatrade,Triple Glazing Installation,London,https://www.checkatrade.com/sitemap/locations/London/T,london_trade_sitemap,2026-09-05,London A-Z trade/service sitemap.,checkatrade,triple glazing installation,checkatrade||triple glazing installation,V2
Checkatrade,Triple Glazing Repair,London,https://www.checkatrade.com/sitemap/locations/London/T,london_trade_sitemap,2026-09-05,London A-Z trade/service sitemap.,checkatrade,triple glazing repair,checkatrade||triple glazing repair,V2
Checkatrade,Truss Roofing,London,https://www.checkatrade.com/sitemap/locations/London/T,london_trade_sitemap,2026-09-05,London A-Z trade/service sitemap.,checkatrade,truss roofing,checkatrade||truss roofing,V2
Checkatrade,trv,London,https://www.checkatrade.com/sitemap/locations/London/T,london_trade_sitemap,2026-09-05,London A-Z trade/service sitemap.,checkatrade,trv,checkatrade||trv,V2
Checkatrade,Tumble Dryer Repair,London,https://www.checkatrade.com/sitemap/locations/London/T,london_trade_sitemap,2026-09-05,London A-Z trade/service sitemap.,checkatrade,tumble dryer repair,checkatrade||tumble dryer repair,V2
Checkatrade,Turfing,London,https://www.checkatrade.com/sitemap/locations/London/T,london_trade_sitemap,2026-09-05,London A-Z trade/service sitemap.,checkatrade,turfing,checkatrade||turfing,V2
Checkatrade,TV Aerial / Satellite Installation,London,https://www.checkatrade.com/sitemap/locations/London/T,london_trade_sitemap,2026-09-05,London A-Z trade/service sitemap.,checkatrade,tv aerial satellite installation,checkatrade||tv aerial satellite installation,V2
Checkatrade,TV Aerials / Satellite Services,London,https://www.checkatrade.com/sitemap/locations/London/T,london_trade_sitemap,2026-09-05,London A-Z trade/service sitemap.,checkatrade,tv aerials satellite services,checkatrade||tv aerials satellite services,V2
Checkatrade,tv cabinet makers,London,https://www.checkatrade.com/sitemap/locations/London/T,london_trade_sitemap,2026-09-05,London A-Z trade/service sitemap.,checkatrade,tv cabinet makers,checkatrade||tv cabinet makers,V2
Checkatrade,TV Repair,London,https://www.checkatrade.com/sitemap/locations/London/T,london_trade_sitemap,2026-09-05,London A-Z trade/service sitemap.,checkatrade,tv repair,checkatrade||tv repair,V2
Checkatrade,TV Wall Mounting,London,https://www.checkatrade.com/sitemap/locations/London/T,london_trade_sitemap,2026-09-05,London A-Z trade/service sitemap.,checkatrade,tv wall mounting,checkatrade||tv wall mounting,V2
Checkatrade,Tyre Fitting,London,https://www.checkatrade.com/sitemap/locations/London/T,london_trade_sitemap,2026-09-05,London A-Z trade/service sitemap.,checkatrade,tyre fitting,checkatrade||tyre fitting,V2
Checkatrade,ufh installation,London,https://www.checkatrade.com/sitemap/locations/London/U,london_trade_sitemap,2026-09-05,London A-Z trade/service sitemap.,checkatrade,ufh installation,checkatrade||ufh installation,V2
Checkatrade,ufh repair,London,https://www.checkatrade.com/sitemap/locations/London/U,london_trade_sitemap,2026-09-05,London A-Z trade/service sitemap.,checkatrade,ufh repair,checkatrade||ufh repair,V2
Checkatrade,Under Pinning,London,https://www.checkatrade.com/sitemap/locations/London/U,london_trade_sitemap,2026-09-05,London A-Z trade/service sitemap.,checkatrade,under pinning,checkatrade||under pinning,V2
Checkatrade,under stairs storage fitters,London,https://www.checkatrade.com/sitemap/locations/London/U,london_trade_sitemap,2026-09-05,London A-Z trade/service sitemap.,checkatrade,under stairs storage fitters,checkatrade||under stairs storage fitters,V2
Checkatrade,Underfloor Heating Installation,London,https://www.checkatrade.com/sitemap/locations/London/U,london_trade_sitemap,2026-09-05,London A-Z trade/service sitemap.,checkatrade,underfloor heating installation,checkatrade||underfloor heating installation,V2
Checkatrade,underfloor heating installers,London,https://www.checkatrade.com/sitemap/locations/London/U,london_trade_sitemap,2026-09-05,London A-Z trade/service sitemap.,checkatrade,underfloor heating installers,checkatrade||underfloor heating installers,V2
Checkatrade,underfloor heating maintenance,London,https://www.checkatrade.com/sitemap/locations/London/U,london_trade_sitemap,2026-09-05,London A-Z trade/service sitemap.,checkatrade,underfloor heating maintenance,checkatrade||underfloor heating maintenance,V2
Checkatrade,underfloor heating plumber,London,https://www.checkatrade.com/sitemap/locations/London/U,london_trade_sitemap,2026-09-05,London A-Z trade/service sitemap.,checkatrade,underfloor heating plumber,checkatrade||underfloor heating plumber,V2
Checkatrade,Underfloor Heating Repair,London,https://www.checkatrade.com/sitemap/locations/London/U,london_trade_sitemap,2026-09-05,London A-Z trade/service sitemap.,checkatrade,underfloor heating repair,checkatrade||underfloor heating repair,V2
Checkatrade,underfloor heating servicing,London,https://www.checkatrade.com/sitemap/locations/London/U,london_trade_sitemap,2026-09-05,London A-Z trade/service sitemap.,checkatrade,underfloor heating servicing,checkatrade||underfloor heating servicing,V2
Checkatrade,underfloor heating specialist,London,https://www.checkatrade.com/sitemap/locations/London/U,london_trade_sitemap,2026-09-05,London A-Z trade/service sitemap.,checkatrade,underfloor heating specialist,checkatrade||underfloor heating specialist,V2
Checkatrade,underfloor heating suppliers,London,https://www.checkatrade.com/sitemap/locations/London/U,london_trade_sitemap,2026-09-05,London A-Z trade/service sitemap.,checkatrade,underfloor heating suppliers,checkatrade||underfloor heating suppliers,V2
Checkatrade,underground pipework,London,https://www.checkatrade.com/sitemap/locations/London/U,london_trade_sitemap,2026-09-05,London A-Z trade/service sitemap.,checkatrade,underground pipework,checkatrade||underground pipework,V2
Checkatrade,Unvented Hot Water Cylinder Installation,London,https://www.checkatrade.com/sitemap/locations/London/U,london_trade_sitemap,2026-09-05,London A-Z trade/service sitemap.,checkatrade,unvented hot water cylinder installation,checkatrade||unvented hot water cylinder installation,V2
Checkatrade,Unvented Hot Water Cylinder Servicing / Repair,London,https://www.checkatrade.com/sitemap/locations/London/U,london_trade_sitemap,2026-09-05,London A-Z trade/service sitemap.,checkatrade,unvented hot water cylinder servicing repair,checkatrade||unvented hot water cylinder servicing repair,V2
Checkatrade,Upholstery,London,https://www.checkatrade.com/sitemap/locations/London/U,london_trade_sitemap,2026-09-05,London A-Z trade/service sitemap.,checkatrade,upholstery,checkatrade||upholstery,V2
Checkatrade,Upholstery Cleaning,London,https://www.checkatrade.com/sitemap/locations/London/U,london_trade_sitemap,2026-09-05,London A-Z trade/service sitemap.,checkatrade,upholstery cleaning,checkatrade||upholstery cleaning,V2
Checkatrade,Upholstery Repair,London,https://www.checkatrade.com/sitemap/locations/London/U,london_trade_sitemap,2026-09-05,London A-Z trade/service sitemap.,checkatrade,upholstery repair,checkatrade||upholstery repair,V2
Checkatrade,Upvc Cladding Installers,London,https://www.checkatrade.com/sitemap/locations/London/U,london_trade_sitemap,2026-09-05,London A-Z trade/service sitemap.,checkatrade,upvc cladding installers,checkatrade||upvc cladding installers,V2
Checkatrade,UPVC Cleaning,London,https://www.checkatrade.com/sitemap/locations/London/U,london_trade_sitemap,2026-09-05,London A-Z trade/service sitemap.,checkatrade,upvc cleaning,checkatrade||upvc cleaning,V2
Checkatrade,upvc conservatory roof repairs,London,https://www.checkatrade.com/sitemap/locations/London/U,london_trade_sitemap,2026-09-05,London A-Z trade/service sitemap.,checkatrade,upvc conservatory roof repairs,checkatrade||upvc conservatory roof repairs,V2
Checkatrade,UPVC Doors Installation,London,https://www.checkatrade.com/sitemap/locations/London/U,london_trade_sitemap,2026-09-05,London A-Z trade/service sitemap.,checkatrade,upvc doors installation,checkatrade||upvc doors installation,V2
Checkatrade,UPVC Doors Repair,London,https://www.checkatrade.com/sitemap/locations/London/U,london_trade_sitemap,2026-09-05,London A-Z trade/service sitemap.,checkatrade,upvc doors repair,checkatrade||upvc doors repair,V2
Checkatrade,UPVC Guttering,London,https://www.checkatrade.com/sitemap/locations/London/U,london_trade_sitemap,2026-09-05,London A-Z trade/service sitemap.,checkatrade,upvc guttering,checkatrade||upvc guttering,V2
Checkatrade,upvc painters,London,https://www.checkatrade.com/sitemap/locations/London/U,london_trade_sitemap,2026-09-05,London A-Z trade/service sitemap.,checkatrade,upvc painters,checkatrade||upvc painters,V2
Checkatrade,UPVC Repairs,London,https://www.checkatrade.com/sitemap/locations/London/U,london_trade_sitemap,2026-09-05,London A-Z trade/service sitemap.,checkatrade,upvc repairs,checkatrade||upvc repairs,V2
Checkatrade,UPVC Spraying,London,https://www.checkatrade.com/sitemap/locations/London/U,london_trade_sitemap,2026-09-05,London A-Z trade/service sitemap.,checkatrade,upvc spraying,checkatrade||upvc spraying,V2
Checkatrade,UPVC Windows Installation,London,https://www.checkatrade.com/sitemap/locations/London/U,london_trade_sitemap,2026-09-05,London A-Z trade/service sitemap.,checkatrade,upvc windows installation,checkatrade||upvc windows installation,V2
Checkatrade,UPVC Windows Repair,London,https://www.checkatrade.com/sitemap/locations/London/U,london_trade_sitemap,2026-09-05,London A-Z trade/service sitemap.,checkatrade,upvc windows repair,checkatrade||upvc windows repair,V2
Checkatrade,Vacuum Service / Repair,London,https://www.checkatrade.com/sitemap/locations/London/V,london_trade_sitemap,2026-09-05,London A-Z trade/service sitemap.,checkatrade,vacuum service repair,checkatrade||vacuum service repair,V2
Checkatrade,Van / Car Hire,London,https://www.checkatrade.com/sitemap/locations/London/V,london_trade_sitemap,2026-09-05,London A-Z trade/service sitemap.,checkatrade,van car hire,checkatrade||van car hire,V2
Checkatrade,Van Conversions,London,https://www.checkatrade.com/sitemap/locations/London/V,london_trade_sitemap,2026-09-05,London A-Z trade/service sitemap.,checkatrade,van conversions,checkatrade||van conversions,V2
Checkatrade,Van Security Locks,London,https://www.checkatrade.com/sitemap/locations/London/V,london_trade_sitemap,2026-09-05,London A-Z trade/service sitemap.,checkatrade,van security locks,checkatrade||van security locks,V2
Checkatrade,Vehicle / Car Body Repair,London,https://www.checkatrade.com/sitemap/locations/London/V,london_trade_sitemap,2026-09-05,London A-Z trade/service sitemap.,checkatrade,vehicle car body repair,checkatrade||vehicle car body repair,V2
Checkatrade,Vehicle / Car Valeting,London,https://www.checkatrade.com/sitemap/locations/London/V,london_trade_sitemap,2026-09-05,London A-Z trade/service sitemap.,checkatrade,vehicle car valeting,checkatrade||vehicle car valeting,V2
Checkatrade,Vehicle Air Conditioning Servicing / Repair,London,https://www.checkatrade.com/sitemap/locations/London/V,london_trade_sitemap,2026-09-05,London A-Z trade/service sitemap.,checkatrade,vehicle air conditioning servicing repair,checkatrade||vehicle air conditioning servicing repair,V2
Checkatrade,Vehicle Paint Spraying,London,https://www.checkatrade.com/sitemap/locations/London/V,london_trade_sitemap,2026-09-05,London A-Z trade/service sitemap.,checkatrade,vehicle paint spraying,checkatrade||vehicle paint spraying,V2
Checkatrade,Vehicle Recovery,London,https://www.checkatrade.com/sitemap/locations/London/V,london_trade_sitemap,2026-09-05,London A-Z trade/service sitemap.,checkatrade,vehicle recovery,checkatrade||vehicle recovery,V2
Checkatrade,Vehicle Signwriting,London,https://www.checkatrade.com/sitemap/locations/London/V,london_trade_sitemap,2026-09-05,London A-Z trade/service sitemap.,checkatrade,vehicle signwriting,checkatrade||vehicle signwriting,V2
Checkatrade,Vehicle Window Tinting,London,https://www.checkatrade.com/sitemap/locations/London/V,london_trade_sitemap,2026-09-05,London A-Z trade/service sitemap.,checkatrade,vehicle window tinting,checkatrade||vehicle window tinting,V2
Checkatrade,Vehicle Wrapping,London,https://www.checkatrade.com/sitemap/locations/London/V,london_trade_sitemap,2026-09-05,London A-Z trade/service sitemap.,checkatrade,vehicle wrapping,checkatrade||vehicle wrapping,V2
Checkatrade,velux window installer,London,https://www.checkatrade.com/sitemap/locations/London/V,london_trade_sitemap,2026-09-05,London A-Z trade/service sitemap.,checkatrade,velux window installer,checkatrade||velux window installer,V2
Checkatrade,velux window repairs,London,https://www.checkatrade.com/sitemap/locations/London/V,london_trade_sitemap,2026-09-05,London A-Z trade/service sitemap.,checkatrade,velux window repairs,checkatrade||velux window repairs,V2
Checkatrade,Venetian Marble Plastering,London,https://www.checkatrade.com/sitemap/locations/London/V,london_trade_sitemap,2026-09-05,London A-Z trade/service sitemap.,checkatrade,venetian marble plastering,checkatrade||venetian marble plastering,V2
Checkatrade,venetian plastering,London,https://www.checkatrade.com/sitemap/locations/London/V,london_trade_sitemap,2026-09-05,London A-Z trade/service sitemap.,checkatrade,venetian plastering,checkatrade||venetian plastering,V2
Checkatrade,Victorian Tiles,London,https://www.checkatrade.com/sitemap/locations/London/V,london_trade_sitemap,2026-09-05,London A-Z trade/service sitemap.,checkatrade,victorian tiles,checkatrade||victorian tiles,V2
Checkatrade,Video / Audio Repair,London,https://www.checkatrade.com/sitemap/locations/London/V,london_trade_sitemap,2026-09-05,London A-Z trade/service sitemap.,checkatrade,video audio repair,checkatrade||video audio repair,V2
Checkatrade,Vinyl Floor Tiles,London,https://www.checkatrade.com/sitemap/locations/London/V,london_trade_sitemap,2026-09-05,London A-Z trade/service sitemap.,checkatrade,vinyl floor tiles,checkatrade||vinyl floor tiles,V2
Checkatrade,Vinyl Flooring,London,https://www.checkatrade.com/sitemap/locations/London/V,london_trade_sitemap,2026-09-05,London A-Z trade/service sitemap.,checkatrade,vinyl flooring,checkatrade||vinyl flooring,V2
Checkatrade,Vokera Boiler Service,London,https://www.checkatrade.com/sitemap/locations/London/V,london_trade_sitemap,2026-09-05,London A-Z trade/service sitemap.,checkatrade,vokera boiler service,checkatrade||vokera boiler service,V2
Checkatrade,VolP Telephony,London,https://www.checkatrade.com/sitemap/locations/London/V,london_trade_sitemap,2026-09-05,London A-Z trade/service sitemap.,checkatrade,volp telephony,checkatrade||volp telephony,V2
Checkatrade,Wall Coatings,London,https://www.checkatrade.com/sitemap/locations/London/W,london_trade_sitemap,2026-09-05,London A-Z trade/service sitemap.,checkatrade,wall coatings,checkatrade||wall coatings,V2
Checkatrade,wall crack,London,https://www.checkatrade.com/sitemap/locations/London/W,london_trade_sitemap,2026-09-05,London A-Z trade/service sitemap.,checkatrade,wall crack,checkatrade||wall crack,V2
Checkatrade,Wall Murals,London,https://www.checkatrade.com/sitemap/locations/London/W,london_trade_sitemap,2026-09-05,London A-Z trade/service sitemap.,checkatrade,wall murals,checkatrade||wall murals,V2
Checkatrade,Wall Tie Replacement,London,https://www.checkatrade.com/sitemap/locations/London/W,london_trade_sitemap,2026-09-05,London A-Z trade/service sitemap.,checkatrade,wall tie replacement,checkatrade||wall tie replacement,V2
Checkatrade,Wall Tie Replacements,London,https://www.checkatrade.com/sitemap/locations/London/W,london_trade_sitemap,2026-09-05,London A-Z trade/service sitemap.,checkatrade,wall tie replacements,checkatrade||wall tie replacements,V2
Checkatrade,Wall Tie Specialist,London,https://www.checkatrade.com/sitemap/locations/London/W,london_trade_sitemap,2026-09-05,London A-Z trade/service sitemap.,checkatrade,wall tie specialist,checkatrade||wall tie specialist,V2
Checkatrade,Wall Tie Survey,London,https://www.checkatrade.com/sitemap/locations/London/W,london_trade_sitemap,2026-09-05,London A-Z trade/service sitemap.,checkatrade,wall tie survey,checkatrade||wall tie survey,V2
Checkatrade,Wall Tiling,London,https://www.checkatrade.com/sitemap/locations/London/W,london_trade_sitemap,2026-09-05,London A-Z trade/service sitemap.,checkatrade,wall tiling,checkatrade||wall tiling,V2
Checkatrade,wallpaper install,London,https://www.checkatrade.com/sitemap/locations/London/W,london_trade_sitemap,2026-09-05,London A-Z trade/service sitemap.,checkatrade,wallpaper install,checkatrade||wallpaper install,V2
Checkatrade,Wallpapering,London,https://www.checkatrade.com/sitemap/locations/London/W,london_trade_sitemap,2026-09-05,London A-Z trade/service sitemap.,checkatrade,wallpapering,checkatrade||wallpapering,V2
Checkatrade,wardrobe doors made to measure,London,https://www.checkatrade.com/sitemap/locations/London/W,london_trade_sitemap,2026-09-05,London A-Z trade/service sitemap.,checkatrade,wardrobe doors made to measure,checkatrade||wardrobe doors made to measure,V2
Checkatrade,wardrobe repair,London,https://www.checkatrade.com/sitemap/locations/London/W,london_trade_sitemap,2026-09-05,London A-Z trade/service sitemap.,checkatrade,wardrobe repair,checkatrade||wardrobe repair,V2
Checkatrade,wardrobe repairs,London,https://www.checkatrade.com/sitemap/locations/London/W,london_trade_sitemap,2026-09-05,London A-Z trade/service sitemap.,checkatrade,wardrobe repairs,checkatrade||wardrobe repairs,V2
Checkatrade,Wardrobe Sliding Doors,London,https://www.checkatrade.com/sitemap/locations/London/W,london_trade_sitemap,2026-09-05,London A-Z trade/service sitemap.,checkatrade,wardrobe sliding doors,checkatrade||wardrobe sliding doors,V2
Checkatrade,Warehouse Clearance,London,https://www.checkatrade.com/sitemap/locations/London/W,london_trade_sitemap,2026-09-05,London A-Z trade/service sitemap.,checkatrade,warehouse clearance,checkatrade||warehouse clearance,V2
Checkatrade,Warehouse Racking,London,https://www.checkatrade.com/sitemap/locations/London/W,london_trade_sitemap,2026-09-05,London A-Z trade/service sitemap.,checkatrade,warehouse racking,checkatrade||warehouse racking,V2
Checkatrade,Warm Roof Construction,London,https://www.checkatrade.com/sitemap/locations/London/W,london_trade_sitemap,2026-09-05,London A-Z trade/service sitemap.,checkatrade,warm roof construction,checkatrade||warm roof construction,V2
Checkatrade,warm roof installers,London,https://www.checkatrade.com/sitemap/locations/London/W,london_trade_sitemap,2026-09-05,London A-Z trade/service sitemap.,checkatrade,warm roof installers,checkatrade||warm roof installers,V2
Checkatrade,washing machine plumbers,London,https://www.checkatrade.com/sitemap/locations/London/W,london_trade_sitemap,2026-09-05,London A-Z trade/service sitemap.,checkatrade,washing machine plumbers,checkatrade||washing machine plumbers,V2
Checkatrade,Wasp Nest Removal,London,https://www.checkatrade.com/sitemap/locations/London/W,london_trade_sitemap,2026-09-05,London A-Z trade/service sitemap.,checkatrade,wasp nest removal,checkatrade||wasp nest removal,V2
Checkatrade,Waste Clearance,London,https://www.checkatrade.com/sitemap/locations/London/W,london_trade_sitemap,2026-09-05,London A-Z trade/service sitemap.,checkatrade,waste clearance,checkatrade||waste clearance,V2
Checkatrade,Waste Water Treatment Plant Installations,London,https://www.checkatrade.com/sitemap/locations/London/W,london_trade_sitemap,2026-09-05,London A-Z trade/service sitemap.,checkatrade,waste water treatment plant installations,checkatrade||waste water treatment plant installations,V2
Checkatrade,Water Coolers Supply / Maintenance,London,https://www.checkatrade.com/sitemap/locations/London/W,london_trade_sitemap,2026-09-05,London A-Z trade/service sitemap.,checkatrade,water coolers supply maintenance,checkatrade||water coolers supply maintenance,V2
Checkatrade,water damage,London,https://www.checkatrade.com/sitemap/locations/London/W,london_trade_sitemap,2026-09-05,London A-Z trade/service sitemap.,checkatrade,water damage,checkatrade||water damage,V2
Checkatrade,Water Features,London,https://www.checkatrade.com/sitemap/locations/London/W,london_trade_sitemap,2026-09-05,London A-Z trade/service sitemap.,checkatrade,water features,checkatrade||water features,V2
Checkatrade,Water Filters,London,https://www.checkatrade.com/sitemap/locations/London/W,london_trade_sitemap,2026-09-05,London A-Z trade/service sitemap.,checkatrade,water filters,checkatrade||water filters,V2
Checkatrade,Water Gardens,London,https://www.checkatrade.com/sitemap/locations/London/W,london_trade_sitemap,2026-09-05,London A-Z trade/service sitemap.,checkatrade,water gardens,checkatrade||water gardens,V2
Checkatrade,Water Leak Detection,London,https://www.checkatrade.com/sitemap/locations/London/W,london_trade_sitemap,2026-09-05,London A-Z trade/service sitemap.,checkatrade,water leak detection,checkatrade||water leak detection,V2
Checkatrade,water leakage repair,London,https://www.checkatrade.com/sitemap/locations/London/W,london_trade_sitemap,2026-09-05,London A-Z trade/service sitemap.,checkatrade,water leakage repair,checkatrade||water leakage repair,V2
Checkatrade,water main replacement,London,https://www.checkatrade.com/sitemap/locations/London/W,london_trade_sitemap,2026-09-05,London A-Z trade/service sitemap.,checkatrade,water main replacement,checkatrade||water main replacement,V2
Checkatrade,"Water Mains Specialist (Pipe Replacement, Moling and Lead Pipes)",London,https://www.checkatrade.com/sitemap/locations/London/W,london_trade_sitemap,2026-09-05,London A-Z trade/service sitemap.,checkatrade,water mains specialist pipe replacement moling and lead pipes,checkatrade||water mains specialist pipe replacement moling and lead pipes,V2
Checkatrade,water meter,London,https://www.checkatrade.com/sitemap/locations/London/W,london_trade_sitemap,2026-09-05,London A-Z trade/service sitemap.,checkatrade,water meter,checkatrade||water meter,V2
Checkatrade,water pipe repair,London,https://www.checkatrade.com/sitemap/locations/London/W,london_trade_sitemap,2026-09-05,London A-Z trade/service sitemap.,checkatrade,water pipe repair,checkatrade||water pipe repair,V2
Checkatrade,water pipe replacement,London,https://www.checkatrade.com/sitemap/locations/London/W,london_trade_sitemap,2026-09-05,London A-Z trade/service sitemap.,checkatrade,water pipe replacement,checkatrade||water pipe replacement,V2
Checkatrade,water pressure,London,https://www.checkatrade.com/sitemap/locations/London/W,london_trade_sitemap,2026-09-05,London A-Z trade/service sitemap.,checkatrade,water pressure,checkatrade||water pressure,V2
Checkatrade,water pump servicing,London,https://www.checkatrade.com/sitemap/locations/London/W,london_trade_sitemap,2026-09-05,London A-Z trade/service sitemap.,checkatrade,water pump servicing,checkatrade||water pump servicing,V2
Checkatrade,water pump specialist,London,https://www.checkatrade.com/sitemap/locations/London/W,london_trade_sitemap,2026-09-05,London A-Z trade/service sitemap.,checkatrade,water pump specialist,checkatrade||water pump specialist,V2
Checkatrade,Water Pumps Installation,London,https://www.checkatrade.com/sitemap/locations/London/W,london_trade_sitemap,2026-09-05,London A-Z trade/service sitemap.,checkatrade,water pumps installation,checkatrade||water pumps installation,V2
Checkatrade,Water Pumps Repair,London,https://www.checkatrade.com/sitemap/locations/London/W,london_trade_sitemap,2026-09-05,London A-Z trade/service sitemap.,checkatrade,water pumps repair,checkatrade||water pumps repair,V2
Checkatrade,Water Softeners,London,https://www.checkatrade.com/sitemap/locations/London/W,london_trade_sitemap,2026-09-05,London A-Z trade/service sitemap.,checkatrade,water softeners,checkatrade||water softeners,V2
Checkatrade,Water Supply Pipe Repairs,London,https://www.checkatrade.com/sitemap/locations/London/W,london_trade_sitemap,2026-09-05,London A-Z trade/service sitemap.,checkatrade,water supply pipe repairs,checkatrade||water supply pipe repairs,V2
Checkatrade,water tank cleaning,London,https://www.checkatrade.com/sitemap/locations/London/W,london_trade_sitemap,2026-09-05,London A-Z trade/service sitemap.,checkatrade,water tank cleaning,checkatrade||water tank cleaning,V2
Checkatrade,water tank installation,London,https://www.checkatrade.com/sitemap/locations/London/W,london_trade_sitemap,2026-09-05,London A-Z trade/service sitemap.,checkatrade,water tank installation,checkatrade||water tank installation,V2
Checkatrade,Water tank repair,London,https://www.checkatrade.com/sitemap/locations/London/W,london_trade_sitemap,2026-09-05,London A-Z trade/service sitemap.,checkatrade,water tank repair,checkatrade||water tank repair,V2
Checkatrade,Waterproof Plasterer,London,https://www.checkatrade.com/sitemap/locations/London/W,london_trade_sitemap,2026-09-05,London A-Z trade/service sitemap.,checkatrade,waterproof plasterer,checkatrade||waterproof plasterer,V2
Checkatrade,Weather Coatings,London,https://www.checkatrade.com/sitemap/locations/London/W,london_trade_sitemap,2026-09-05,London A-Z trade/service sitemap.,checkatrade,weather coatings,checkatrade||weather coatings,V2
Checkatrade,Website Designers,London,https://www.checkatrade.com/sitemap/locations/London/W,london_trade_sitemap,2026-09-05,London A-Z trade/service sitemap.,checkatrade,website designers,checkatrade||website designers,V2
Checkatrade,Weed Control,London,https://www.checkatrade.com/sitemap/locations/London/W,london_trade_sitemap,2026-09-05,London A-Z trade/service sitemap.,checkatrade,weed control,checkatrade||weed control,V2
Checkatrade,Welding,London,https://www.checkatrade.com/sitemap/locations/London/W,london_trade_sitemap,2026-09-05,London A-Z trade/service sitemap.,checkatrade,welding,checkatrade||welding,V2
Checkatrade,Welding Fabrication,London,https://www.checkatrade.com/sitemap/locations/London/W,london_trade_sitemap,2026-09-05,London A-Z trade/service sitemap.,checkatrade,welding fabrication,checkatrade||welding fabrication,V2
Checkatrade,well pump repair,London,https://www.checkatrade.com/sitemap/locations/London/W,london_trade_sitemap,2026-09-05,London A-Z trade/service sitemap.,checkatrade,well pump repair,checkatrade||well pump repair,V2
Checkatrade,Wet Rooms,London,https://www.checkatrade.com/sitemap/locations/London/W,london_trade_sitemap,2026-09-05,London A-Z trade/service sitemap.,checkatrade,wet rooms,checkatrade||wet rooms,V2
Checkatrade,Wheel Refurbishments,London,https://www.checkatrade.com/sitemap/locations/London/W,london_trade_sitemap,2026-09-05,London A-Z trade/service sitemap.,checkatrade,wheel refurbishments,checkatrade||wheel refurbishments,V2
Checkatrade,Wheelchairs Manual / Electric,London,https://www.checkatrade.com/sitemap/locations/London/W,london_trade_sitemap,2026-09-05,London A-Z trade/service sitemap.,checkatrade,wheelchairs manual electric,checkatrade||wheelchairs manual electric,V2
Checkatrade,Wheelie Bin Clean,London,https://www.checkatrade.com/sitemap/locations/London/W,london_trade_sitemap,2026-09-05,London A-Z trade/service sitemap.,checkatrade,wheelie bin clean,checkatrade||wheelie bin clean,V2
Checkatrade,WiFi Distribution,London,https://www.checkatrade.com/sitemap/locations/London/W,london_trade_sitemap,2026-09-05,London A-Z trade/service sitemap.,checkatrade,wifi distribution,checkatrade||wifi distribution,V2
Checkatrade,Wildlife management,London,https://www.checkatrade.com/sitemap/locations/London/W,london_trade_sitemap,2026-09-05,London A-Z trade/service sitemap.,checkatrade,wildlife management,checkatrade||wildlife management,V2
Checkatrade,Wind Turbines,London,https://www.checkatrade.com/sitemap/locations/London/W,london_trade_sitemap,2026-09-05,London A-Z trade/service sitemap.,checkatrade,wind turbines,checkatrade||wind turbines,V2
Checkatrade,Wind Turbines - Feed,London,https://www.checkatrade.com/sitemap/locations/London/W,london_trade_sitemap,2026-09-05,London A-Z trade/service sitemap.,checkatrade,wind turbines - feed,checkatrade||wind turbines - feed,V2
Checkatrade,Window Film,London,https://www.checkatrade.com/sitemap/locations/London/W,london_trade_sitemap,2026-09-05,London A-Z trade/service sitemap.,checkatrade,window film,checkatrade||window film,V2
Checkatrade,Window Fitters,London,https://www.checkatrade.com/sitemap/locations/London/W,london_trade_sitemap,2026-09-05,London A-Z trade/service sitemap.,checkatrade,window fitters,checkatrade||window fitters,V2
Checkatrade,window joinery,London,https://www.checkatrade.com/sitemap/locations/London/W,london_trade_sitemap,2026-09-05,London A-Z trade/service sitemap.,checkatrade,window joinery,checkatrade||window joinery,V2
Checkatrade,Window Lock Fitting,London,https://www.checkatrade.com/sitemap/locations/London/W,london_trade_sitemap,2026-09-05,London A-Z trade/service sitemap.,checkatrade,window lock fitting,checkatrade||window lock fitting,V2
Checkatrade,Window Lock Repair,London,https://www.checkatrade.com/sitemap/locations/London/W,london_trade_sitemap,2026-09-05,London A-Z trade/service sitemap.,checkatrade,window lock repair,checkatrade||window lock repair,V2
Checkatrade,Window Shutter Fitters,London,https://www.checkatrade.com/sitemap/locations/London/W,london_trade_sitemap,2026-09-05,London A-Z trade/service sitemap.,checkatrade,window shutter fitters,checkatrade||window shutter fitters,V2
Checkatrade,Window Shutter Suppliers,London,https://www.checkatrade.com/sitemap/locations/London/W,london_trade_sitemap,2026-09-05,London A-Z trade/service sitemap.,checkatrade,window shutter suppliers,checkatrade||window shutter suppliers,V2
Checkatrade,Window Shutters,London,https://www.checkatrade.com/sitemap/locations/London/W,london_trade_sitemap,2026-09-05,London A-Z trade/service sitemap.,checkatrade,window shutters,checkatrade||window shutters,V2
Checkatrade,Window Tinting,London,https://www.checkatrade.com/sitemap/locations/London/W,london_trade_sitemap,2026-09-05,London A-Z trade/service sitemap.,checkatrade,window tinting,checkatrade||window tinting,V2
Checkatrade,Windows / Doors / Conservatories,London,https://www.checkatrade.com/sitemap/locations/London/W,london_trade_sitemap,2026-09-05,London A-Z trade/service sitemap.,checkatrade,windows doors conservatories,checkatrade||windows doors conservatories,V2
Checkatrade,Windows and Doors,London,https://www.checkatrade.com/sitemap/locations/London/W,london_trade_sitemap,2026-09-05,London A-Z trade/service sitemap.,checkatrade,windows and doors,checkatrade||windows and doors,V2
Checkatrade,Windows Supply,London,https://www.checkatrade.com/sitemap/locations/London/W,london_trade_sitemap,2026-09-05,London A-Z trade/service sitemap.,checkatrade,windows supply,checkatrade||windows supply,V2
Checkatrade,Windscreen Repair,London,https://www.checkatrade.com/sitemap/locations/London/W,london_trade_sitemap,2026-09-05,London A-Z trade/service sitemap.,checkatrade,windscreen repair,checkatrade||windscreen repair,V2
Checkatrade,Windscreen Replacement,London,https://www.checkatrade.com/sitemap/locations/London/W,london_trade_sitemap,2026-09-05,London A-Z trade/service sitemap.,checkatrade,windscreen replacement,checkatrade||windscreen replacement,V2
Checkatrade,Wood & Laminate Repair,London,https://www.checkatrade.com/sitemap/locations/London/W,london_trade_sitemap,2026-09-05,London A-Z trade/service sitemap.,checkatrade,wood and laminate repair,checkatrade||wood and laminate repair,V2
Checkatrade,Wood / Log Burning Stoves,London,https://www.checkatrade.com/sitemap/locations/London/W,london_trade_sitemap,2026-09-05,London A-Z trade/service sitemap.,checkatrade,wood log burning stoves,checkatrade||wood log burning stoves,V2
Checkatrade,wood burner flue installers,London,https://www.checkatrade.com/sitemap/locations/London/W,london_trade_sitemap,2026-09-05,London A-Z trade/service sitemap.,checkatrade,wood burner flue installers,checkatrade||wood burner flue installers,V2
Checkatrade,Wood Flooring Installers,London,https://www.checkatrade.com/sitemap/locations/London/W,london_trade_sitemap,2026-09-05,London A-Z trade/service sitemap.,checkatrade,wood flooring installers,checkatrade||wood flooring installers,V2
Checkatrade,Wood Flooring Restoration,London,https://www.checkatrade.com/sitemap/locations/London/W,london_trade_sitemap,2026-09-05,London A-Z trade/service sitemap.,checkatrade,wood flooring restoration,checkatrade||wood flooring restoration,V2
Checkatrade,Wood Flooring Suppliers,London,https://www.checkatrade.com/sitemap/locations/London/W,london_trade_sitemap,2026-09-05,London A-Z trade/service sitemap.,checkatrade,wood flooring suppliers,checkatrade||wood flooring suppliers,V2
Checkatrade,wood furniture repair,London,https://www.checkatrade.com/sitemap/locations/London/W,london_trade_sitemap,2026-09-05,London A-Z trade/service sitemap.,checkatrade,wood furniture repair,checkatrade||wood furniture repair,V2
Checkatrade,wood furniture restoration,London,https://www.checkatrade.com/sitemap/locations/London/W,london_trade_sitemap,2026-09-05,London A-Z trade/service sitemap.,checkatrade,wood furniture restoration,checkatrade||wood furniture restoration,V2
Checkatrade,wood gazebo installation,London,https://www.checkatrade.com/sitemap/locations/London/W,london_trade_sitemap,2026-09-05,London A-Z trade/service sitemap.,checkatrade,wood gazebo installation,checkatrade||wood gazebo installation,V2
Checkatrade,wood joinery,London,https://www.checkatrade.com/sitemap/locations/London/W,london_trade_sitemap,2026-09-05,London A-Z trade/service sitemap.,checkatrade,wood joinery,checkatrade||wood joinery,V2
Checkatrade,Wood Merchants,London,https://www.checkatrade.com/sitemap/locations/London/W,london_trade_sitemap,2026-09-05,London A-Z trade/service sitemap.,checkatrade,wood merchants,checkatrade||wood merchants,V2
Checkatrade,wood stripper,London,https://www.checkatrade.com/sitemap/locations/London/W,london_trade_sitemap,2026-09-05,London A-Z trade/service sitemap.,checkatrade,wood stripper,checkatrade||wood stripper,V2
Checkatrade,wood turning,London,https://www.checkatrade.com/sitemap/locations/London/W,london_trade_sitemap,2026-09-05,London A-Z trade/service sitemap.,checkatrade,wood turning,checkatrade||wood turning,V2
Checkatrade,Wood Turning Service,London,https://www.checkatrade.com/sitemap/locations/London/W,london_trade_sitemap,2026-09-05,London A-Z trade/service sitemap.,checkatrade,wood turning service,checkatrade||wood turning service,V2
Checkatrade,Wooden / Timber Structures,London,https://www.checkatrade.com/sitemap/locations/London/W,london_trade_sitemap,2026-09-05,London A-Z trade/service sitemap.,checkatrade,wooden timber structures,checkatrade||wooden timber structures,V2
Checkatrade,wooden chair repair,London,https://www.checkatrade.com/sitemap/locations/London/W,london_trade_sitemap,2026-09-05,London A-Z trade/service sitemap.,checkatrade,wooden chair repair,checkatrade||wooden chair repair,V2
Checkatrade,Wooden floor specialist,London,https://www.checkatrade.com/sitemap/locations/London/W,london_trade_sitemap,2026-09-05,London A-Z trade/service sitemap.,checkatrade,wooden floor specialist,checkatrade||wooden floor specialist,V2
Checkatrade,Wooden Gates,London,https://www.checkatrade.com/sitemap/locations/London/W,london_trade_sitemap,2026-09-05,London A-Z trade/service sitemap.,checkatrade,wooden gates,checkatrade||wooden gates,V2
Checkatrade,Wooden Sash Windows Installation,London,https://www.checkatrade.com/sitemap/locations/London/W,london_trade_sitemap,2026-09-05,London A-Z trade/service sitemap.,checkatrade,wooden sash windows installation,checkatrade||wooden sash windows installation,V2
Checkatrade,Wooden Sash Windows Repair,London,https://www.checkatrade.com/sitemap/locations/London/W,london_trade_sitemap,2026-09-05,London A-Z trade/service sitemap.,checkatrade,wooden sash windows repair,checkatrade||wooden sash windows repair,V2
Checkatrade,Wooden Shutters,London,https://www.checkatrade.com/sitemap/locations/London/W,london_trade_sitemap,2026-09-05,London A-Z trade/service sitemap.,checkatrade,wooden shutters,checkatrade||wooden shutters,V2
Checkatrade,Wooden Windows Stripped / Painted,London,https://www.checkatrade.com/sitemap/locations/London/W,london_trade_sitemap,2026-09-05,London A-Z trade/service sitemap.,checkatrade,wooden windows stripped painted,checkatrade||wooden windows stripped painted,V2
Checkatrade,Woodworm Treatment,London,https://www.checkatrade.com/sitemap/locations/London/W,london_trade_sitemap,2026-09-05,London A-Z trade/service sitemap.,checkatrade,woodworm treatment,checkatrade||woodworm treatment,V2
Checkatrade,Worcester Boiler Repair,London,https://www.checkatrade.com/sitemap/locations/London/W,london_trade_sitemap,2026-09-05,London A-Z trade/service sitemap.,checkatrade,worcester boiler repair,checkatrade||worcester boiler repair,V2
Checkatrade,Worcster Boiler Servicing,London,https://www.checkatrade.com/sitemap/locations/London/W,london_trade_sitemap,2026-09-05,London A-Z trade/service sitemap.,checkatrade,worcster boiler servicing,checkatrade||worcster boiler servicing,V2
Checkatrade,Workshop Builders,London,https://www.checkatrade.com/sitemap/locations/London/W,london_trade_sitemap,2026-09-05,London A-Z trade/service sitemap.,checkatrade,workshop builders,checkatrade||workshop builders,V2
Checkatrade,Workshop Design / Construction,London,https://www.checkatrade.com/sitemap/locations/London/W,london_trade_sitemap,2026-09-05,London A-Z trade/service sitemap.,checkatrade,workshop design construction,checkatrade||workshop design construction,V2
Checkatrade,Worktop & Countertop Repair,London,https://www.checkatrade.com/sitemap/locations/London/W,london_trade_sitemap,2026-09-05,London A-Z trade/service sitemap.,checkatrade,worktop and countertop repair,checkatrade||worktop and countertop repair,V2
Checkatrade,Worktops,London,https://www.checkatrade.com/sitemap/locations/London/W,london_trade_sitemap,2026-09-05,London A-Z trade/service sitemap.,checkatrade,worktops,checkatrade||worktops,V2
Checkatrade,Worktops - Acrylic,London,https://www.checkatrade.com/sitemap/locations/London/W,london_trade_sitemap,2026-09-05,London A-Z trade/service sitemap.,checkatrade,worktops - acrylic,checkatrade||worktops - acrylic,V2
Checkatrade,Worktops - Glass,London,https://www.checkatrade.com/sitemap/locations/London/W,london_trade_sitemap,2026-09-05,London A-Z trade/service sitemap.,checkatrade,worktops - glass,checkatrade||worktops - glass,V2
Checkatrade,Worktops - Granite,London,https://www.checkatrade.com/sitemap/locations/London/W,london_trade_sitemap,2026-09-05,London A-Z trade/service sitemap.,checkatrade,worktops - granite,checkatrade||worktops - granite,V2
Checkatrade,Worktops - Laminate,London,https://www.checkatrade.com/sitemap/locations/London/W,london_trade_sitemap,2026-09-05,London A-Z trade/service sitemap.,checkatrade,worktops - laminate,checkatrade||worktops - laminate,V2
Checkatrade,Worktops - Marble,London,https://www.checkatrade.com/sitemap/locations/London/W,london_trade_sitemap,2026-09-05,London A-Z trade/service sitemap.,checkatrade,worktops - marble,checkatrade||worktops - marble,V2
Checkatrade,Worktops - Quartz,London,https://www.checkatrade.com/sitemap/locations/London/W,london_trade_sitemap,2026-09-05,London A-Z trade/service sitemap.,checkatrade,worktops - quartz,checkatrade||worktops - quartz,V2
Checkatrade,Worktops - Solid Wood,London,https://www.checkatrade.com/sitemap/locations/London/W,london_trade_sitemap,2026-09-05,London A-Z trade/service sitemap.,checkatrade,worktops - solid wood,checkatrade||worktops - solid wood,V2
Checkatrade,Worktops - Stainless Steel,London,https://www.checkatrade.com/sitemap/locations/London/W,london_trade_sitemap,2026-09-05,London A-Z trade/service sitemap.,checkatrade,worktops - stainless steel,checkatrade||worktops - stainless steel,V2
Checkatrade,Worldwide / International Removals,London,https://www.checkatrade.com/sitemap/locations/London/W,london_trade_sitemap,2026-09-05,London A-Z trade/service sitemap.,checkatrade,worldwide international removals,checkatrade||worldwide international removals,V2
Checkatrade,zinc roof installers,London,https://www.checkatrade.com/sitemap/locations/London/Z,london_trade_sitemap,2026-09-05,London A-Z trade/service sitemap.,checkatrade,zinc roof installers,checkatrade||zinc roof installers,V2
MyBuilder,Cardiff,London,https://www.mybuilder.com/trades,trade_directory,2026-09-05,Public trades/professions page.,mybuilder,cardiff,mybuilder||cardiff,V2
MyBuilder,Coventry,London,https://www.mybuilder.com/trades,trade_directory,2026-09-05,Public trades/professions page.,mybuilder,coventry,mybuilder||coventry,V2
MyBuilder,Nottingham,London,https://www.mybuilder.com/trades,trade_directory,2026-09-05,Public trades/professions page.,mybuilder,nottingham,mybuilder||nottingham,V2
MyBuilder,Sheffield,London,https://www.mybuilder.com/trades,trade_directory,2026-09-05,Public trades/professions page.,mybuilder,sheffield,mybuilder||sheffield,V2
Rated People,Aberdeenshire,London,https://www.ratedpeople.com/sitemap/trades/a,alphabetical_trade_sitemap,2026-09-05,Public A-Z trade and skill sitemap.,rated people,aberdeenshire,rated people||aberdeenshire,V2
Rated People,All Bathroom fitters,London,https://www.ratedpeople.com/sitemap/trades/a,alphabetical_trade_sitemap,2026-09-05,Public A-Z trade and skill sitemap.,rated people,all bathroom fitters,rated people||all bathroom fitters,V2
Rated People,All Blacksmith / Metal workers,London,https://www.ratedpeople.com/sitemap/trades/a,alphabetical_trade_sitemap,2026-09-05,Public A-Z trade and skill sitemap.,rated people,all blacksmith metal workers,rated people||all blacksmith metal workers,V2
Rated People,All Bricklayers,London,https://www.ratedpeople.com/sitemap/trades/a,alphabetical_trade_sitemap,2026-09-05,Public A-Z trade and skill sitemap.,rated people,all bricklayers,rated people||all bricklayers,V2
Rated People,All Builders,London,https://www.ratedpeople.com/sitemap/trades/a,alphabetical_trade_sitemap,2026-09-05,Public A-Z trade and skill sitemap.,rated people,all builders,rated people||all builders,V2
Rated People,All Carpenter / Joiners,London,https://www.ratedpeople.com/sitemap/trades/a,alphabetical_trade_sitemap,2026-09-05,Public A-Z trade and skill sitemap.,rated people,all carpenter joiners,rated people||all carpenter joiners,V2
Rated People,All CCTV / Satellites / Alarms,London,https://www.ratedpeople.com/sitemap/trades/a,alphabetical_trade_sitemap,2026-09-05,Public A-Z trade and skill sitemap.,rated people,all cctv satellites alarms,rated people||all cctv satellites alarms,V2
Rated People,All Cleaners,London,https://www.ratedpeople.com/sitemap/trades/a,alphabetical_trade_sitemap,2026-09-05,Public A-Z trade and skill sitemap.,rated people,all cleaners,rated people||all cleaners,V2
Rated People,All Drainage Specialists,London,https://www.ratedpeople.com/sitemap/trades/a,alphabetical_trade_sitemap,2026-09-05,Public A-Z trade and skill sitemap.,rated people,all drainage specialists,rated people||all drainage specialists,V2
Rated People,All Driveway pavers,London,https://www.ratedpeople.com/sitemap/trades/a,alphabetical_trade_sitemap,2026-09-05,Public A-Z trade and skill sitemap.,rated people,all driveway pavers,rated people||all driveway pavers,V2
Rated People,All Electricians,London,https://www.ratedpeople.com/sitemap/trades/a,alphabetical_trade_sitemap,2026-09-05,Public A-Z trade and skill sitemap.,rated people,all electricians,rated people||all electricians,V2
Rated People,All Floor fitters,London,https://www.ratedpeople.com/sitemap/trades/a,alphabetical_trade_sitemap,2026-09-05,Public A-Z trade and skill sitemap.,rated people,all floor fitters,rated people||all floor fitters,V2
Rated People,All Gardener / Landscape gardeners,London,https://www.ratedpeople.com/sitemap/trades/a,alphabetical_trade_sitemap,2026-09-05,Public A-Z trade and skill sitemap.,rated people,all gardener landscape gardeners,rated people||all gardener landscape gardeners,V2
Rated People,All Gas / Heating engineers,London,https://www.ratedpeople.com/sitemap/trades/a,alphabetical_trade_sitemap,2026-09-05,Public A-Z trade and skill sitemap.,rated people,all gas heating engineers,rated people||all gas heating engineers,V2
Rated People,All Handypersons,London,https://www.ratedpeople.com/sitemap/trades/a,alphabetical_trade_sitemap,2026-09-05,Public A-Z trade and skill sitemap.,rated people,all handypersons,rated people||all handypersons,V2
Rated People,All Kitchen Specialists,London,https://www.ratedpeople.com/sitemap/trades/a,alphabetical_trade_sitemap,2026-09-05,Public A-Z trade and skill sitemap.,rated people,all kitchen specialists,rated people||all kitchen specialists,V2
Rated People,All Locksmiths,London,https://www.ratedpeople.com/sitemap/trades/a,alphabetical_trade_sitemap,2026-09-05,Public A-Z trade and skill sitemap.,rated people,all locksmiths,rated people||all locksmiths,V2
Rated People,All Loft Conversion Specialists,London,https://www.ratedpeople.com/sitemap/trades/a,alphabetical_trade_sitemap,2026-09-05,Public A-Z trade and skill sitemap.,rated people,all loft conversion specialists,rated people||all loft conversion specialists,V2
Rated People,All Painter and decorators,London,https://www.ratedpeople.com/sitemap/trades/a,alphabetical_trade_sitemap,2026-09-05,Public A-Z trade and skill sitemap.,rated people,all painter and decorators,rated people||all painter and decorators,V2
Rated People,All Pest Controlers,London,https://www.ratedpeople.com/sitemap/trades/a,alphabetical_trade_sitemap,2026-09-05,Public A-Z trade and skill sitemap.,rated people,all pest controlers,rated people||all pest controlers,V2
Rated People,All Plasterer / Renderers,London,https://www.ratedpeople.com/sitemap/trades/a,alphabetical_trade_sitemap,2026-09-05,Public A-Z trade and skill sitemap.,rated people,all plasterer renderers,rated people||all plasterer renderers,V2
Rated People,All Plumbers,London,https://www.ratedpeople.com/sitemap/trades/a,alphabetical_trade_sitemap,2026-09-05,Public A-Z trade and skill sitemap.,rated people,all plumbers,rated people||all plumbers,V2
Rated People,All Removal Services,London,https://www.ratedpeople.com/sitemap/trades/a,alphabetical_trade_sitemap,2026-09-05,Public A-Z trade and skill sitemap.,rated people,all removal services,rated people||all removal services,V2
Rated People,All Renewable Energy Specialists,London,https://www.ratedpeople.com/sitemap/trades/a,alphabetical_trade_sitemap,2026-09-05,Public A-Z trade and skill sitemap.,rated people,all renewable energy specialists,rated people||all renewable energy specialists,V2
Rated People,All Roofers,London,https://www.ratedpeople.com/sitemap/trades/a,alphabetical_trade_sitemap,2026-09-05,Public A-Z trade and skill sitemap.,rated people,all roofers,rated people||all roofers,V2
Rated People,All Security systems / Alarms,London,https://www.ratedpeople.com/sitemap/trades/a,alphabetical_trade_sitemap,2026-09-05,Public A-Z trade and skill sitemap.,rated people,all security systems alarms,rated people||all security systems alarms,V2
Rated People,All Specialist Tradespersons,London,https://www.ratedpeople.com/sitemap/trades/a,alphabetical_trade_sitemap,2026-09-05,Public A-Z trade and skill sitemap.,rated people,all specialist tradespersons,rated people||all specialist tradespersons,V2
Rated People,All Stoneworker / Stonemasons,London,https://www.ratedpeople.com/sitemap/trades/a,alphabetical_trade_sitemap,2026-09-05,Public A-Z trade and skill sitemap.,rated people,all stoneworker stonemasons,rated people||all stoneworker stonemasons,V2
Rated People,All Swimming Pool Specialists,London,https://www.ratedpeople.com/sitemap/trades/a,alphabetical_trade_sitemap,2026-09-05,Public A-Z trade and skill sitemap.,rated people,all swimming pool specialists,rated people||all swimming pool specialists,V2
Rated People,All Tilers,London,https://www.ratedpeople.com/sitemap/trades/a,alphabetical_trade_sitemap,2026-09-05,Public A-Z trade and skill sitemap.,rated people,all tilers,rated people||all tilers,V2
Rated People,All Traditional Craftspersons,London,https://www.ratedpeople.com/sitemap/trades/a,alphabetical_trade_sitemap,2026-09-05,Public A-Z trade and skill sitemap.,rated people,all traditional craftspersons,rated people||all traditional craftspersons,V2
Rated People,All Tree Surgeons,London,https://www.ratedpeople.com/sitemap/trades/a,alphabetical_trade_sitemap,2026-09-05,Public A-Z trade and skill sitemap.,rated people,all tree surgeons,rated people||all tree surgeons,V2
Rated People,All Window fitter / Conservatory installers,London,https://www.ratedpeople.com/sitemap/trades/a,alphabetical_trade_sitemap,2026-09-05,Public A-Z trade and skill sitemap.,rated people,all window fitter conservatory installers,rated people||all window fitter conservatory installers,V2
Rated People,Angus,London,https://www.ratedpeople.com/sitemap/trades/a,alphabetical_trade_sitemap,2026-09-05,Public A-Z trade and skill sitemap.,rated people,angus,rated people||angus,V2
Rated People,Antrim,London,https://www.ratedpeople.com/sitemap/trades/a,alphabetical_trade_sitemap,2026-09-05,Public A-Z trade and skill sitemap.,rated people,antrim,rated people||antrim,V2
Rated People,Argyll and Bute,London,https://www.ratedpeople.com/sitemap/trades/a,alphabetical_trade_sitemap,2026-09-05,Public A-Z trade and skill sitemap.,rated people,argyll and bute,rated people||argyll and bute,V2
Rated People,Armagh,London,https://www.ratedpeople.com/sitemap/trades/a,alphabetical_trade_sitemap,2026-09-05,Public A-Z trade and skill sitemap.,rated people,armagh,rated people||armagh,V2
Rated People,Ask a tradesperson,London,https://www.ratedpeople.com/sitemap/trades/a,alphabetical_trade_sitemap,2026-09-05,Public A-Z trade and skill sitemap.,rated people,ask a tradesperson,rated people||ask a tradesperson,V2
Rated People,Ayrshire and Arran,London,https://www.ratedpeople.com/sitemap/trades/a,alphabetical_trade_sitemap,2026-09-05,Public A-Z trade and skill sitemap.,rated people,ayrshire and arran,rated people||ayrshire and arran,V2
Rated People,Banffshire,London,https://www.ratedpeople.com/sitemap/trades/a,alphabetical_trade_sitemap,2026-09-05,Public A-Z trade and skill sitemap.,rated people,banffshire,rated people||banffshire,V2
Rated People,Bedfordshire,London,https://www.ratedpeople.com/sitemap/trades/a,alphabetical_trade_sitemap,2026-09-05,Public A-Z trade and skill sitemap.,rated people,bedfordshire,rated people||bedfordshire,V2
Rated People,Berkshire,London,https://www.ratedpeople.com/sitemap/trades/a,alphabetical_trade_sitemap,2026-09-05,Public A-Z trade and skill sitemap.,rated people,berkshire,rated people||berkshire,V2
Rated People,Berwickshire,London,https://www.ratedpeople.com/sitemap/trades/a,alphabetical_trade_sitemap,2026-09-05,Public A-Z trade and skill sitemap.,rated people,berwickshire,rated people||berwickshire,V2
Rated People,Buckinghamshire,London,https://www.ratedpeople.com/sitemap/trades/a,alphabetical_trade_sitemap,2026-09-05,Public A-Z trade and skill sitemap.,rated people,buckinghamshire,rated people||buckinghamshire,V2
Rated People,Caithness,London,https://www.ratedpeople.com/sitemap/trades/a,alphabetical_trade_sitemap,2026-09-05,Public A-Z trade and skill sitemap.,rated people,caithness,rated people||caithness,V2
Rated People,Cambridgeshire,London,https://www.ratedpeople.com/sitemap/trades/a,alphabetical_trade_sitemap,2026-09-05,Public A-Z trade and skill sitemap.,rated people,cambridgeshire,rated people||cambridgeshire,V2
Rated People,Cheshire,London,https://www.ratedpeople.com/sitemap/trades/a,alphabetical_trade_sitemap,2026-09-05,Public A-Z trade and skill sitemap.,rated people,cheshire,rated people||cheshire,V2
Rated People,City of Aberdeen,London,https://www.ratedpeople.com/sitemap/trades/a,alphabetical_trade_sitemap,2026-09-05,Public A-Z trade and skill sitemap.,rated people,city of aberdeen,rated people||city of aberdeen,V2
Rated People,City of Dundee,London,https://www.ratedpeople.com/sitemap/trades/a,alphabetical_trade_sitemap,2026-09-05,Public A-Z trade and skill sitemap.,rated people,city of dundee,rated people||city of dundee,V2
Rated People,City of Edinburgh,London,https://www.ratedpeople.com/sitemap/trades/a,alphabetical_trade_sitemap,2026-09-05,Public A-Z trade and skill sitemap.,rated people,city of edinburgh,rated people||city of edinburgh,V2
Rated People,City of Glasgow,London,https://www.ratedpeople.com/sitemap/trades/a,alphabetical_trade_sitemap,2026-09-05,Public A-Z trade and skill sitemap.,rated people,city of glasgow,rated people||city of glasgow,V2
Rated People,Clackmannan,London,https://www.ratedpeople.com/sitemap/trades/a,alphabetical_trade_sitemap,2026-09-05,Public A-Z trade and skill sitemap.,rated people,clackmannan,rated people||clackmannan,V2
Rated People,Clwyd,London,https://www.ratedpeople.com/sitemap/trades/a,alphabetical_trade_sitemap,2026-09-05,Public A-Z trade and skill sitemap.,rated people,clwyd,rated people||clwyd,V2
Rated People,Cornwall,London,https://www.ratedpeople.com/sitemap/trades/a,alphabetical_trade_sitemap,2026-09-05,Public A-Z trade and skill sitemap.,rated people,cornwall,rated people||cornwall,V2
Rated People,Cost guides,London,https://www.ratedpeople.com/sitemap/trades/a,alphabetical_trade_sitemap,2026-09-05,Public A-Z trade and skill sitemap.,rated people,cost guides,rated people||cost guides,V2
Rated People,Cumbria,London,https://www.ratedpeople.com/sitemap/trades/a,alphabetical_trade_sitemap,2026-09-05,Public A-Z trade and skill sitemap.,rated people,cumbria,rated people||cumbria,V2
Rated People,Derbyshire,London,https://www.ratedpeople.com/sitemap/trades/a,alphabetical_trade_sitemap,2026-09-05,Public A-Z trade and skill sitemap.,rated people,derbyshire,rated people||derbyshire,V2
Rated People,Devon,London,https://www.ratedpeople.com/sitemap/trades/a,alphabetical_trade_sitemap,2026-09-05,Public A-Z trade and skill sitemap.,rated people,devon,rated people||devon,V2
Rated People,Dorset,London,https://www.ratedpeople.com/sitemap/trades/a,alphabetical_trade_sitemap,2026-09-05,Public A-Z trade and skill sitemap.,rated people,dorset,rated people||dorset,V2
Rated People,Down,London,https://www.ratedpeople.com/sitemap/trades/a,alphabetical_trade_sitemap,2026-09-05,Public A-Z trade and skill sitemap.,rated people,down,rated people||down,V2
Rated People,Download on the App Store,London,https://www.ratedpeople.com/sitemap/trades/a,alphabetical_trade_sitemap,2026-09-05,Public A-Z trade and skill sitemap.,rated people,download on the app store,rated people||download on the app store,V2
Rated People,Dumfries,London,https://www.ratedpeople.com/sitemap/trades/a,alphabetical_trade_sitemap,2026-09-05,Public A-Z trade and skill sitemap.,rated people,dumfries,rated people||dumfries,V2
Rated People,Dunbartonshire,London,https://www.ratedpeople.com/sitemap/trades/a,alphabetical_trade_sitemap,2026-09-05,Public A-Z trade and skill sitemap.,rated people,dunbartonshire,rated people||dunbartonshire,V2
Rated People,Durham,London,https://www.ratedpeople.com/sitemap/trades/a,alphabetical_trade_sitemap,2026-09-05,Public A-Z trade and skill sitemap.,rated people,durham,rated people||durham,V2
Rated People,Dyfed,London,https://www.ratedpeople.com/sitemap/trades/a,alphabetical_trade_sitemap,2026-09-05,Public A-Z trade and skill sitemap.,rated people,dyfed,rated people||dyfed,V2
Rated People,East Lothian,London,https://www.ratedpeople.com/sitemap/trades/a,alphabetical_trade_sitemap,2026-09-05,Public A-Z trade and skill sitemap.,rated people,east lothian,rated people||east lothian,V2
Rated People,East Riding of Yorkshire,London,https://www.ratedpeople.com/sitemap/trades/a,alphabetical_trade_sitemap,2026-09-05,Public A-Z trade and skill sitemap.,rated people,east riding of yorkshire,rated people||east riding of yorkshire,V2
Rated People,East Sussex,London,https://www.ratedpeople.com/sitemap/trades/a,alphabetical_trade_sitemap,2026-09-05,Public A-Z trade and skill sitemap.,rated people,east sussex,rated people||east sussex,V2
Rated People,Essex,London,https://www.ratedpeople.com/sitemap/trades/a,alphabetical_trade_sitemap,2026-09-05,Public A-Z trade and skill sitemap.,rated people,essex,rated people||essex,V2
Rated People,Fermanagh,London,https://www.ratedpeople.com/sitemap/trades/a,alphabetical_trade_sitemap,2026-09-05,Public A-Z trade and skill sitemap.,rated people,fermanagh,rated people||fermanagh,V2
Rated People,Fife,London,https://www.ratedpeople.com/sitemap/trades/a,alphabetical_trade_sitemap,2026-09-05,Public A-Z trade and skill sitemap.,rated people,fife,rated people||fife,V2
Rated People,Get it on Google Play,London,https://www.ratedpeople.com/sitemap/trades/a,alphabetical_trade_sitemap,2026-09-05,Public A-Z trade and skill sitemap.,rated people,get it on google play,rated people||get it on google play,V2
Rated People,Gloucestershire,London,https://www.ratedpeople.com/sitemap/trades/a,alphabetical_trade_sitemap,2026-09-05,Public A-Z trade and skill sitemap.,rated people,gloucestershire,rated people||gloucestershire,V2
Rated People,Greater Manchester,London,https://www.ratedpeople.com/sitemap/trades/a,alphabetical_trade_sitemap,2026-09-05,Public A-Z trade and skill sitemap.,rated people,greater manchester,rated people||greater manchester,V2
Rated People,Gwent,London,https://www.ratedpeople.com/sitemap/trades/a,alphabetical_trade_sitemap,2026-09-05,Public A-Z trade and skill sitemap.,rated people,gwent,rated people||gwent,V2
Rated People,Gwynedd,London,https://www.ratedpeople.com/sitemap/trades/a,alphabetical_trade_sitemap,2026-09-05,Public A-Z trade and skill sitemap.,rated people,gwynedd,rated people||gwynedd,V2
Rated People,Hampshire,London,https://www.ratedpeople.com/sitemap/trades/a,alphabetical_trade_sitemap,2026-09-05,Public A-Z trade and skill sitemap.,rated people,hampshire,rated people||hampshire,V2
Rated People,Herefordshire,London,https://www.ratedpeople.com/sitemap/trades/a,alphabetical_trade_sitemap,2026-09-05,Public A-Z trade and skill sitemap.,rated people,herefordshire,rated people||herefordshire,V2
Rated People,Hertfordshire,London,https://www.ratedpeople.com/sitemap/trades/a,alphabetical_trade_sitemap,2026-09-05,Public A-Z trade and skill sitemap.,rated people,hertfordshire,rated people||hertfordshire,V2
Rated People,Homeowner advice centre,London,https://www.ratedpeople.com/sitemap/trades/a,alphabetical_trade_sitemap,2026-09-05,Public A-Z trade and skill sitemap.,rated people,homeowner advice centre,rated people||homeowner advice centre,V2
Rated People,Inspiration centre,London,https://www.ratedpeople.com/sitemap/trades/a,alphabetical_trade_sitemap,2026-09-05,Public A-Z trade and skill sitemap.,rated people,inspiration centre,rated people||inspiration centre,V2
Rated People,Inverness,London,https://www.ratedpeople.com/sitemap/trades/a,alphabetical_trade_sitemap,2026-09-05,Public A-Z trade and skill sitemap.,rated people,inverness,rated people||inverness,V2
Rated People,Isle of Wight,London,https://www.ratedpeople.com/sitemap/trades/a,alphabetical_trade_sitemap,2026-09-05,Public A-Z trade and skill sitemap.,rated people,isle of wight,rated people||isle of wight,V2
Rated People,Kent,London,https://www.ratedpeople.com/sitemap/trades/a,alphabetical_trade_sitemap,2026-09-05,Public A-Z trade and skill sitemap.,rated people,kent,rated people||kent,V2
Rated People,Kincardineshire,London,https://www.ratedpeople.com/sitemap/trades/a,alphabetical_trade_sitemap,2026-09-05,Public A-Z trade and skill sitemap.,rated people,kincardineshire,rated people||kincardineshire,V2
Rated People,Lanarkshire,London,https://www.ratedpeople.com/sitemap/trades/a,alphabetical_trade_sitemap,2026-09-05,Public A-Z trade and skill sitemap.,rated people,lanarkshire,rated people||lanarkshire,V2
Rated People,Lancashire,London,https://www.ratedpeople.com/sitemap/trades/a,alphabetical_trade_sitemap,2026-09-05,Public A-Z trade and skill sitemap.,rated people,lancashire,rated people||lancashire,V2
Rated People,Leicestershire,London,https://www.ratedpeople.com/sitemap/trades/a,alphabetical_trade_sitemap,2026-09-05,Public A-Z trade and skill sitemap.,rated people,leicestershire,rated people||leicestershire,V2
Rated People,Lincolnshire,London,https://www.ratedpeople.com/sitemap/trades/a,alphabetical_trade_sitemap,2026-09-05,Public A-Z trade and skill sitemap.,rated people,lincolnshire,rated people||lincolnshire,V2
Rated People,Londonderry,London,https://www.ratedpeople.com/sitemap/trades/a,alphabetical_trade_sitemap,2026-09-05,Public A-Z trade and skill sitemap.,rated people,londonderry,rated people||londonderry,V2
Rated People,Merseyside,London,https://www.ratedpeople.com/sitemap/trades/a,alphabetical_trade_sitemap,2026-09-05,Public A-Z trade and skill sitemap.,rated people,merseyside,rated people||merseyside,V2
Rated People,Mid Glamorgan,London,https://www.ratedpeople.com/sitemap/trades/a,alphabetical_trade_sitemap,2026-09-05,Public A-Z trade and skill sitemap.,rated people,mid glamorgan,rated people||mid glamorgan,V2
Rated People,Midlothian,London,https://www.ratedpeople.com/sitemap/trades/a,alphabetical_trade_sitemap,2026-09-05,Public A-Z trade and skill sitemap.,rated people,midlothian,rated people||midlothian,V2
Rated People,Moray,London,https://www.ratedpeople.com/sitemap/trades/a,alphabetical_trade_sitemap,2026-09-05,Public A-Z trade and skill sitemap.,rated people,moray,rated people||moray,V2
Rated People,Nairn,London,https://www.ratedpeople.com/sitemap/trades/a,alphabetical_trade_sitemap,2026-09-05,Public A-Z trade and skill sitemap.,rated people,nairn,rated people||nairn,V2
Rated People,Norfolk,London,https://www.ratedpeople.com/sitemap/trades/a,alphabetical_trade_sitemap,2026-09-05,Public A-Z trade and skill sitemap.,rated people,norfolk,rated people||norfolk,V2
Rated People,North Yorkshire,London,https://www.ratedpeople.com/sitemap/trades/a,alphabetical_trade_sitemap,2026-09-05,Public A-Z trade and skill sitemap.,rated people,north yorkshire,rated people||north yorkshire,V2
Rated People,Northamptonshire,London,https://www.ratedpeople.com/sitemap/trades/a,alphabetical_trade_sitemap,2026-09-05,Public A-Z trade and skill sitemap.,rated people,northamptonshire,rated people||northamptonshire,V2
Rated People,Northumberland,London,https://www.ratedpeople.com/sitemap/trades/a,alphabetical_trade_sitemap,2026-09-05,Public A-Z trade and skill sitemap.,rated people,northumberland,rated people||northumberland,V2
Rated People,Nottinghamshire,London,https://www.ratedpeople.com/sitemap/trades/a,alphabetical_trade_sitemap,2026-09-05,Public A-Z trade and skill sitemap.,rated people,nottinghamshire,rated people||nottinghamshire,V2
Rated People,Orkney,London,https://www.ratedpeople.com/sitemap/trades/a,alphabetical_trade_sitemap,2026-09-05,Public A-Z trade and skill sitemap.,rated people,orkney,rated people||orkney,V2
Rated People,Oxfordshire,London,https://www.ratedpeople.com/sitemap/trades/a,alphabetical_trade_sitemap,2026-09-05,Public A-Z trade and skill sitemap.,rated people,oxfordshire,rated people||oxfordshire,V2
Rated People,Perth and Kinross,London,https://www.ratedpeople.com/sitemap/trades/a,alphabetical_trade_sitemap,2026-09-05,Public A-Z trade and skill sitemap.,rated people,perth and kinross,rated people||perth and kinross,V2
Rated People,Powys,London,https://www.ratedpeople.com/sitemap/trades/a,alphabetical_trade_sitemap,2026-09-05,Public A-Z trade and skill sitemap.,rated people,powys,rated people||powys,V2
Rated People,Renfrewshire,London,https://www.ratedpeople.com/sitemap/trades/a,alphabetical_trade_sitemap,2026-09-05,Public A-Z trade and skill sitemap.,rated people,renfrewshire,rated people||renfrewshire,V2
Rated People,Ross and Cromarty,London,https://www.ratedpeople.com/sitemap/trades/a,alphabetical_trade_sitemap,2026-09-05,Public A-Z trade and skill sitemap.,rated people,ross and cromarty,rated people||ross and cromarty,V2
Rated People,Roxburgh- Ettrick and Lauderdale,London,https://www.ratedpeople.com/sitemap/trades/a,alphabetical_trade_sitemap,2026-09-05,Public A-Z trade and skill sitemap.,rated people,roxburgh- ettrick and lauderdale,rated people||roxburgh- ettrick and lauderdale,V2
Rated People,Rutland,London,https://www.ratedpeople.com/sitemap/trades/a,alphabetical_trade_sitemap,2026-09-05,Public A-Z trade and skill sitemap.,rated people,rutland,rated people||rutland,V2
Rated People,Shetland,London,https://www.ratedpeople.com/sitemap/trades/a,alphabetical_trade_sitemap,2026-09-05,Public A-Z trade and skill sitemap.,rated people,shetland,rated people||shetland,V2
Rated People,Shropshire,London,https://www.ratedpeople.com/sitemap/trades/a,alphabetical_trade_sitemap,2026-09-05,Public A-Z trade and skill sitemap.,rated people,shropshire,rated people||shropshire,V2
Rated People,Sitemap,London,https://www.ratedpeople.com/sitemap/trades/a,alphabetical_trade_sitemap,2026-09-05,Public A-Z trade and skill sitemap.,rated people,sitemap,rated people||sitemap,V2
Rated People,Somerset,London,https://www.ratedpeople.com/sitemap/trades/a,alphabetical_trade_sitemap,2026-09-05,Public A-Z trade and skill sitemap.,rated people,somerset,rated people||somerset,V2
Rated People,South Glamorgan,London,https://www.ratedpeople.com/sitemap/trades/a,alphabetical_trade_sitemap,2026-09-05,Public A-Z trade and skill sitemap.,rated people,south glamorgan,rated people||south glamorgan,V2
Rated People,South Yorkshire,London,https://www.ratedpeople.com/sitemap/trades/a,alphabetical_trade_sitemap,2026-09-05,Public A-Z trade and skill sitemap.,rated people,south yorkshire,rated people||south yorkshire,V2
Rated People,Staffordshire,London,https://www.ratedpeople.com/sitemap/trades/a,alphabetical_trade_sitemap,2026-09-05,Public A-Z trade and skill sitemap.,rated people,staffordshire,rated people||staffordshire,V2
Rated People,Stirling and Falkirk,London,https://www.ratedpeople.com/sitemap/trades/a,alphabetical_trade_sitemap,2026-09-05,Public A-Z trade and skill sitemap.,rated people,stirling and falkirk,rated people||stirling and falkirk,V2
Rated People,Suffolk,London,https://www.ratedpeople.com/sitemap/trades/a,alphabetical_trade_sitemap,2026-09-05,Public A-Z trade and skill sitemap.,rated people,suffolk,rated people||suffolk,V2
Rated People,Surrey,London,https://www.ratedpeople.com/sitemap/trades/a,alphabetical_trade_sitemap,2026-09-05,Public A-Z trade and skill sitemap.,rated people,surrey,rated people||surrey,V2
Rated People,Sutherland,London,https://www.ratedpeople.com/sitemap/trades/a,alphabetical_trade_sitemap,2026-09-05,Public A-Z trade and skill sitemap.,rated people,sutherland,rated people||sutherland,V2
Rated People,Terms of Use,London,https://www.ratedpeople.com/sitemap/trades/a,alphabetical_trade_sitemap,2026-09-05,Public A-Z trade and skill sitemap.,rated people,terms of use,rated people||terms of use,V2
Rated People,The Stewartry of Kirkcudbright,London,https://www.ratedpeople.com/sitemap/trades/a,alphabetical_trade_sitemap,2026-09-05,Public A-Z trade and skill sitemap.,rated people,the stewartry of kirkcudbright,rated people||the stewartry of kirkcudbright,V2
Rated People,Trade advice centre,London,https://www.ratedpeople.com/sitemap/trades/a,alphabetical_trade_sitemap,2026-09-05,Public A-Z trade and skill sitemap.,rated people,trade advice centre,rated people||trade advice centre,V2
Rated People,Tradesperson sign up,London,https://www.ratedpeople.com/sitemap/trades/a,alphabetical_trade_sitemap,2026-09-05,Public A-Z trade and skill sitemap.,rated people,tradesperson sign up,rated people||tradesperson sign up,V2
Rated People,Trends report,London,https://www.ratedpeople.com/sitemap/trades/a,alphabetical_trade_sitemap,2026-09-05,Public A-Z trade and skill sitemap.,rated people,trends report,rated people||trends report,V2
Rated People,Tweeddale,London,https://www.ratedpeople.com/sitemap/trades/a,alphabetical_trade_sitemap,2026-09-05,Public A-Z trade and skill sitemap.,rated people,tweeddale,rated people||tweeddale,V2
Rated People,Tyne & Wear,London,https://www.ratedpeople.com/sitemap/trades/a,alphabetical_trade_sitemap,2026-09-05,Public A-Z trade and skill sitemap.,rated people,tyne and wear,rated people||tyne and wear,V2
Rated People,Tyrone,London,https://www.ratedpeople.com/sitemap/trades/a,alphabetical_trade_sitemap,2026-09-05,Public A-Z trade and skill sitemap.,rated people,tyrone,rated people||tyrone,V2
Rated People,Underfloor Insulation,London,https://www.ratedpeople.com/sitemap/trades/a,alphabetical_trade_sitemap,2026-09-05,Public A-Z trade and skill sitemap.,rated people,underfloor insulation,rated people||underfloor insulation,V2
Rated People,Underpinning / Piling / Foundations,London,https://www.ratedpeople.com/sitemap/trades/a,alphabetical_trade_sitemap,2026-09-05,Public A-Z trade and skill sitemap.,rated people,underpinning piling foundations,rated people||underpinning piling foundations,V2
Rated People,uPVC Fascias / Soffits / Cladding,London,https://www.ratedpeople.com/sitemap/trades/a,alphabetical_trade_sitemap,2026-09-05,Public A-Z trade and skill sitemap.,rated people,upvc fascias soffits cladding,rated people||upvc fascias soffits cladding,V2
Rated People,uPVC Windows & Door,London,https://www.ratedpeople.com/sitemap/trades/a,alphabetical_trade_sitemap,2026-09-05,Public A-Z trade and skill sitemap.,rated people,upvc windows and door,rated people||upvc windows and door,V2
Rated People,Warwickshire,London,https://www.ratedpeople.com/sitemap/trades/a,alphabetical_trade_sitemap,2026-09-05,Public A-Z trade and skill sitemap.,rated people,warwickshire,rated people||warwickshire,V2
Rated People,West Glamorgan,London,https://www.ratedpeople.com/sitemap/trades/a,alphabetical_trade_sitemap,2026-09-05,Public A-Z trade and skill sitemap.,rated people,west glamorgan,rated people||west glamorgan,V2
Rated People,West Lothian,London,https://www.ratedpeople.com/sitemap/trades/a,alphabetical_trade_sitemap,2026-09-05,Public A-Z trade and skill sitemap.,rated people,west lothian,rated people||west lothian,V2
Rated People,West Midlands,London,https://www.ratedpeople.com/sitemap/trades/a,alphabetical_trade_sitemap,2026-09-05,Public A-Z trade and skill sitemap.,rated people,west midlands,rated people||west midlands,V2
Rated People,West Sussex,London,https://www.ratedpeople.com/sitemap/trades/a,alphabetical_trade_sitemap,2026-09-05,Public A-Z trade and skill sitemap.,rated people,west sussex,rated people||west sussex,V2
Rated People,West Yorkshire,London,https://www.ratedpeople.com/sitemap/trades/a,alphabetical_trade_sitemap,2026-09-05,Public A-Z trade and skill sitemap.,rated people,west yorkshire,rated people||west yorkshire,V2
Rated People,Western Isles,London,https://www.ratedpeople.com/sitemap/trades/a,alphabetical_trade_sitemap,2026-09-05,Public A-Z trade and skill sitemap.,rated people,western isles,rated people||western isles,V2
Rated People,Wigtown,London,https://www.ratedpeople.com/sitemap/trades/a,alphabetical_trade_sitemap,2026-09-05,Public A-Z trade and skill sitemap.,rated people,wigtown,rated people||wigtown,V2
Rated People,Wiltshire,London,https://www.ratedpeople.com/sitemap/trades/a,alphabetical_trade_sitemap,2026-09-05,Public A-Z trade and skill sitemap.,rated people,wiltshire,rated people||wiltshire,V2
Rated People,Worcestershire,London,https://www.ratedpeople.com/sitemap/trades/a,alphabetical_trade_sitemap,2026-09-05,Public A-Z trade and skill sitemap.,rated people,worcestershire,rated people||worcestershire,V2
Bark,Terms & Conditions,London,https://www.bark.com/en/gb/services/,all_services_page,2026-09-05,Bark UK Explore All Services page.,bark,terms and conditions,bark||terms and conditions,V2
Airtasker,Built,London,https://www.airtasker.com/uk/services/,all_services_page,2026-09-05,Airtasker UK service taxonomy.,airtasker,built,airtasker||built,V2
Airtasker,Move,London,https://www.airtasker.com/uk/services/,all_services_page,2026-09-05,Airtasker UK service taxonomy.,airtasker,move,airtasker||move,V2
Airtasker,Plum Play Trampoline Assembly,London,https://www.airtasker.com/uk/services/,all_services_page,2026-09-05,Airtasker UK service taxonomy.,airtasker,plum play trampoline assembly,airtasker||plum play trampoline assembly,V2
Airtasker,Zoopla Removals,London,https://www.airtasker.com/uk/services/,all_services_page,2026-09-05,Airtasker UK service taxonomy.,airtasker,zoopla removals,airtasker||zoopla removals,V2
Fresha,Pet Grooming,London,https://www.fresha.com/en-GB/pricing,uk_service_verticals,2026-09-05,UK public service/business verticals; broad coverage only.,fresha,pet grooming,fresha||pet grooming,V2
MyJobQuote,Aberdeen,London,https://www.myjobquote.co.uk/sitemap,public_trade_sitemap,2026-09-05,Public trade/service taxonomy from MyJobQuote.,myjobquote,aberdeen,myjobquote||aberdeen,V2
MyJobQuote,Birkenhead,London,https://www.myjobquote.co.uk/sitemap,public_trade_sitemap,2026-09-05,Public trade/service taxonomy from MyJobQuote.,myjobquote,birkenhead,myjobquote||birkenhead,V2
MyJobQuote,Bolton,London,https://www.myjobquote.co.uk/sitemap,public_trade_sitemap,2026-09-05,Public trade/service taxonomy from MyJobQuote.,myjobquote,bolton,myjobquote||bolton,V2
MyJobQuote,Bournemouth,London,https://www.myjobquote.co.uk/sitemap,public_trade_sitemap,2026-09-05,Public trade/service taxonomy from MyJobQuote.,myjobquote,bournemouth,myjobquote||bournemouth,V2
MyJobQuote,Bradford,London,https://www.myjobquote.co.uk/sitemap,public_trade_sitemap,2026-09-05,Public trade/service taxonomy from MyJobQuote.,myjobquote,bradford,myjobquote||bradford,V2
MyJobQuote,Brighton,London,https://www.myjobquote.co.uk/sitemap,public_trade_sitemap,2026-09-05,Public trade/service taxonomy from MyJobQuote.,myjobquote,brighton,myjobquote||brighton,V2
MyJobQuote,Cambridge,London,https://www.myjobquote.co.uk/sitemap,public_trade_sitemap,2026-09-05,Public trade/service taxonomy from MyJobQuote.,myjobquote,cambridge,myjobquote||cambridge,V2
MyJobQuote,Cardiff,London,https://www.myjobquote.co.uk/sitemap,public_trade_sitemap,2026-09-05,Public trade/service taxonomy from MyJobQuote.,myjobquote,cardiff,myjobquote||cardiff,V2
MyJobQuote,Chelmsford,London,https://www.myjobquote.co.uk/sitemap,public_trade_sitemap,2026-09-05,Public trade/service taxonomy from MyJobQuote.,myjobquote,chelmsford,myjobquote||chelmsford,V2
MyJobQuote,Coventry,London,https://www.myjobquote.co.uk/sitemap,public_trade_sitemap,2026-09-05,Public trade/service taxonomy from MyJobQuote.,myjobquote,coventry,myjobquote||coventry,V2
MyJobQuote,Derby,London,https://www.myjobquote.co.uk/sitemap,public_trade_sitemap,2026-09-05,Public trade/service taxonomy from MyJobQuote.,myjobquote,derby,myjobquote||derby,V2
MyJobQuote,Exeter,London,https://www.myjobquote.co.uk/sitemap,public_trade_sitemap,2026-09-05,Public trade/service taxonomy from MyJobQuote.,myjobquote,exeter,myjobquote||exeter,V2
MyJobQuote,Gateshead,London,https://www.myjobquote.co.uk/sitemap,public_trade_sitemap,2026-09-05,Public trade/service taxonomy from MyJobQuote.,myjobquote,gateshead,myjobquote||gateshead,V2
MyJobQuote,Getting Started,London,https://www.myjobquote.co.uk/sitemap,public_trade_sitemap,2026-09-05,Public trade/service taxonomy from MyJobQuote.,myjobquote,getting started,myjobquote||getting started,V2
MyJobQuote,Gloucester,London,https://www.myjobquote.co.uk/sitemap,public_trade_sitemap,2026-09-05,Public trade/service taxonomy from MyJobQuote.,myjobquote,gloucester,myjobquote||gloucester,V2
MyJobQuote,How to Get Started,London,https://www.myjobquote.co.uk/sitemap,public_trade_sitemap,2026-09-05,Public trade/service taxonomy from MyJobQuote.,myjobquote,how to get started,myjobquote||how to get started,V2
MyJobQuote,Huddersfield,London,https://www.myjobquote.co.uk/sitemap,public_trade_sitemap,2026-09-05,Public trade/service taxonomy from MyJobQuote.,myjobquote,huddersfield,myjobquote||huddersfield,V2
MyJobQuote,Ipswich,London,https://www.myjobquote.co.uk/sitemap,public_trade_sitemap,2026-09-05,Public trade/service taxonomy from MyJobQuote.,myjobquote,ipswich,myjobquote||ipswich,V2
MyJobQuote,Maidstone,London,https://www.myjobquote.co.uk/sitemap,public_trade_sitemap,2026-09-05,Public trade/service taxonomy from MyJobQuote.,myjobquote,maidstone,myjobquote||maidstone,V2
MyJobQuote,Middlesbrough,London,https://www.myjobquote.co.uk/sitemap,public_trade_sitemap,2026-09-05,Public trade/service taxonomy from MyJobQuote.,myjobquote,middlesbrough,myjobquote||middlesbrough,V2
MyJobQuote,Milton Keynes,London,https://www.myjobquote.co.uk/sitemap,public_trade_sitemap,2026-09-05,Public trade/service taxonomy from MyJobQuote.,myjobquote,milton keynes,myjobquote||milton keynes,V2
MyJobQuote,Newcastle upon Tyne,London,https://www.myjobquote.co.uk/sitemap,public_trade_sitemap,2026-09-05,Public trade/service taxonomy from MyJobQuote.,myjobquote,newcastle upon tyne,myjobquote||newcastle upon tyne,V2
MyJobQuote,Norwich,London,https://www.myjobquote.co.uk/sitemap,public_trade_sitemap,2026-09-05,Public trade/service taxonomy from MyJobQuote.,myjobquote,norwich,myjobquote||norwich,V2
MyJobQuote,Nottingham,London,https://www.myjobquote.co.uk/sitemap,public_trade_sitemap,2026-09-05,Public trade/service taxonomy from MyJobQuote.,myjobquote,nottingham,myjobquote||nottingham,V2
MyJobQuote,Oxford,London,https://www.myjobquote.co.uk/sitemap,public_trade_sitemap,2026-09-05,Public trade/service taxonomy from MyJobQuote.,myjobquote,oxford,myjobquote||oxford,V2
MyJobQuote,Peterborough,London,https://www.myjobquote.co.uk/sitemap,public_trade_sitemap,2026-09-05,Public trade/service taxonomy from MyJobQuote.,myjobquote,peterborough,myjobquote||peterborough,V2
MyJobQuote,Plymouth,London,https://www.myjobquote.co.uk/sitemap,public_trade_sitemap,2026-09-05,Public trade/service taxonomy from MyJobQuote.,myjobquote,plymouth,myjobquote||plymouth,V2
MyJobQuote,Poole,London,https://www.myjobquote.co.uk/sitemap,public_trade_sitemap,2026-09-05,Public trade/service taxonomy from MyJobQuote.,myjobquote,poole,myjobquote||poole,V2
MyJobQuote,Portsmouth,London,https://www.myjobquote.co.uk/sitemap,public_trade_sitemap,2026-09-05,Public trade/service taxonomy from MyJobQuote.,myjobquote,portsmouth,myjobquote||portsmouth,V2
MyJobQuote,Reading,London,https://www.myjobquote.co.uk/sitemap,public_trade_sitemap,2026-09-05,Public trade/service taxonomy from MyJobQuote.,myjobquote,reading,myjobquote||reading,V2
MyJobQuote,Sale,London,https://www.myjobquote.co.uk/sitemap,public_trade_sitemap,2026-09-05,Public trade/service taxonomy from MyJobQuote.,myjobquote,sale,myjobquote||sale,V2
MyJobQuote,Sheffield,London,https://www.myjobquote.co.uk/sitemap,public_trade_sitemap,2026-09-05,Public trade/service taxonomy from MyJobQuote.,myjobquote,sheffield,myjobquote||sheffield,V2
MyJobQuote,Slough,London,https://www.myjobquote.co.uk/sitemap,public_trade_sitemap,2026-09-05,Public trade/service taxonomy from MyJobQuote.,myjobquote,slough,myjobquote||slough,V2
MyJobQuote,Solihull,London,https://www.myjobquote.co.uk/sitemap,public_trade_sitemap,2026-09-05,Public trade/service taxonomy from MyJobQuote.,myjobquote,solihull,myjobquote||solihull,V2
MyJobQuote,Southampton,London,https://www.myjobquote.co.uk/sitemap,public_trade_sitemap,2026-09-05,Public trade/service taxonomy from MyJobQuote.,myjobquote,southampton,myjobquote||southampton,V2
MyJobQuote,Stoke-on-Trent,London,https://www.myjobquote.co.uk/sitemap,public_trade_sitemap,2026-09-05,Public trade/service taxonomy from MyJobQuote.,myjobquote,stoke-on-trent,myjobquote||stoke-on-trent,V2
MyJobQuote,Sunderland,London,https://www.myjobquote.co.uk/sitemap,public_trade_sitemap,2026-09-05,Public trade/service taxonomy from MyJobQuote.,myjobquote,sunderland,myjobquote||sunderland,V2
MyJobQuote,Watford,London,https://www.myjobquote.co.uk/sitemap,public_trade_sitemap,2026-09-05,Public trade/service taxonomy from MyJobQuote.,myjobquote,watford,myjobquote||watford,V2
MyJobQuote,Wolverhampton,London,https://www.myjobquote.co.uk/sitemap,public_trade_sitemap,2026-09-05,Public trade/service taxonomy from MyJobQuote.,myjobquote,wolverhampton,myjobquote||wolverhampton,V2
MyJobQuote,York,London,https://www.myjobquote.co.uk/sitemap,public_trade_sitemap,2026-09-05,Public trade/service taxonomy from MyJobQuote.,myjobquote,york,myjobquote||york,V2
