platform,raw_service_original,raw_service,source_version,source_url,source_type,collection_date,coverage_note,geography_scope
Airtasker,Accounting,Accounting,V2,https://www.airtasker.com/uk/services/,all_services_page,2026-09-05,Airtasker UK service taxonomy.,London
Airtasker,Accounting Tutor,Accounting Tutor,V2,https://www.airtasker.com/uk/services/,all_services_page,2026-09-05,Airtasker UK service taxonomy.,London
Airtasker,Acrylic Worktop Installation,Acrylic Worktop Installation,V2,https://www.airtasker.com/uk/services/,all_services_page,2026-09-05,Airtasker UK service taxonomy.,London
Airtasker,Acting Lessons,Acting Lessons,V2,https://www.airtasker.com/uk/services/,all_services_page,2026-09-05,Airtasker UK service taxonomy.,London
Airtasker,Acupuncture,Acupuncture,V2,https://www.airtasker.com/uk/services/,all_services_page,2026-09-05,Airtasker UK service taxonomy.,London
Airtasker,Admin,Admin,V2,https://www.airtasker.com/uk/services/,all_services_page,2026-09-05,Airtasker UK service taxonomy.,London
Airtasker,Adobe Photoshop Designer,Adobe Photoshop Designer,V2,https://www.airtasker.com/uk/services/,all_services_page,2026-09-05,Airtasker UK service taxonomy.,London
Airtasker,Adult Swimming Lessons,Adult Swimming Lessons,V2,https://www.airtasker.com/uk/services/,all_services_page,2026-09-05,Airtasker UK service taxonomy.,London
Airtasker,Advertising,Advertising,V2,https://www.airtasker.com/uk/services/,all_services_page,2026-09-05,Airtasker UK service taxonomy.,London
Airtasker,Aerial and Drone Photographers,Aerial and Drone Photographers,V2,https://www.airtasker.com/uk/services/,all_services_page,2026-09-05,Airtasker UK service taxonomy.,London
Airtasker,Aerobics Classes,Aerobics Classes,V2,https://www.airtasker.com/uk/services/,all_services_page,2026-09-05,Airtasker UK service taxonomy.,London
Airtasker,Afro Barbers,Afro Barbers,V2,https://www.airtasker.com/uk/services/,all_services_page,2026-09-05,Airtasker UK service taxonomy.,London
Airtasker,After Builders Cleaning,After Builders Cleaning,V2,https://www.airtasker.com/uk/services/,all_services_page,2026-09-05,Airtasker UK service taxonomy.,London
Airtasker,After School Care & Pick Up,After School Care & Pick Up,V2,https://www.airtasker.com/uk/services/,all_services_page,2026-09-05,Airtasker UK service taxonomy.,London
Airtasker,Aged Care,Aged Care,V2,https://www.airtasker.com/uk/services/,all_services_page,2026-09-05,Airtasker UK service taxonomy.,London
Airtasker,Air Source Heat Pump Installation & Repairs,Air Source Heat Pump Installation & Repairs,V2,https://www.airtasker.com/uk/services/,all_services_page,2026-09-05,Airtasker UK service taxonomy.,London
Airtasker,Airbnb Cleaning,Airbnb Cleaning,V2,https://www.airtasker.com/uk/services/,all_services_page,2026-09-05,Airtasker UK service taxonomy.,London
Airtasker,Aircon Cleaning,Aircon Cleaning,V2,https://www.airtasker.com/uk/services/,all_services_page,2026-09-05,Airtasker UK service taxonomy.,London
Airtasker,Aircon Installation,Aircon Installation,V2,https://www.airtasker.com/uk/services/,all_services_page,2026-09-05,Airtasker UK service taxonomy.,London
Airtasker,Aircon Repair,Aircon Repair,V2,https://www.airtasker.com/uk/services/,all_services_page,2026-09-05,Airtasker UK service taxonomy.,London
Airtasker,Alarm Servicing,Alarm Servicing,V2,https://www.airtasker.com/uk/services/,all_services_page,2026-09-05,Airtasker UK service taxonomy.,London
Airtasker,Alcohol Counselling,Alcohol Counselling,V2,https://www.airtasker.com/uk/services/,all_services_page,2026-09-05,Airtasker UK service taxonomy.,London
Airtasker,Aldi Grocery Delivery,Aldi Grocery Delivery,V2,https://www.airtasker.com/uk/services/,all_services_page,2026-09-05,Airtasker UK service taxonomy.,London
Airtasker,Alfa Romeo Service,Alfa Romeo Service,V2,https://www.airtasker.com/uk/services/,all_services_page,2026-09-05,Airtasker UK service taxonomy.,London
Airtasker,Alloy Wheel Repair,Alloy Wheel Repair,V2,https://www.airtasker.com/uk/services/,all_services_page,2026-09-05,Airtasker UK service taxonomy.,London
Airtasker,Alterations,Alterations,V2,https://www.airtasker.com/uk/services/,all_services_page,2026-09-05,Airtasker UK service taxonomy.,London
Airtasker,Alternator Repair,Alternator Repair,V2,https://www.airtasker.com/uk/services/,all_services_page,2026-09-05,Airtasker UK service taxonomy.,London
Airtasker,Alternator Replacement,Alternator Replacement,V2,https://www.airtasker.com/uk/services/,all_services_page,2026-09-05,Airtasker UK service taxonomy.,London
Airtasker,Aluminium Fencing,Aluminium Fencing,V2,https://www.airtasker.com/uk/services/,all_services_page,2026-09-05,Airtasker UK service taxonomy.,London
Airtasker,Aluminium Gutters,Aluminium Gutters,V2,https://www.airtasker.com/uk/services/,all_services_page,2026-09-05,Airtasker UK service taxonomy.,London
Airtasker,Amplifier Repair,Amplifier Repair,V2,https://www.airtasker.com/uk/services/,all_services_page,2026-09-05,Airtasker UK service taxonomy.,London
Airtasker,Android App Development,Android App Development,V2,https://www.airtasker.com/uk/services/,all_services_page,2026-09-05,Airtasker UK service taxonomy.,London
Airtasker,Anger Management Therapy,Anger Management Therapy,V2,https://www.airtasker.com/uk/services/,all_services_page,2026-09-05,Airtasker UK service taxonomy.,London
Airtasker,Antenna Installation,Antenna Installation,V2,https://www.airtasker.com/uk/services/,all_services_page,2026-09-05,Airtasker UK service taxonomy.,London
Airtasker,Anxiety Counselling,Anxiety Counselling,V2,https://www.airtasker.com/uk/services/,all_services_page,2026-09-05,Airtasker UK service taxonomy.,London
Airtasker,Apartment Cleaning,Apartment Cleaning,V2,https://www.airtasker.com/uk/services/,all_services_page,2026-09-05,Airtasker UK service taxonomy.,London
Airtasker,Apartment Painting,Apartment Painting,V2,https://www.airtasker.com/uk/services/,all_services_page,2026-09-05,Airtasker UK service taxonomy.,London
Airtasker,App Development,App Development,V2,https://www.airtasker.com/uk/services/,all_services_page,2026-09-05,Airtasker UK service taxonomy.,London
Airtasker,Apple Help,Apple Help,V2,https://www.airtasker.com/uk/services/,all_services_page,2026-09-05,Airtasker UK service taxonomy.,London
Airtasker,Apple Mac Repairs,Apple Mac Repairs,V2,https://www.airtasker.com/uk/services/,all_services_page,2026-09-05,Airtasker UK service taxonomy.,London
Airtasker,Apple TV Setup,Apple TV Setup,V2,https://www.airtasker.com/uk/services/,all_services_page,2026-09-05,Airtasker UK service taxonomy.,London
Airtasker,Appliance Installation,Appliance Installation,V2,https://www.airtasker.com/uk/services/,all_services_page,2026-09-05,Airtasker UK service taxonomy.,London
Airtasker,Appliance Removal and Disposal,Appliance Removal and Disposal,V2,https://www.airtasker.com/uk/services/,all_services_page,2026-09-05,Airtasker UK service taxonomy.,London
Airtasker,Appliance Removals,Appliance Removals,V2,https://www.airtasker.com/uk/services/,all_services_page,2026-09-05,Airtasker UK service taxonomy.,London
Airtasker,Appliance Repair,Appliance Repair,V2,https://www.airtasker.com/uk/services/,all_services_page,2026-09-05,Airtasker UK service taxonomy.,London
Airtasker,Appliances,Appliances,V2,https://www.airtasker.com/uk/services/,all_services_page,2026-09-05,Airtasker UK service taxonomy.,London
Airtasker,Aquarium Maintenance,Aquarium Maintenance,V2,https://www.airtasker.com/uk/services/,all_services_page,2026-09-05,Airtasker UK service taxonomy.,London
Airtasker,Arabic Lessons,Arabic Lessons,V2,https://www.airtasker.com/uk/services/,all_services_page,2026-09-05,Airtasker UK service taxonomy.,London
Airtasker,Arborist,Arborist,V2,https://www.airtasker.com/uk/services/,all_services_page,2026-09-05,Airtasker UK service taxonomy.,London
Airtasker,Archery Lessons,Archery Lessons,V2,https://www.airtasker.com/uk/services/,all_services_page,2026-09-05,Airtasker UK service taxonomy.,London
Airtasker,Architects,Architects,V2,https://www.airtasker.com/uk/services/,all_services_page,2026-09-05,Airtasker UK service taxonomy.,London
Airtasker,Architectural Rendering & Visualisation,Architectural Rendering & Visualisation,V2,https://www.airtasker.com/uk/services/,all_services_page,2026-09-05,Airtasker UK service taxonomy.,London
Airtasker,Argos Furniture Assembly,Argos Furniture Assembly,V2,https://www.airtasker.com/uk/services/,all_services_page,2026-09-05,Airtasker UK service taxonomy.,London
Airtasker,Art Removals,Art Removals,V2,https://www.airtasker.com/uk/services/,all_services_page,2026-09-05,Airtasker UK service taxonomy.,London
Airtasker,Art Therapy,Art Therapy,V2,https://www.airtasker.com/uk/services/,all_services_page,2026-09-05,Airtasker UK service taxonomy.,London
Airtasker,Art Tutor,Art Tutor,V2,https://www.airtasker.com/uk/services/,all_services_page,2026-09-05,Airtasker UK service taxonomy.,London
Airtasker,Article Writing,Article Writing,V2,https://www.airtasker.com/uk/services/,all_services_page,2026-09-05,Airtasker UK service taxonomy.,London
Airtasker,Artisan Baker,Artisan Baker,V2,https://www.airtasker.com/uk/services/,all_services_page,2026-09-05,Airtasker UK service taxonomy.,London
Airtasker,Asbestos Removal,Asbestos Removal,V2,https://www.airtasker.com/uk/services/,all_services_page,2026-09-05,Airtasker UK service taxonomy.,London
Airtasker,Assembly,Assembly,V2,https://www.airtasker.com/uk/services/,all_services_page,2026-09-05,Airtasker UK service taxonomy.,London
Airtasker,At Home Personal Training,At Home Personal Training,V2,https://www.airtasker.com/uk/services/,all_services_page,2026-09-05,Airtasker UK service taxonomy.,London
Airtasker,Attic Cleaning,Attic Cleaning,V2,https://www.airtasker.com/uk/services/,all_services_page,2026-09-05,Airtasker UK service taxonomy.,London
Airtasker,Attic Ladder Installation,Attic Ladder Installation,V2,https://www.airtasker.com/uk/services/,all_services_page,2026-09-05,Airtasker UK service taxonomy.,London
Airtasker,Audi Service,Audi Service,V2,https://www.airtasker.com/uk/services/,all_services_page,2026-09-05,Airtasker UK service taxonomy.,London
Airtasker,Audio Visual,Audio Visual,V2,https://www.airtasker.com/uk/services/,all_services_page,2026-09-05,Airtasker UK service taxonomy.,London
Airtasker,Auto Electrician,Auto Electrician,V2,https://www.airtasker.com/uk/services/,all_services_page,2026-09-05,Airtasker UK service taxonomy.,London
Airtasker,Auto Electricians,Auto Electricians,V2,https://www.airtasker.com/uk/services/,all_services_page,2026-09-05,Airtasker UK service taxonomy.,London
Airtasker,AutoCAD Designer,AutoCAD Designer,V2,https://www.airtasker.com/uk/services/,all_services_page,2026-09-05,Airtasker UK service taxonomy.,London
Airtasker,Awning,Awning,V2,https://www.airtasker.com/uk/services/,all_services_page,2026-09-05,Airtasker UK service taxonomy.,London
Airtasker,Awning Repair,Awning Repair,V2,https://www.airtasker.com/uk/services/,all_services_page,2026-09-05,Airtasker UK service taxonomy.,London
Airtasker,BBQ Assembly,BBQ Assembly,V2,https://www.airtasker.com/uk/services/,all_services_page,2026-09-05,Airtasker UK service taxonomy.,London
Airtasker,BBQ Catering & Help,BBQ Catering & Help,V2,https://www.airtasker.com/uk/services/,all_services_page,2026-09-05,Airtasker UK service taxonomy.,London
Airtasker,BBQ Cleaning,BBQ Cleaning,V2,https://www.airtasker.com/uk/services/,all_services_page,2026-09-05,Airtasker UK service taxonomy.,London
Airtasker,BBQ Delivery,BBQ Delivery,V2,https://www.airtasker.com/uk/services/,all_services_page,2026-09-05,Airtasker UK service taxonomy.,London
Airtasker,BBQ Repair,BBQ Repair,V2,https://www.airtasker.com/uk/services/,all_services_page,2026-09-05,Airtasker UK service taxonomy.,London
Airtasker,BMW Service,BMW Service,V2,https://www.airtasker.com/uk/services/,all_services_page,2026-09-05,Airtasker UK service taxonomy.,London
Airtasker,Baby Gift Delivery,Baby Gift Delivery,V2,https://www.airtasker.com/uk/services/,all_services_page,2026-09-05,Airtasker UK service taxonomy.,London
Airtasker,Baby Proofing,Baby Proofing,V2,https://www.airtasker.com/uk/services/,all_services_page,2026-09-05,Airtasker UK service taxonomy.,London
Airtasker,Babysitter,Babysitter,V2,https://www.airtasker.com/uk/services/,all_services_page,2026-09-05,Airtasker UK service taxonomy.,London
Airtasker,Backhoeing,Backhoeing,V2,https://www.airtasker.com/uk/services/,all_services_page,2026-09-05,Airtasker UK service taxonomy.,London
Airtasker,Bagpipe Lessons,Bagpipe Lessons,V2,https://www.airtasker.com/uk/services/,all_services_page,2026-09-05,Airtasker UK service taxonomy.,London
Airtasker,Bagpiper,Bagpiper,V2,https://www.airtasker.com/uk/services/,all_services_page,2026-09-05,Airtasker UK service taxonomy.,London
Airtasker,Bakers,Bakers,V2,https://www.airtasker.com/uk/services/,all_services_page,2026-09-05,Airtasker UK service taxonomy.,London
Airtasker,Baking Lessons,Baking Lessons,V2,https://www.airtasker.com/uk/services/,all_services_page,2026-09-05,Airtasker UK service taxonomy.,London
Airtasker,Balcony Cleaning,Balcony Cleaning,V2,https://www.airtasker.com/uk/services/,all_services_page,2026-09-05,Airtasker UK service taxonomy.,London
Airtasker,Ballet Lessons,Ballet Lessons,V2,https://www.airtasker.com/uk/services/,all_services_page,2026-09-05,Airtasker UK service taxonomy.,London
Airtasker,Balloon Artist,Balloon Artist,V2,https://www.airtasker.com/uk/services/,all_services_page,2026-09-05,Airtasker UK service taxonomy.,London
Airtasker,Balloon Decorators,Balloon Decorators,V2,https://www.airtasker.com/uk/services/,all_services_page,2026-09-05,Airtasker UK service taxonomy.,London
Airtasker,Balloon Delivery,Balloon Delivery,V2,https://www.airtasker.com/uk/services/,all_services_page,2026-09-05,Airtasker UK service taxonomy.,London
Airtasker,Ballroom Dance Lessons,Ballroom Dance Lessons,V2,https://www.airtasker.com/uk/services/,all_services_page,2026-09-05,Airtasker UK service taxonomy.,London
Airtasker,Balustrading,Balustrading,V2,https://www.airtasker.com/uk/services/,all_services_page,2026-09-05,Airtasker UK service taxonomy.,London
Airtasker,Bamboo Fencing,Bamboo Fencing,V2,https://www.airtasker.com/uk/services/,all_services_page,2026-09-05,Airtasker UK service taxonomy.,London
Airtasker,Bamboo Flooring,Bamboo Flooring,V2,https://www.airtasker.com/uk/services/,all_services_page,2026-09-05,Airtasker UK service taxonomy.,London
Airtasker,Band Hire,Band Hire,V2,https://www.airtasker.com/uk/services/,all_services_page,2026-09-05,Airtasker UK service taxonomy.,London
Airtasker,Banjo Lessons,Banjo Lessons,V2,https://www.airtasker.com/uk/services/,all_services_page,2026-09-05,Airtasker UK service taxonomy.,London
Airtasker,Barber,Barber,V2,https://www.airtasker.com/uk/services/,all_services_page,2026-09-05,Airtasker UK service taxonomy.,London
Airtasker,Barbers,Barbers,V2,https://www.airtasker.com/uk/services/,all_services_page,2026-09-05,Airtasker UK service taxonomy.,London
Airtasker,Barista,Barista,V2,https://www.airtasker.com/uk/services/,all_services_page,2026-09-05,Airtasker UK service taxonomy.,London
Airtasker,Bartending,Bartending,V2,https://www.airtasker.com/uk/services/,all_services_page,2026-09-05,Airtasker UK service taxonomy.,London
Airtasker,Basement Conversion,Basement Conversion,V2,https://www.airtasker.com/uk/services/,all_services_page,2026-09-05,Airtasker UK service taxonomy.,London
Airtasker,Basement Painting,Basement Painting,V2,https://www.airtasker.com/uk/services/,all_services_page,2026-09-05,Airtasker UK service taxonomy.,London
Airtasker,Basketball Hoop System Assembly,Basketball Hoop System Assembly,V2,https://www.airtasker.com/uk/services/,all_services_page,2026-09-05,Airtasker UK service taxonomy.,London
Airtasker,Basketball Training,Basketball Training,V2,https://www.airtasker.com/uk/services/,all_services_page,2026-09-05,Airtasker UK service taxonomy.,London
Airtasker,Bass Guitar Lessons,Bass Guitar Lessons,V2,https://www.airtasker.com/uk/services/,all_services_page,2026-09-05,Airtasker UK service taxonomy.,London
Airtasker,Bath resurfacing,Bath resurfacing,V2,https://www.airtasker.com/uk/services/,all_services_page,2026-09-05,Airtasker UK service taxonomy.,London
Airtasker,Bathroom Cabinet Maker,Bathroom Cabinet Maker,V2,https://www.airtasker.com/uk/services/,all_services_page,2026-09-05,Airtasker UK service taxonomy.,London
Airtasker,Bathroom Carpet Fitting,Bathroom Carpet Fitting,V2,https://www.airtasker.com/uk/services/,all_services_page,2026-09-05,Airtasker UK service taxonomy.,London
Airtasker,Bathroom Cladding,Bathroom Cladding,V2,https://www.airtasker.com/uk/services/,all_services_page,2026-09-05,Airtasker UK service taxonomy.,London
Airtasker,Bathroom Designers,Bathroom Designers,V2,https://www.airtasker.com/uk/services/,all_services_page,2026-09-05,Airtasker UK service taxonomy.,London
Airtasker,Bathroom Flooring,Bathroom Flooring,V2,https://www.airtasker.com/uk/services/,all_services_page,2026-09-05,Airtasker UK service taxonomy.,London
Airtasker,Bathroom Renovation,Bathroom Renovation,V2,https://www.airtasker.com/uk/services/,all_services_page,2026-09-05,Airtasker UK service taxonomy.,London
Airtasker,Baxi Boiler Repair,Baxi Boiler Repair,V2,https://www.airtasker.com/uk/services/,all_services_page,2026-09-05,Airtasker UK service taxonomy.,London
Airtasker,Beard Grooming,Beard Grooming,V2,https://www.airtasker.com/uk/services/,all_services_page,2026-09-05,Airtasker UK service taxonomy.,London
Airtasker,Beautician,Beautician,V2,https://www.airtasker.com/uk/services/,all_services_page,2026-09-05,Airtasker UK service taxonomy.,London
Airtasker,Beauticians,Beauticians,V2,https://www.airtasker.com/uk/services/,all_services_page,2026-09-05,Airtasker UK service taxonomy.,London
Airtasker,Bed Bug Removal,Bed Bug Removal,V2,https://www.airtasker.com/uk/services/,all_services_page,2026-09-05,Airtasker UK service taxonomy.,London
Airtasker,Bed Repairs,Bed Repairs,V2,https://www.airtasker.com/uk/services/,all_services_page,2026-09-05,Airtasker UK service taxonomy.,London
Airtasker,Belly Dancer,Belly Dancer,V2,https://www.airtasker.com/uk/services/,all_services_page,2026-09-05,Airtasker UK service taxonomy.,London
Airtasker,Belly Dancing Lessons,Belly Dancing Lessons,V2,https://www.airtasker.com/uk/services/,all_services_page,2026-09-05,Airtasker UK service taxonomy.,London
Airtasker,Ben and Jerry's Delivery,Ben and Jerry's Delivery,V2,https://www.airtasker.com/uk/services/,all_services_page,2026-09-05,Airtasker UK service taxonomy.,London
Airtasker,Bereavement & Grief Counselling,Bereavement & Grief Counselling,V2,https://www.airtasker.com/uk/services/,all_services_page,2026-09-05,Airtasker UK service taxonomy.,London
Airtasker,Bespoke Furniture,Bespoke Furniture,V2,https://www.airtasker.com/uk/services/,all_services_page,2026-09-05,Airtasker UK service taxonomy.,London
Airtasker,Bicycle Assembly,Bicycle Assembly,V2,https://www.airtasker.com/uk/services/,all_services_page,2026-09-05,Airtasker UK service taxonomy.,London
Airtasker,Bicycle Courier,Bicycle Courier,V2,https://www.airtasker.com/uk/services/,all_services_page,2026-09-05,Airtasker UK service taxonomy.,London
Airtasker,Bicycle Service,Bicycle Service,V2,https://www.airtasker.com/uk/services/,all_services_page,2026-09-05,Airtasker UK service taxonomy.,London
Airtasker,Bicycle Tyre Repair,Bicycle Tyre Repair,V2,https://www.airtasker.com/uk/services/,all_services_page,2026-09-05,Airtasker UK service taxonomy.,London
Airtasker,Bifold Door Repair,Bifold Door Repair,V2,https://www.airtasker.com/uk/services/,all_services_page,2026-09-05,Airtasker UK service taxonomy.,London
Airtasker,Bike Frame Painting Service,Bike Frame Painting Service,V2,https://www.airtasker.com/uk/services/,all_services_page,2026-09-05,Airtasker UK service taxonomy.,London
Airtasker,Bike Hanging,Bike Hanging,V2,https://www.airtasker.com/uk/services/,all_services_page,2026-09-05,Airtasker UK service taxonomy.,London
Airtasker,Bike Lessons,Bike Lessons,V2,https://www.airtasker.com/uk/services/,all_services_page,2026-09-05,Airtasker UK service taxonomy.,London
Airtasker,Bikram Yoga,Bikram Yoga,V2,https://www.airtasker.com/uk/services/,all_services_page,2026-09-05,Airtasker UK service taxonomy.,London
Airtasker,Biology Tutor,Biology Tutor,V2,https://www.airtasker.com/uk/services/,all_services_page,2026-09-05,Airtasker UK service taxonomy.,London
Airtasker,Biomass Boiler Service,Biomass Boiler Service,V2,https://www.airtasker.com/uk/services/,all_services_page,2026-09-05,Airtasker UK service taxonomy.,London
Airtasker,Bird Control,Bird Control,V2,https://www.airtasker.com/uk/services/,all_services_page,2026-09-05,Airtasker UK service taxonomy.,London
Airtasker,Bird Sitting,Bird Sitting,V2,https://www.airtasker.com/uk/services/,all_services_page,2026-09-05,Airtasker UK service taxonomy.,London
Airtasker,Birmingham to Edinburgh Removals,Birmingham to Edinburgh Removals,V2,https://www.airtasker.com/uk/services/,all_services_page,2026-09-05,Airtasker UK service taxonomy.,London
Airtasker,Birthday Balloon Delivery,Birthday Balloon Delivery,V2,https://www.airtasker.com/uk/services/,all_services_page,2026-09-05,Airtasker UK service taxonomy.,London
Airtasker,Birthday Decorators,Birthday Decorators,V2,https://www.airtasker.com/uk/services/,all_services_page,2026-09-05,Airtasker UK service taxonomy.,London
Airtasker,Birthday Gift Delivery,Birthday Gift Delivery,V2,https://www.airtasker.com/uk/services/,all_services_page,2026-09-05,Airtasker UK service taxonomy.,London
Airtasker,Birthday Grams,Birthday Grams,V2,https://www.airtasker.com/uk/services/,all_services_page,2026-09-05,Airtasker UK service taxonomy.,London
Airtasker,Birthday Photographer,Birthday Photographer,V2,https://www.airtasker.com/uk/services/,all_services_page,2026-09-05,Airtasker UK service taxonomy.,London
Airtasker,Blacksmithing,Blacksmithing,V2,https://www.airtasker.com/uk/services/,all_services_page,2026-09-05,Airtasker UK service taxonomy.,London
Airtasker,Blind Cleaning,Blind Cleaning,V2,https://www.airtasker.com/uk/services/,all_services_page,2026-09-05,Airtasker UK service taxonomy.,London
Airtasker,Blind Repairs,Blind Repairs,V2,https://www.airtasker.com/uk/services/,all_services_page,2026-09-05,Airtasker UK service taxonomy.,London
Airtasker,Blog Writing,Blog Writing,V2,https://www.airtasker.com/uk/services/,all_services_page,2026-09-05,Airtasker UK service taxonomy.,London
Airtasker,Blow Dry,Blow Dry,V2,https://www.airtasker.com/uk/services/,all_services_page,2026-09-05,Airtasker UK service taxonomy.,London
Airtasker,Board-Up Service,Board-Up Service,V2,https://www.airtasker.com/uk/services/,all_services_page,2026-09-05,Airtasker UK service taxonomy.,London
Airtasker,Boat Transport,Boat Transport,V2,https://www.airtasker.com/uk/services/,all_services_page,2026-09-05,Airtasker UK service taxonomy.,London
Airtasker,Body Piercing,Body Piercing,V2,https://www.airtasker.com/uk/services/,all_services_page,2026-09-05,Airtasker UK service taxonomy.,London
Airtasker,Bootcamp Training,Bootcamp Training,V2,https://www.airtasker.com/uk/services/,all_services_page,2026-09-05,Airtasker UK service taxonomy.,London
Airtasker,Boring Excavation,Boring Excavation,V2,https://www.airtasker.com/uk/services/,all_services_page,2026-09-05,Airtasker UK service taxonomy.,London
Airtasker,Bosch Appliance Repair,Bosch Appliance Repair,V2,https://www.airtasker.com/uk/services/,all_services_page,2026-09-05,Airtasker UK service taxonomy.,London
Airtasker,Boxing Instructor,Boxing Instructor,V2,https://www.airtasker.com/uk/services/,all_services_page,2026-09-05,Airtasker UK service taxonomy.,London
Airtasker,Brake Pad Replacement,Brake Pad Replacement,V2,https://www.airtasker.com/uk/services/,all_services_page,2026-09-05,Airtasker UK service taxonomy.,London
Airtasker,Brake Repair,Brake Repair,V2,https://www.airtasker.com/uk/services/,all_services_page,2026-09-05,Airtasker UK service taxonomy.,London
Airtasker,Branding Designer,Branding Designer,V2,https://www.airtasker.com/uk/services/,all_services_page,2026-09-05,Airtasker UK service taxonomy.,London
Airtasker,Bread Delivery,Bread Delivery,V2,https://www.airtasker.com/uk/services/,all_services_page,2026-09-05,Airtasker UK service taxonomy.,London
Airtasker,Breakfast Takeaway & Delivery,Breakfast Takeaway & Delivery,V2,https://www.airtasker.com/uk/services/,all_services_page,2026-09-05,Airtasker UK service taxonomy.,London
Airtasker,Brick Cleaning,Brick Cleaning,V2,https://www.airtasker.com/uk/services/,all_services_page,2026-09-05,Airtasker UK service taxonomy.,London
Airtasker,Brick Paving,Brick Paving,V2,https://www.airtasker.com/uk/services/,all_services_page,2026-09-05,Airtasker UK service taxonomy.,London
Airtasker,Brick Repair,Brick Repair,V2,https://www.airtasker.com/uk/services/,all_services_page,2026-09-05,Airtasker UK service taxonomy.,London
Airtasker,Brick Rubble Removal,Brick Rubble Removal,V2,https://www.airtasker.com/uk/services/,all_services_page,2026-09-05,Airtasker UK service taxonomy.,London
Airtasker,Bricklayer,Bricklayer,V2,https://www.airtasker.com/uk/services/,all_services_page,2026-09-05,Airtasker UK service taxonomy.,London
Airtasker,Brownie Delivery,Brownie Delivery,V2,https://www.airtasker.com/uk/services/,all_services_page,2026-09-05,Airtasker UK service taxonomy.,London
Airtasker,Budgeting Help,Budgeting Help,V2,https://www.airtasker.com/uk/services/,all_services_page,2026-09-05,Airtasker UK service taxonomy.,London
Airtasker,Buffet Catering,Buffet Catering,V2,https://www.airtasker.com/uk/services/,all_services_page,2026-09-05,Airtasker UK service taxonomy.,London
Airtasker,Building & Construction,Building & Construction,V2,https://www.airtasker.com/uk/services/,all_services_page,2026-09-05,Airtasker UK service taxonomy.,London
Airtasker,Building Consultant,Building Consultant,V2,https://www.airtasker.com/uk/services/,all_services_page,2026-09-05,Airtasker UK service taxonomy.,London
Airtasker,Building Contractors,Building Contractors,V2,https://www.airtasker.com/uk/services/,all_services_page,2026-09-05,Airtasker UK service taxonomy.,London
Airtasker,Building Designers,Building Designers,V2,https://www.airtasker.com/uk/services/,all_services_page,2026-09-05,Airtasker UK service taxonomy.,London
Airtasker,Building Restoration,Building Restoration,V2,https://www.airtasker.com/uk/services/,all_services_page,2026-09-05,Airtasker UK service taxonomy.,London
Airtasker,Building Surveyor,Building Surveyor,V2,https://www.airtasker.com/uk/services/,all_services_page,2026-09-05,Airtasker UK service taxonomy.,London
Airtasker,Built,Built,V2,https://www.airtasker.com/uk/services/,all_services_page,2026-09-05,Airtasker UK service taxonomy.,London
Airtasker,Bulky Waste Collection,Bulky Waste Collection,V2,https://www.airtasker.com/uk/services/,all_services_page,2026-09-05,Airtasker UK service taxonomy.,London
Airtasker,Burger King Delivery,Burger King Delivery,V2,https://www.airtasker.com/uk/services/,all_services_page,2026-09-05,Airtasker UK service taxonomy.,London
Airtasker,Burger Takeaway,Burger Takeaway,V2,https://www.airtasker.com/uk/services/,all_services_page,2026-09-05,Airtasker UK service taxonomy.,London
Airtasker,Burglar Alarm Installation,Burglar Alarm Installation,V2,https://www.airtasker.com/uk/services/,all_services_page,2026-09-05,Airtasker UK service taxonomy.,London
Airtasker,Business Advisory,Business Advisory,V2,https://www.airtasker.com/uk/services/,all_services_page,2026-09-05,Airtasker UK service taxonomy.,London
Airtasker,Business Coach,Business Coach,V2,https://www.airtasker.com/uk/services/,all_services_page,2026-09-05,Airtasker UK service taxonomy.,London
Airtasker,Business Consultant,Business Consultant,V2,https://www.airtasker.com/uk/services/,all_services_page,2026-09-05,Airtasker UK service taxonomy.,London
Airtasker,CAD Designer,CAD Designer,V2,https://www.airtasker.com/uk/services/,all_services_page,2026-09-05,Airtasker UK service taxonomy.,London
Airtasker,CCTV Installation,CCTV Installation,V2,https://www.airtasker.com/uk/services/,all_services_page,2026-09-05,Airtasker UK service taxonomy.,London
Airtasker,CPR Training,CPR Training,V2,https://www.airtasker.com/uk/services/,all_services_page,2026-09-05,Airtasker UK service taxonomy.,London
Airtasker,Cabinet Design,Cabinet Design,V2,https://www.airtasker.com/uk/services/,all_services_page,2026-09-05,Airtasker UK service taxonomy.,London
Airtasker,Cabinet Installation,Cabinet Installation,V2,https://www.airtasker.com/uk/services/,all_services_page,2026-09-05,Airtasker UK service taxonomy.,London
Airtasker,Cabinet Making,Cabinet Making,V2,https://www.airtasker.com/uk/services/,all_services_page,2026-09-05,Airtasker UK service taxonomy.,London
Airtasker,Cake Decorators,Cake Decorators,V2,https://www.airtasker.com/uk/services/,all_services_page,2026-09-05,Airtasker UK service taxonomy.,London
Airtasker,Cake Delivery,Cake Delivery,V2,https://www.airtasker.com/uk/services/,all_services_page,2026-09-05,Airtasker UK service taxonomy.,London
Airtasker,Cake Toppers,Cake Toppers,V2,https://www.airtasker.com/uk/services/,all_services_page,2026-09-05,Airtasker UK service taxonomy.,London
Airtasker,Calligraphy Tutor,Calligraphy Tutor,V2,https://www.airtasker.com/uk/services/,all_services_page,2026-09-05,Airtasker UK service taxonomy.,London
Airtasker,Cambelt Change,Cambelt Change,V2,https://www.airtasker.com/uk/services/,all_services_page,2026-09-05,Airtasker UK service taxonomy.,London
Airtasker,Car Accident Repair,Car Accident Repair,V2,https://www.airtasker.com/uk/services/,all_services_page,2026-09-05,Airtasker UK service taxonomy.,London
Airtasker,Car Air Conditioning Service,Car Air Conditioning Service,V2,https://www.airtasker.com/uk/services/,all_services_page,2026-09-05,Airtasker UK service taxonomy.,London
Airtasker,Car Aircon Regas,Car Aircon Regas,V2,https://www.airtasker.com/uk/services/,all_services_page,2026-09-05,Airtasker UK service taxonomy.,London
Airtasker,Car Aircon Repair,Car Aircon Repair,V2,https://www.airtasker.com/uk/services/,all_services_page,2026-09-05,Airtasker UK service taxonomy.,London
Airtasker,Car Alarm System Repair,Car Alarm System Repair,V2,https://www.airtasker.com/uk/services/,all_services_page,2026-09-05,Airtasker UK service taxonomy.,London
Airtasker,Car Battery Replacement,Car Battery Replacement,V2,https://www.airtasker.com/uk/services/,all_services_page,2026-09-05,Airtasker UK service taxonomy.,London
Airtasker,Car Body Repair,Car Body Repair,V2,https://www.airtasker.com/uk/services/,all_services_page,2026-09-05,Airtasker UK service taxonomy.,London
Airtasker,Car Body Work,Car Body Work,V2,https://www.airtasker.com/uk/services/,all_services_page,2026-09-05,Airtasker UK service taxonomy.,London
Airtasker,Car Bumper Repair,Car Bumper Repair,V2,https://www.airtasker.com/uk/services/,all_services_page,2026-09-05,Airtasker UK service taxonomy.,London
Airtasker,Car CD Player Installation,Car CD Player Installation,V2,https://www.airtasker.com/uk/services/,all_services_page,2026-09-05,Airtasker UK service taxonomy.,London
Airtasker,Car Cleaning,Car Cleaning,V2,https://www.airtasker.com/uk/services/,all_services_page,2026-09-05,Airtasker UK service taxonomy.,London
Airtasker,Car Delivery Service,Car Delivery Service,V2,https://www.airtasker.com/uk/services/,all_services_page,2026-09-05,Airtasker UK service taxonomy.,London
Airtasker,Car Detailing,Car Detailing,V2,https://www.airtasker.com/uk/services/,all_services_page,2026-09-05,Airtasker UK service taxonomy.,London
Airtasker,Car Diagnostics,Car Diagnostics,V2,https://www.airtasker.com/uk/services/,all_services_page,2026-09-05,Airtasker UK service taxonomy.,London
Airtasker,Car Electrical Repair,Car Electrical Repair,V2,https://www.airtasker.com/uk/services/,all_services_page,2026-09-05,Airtasker UK service taxonomy.,London
Airtasker,Car Engine Steam Cleaning,Car Engine Steam Cleaning,V2,https://www.airtasker.com/uk/services/,all_services_page,2026-09-05,Airtasker UK service taxonomy.,London
Airtasker,Car Glass Repair,Car Glass Repair,V2,https://www.airtasker.com/uk/services/,all_services_page,2026-09-05,Airtasker UK service taxonomy.,London
Airtasker,Car Inspection,Car Inspection,V2,https://www.airtasker.com/uk/services/,all_services_page,2026-09-05,Airtasker UK service taxonomy.,London
Airtasker,Car Interior Cleaning,Car Interior Cleaning,V2,https://www.airtasker.com/uk/services/,all_services_page,2026-09-05,Airtasker UK service taxonomy.,London
Airtasker,Car Key Repair,Car Key Repair,V2,https://www.airtasker.com/uk/services/,all_services_page,2026-09-05,Airtasker UK service taxonomy.,London
Airtasker,Car Key Replacement,Car Key Replacement,V2,https://www.airtasker.com/uk/services/,all_services_page,2026-09-05,Airtasker UK service taxonomy.,London
Airtasker,Car Keyless Entry System Installation,Car Keyless Entry System Installation,V2,https://www.airtasker.com/uk/services/,all_services_page,2026-09-05,Airtasker UK service taxonomy.,London
Airtasker,Car Paint Repair,Car Paint Repair,V2,https://www.airtasker.com/uk/services/,all_services_page,2026-09-05,Airtasker UK service taxonomy.,London
Airtasker,Car Painting,Car Painting,V2,https://www.airtasker.com/uk/services/,all_services_page,2026-09-05,Airtasker UK service taxonomy.,London
Airtasker,Car Repair,Car Repair,V2,https://www.airtasker.com/uk/services/,all_services_page,2026-09-05,Airtasker UK service taxonomy.,London
Airtasker,Car Respray,Car Respray,V2,https://www.airtasker.com/uk/services/,all_services_page,2026-09-05,Airtasker UK service taxonomy.,London
Airtasker,Car Restoration,Car Restoration,V2,https://www.airtasker.com/uk/services/,all_services_page,2026-09-05,Airtasker UK service taxonomy.,London
Airtasker,Car Roof Lining Repair,Car Roof Lining Repair,V2,https://www.airtasker.com/uk/services/,all_services_page,2026-09-05,Airtasker UK service taxonomy.,London
Airtasker,Car Scratch Repair,Car Scratch Repair,V2,https://www.airtasker.com/uk/services/,all_services_page,2026-09-05,Airtasker UK service taxonomy.,London
Airtasker,Car Seat Repair,Car Seat Repair,V2,https://www.airtasker.com/uk/services/,all_services_page,2026-09-05,Airtasker UK service taxonomy.,London
Airtasker,Car Service,Car Service,V2,https://www.airtasker.com/uk/services/,all_services_page,2026-09-05,Airtasker UK service taxonomy.,London
Airtasker,Car Servicing and MOT,Car Servicing and MOT,V2,https://www.airtasker.com/uk/services/,all_services_page,2026-09-05,Airtasker UK service taxonomy.,London
Airtasker,Car Speaker Installation,Car Speaker Installation,V2,https://www.airtasker.com/uk/services/,all_services_page,2026-09-05,Airtasker UK service taxonomy.,London
Airtasker,Car Stereo Installation,Car Stereo Installation,V2,https://www.airtasker.com/uk/services/,all_services_page,2026-09-05,Airtasker UK service taxonomy.,London
Airtasker,Car Upholstery Repair,Car Upholstery Repair,V2,https://www.airtasker.com/uk/services/,all_services_page,2026-09-05,Airtasker UK service taxonomy.,London
Airtasker,Car Valet,Car Valet,V2,https://www.airtasker.com/uk/services/,all_services_page,2026-09-05,Airtasker UK service taxonomy.,London
Airtasker,Car Wash,Car Wash,V2,https://www.airtasker.com/uk/services/,all_services_page,2026-09-05,Airtasker UK service taxonomy.,London
Airtasker,Car Welding,Car Welding,V2,https://www.airtasker.com/uk/services/,all_services_page,2026-09-05,Airtasker UK service taxonomy.,London
Airtasker,Car Window Repair,Car Window Repair,V2,https://www.airtasker.com/uk/services/,all_services_page,2026-09-05,Airtasker UK service taxonomy.,London
Airtasker,Car Window Replacement,Car Window Replacement,V2,https://www.airtasker.com/uk/services/,all_services_page,2026-09-05,Airtasker UK service taxonomy.,London
Airtasker,Car Window Tinting,Car Window Tinting,V2,https://www.airtasker.com/uk/services/,all_services_page,2026-09-05,Airtasker UK service taxonomy.,London
Airtasker,Car Wrapping,Car Wrapping,V2,https://www.airtasker.com/uk/services/,all_services_page,2026-09-05,Airtasker UK service taxonomy.,London
Airtasker,Caravan Transport,Caravan Transport,V2,https://www.airtasker.com/uk/services/,all_services_page,2026-09-05,Airtasker UK service taxonomy.,London
Airtasker,Carbon Bike Repair,Carbon Bike Repair,V2,https://www.airtasker.com/uk/services/,all_services_page,2026-09-05,Airtasker UK service taxonomy.,London
Airtasker,Carburetor Tuning,Carburetor Tuning,V2,https://www.airtasker.com/uk/services/,all_services_page,2026-09-05,Airtasker UK service taxonomy.,London
Airtasker,Career Coach,Career Coach,V2,https://www.airtasker.com/uk/services/,all_services_page,2026-09-05,Airtasker UK service taxonomy.,London
Airtasker,Carpentry,Carpentry,V2,https://www.airtasker.com/uk/services/,all_services_page,2026-09-05,Airtasker UK service taxonomy.,London
Airtasker,Carpet Cleaning,Carpet Cleaning,V2,https://www.airtasker.com/uk/services/,all_services_page,2026-09-05,Airtasker UK service taxonomy.,London
Airtasker,Carpet Laying & Installation,Carpet Laying & Installation,V2,https://www.airtasker.com/uk/services/,all_services_page,2026-09-05,Airtasker UK service taxonomy.,London
Airtasker,Case Study Writing,Case Study Writing,V2,https://www.airtasker.com/uk/services/,all_services_page,2026-09-05,Airtasker UK service taxonomy.,London
Airtasker,Cat Boarding,Cat Boarding,V2,https://www.airtasker.com/uk/services/,all_services_page,2026-09-05,Airtasker UK service taxonomy.,London
Airtasker,Cat Care,Cat Care,V2,https://www.airtasker.com/uk/services/,all_services_page,2026-09-05,Airtasker UK service taxonomy.,London
Airtasker,Cat Door Installation,Cat Door Installation,V2,https://www.airtasker.com/uk/services/,all_services_page,2026-09-05,Airtasker UK service taxonomy.,London
Airtasker,Cat Flap Fitter,Cat Flap Fitter,V2,https://www.airtasker.com/uk/services/,all_services_page,2026-09-05,Airtasker UK service taxonomy.,London
Airtasker,Cat Grooming,Cat Grooming,V2,https://www.airtasker.com/uk/services/,all_services_page,2026-09-05,Airtasker UK service taxonomy.,London
Airtasker,Cat Sitting,Cat Sitting,V2,https://www.airtasker.com/uk/services/,all_services_page,2026-09-05,Airtasker UK service taxonomy.,London
Airtasker,Cat Training,Cat Training,V2,https://www.airtasker.com/uk/services/,all_services_page,2026-09-05,Airtasker UK service taxonomy.,London
Airtasker,Catalogue Delivery,Catalogue Delivery,V2,https://www.airtasker.com/uk/services/,all_services_page,2026-09-05,Airtasker UK service taxonomy.,London
Airtasker,Catering,Catering,V2,https://www.airtasker.com/uk/services/,all_services_page,2026-09-05,Airtasker UK service taxonomy.,London
Airtasker,Cavity Wall Insulation,Cavity Wall Insulation,V2,https://www.airtasker.com/uk/services/,all_services_page,2026-09-05,Airtasker UK service taxonomy.,London
Airtasker,Ceiling Cladding,Ceiling Cladding,V2,https://www.airtasker.com/uk/services/,all_services_page,2026-09-05,Airtasker UK service taxonomy.,London
Airtasker,Ceiling Cleaning,Ceiling Cleaning,V2,https://www.airtasker.com/uk/services/,all_services_page,2026-09-05,Airtasker UK service taxonomy.,London
Airtasker,Ceiling Fan Installation,Ceiling Fan Installation,V2,https://www.airtasker.com/uk/services/,all_services_page,2026-09-05,Airtasker UK service taxonomy.,London
Airtasker,Ceiling Fan Repair,Ceiling Fan Repair,V2,https://www.airtasker.com/uk/services/,all_services_page,2026-09-05,Airtasker UK service taxonomy.,London
Airtasker,Celebration Cakes,Celebration Cakes,V2,https://www.airtasker.com/uk/services/,all_services_page,2026-09-05,Airtasker UK service taxonomy.,London
Airtasker,Cellar & Basement Clearance,Cellar & Basement Clearance,V2,https://www.airtasker.com/uk/services/,all_services_page,2026-09-05,Airtasker UK service taxonomy.,London
Airtasker,Cello Lessons,Cello Lessons,V2,https://www.airtasker.com/uk/services/,all_services_page,2026-09-05,Airtasker UK service taxonomy.,London
Airtasker,Central Heating,Central Heating,V2,https://www.airtasker.com/uk/services/,all_services_page,2026-09-05,Airtasker UK service taxonomy.,London
Airtasker,Central Locking Installation,Central Locking Installation,V2,https://www.airtasker.com/uk/services/,all_services_page,2026-09-05,Airtasker UK service taxonomy.,London
Airtasker,Chain Link Fencing,Chain Link Fencing,V2,https://www.airtasker.com/uk/services/,all_services_page,2026-09-05,Airtasker UK service taxonomy.,London
Airtasker,Chainsaw Service & Repair,Chainsaw Service & Repair,V2,https://www.airtasker.com/uk/services/,all_services_page,2026-09-05,Airtasker UK service taxonomy.,London
Airtasker,Chainsawing,Chainsawing,V2,https://www.airtasker.com/uk/services/,all_services_page,2026-09-05,Airtasker UK service taxonomy.,London
Airtasker,Chair Repair,Chair Repair,V2,https://www.airtasker.com/uk/services/,all_services_page,2026-09-05,Airtasker UK service taxonomy.,London
Airtasker,Chandelier Installation,Chandelier Installation,V2,https://www.airtasker.com/uk/services/,all_services_page,2026-09-05,Airtasker UK service taxonomy.,London
Airtasker,Chef,Chef,V2,https://www.airtasker.com/uk/services/,all_services_page,2026-09-05,Airtasker UK service taxonomy.,London
Airtasker,Chemistry Tutor,Chemistry Tutor,V2,https://www.airtasker.com/uk/services/,all_services_page,2026-09-05,Airtasker UK service taxonomy.,London
Airtasker,Chess Lessons,Chess Lessons,V2,https://www.airtasker.com/uk/services/,all_services_page,2026-09-05,Airtasker UK service taxonomy.,London
Airtasker,Chicken Runs,Chicken Runs,V2,https://www.airtasker.com/uk/services/,all_services_page,2026-09-05,Airtasker UK service taxonomy.,London
Airtasker,Chicken Takeaway,Chicken Takeaway,V2,https://www.airtasker.com/uk/services/,all_services_page,2026-09-05,Airtasker UK service taxonomy.,London
Airtasker,Child Counselling,Child Counselling,V2,https://www.airtasker.com/uk/services/,all_services_page,2026-09-05,Airtasker UK service taxonomy.,London
Airtasker,Childcare & Safety,Childcare & Safety,V2,https://www.airtasker.com/uk/services/,all_services_page,2026-09-05,Airtasker UK service taxonomy.,London
Airtasker,Childminders,Childminders,V2,https://www.airtasker.com/uk/services/,all_services_page,2026-09-05,Airtasker UK service taxonomy.,London
Airtasker,Chimney Repair,Chimney Repair,V2,https://www.airtasker.com/uk/services/,all_services_page,2026-09-05,Airtasker UK service taxonomy.,London
Airtasker,Chimney Services,Chimney Services,V2,https://www.airtasker.com/uk/services/,all_services_page,2026-09-05,Airtasker UK service taxonomy.,London
Airtasker,Chimney Sweep,Chimney Sweep,V2,https://www.airtasker.com/uk/services/,all_services_page,2026-09-05,Airtasker UK service taxonomy.,London
Airtasker,Chinese Takeaway,Chinese Takeaway,V2,https://www.airtasker.com/uk/services/,all_services_page,2026-09-05,Airtasker UK service taxonomy.,London
Airtasker,Chinese Tutor,Chinese Tutor,V2,https://www.airtasker.com/uk/services/,all_services_page,2026-09-05,Airtasker UK service taxonomy.,London
Airtasker,Chisel Sharpening,Chisel Sharpening,V2,https://www.airtasker.com/uk/services/,all_services_page,2026-09-05,Airtasker UK service taxonomy.,London
Airtasker,Chocolate Delivery,Chocolate Delivery,V2,https://www.airtasker.com/uk/services/,all_services_page,2026-09-05,Airtasker UK service taxonomy.,London
Airtasker,Christian Counselling,Christian Counselling,V2,https://www.airtasker.com/uk/services/,all_services_page,2026-09-05,Airtasker UK service taxonomy.,London
Airtasker,Christmas Decorating,Christmas Decorating,V2,https://www.airtasker.com/uk/services/,all_services_page,2026-09-05,Airtasker UK service taxonomy.,London
Airtasker,Christmas Gift Delivery,Christmas Gift Delivery,V2,https://www.airtasker.com/uk/services/,all_services_page,2026-09-05,Airtasker UK service taxonomy.,London
Airtasker,Christmas Light Installations,Christmas Light Installations,V2,https://www.airtasker.com/uk/services/,all_services_page,2026-09-05,Airtasker UK service taxonomy.,London
Airtasker,Christmas Tree Delivery,Christmas Tree Delivery,V2,https://www.airtasker.com/uk/services/,all_services_page,2026-09-05,Airtasker UK service taxonomy.,London
Airtasker,Christmas Tree Disposal,Christmas Tree Disposal,V2,https://www.airtasker.com/uk/services/,all_services_page,2026-09-05,Airtasker UK service taxonomy.,London
Airtasker,Circuit Board Repair,Circuit Board Repair,V2,https://www.airtasker.com/uk/services/,all_services_page,2026-09-05,Airtasker UK service taxonomy.,London
Airtasker,Cladding,Cladding,V2,https://www.airtasker.com/uk/services/,all_services_page,2026-09-05,Airtasker UK service taxonomy.,London
Airtasker,Cladding Cleaning,Cladding Cleaning,V2,https://www.airtasker.com/uk/services/,all_services_page,2026-09-05,Airtasker UK service taxonomy.,London
Airtasker,Cladding Repairs,Cladding Repairs,V2,https://www.airtasker.com/uk/services/,all_services_page,2026-09-05,Airtasker UK service taxonomy.,London
Airtasker,Cladding Replacement,Cladding Replacement,V2,https://www.airtasker.com/uk/services/,all_services_page,2026-09-05,Airtasker UK service taxonomy.,London
Airtasker,Clarinet Lessons,Clarinet Lessons,V2,https://www.airtasker.com/uk/services/,all_services_page,2026-09-05,Airtasker UK service taxonomy.,London
Airtasker,Cleaning,Cleaning,V2,https://www.airtasker.com/uk/services/,all_services_page,2026-09-05,Airtasker UK service taxonomy.,London
Airtasker,Cleaning Services,Cleaning Services,V2,https://www.airtasker.com/uk/services/,all_services_page,2026-09-05,Airtasker UK service taxonomy.,London
Airtasker,Clearance Services,Clearance Services,V2,https://www.airtasker.com/uk/services/,all_services_page,2026-09-05,Airtasker UK service taxonomy.,London
Airtasker,Climbing Frame Installer,Climbing Frame Installer,V2,https://www.airtasker.com/uk/services/,all_services_page,2026-09-05,Airtasker UK service taxonomy.,London
Airtasker,Clock Repair,Clock Repair,V2,https://www.airtasker.com/uk/services/,all_services_page,2026-09-05,Airtasker UK service taxonomy.,London
Airtasker,Clothesline Installation,Clothesline Installation,V2,https://www.airtasker.com/uk/services/,all_services_page,2026-09-05,Airtasker UK service taxonomy.,London
Airtasker,Clothing Repair,Clothing Repair,V2,https://www.airtasker.com/uk/services/,all_services_page,2026-09-05,Airtasker UK service taxonomy.,London
Airtasker,Clown,Clown,V2,https://www.airtasker.com/uk/services/,all_services_page,2026-09-05,Airtasker UK service taxonomy.,London
Airtasker,Clutch Replacement,Clutch Replacement,V2,https://www.airtasker.com/uk/services/,all_services_page,2026-09-05,Airtasker UK service taxonomy.,London
Airtasker,Coaching,Coaching,V2,https://www.airtasker.com/uk/services/,all_services_page,2026-09-05,Airtasker UK service taxonomy.,London
Airtasker,Coat Repair,Coat Repair,V2,https://www.airtasker.com/uk/services/,all_services_page,2026-09-05,Airtasker UK service taxonomy.,London
Airtasker,Coding Tutor,Coding Tutor,V2,https://www.airtasker.com/uk/services/,all_services_page,2026-09-05,Airtasker UK service taxonomy.,London
Airtasker,Coffee Catering,Coffee Catering,V2,https://www.airtasker.com/uk/services/,all_services_page,2026-09-05,Airtasker UK service taxonomy.,London
Airtasker,Coffee Delivery,Coffee Delivery,V2,https://www.airtasker.com/uk/services/,all_services_page,2026-09-05,Airtasker UK service taxonomy.,London
Airtasker,Coffee Machine Repairs,Coffee Machine Repairs,V2,https://www.airtasker.com/uk/services/,all_services_page,2026-09-05,Airtasker UK service taxonomy.,London
Airtasker,Coffee Shop Designers,Coffee Shop Designers,V2,https://www.airtasker.com/uk/services/,all_services_page,2026-09-05,Airtasker UK service taxonomy.,London
Airtasker,Coffee Table Repair,Coffee Table Repair,V2,https://www.airtasker.com/uk/services/,all_services_page,2026-09-05,Airtasker UK service taxonomy.,London
Airtasker,Cognitive Behavioural Therapy,Cognitive Behavioural Therapy,V2,https://www.airtasker.com/uk/services/,all_services_page,2026-09-05,Airtasker UK service taxonomy.,London
Airtasker,Combi Boiler Repair,Combi Boiler Repair,V2,https://www.airtasker.com/uk/services/,all_services_page,2026-09-05,Airtasker UK service taxonomy.,London
Airtasker,Comedians,Comedians,V2,https://www.airtasker.com/uk/services/,all_services_page,2026-09-05,Airtasker UK service taxonomy.,London
Airtasker,Commercial Cleaning,Commercial Cleaning,V2,https://www.airtasker.com/uk/services/,all_services_page,2026-09-05,Airtasker UK service taxonomy.,London
Airtasker,Commercial Kitchen Cleaning,Commercial Kitchen Cleaning,V2,https://www.airtasker.com/uk/services/,all_services_page,2026-09-05,Airtasker UK service taxonomy.,London
Airtasker,Commercial Landscaping,Commercial Landscaping,V2,https://www.airtasker.com/uk/services/,all_services_page,2026-09-05,Airtasker UK service taxonomy.,London
Airtasker,Commercial Laundry,Commercial Laundry,V2,https://www.airtasker.com/uk/services/,all_services_page,2026-09-05,Airtasker UK service taxonomy.,London
Airtasker,Commercial Painting,Commercial Painting,V2,https://www.airtasker.com/uk/services/,all_services_page,2026-09-05,Airtasker UK service taxonomy.,London
Airtasker,Commercial Photographer,Commercial Photographer,V2,https://www.airtasker.com/uk/services/,all_services_page,2026-09-05,Airtasker UK service taxonomy.,London
Airtasker,Commercial Roofing,Commercial Roofing,V2,https://www.airtasker.com/uk/services/,all_services_page,2026-09-05,Airtasker UK service taxonomy.,London
Airtasker,Commercial Waste Collection,Commercial Waste Collection,V2,https://www.airtasker.com/uk/services/,all_services_page,2026-09-05,Airtasker UK service taxonomy.,London
Airtasker,Commercial Window Cleaning,Commercial Window Cleaning,V2,https://www.airtasker.com/uk/services/,all_services_page,2026-09-05,Airtasker UK service taxonomy.,London
Airtasker,Computer Hardware,Computer Hardware,V2,https://www.airtasker.com/uk/services/,all_services_page,2026-09-05,Airtasker UK service taxonomy.,London
Airtasker,Computer Repairs,Computer Repairs,V2,https://www.airtasker.com/uk/services/,all_services_page,2026-09-05,Airtasker UK service taxonomy.,London
Airtasker,Computer Science Tutor,Computer Science Tutor,V2,https://www.airtasker.com/uk/services/,all_services_page,2026-09-05,Airtasker UK service taxonomy.,London
Airtasker,Computer Support,Computer Support,V2,https://www.airtasker.com/uk/services/,all_services_page,2026-09-05,Airtasker UK service taxonomy.,London
Airtasker,Computer Training,Computer Training,V2,https://www.airtasker.com/uk/services/,all_services_page,2026-09-05,Airtasker UK service taxonomy.,London
Airtasker,Computer Upgrades,Computer Upgrades,V2,https://www.airtasker.com/uk/services/,all_services_page,2026-09-05,Airtasker UK service taxonomy.,London
Airtasker,Computers & IT,Computers & IT,V2,https://www.airtasker.com/uk/services/,all_services_page,2026-09-05,Airtasker UK service taxonomy.,London
Airtasker,Concert Photographer,Concert Photographer,V2,https://www.airtasker.com/uk/services/,all_services_page,2026-09-05,Airtasker UK service taxonomy.,London
Airtasker,Concrete Cutting,Concrete Cutting,V2,https://www.airtasker.com/uk/services/,all_services_page,2026-09-05,Airtasker UK service taxonomy.,London
Airtasker,Concrete Delivery,Concrete Delivery,V2,https://www.airtasker.com/uk/services/,all_services_page,2026-09-05,Airtasker UK service taxonomy.,London
Airtasker,Concrete Floor Cleaning,Concrete Floor Cleaning,V2,https://www.airtasker.com/uk/services/,all_services_page,2026-09-05,Airtasker UK service taxonomy.,London
Airtasker,Concrete Floor Polishing,Concrete Floor Polishing,V2,https://www.airtasker.com/uk/services/,all_services_page,2026-09-05,Airtasker UK service taxonomy.,London
Airtasker,Concrete Flooring,Concrete Flooring,V2,https://www.airtasker.com/uk/services/,all_services_page,2026-09-05,Airtasker UK service taxonomy.,London
Airtasker,Concrete Repair,Concrete Repair,V2,https://www.airtasker.com/uk/services/,all_services_page,2026-09-05,Airtasker UK service taxonomy.,London
Airtasker,Concrete Resurfacing,Concrete Resurfacing,V2,https://www.airtasker.com/uk/services/,all_services_page,2026-09-05,Airtasker UK service taxonomy.,London
Airtasker,Concreting,Concreting,V2,https://www.airtasker.com/uk/services/,all_services_page,2026-09-05,Airtasker UK service taxonomy.,London
Airtasker,Conservatory Blinds Installation,Conservatory Blinds Installation,V2,https://www.airtasker.com/uk/services/,all_services_page,2026-09-05,Airtasker UK service taxonomy.,London
Airtasker,Conservatory Cleaning,Conservatory Cleaning,V2,https://www.airtasker.com/uk/services/,all_services_page,2026-09-05,Airtasker UK service taxonomy.,London
Airtasker,Conservatory Extension,Conservatory Extension,V2,https://www.airtasker.com/uk/services/,all_services_page,2026-09-05,Airtasker UK service taxonomy.,London
Airtasker,Conservatory Insulation,Conservatory Insulation,V2,https://www.airtasker.com/uk/services/,all_services_page,2026-09-05,Airtasker UK service taxonomy.,London
Airtasker,Conservatory Repairs,Conservatory Repairs,V2,https://www.airtasker.com/uk/services/,all_services_page,2026-09-05,Airtasker UK service taxonomy.,London
Airtasker,Conservatory Roof Replacement,Conservatory Roof Replacement,V2,https://www.airtasker.com/uk/services/,all_services_page,2026-09-05,Airtasker UK service taxonomy.,London
Airtasker,Console Repair,Console Repair,V2,https://www.airtasker.com/uk/services/,all_services_page,2026-09-05,Airtasker UK service taxonomy.,London
Airtasker,Content Creation,Content Creation,V2,https://www.airtasker.com/uk/services/,all_services_page,2026-09-05,Airtasker UK service taxonomy.,London
Airtasker,Cooker Hood Installation & Repair,Cooker Hood Installation & Repair,V2,https://www.airtasker.com/uk/services/,all_services_page,2026-09-05,Airtasker UK service taxonomy.,London
Airtasker,Cooking,Cooking,V2,https://www.airtasker.com/uk/services/,all_services_page,2026-09-05,Airtasker UK service taxonomy.,London
Airtasker,Cooking Lessons,Cooking Lessons,V2,https://www.airtasker.com/uk/services/,all_services_page,2026-09-05,Airtasker UK service taxonomy.,London
Airtasker,Cooktop Installation,Cooktop Installation,V2,https://www.airtasker.com/uk/services/,all_services_page,2026-09-05,Airtasker UK service taxonomy.,London
Airtasker,Copywriting,Copywriting,V2,https://www.airtasker.com/uk/services/,all_services_page,2026-09-05,Airtasker UK service taxonomy.,London
Airtasker,Cork Flooring,Cork Flooring,V2,https://www.airtasker.com/uk/services/,all_services_page,2026-09-05,Airtasker UK service taxonomy.,London
Airtasker,Cornice Repair,Cornice Repair,V2,https://www.airtasker.com/uk/services/,all_services_page,2026-09-05,Airtasker UK service taxonomy.,London
Airtasker,Corporate Photographers,Corporate Photographers,V2,https://www.airtasker.com/uk/services/,all_services_page,2026-09-05,Airtasker UK service taxonomy.,London
Airtasker,Costa Coffee Delivery,Costa Coffee Delivery,V2,https://www.airtasker.com/uk/services/,all_services_page,2026-09-05,Airtasker UK service taxonomy.,London
Airtasker,Costume Maker,Costume Maker,V2,https://www.airtasker.com/uk/services/,all_services_page,2026-09-05,Airtasker UK service taxonomy.,London
Airtasker,Couch Cleaning,Couch Cleaning,V2,https://www.airtasker.com/uk/services/,all_services_page,2026-09-05,Airtasker UK service taxonomy.,London
Airtasker,Counselling & Therapy,Counselling & Therapy,V2,https://www.airtasker.com/uk/services/,all_services_page,2026-09-05,Airtasker UK service taxonomy.,London
Airtasker,Couple Photoshoots,Couple Photoshoots,V2,https://www.airtasker.com/uk/services/,all_services_page,2026-09-05,Airtasker UK service taxonomy.,London
Airtasker,Courier Services,Courier Services,V2,https://www.airtasker.com/uk/services/,all_services_page,2026-09-05,Airtasker UK service taxonomy.,London
Airtasker,Creative Writer,Creative Writer,V2,https://www.airtasker.com/uk/services/,all_services_page,2026-09-05,Airtasker UK service taxonomy.,London
Airtasker,Cube Storage Assembly,Cube Storage Assembly,V2,https://www.airtasker.com/uk/services/,all_services_page,2026-09-05,Airtasker UK service taxonomy.,London
Airtasker,Curly Hair Specialists,Curly Hair Specialists,V2,https://www.airtasker.com/uk/services/,all_services_page,2026-09-05,Airtasker UK service taxonomy.,London
Airtasker,Curtain Cleaning,Curtain Cleaning,V2,https://www.airtasker.com/uk/services/,all_services_page,2026-09-05,Airtasker UK service taxonomy.,London
Airtasker,Curtain Dry Cleaning,Curtain Dry Cleaning,V2,https://www.airtasker.com/uk/services/,all_services_page,2026-09-05,Airtasker UK service taxonomy.,London
Airtasker,Curtain Rod Installation,Curtain Rod Installation,V2,https://www.airtasker.com/uk/services/,all_services_page,2026-09-05,Airtasker UK service taxonomy.,London
Airtasker,Curtains & Blinds Fitters,Curtains & Blinds Fitters,V2,https://www.airtasker.com/uk/services/,all_services_page,2026-09-05,Airtasker UK service taxonomy.,London
Airtasker,Custom Birthday Cakes,Custom Birthday Cakes,V2,https://www.airtasker.com/uk/services/,all_services_page,2026-09-05,Airtasker UK service taxonomy.,London
Airtasker,Custom Cakes,Custom Cakes,V2,https://www.airtasker.com/uk/services/,all_services_page,2026-09-05,Airtasker UK service taxonomy.,London
Airtasker,Custom Shelving,Custom Shelving,V2,https://www.airtasker.com/uk/services/,all_services_page,2026-09-05,Airtasker UK service taxonomy.,London
Airtasker,Cycling Training,Cycling Training,V2,https://www.airtasker.com/uk/services/,all_services_page,2026-09-05,Airtasker UK service taxonomy.,London
Airtasker,DBT Therapy,DBT Therapy,V2,https://www.airtasker.com/uk/services/,all_services_page,2026-09-05,Airtasker UK service taxonomy.,London
Airtasker,DJ,DJ,V2,https://www.airtasker.com/uk/services/,all_services_page,2026-09-05,Airtasker UK service taxonomy.,London
Airtasker,Damp Proofing,Damp Proofing,V2,https://www.airtasker.com/uk/services/,all_services_page,2026-09-05,Airtasker UK service taxonomy.,London
Airtasker,Damp Surveyor,Damp Surveyor,V2,https://www.airtasker.com/uk/services/,all_services_page,2026-09-05,Airtasker UK service taxonomy.,London
Airtasker,Dance Lessons,Dance Lessons,V2,https://www.airtasker.com/uk/services/,all_services_page,2026-09-05,Airtasker UK service taxonomy.,London
Airtasker,Dancer,Dancer,V2,https://www.airtasker.com/uk/services/,all_services_page,2026-09-05,Airtasker UK service taxonomy.,London
Airtasker,Dash Cam Installation,Dash Cam Installation,V2,https://www.airtasker.com/uk/services/,all_services_page,2026-09-05,Airtasker UK service taxonomy.,London
Airtasker,Data Cable Installation,Data Cable Installation,V2,https://www.airtasker.com/uk/services/,all_services_page,2026-09-05,Airtasker UK service taxonomy.,London
Airtasker,Data Entry,Data Entry,V2,https://www.airtasker.com/uk/services/,all_services_page,2026-09-05,Airtasker UK service taxonomy.,London
Airtasker,Data Recovery,Data Recovery,V2,https://www.airtasker.com/uk/services/,all_services_page,2026-09-05,Airtasker UK service taxonomy.,London
Airtasker,Database Developer,Database Developer,V2,https://www.airtasker.com/uk/services/,all_services_page,2026-09-05,Airtasker UK service taxonomy.,London
Airtasker,Deck Repair,Deck Repair,V2,https://www.airtasker.com/uk/services/,all_services_page,2026-09-05,Airtasker UK service taxonomy.,London
Airtasker,Deck Sealing,Deck Sealing,V2,https://www.airtasker.com/uk/services/,all_services_page,2026-09-05,Airtasker UK service taxonomy.,London
Airtasker,Deck Staining,Deck Staining,V2,https://www.airtasker.com/uk/services/,all_services_page,2026-09-05,Airtasker UK service taxonomy.,London
Airtasker,Decking,Decking,V2,https://www.airtasker.com/uk/services/,all_services_page,2026-09-05,Airtasker UK service taxonomy.,London
Airtasker,Decluttering,Decluttering,V2,https://www.airtasker.com/uk/services/,all_services_page,2026-09-05,Airtasker UK service taxonomy.,London
Airtasker,Delivery,Delivery,V2,https://www.airtasker.com/uk/services/,all_services_page,2026-09-05,Airtasker UK service taxonomy.,London
Airtasker,Demolition,Demolition,V2,https://www.airtasker.com/uk/services/,all_services_page,2026-09-05,Airtasker UK service taxonomy.,London
Airtasker,Depression Counselling,Depression Counselling,V2,https://www.airtasker.com/uk/services/,all_services_page,2026-09-05,Airtasker UK service taxonomy.,London
Airtasker,Design,Design,V2,https://www.airtasker.com/uk/services/,all_services_page,2026-09-05,Airtasker UK service taxonomy.,London
Airtasker,Dessert Catering,Dessert Catering,V2,https://www.airtasker.com/uk/services/,all_services_page,2026-09-05,Airtasker UK service taxonomy.,London
Airtasker,Dessert Delivery,Dessert Delivery,V2,https://www.airtasker.com/uk/services/,all_services_page,2026-09-05,Airtasker UK service taxonomy.,London
Airtasker,Destination Wedding Photographer,Destination Wedding Photographer,V2,https://www.airtasker.com/uk/services/,all_services_page,2026-09-05,Airtasker UK service taxonomy.,London
Airtasker,Dietitian,Dietitian,V2,https://www.airtasker.com/uk/services/,all_services_page,2026-09-05,Airtasker UK service taxonomy.,London
Airtasker,Digital Design,Digital Design,V2,https://www.airtasker.com/uk/services/,all_services_page,2026-09-05,Airtasker UK service taxonomy.,London
Airtasker,Dining Chair Repair,Dining Chair Repair,V2,https://www.airtasker.com/uk/services/,all_services_page,2026-09-05,Airtasker UK service taxonomy.,London
Airtasker,Dining Room Painting,Dining Room Painting,V2,https://www.airtasker.com/uk/services/,all_services_page,2026-09-05,Airtasker UK service taxonomy.,London
Airtasker,Dinner Delivery,Dinner Delivery,V2,https://www.airtasker.com/uk/services/,all_services_page,2026-09-05,Airtasker UK service taxonomy.,London
Airtasker,Disassembly,Disassembly,V2,https://www.airtasker.com/uk/services/,all_services_page,2026-09-05,Airtasker UK service taxonomy.,London
Airtasker,Dishwasher Not Draining,Dishwasher Not Draining,V2,https://www.airtasker.com/uk/services/,all_services_page,2026-09-05,Airtasker UK service taxonomy.,London
Airtasker,Dishwasher Removal,Dishwasher Removal,V2,https://www.airtasker.com/uk/services/,all_services_page,2026-09-05,Airtasker UK service taxonomy.,London
Airtasker,Dishwasher Repair,Dishwasher Repair,V2,https://www.airtasker.com/uk/services/,all_services_page,2026-09-05,Airtasker UK service taxonomy.,London
Airtasker,Diving Lessons,Diving Lessons,V2,https://www.airtasker.com/uk/services/,all_services_page,2026-09-05,Airtasker UK service taxonomy.,London
Airtasker,Divorce Counselling,Divorce Counselling,V2,https://www.airtasker.com/uk/services/,all_services_page,2026-09-05,Airtasker UK service taxonomy.,London
Airtasker,Document Filing,Document Filing,V2,https://www.airtasker.com/uk/services/,all_services_page,2026-09-05,Airtasker UK service taxonomy.,London
Airtasker,Documentary Wedding Photographer,Documentary Wedding Photographer,V2,https://www.airtasker.com/uk/services/,all_services_page,2026-09-05,Airtasker UK service taxonomy.,London
Airtasker,Dog Boarding,Dog Boarding,V2,https://www.airtasker.com/uk/services/,all_services_page,2026-09-05,Airtasker UK service taxonomy.,London
Airtasker,Dog Care,Dog Care,V2,https://www.airtasker.com/uk/services/,all_services_page,2026-09-05,Airtasker UK service taxonomy.,London
Airtasker,Dog Day Care,Dog Day Care,V2,https://www.airtasker.com/uk/services/,all_services_page,2026-09-05,Airtasker UK service taxonomy.,London
Airtasker,Dog Door Installation,Dog Door Installation,V2,https://www.airtasker.com/uk/services/,all_services_page,2026-09-05,Airtasker UK service taxonomy.,London
Airtasker,Dog Food Delivery,Dog Food Delivery,V2,https://www.airtasker.com/uk/services/,all_services_page,2026-09-05,Airtasker UK service taxonomy.,London
Airtasker,Dog Grooming,Dog Grooming,V2,https://www.airtasker.com/uk/services/,all_services_page,2026-09-05,Airtasker UK service taxonomy.,London
Airtasker,Dog House Builder,Dog House Builder,V2,https://www.airtasker.com/uk/services/,all_services_page,2026-09-05,Airtasker UK service taxonomy.,London
Airtasker,Dog Sitting,Dog Sitting,V2,https://www.airtasker.com/uk/services/,all_services_page,2026-09-05,Airtasker UK service taxonomy.,London
Airtasker,Dog Training,Dog Training,V2,https://www.airtasker.com/uk/services/,all_services_page,2026-09-05,Airtasker UK service taxonomy.,London
Airtasker,Dog Walking,Dog Walking,V2,https://www.airtasker.com/uk/services/,all_services_page,2026-09-05,Airtasker UK service taxonomy.,London
Airtasker,Dog Wash,Dog Wash,V2,https://www.airtasker.com/uk/services/,all_services_page,2026-09-05,Airtasker UK service taxonomy.,London
Airtasker,Donut Delivery,Donut Delivery,V2,https://www.airtasker.com/uk/services/,all_services_page,2026-09-05,Airtasker UK service taxonomy.,London
Airtasker,Door Frame Fitting,Door Frame Fitting,V2,https://www.airtasker.com/uk/services/,all_services_page,2026-09-05,Airtasker UK service taxonomy.,London
Airtasker,Door Frame Installation,Door Frame Installation,V2,https://www.airtasker.com/uk/services/,all_services_page,2026-09-05,Airtasker UK service taxonomy.,London
Airtasker,Door Handle Fitting & Repair,Door Handle Fitting & Repair,V2,https://www.airtasker.com/uk/services/,all_services_page,2026-09-05,Airtasker UK service taxonomy.,London
Airtasker,Door Hanging,Door Hanging,V2,https://www.airtasker.com/uk/services/,all_services_page,2026-09-05,Airtasker UK service taxonomy.,London
Airtasker,Door Installation,Door Installation,V2,https://www.airtasker.com/uk/services/,all_services_page,2026-09-05,Airtasker UK service taxonomy.,London
Airtasker,Door Knob Installation,Door Knob Installation,V2,https://www.airtasker.com/uk/services/,all_services_page,2026-09-05,Airtasker UK service taxonomy.,London
Airtasker,Door Repair,Door Repair,V2,https://www.airtasker.com/uk/services/,all_services_page,2026-09-05,Airtasker UK service taxonomy.,London
Airtasker,Double Glazing,Double Glazing,V2,https://www.airtasker.com/uk/services/,all_services_page,2026-09-05,Airtasker UK service taxonomy.,London
Airtasker,Double Glazing Replacement,Double Glazing Replacement,V2,https://www.airtasker.com/uk/services/,all_services_page,2026-09-05,Airtasker UK service taxonomy.,London
Airtasker,Downlights Installation,Downlights Installation,V2,https://www.airtasker.com/uk/services/,all_services_page,2026-09-05,Airtasker UK service taxonomy.,London
Airtasker,Downpipe Installation & Repair,Downpipe Installation & Repair,V2,https://www.airtasker.com/uk/services/,all_services_page,2026-09-05,Airtasker UK service taxonomy.,London
Airtasker,Drafting,Drafting,V2,https://www.airtasker.com/uk/services/,all_services_page,2026-09-05,Airtasker UK service taxonomy.,London
Airtasker,Draftsman,Draftsman,V2,https://www.airtasker.com/uk/services/,all_services_page,2026-09-05,Airtasker UK service taxonomy.,London
Airtasker,Drain Cleaning,Drain Cleaning,V2,https://www.airtasker.com/uk/services/,all_services_page,2026-09-05,Airtasker UK service taxonomy.,London
Airtasker,Draught Proofing,Draught Proofing,V2,https://www.airtasker.com/uk/services/,all_services_page,2026-09-05,Airtasker UK service taxonomy.,London
Airtasker,Drawing,Drawing,V2,https://www.airtasker.com/uk/services/,all_services_page,2026-09-05,Airtasker UK service taxonomy.,London
Airtasker,Drawing Lessons,Drawing Lessons,V2,https://www.airtasker.com/uk/services/,all_services_page,2026-09-05,Airtasker UK service taxonomy.,London
Airtasker,Dressmakers,Dressmakers,V2,https://www.airtasker.com/uk/services/,all_services_page,2026-09-05,Airtasker UK service taxonomy.,London
Airtasker,Dried Flower Delivery,Dried Flower Delivery,V2,https://www.airtasker.com/uk/services/,all_services_page,2026-09-05,Airtasker UK service taxonomy.,London
Airtasker,Drip Irrigation Systems,Drip Irrigation Systems,V2,https://www.airtasker.com/uk/services/,all_services_page,2026-09-05,Airtasker UK service taxonomy.,London
Airtasker,Driveway Cleaning,Driveway Cleaning,V2,https://www.airtasker.com/uk/services/,all_services_page,2026-09-05,Airtasker UK service taxonomy.,London
Airtasker,Driveway Repair,Driveway Repair,V2,https://www.airtasker.com/uk/services/,all_services_page,2026-09-05,Airtasker UK service taxonomy.,London
Airtasker,Driveway Sealing,Driveway Sealing,V2,https://www.airtasker.com/uk/services/,all_services_page,2026-09-05,Airtasker UK service taxonomy.,London
Airtasker,Driving,Driving,V2,https://www.airtasker.com/uk/services/,all_services_page,2026-09-05,Airtasker UK service taxonomy.,London
Airtasker,Driving Lessons,Driving Lessons,V2,https://www.airtasker.com/uk/services/,all_services_page,2026-09-05,Airtasker UK service taxonomy.,London
Airtasker,Drone Repair,Drone Repair,V2,https://www.airtasker.com/uk/services/,all_services_page,2026-09-05,Airtasker UK service taxonomy.,London
Airtasker,Drone Training,Drone Training,V2,https://www.airtasker.com/uk/services/,all_services_page,2026-09-05,Airtasker UK service taxonomy.,London
Airtasker,Drum Lessons,Drum Lessons,V2,https://www.airtasker.com/uk/services/,all_services_page,2026-09-05,Airtasker UK service taxonomy.,London
Airtasker,Dry Carpet Cleaning,Dry Carpet Cleaning,V2,https://www.airtasker.com/uk/services/,all_services_page,2026-09-05,Airtasker UK service taxonomy.,London
Airtasker,Dry Rot Treatment,Dry Rot Treatment,V2,https://www.airtasker.com/uk/services/,all_services_page,2026-09-05,Airtasker UK service taxonomy.,London
Airtasker,Dryer Installation,Dryer Installation,V2,https://www.airtasker.com/uk/services/,all_services_page,2026-09-05,Airtasker UK service taxonomy.,London
Airtasker,Dryer Repair,Dryer Repair,V2,https://www.airtasker.com/uk/services/,all_services_page,2026-09-05,Airtasker UK service taxonomy.,London
Airtasker,Drywall Repair & Patch,Drywall Repair & Patch,V2,https://www.airtasker.com/uk/services/,all_services_page,2026-09-05,Airtasker UK service taxonomy.,London
Airtasker,Duct Cleaning,Duct Cleaning,V2,https://www.airtasker.com/uk/services/,all_services_page,2026-09-05,Airtasker UK service taxonomy.,London
Airtasker,Dunelm Furniture Assembly,Dunelm Furniture Assembly,V2,https://www.airtasker.com/uk/services/,all_services_page,2026-09-05,Airtasker UK service taxonomy.,London
Airtasker,Dusting,Dusting,V2,https://www.airtasker.com/uk/services/,all_services_page,2026-09-05,Airtasker UK service taxonomy.,London
Airtasker,Dutch Lessons,Dutch Lessons,V2,https://www.airtasker.com/uk/services/,all_services_page,2026-09-05,Airtasker UK service taxonomy.,London
Airtasker,Duvet Dry Cleaning,Duvet Dry Cleaning,V2,https://www.airtasker.com/uk/services/,all_services_page,2026-09-05,Airtasker UK service taxonomy.,London
Airtasker,Dyson Wall Mounting,Dyson Wall Mounting,V2,https://www.airtasker.com/uk/services/,all_services_page,2026-09-05,Airtasker UK service taxonomy.,London
Airtasker,EMDR Therapy,EMDR Therapy,V2,https://www.airtasker.com/uk/services/,all_services_page,2026-09-05,Airtasker UK service taxonomy.,London
Airtasker,EPDM Roofing,EPDM Roofing,V2,https://www.airtasker.com/uk/services/,all_services_page,2026-09-05,Airtasker UK service taxonomy.,London
Airtasker,EV Services,EV Services,V2,https://www.airtasker.com/uk/services/,all_services_page,2026-09-05,Airtasker UK service taxonomy.,London
Airtasker,Ear Piercing,Ear Piercing,V2,https://www.airtasker.com/uk/services/,all_services_page,2026-09-05,Airtasker UK service taxonomy.,London
Airtasker,Earthmoving Contractors,Earthmoving Contractors,V2,https://www.airtasker.com/uk/services/,all_services_page,2026-09-05,Airtasker UK service taxonomy.,London
Airtasker,Eating Disorder Therapy,Eating Disorder Therapy,V2,https://www.airtasker.com/uk/services/,all_services_page,2026-09-05,Airtasker UK service taxonomy.,London
Airtasker,Economics Tutor,Economics Tutor,V2,https://www.airtasker.com/uk/services/,all_services_page,2026-09-05,Airtasker UK service taxonomy.,London
Airtasker,Edinburgh to Aberdeen Removals,Edinburgh to Aberdeen Removals,V2,https://www.airtasker.com/uk/services/,all_services_page,2026-09-05,Airtasker UK service taxonomy.,London
Airtasker,Edinburgh to Cambridge Removals,Edinburgh to Cambridge Removals,V2,https://www.airtasker.com/uk/services/,all_services_page,2026-09-05,Airtasker UK service taxonomy.,London
Airtasker,Edinburgh to Croydon Removals,Edinburgh to Croydon Removals,V2,https://www.airtasker.com/uk/services/,all_services_page,2026-09-05,Airtasker UK service taxonomy.,London
Airtasker,Edinburgh to Dover Removals,Edinburgh to Dover Removals,V2,https://www.airtasker.com/uk/services/,all_services_page,2026-09-05,Airtasker UK service taxonomy.,London
Airtasker,Edinburgh to Dundee Removals,Edinburgh to Dundee Removals,V2,https://www.airtasker.com/uk/services/,all_services_page,2026-09-05,Airtasker UK service taxonomy.,London
Airtasker,Edinburgh to Glasgow Removals,Edinburgh to Glasgow Removals,V2,https://www.airtasker.com/uk/services/,all_services_page,2026-09-05,Airtasker UK service taxonomy.,London
Airtasker,Edinburgh to Leeds Removals,Edinburgh to Leeds Removals,V2,https://www.airtasker.com/uk/services/,all_services_page,2026-09-05,Airtasker UK service taxonomy.,London
Airtasker,Edinburgh to Liverpool Removals,Edinburgh to Liverpool Removals,V2,https://www.airtasker.com/uk/services/,all_services_page,2026-09-05,Airtasker UK service taxonomy.,London
Airtasker,Edinburgh to Newcastle Removals,Edinburgh to Newcastle Removals,V2,https://www.airtasker.com/uk/services/,all_services_page,2026-09-05,Airtasker UK service taxonomy.,London
Airtasker,Electric Bike Repair,Electric Bike Repair,V2,https://www.airtasker.com/uk/services/,all_services_page,2026-09-05,Airtasker UK service taxonomy.,London
Airtasker,Electric Boiler Installation & Repairs,Electric Boiler Installation & Repairs,V2,https://www.airtasker.com/uk/services/,all_services_page,2026-09-05,Airtasker UK service taxonomy.,London
Airtasker,Electric Car Service,Electric Car Service,V2,https://www.airtasker.com/uk/services/,all_services_page,2026-09-05,Airtasker UK service taxonomy.,London
Airtasker,Electric Cooker Installation and Repair,Electric Cooker Installation and Repair,V2,https://www.airtasker.com/uk/services/,all_services_page,2026-09-05,Airtasker UK service taxonomy.,London
Airtasker,Electric Guitar Lessons,Electric Guitar Lessons,V2,https://www.airtasker.com/uk/services/,all_services_page,2026-09-05,Airtasker UK service taxonomy.,London
Airtasker,Electric Scooter Repair,Electric Scooter Repair,V2,https://www.airtasker.com/uk/services/,all_services_page,2026-09-05,Airtasker UK service taxonomy.,London
Airtasker,Electric Shower Installation,Electric Shower Installation,V2,https://www.airtasker.com/uk/services/,all_services_page,2026-09-05,Airtasker UK service taxonomy.,London
Airtasker,Electrical Inspection and Testing,Electrical Inspection and Testing,V2,https://www.airtasker.com/uk/services/,all_services_page,2026-09-05,Airtasker UK service taxonomy.,London
Airtasker,Electrical Installation,Electrical Installation,V2,https://www.airtasker.com/uk/services/,all_services_page,2026-09-05,Airtasker UK service taxonomy.,London
Airtasker,Electrical Rewiring,Electrical Rewiring,V2,https://www.airtasker.com/uk/services/,all_services_page,2026-09-05,Airtasker UK service taxonomy.,London
Airtasker,Electricians,Electricians,V2,https://www.airtasker.com/uk/services/,all_services_page,2026-09-05,Airtasker UK service taxonomy.,London
Airtasker,Electronic Repair,Electronic Repair,V2,https://www.airtasker.com/uk/services/,all_services_page,2026-09-05,Airtasker UK service taxonomy.,London
Airtasker,Elocution Lessons,Elocution Lessons,V2,https://www.airtasker.com/uk/services/,all_services_page,2026-09-05,Airtasker UK service taxonomy.,London
Airtasker,Email Setup,Email Setup,V2,https://www.airtasker.com/uk/services/,all_services_page,2026-09-05,Airtasker UK service taxonomy.,London
Airtasker,Embroidery Services,Embroidery Services,V2,https://www.airtasker.com/uk/services/,all_services_page,2026-09-05,Airtasker UK service taxonomy.,London
Airtasker,Emergency Glazing,Emergency Glazing,V2,https://www.airtasker.com/uk/services/,all_services_page,2026-09-05,Airtasker UK service taxonomy.,London
Airtasker,Emergency Locksmith,Emergency Locksmith,V2,https://www.airtasker.com/uk/services/,all_services_page,2026-09-05,Airtasker UK service taxonomy.,London
Airtasker,End of Lease Cleaning,End of Lease Cleaning,V2,https://www.airtasker.com/uk/services/,all_services_page,2026-09-05,Airtasker UK service taxonomy.,London
Airtasker,End of Tenancy Cleaning,End of Tenancy Cleaning,V2,https://www.airtasker.com/uk/services/,all_services_page,2026-09-05,Airtasker UK service taxonomy.,London
Airtasker,Engagement Photographer,Engagement Photographer,V2,https://www.airtasker.com/uk/services/,all_services_page,2026-09-05,Airtasker UK service taxonomy.,London
Airtasker,Engine Rebuild,Engine Rebuild,V2,https://www.airtasker.com/uk/services/,all_services_page,2026-09-05,Airtasker UK service taxonomy.,London
Airtasker,Engine Replacement,Engine Replacement,V2,https://www.airtasker.com/uk/services/,all_services_page,2026-09-05,Airtasker UK service taxonomy.,London
Airtasker,English Tutor,English Tutor,V2,https://www.airtasker.com/uk/services/,all_services_page,2026-09-05,Airtasker UK service taxonomy.,London
Airtasker,Engraving,Engraving,V2,https://www.airtasker.com/uk/services/,all_services_page,2026-09-05,Airtasker UK service taxonomy.,London
Airtasker,Entertainment,Entertainment,V2,https://www.airtasker.com/uk/services/,all_services_page,2026-09-05,Airtasker UK service taxonomy.,London
Airtasker,Environment Science Tutor,Environment Science Tutor,V2,https://www.airtasker.com/uk/services/,all_services_page,2026-09-05,Airtasker UK service taxonomy.,London
Airtasker,Epoxy Floor Coating,Epoxy Floor Coating,V2,https://www.airtasker.com/uk/services/,all_services_page,2026-09-05,Airtasker UK service taxonomy.,London
Airtasker,Equestrian Fencing,Equestrian Fencing,V2,https://www.airtasker.com/uk/services/,all_services_page,2026-09-05,Airtasker UK service taxonomy.,London
Airtasker,Errand Runners,Errand Runners,V2,https://www.airtasker.com/uk/services/,all_services_page,2026-09-05,Airtasker UK service taxonomy.,London
Airtasker,Esol Tutor,Esol Tutor,V2,https://www.airtasker.com/uk/services/,all_services_page,2026-09-05,Airtasker UK service taxonomy.,London
Airtasker,Event Decorator,Event Decorator,V2,https://www.airtasker.com/uk/services/,all_services_page,2026-09-05,Airtasker UK service taxonomy.,London
Airtasker,Event Photographers,Event Photographers,V2,https://www.airtasker.com/uk/services/,all_services_page,2026-09-05,Airtasker UK service taxonomy.,London
Airtasker,Event Security,Event Security,V2,https://www.airtasker.com/uk/services/,all_services_page,2026-09-05,Airtasker UK service taxonomy.,London
Airtasker,Event Setup & Cleaning,Event Setup & Cleaning,V2,https://www.airtasker.com/uk/services/,all_services_page,2026-09-05,Airtasker UK service taxonomy.,London
Airtasker,Event Staff,Event Staff,V2,https://www.airtasker.com/uk/services/,all_services_page,2026-09-05,Airtasker UK service taxonomy.,London
Airtasker,Events,Events,V2,https://www.airtasker.com/uk/services/,all_services_page,2026-09-05,Airtasker UK service taxonomy.,London
Airtasker,Executive Coach,Executive Coach,V2,https://www.airtasker.com/uk/services/,all_services_page,2026-09-05,Airtasker UK service taxonomy.,London
Airtasker,Exercise Bike Assembly,Exercise Bike Assembly,V2,https://www.airtasker.com/uk/services/,all_services_page,2026-09-05,Airtasker UK service taxonomy.,London
Airtasker,Exhaust Repair,Exhaust Repair,V2,https://www.airtasker.com/uk/services/,all_services_page,2026-09-05,Airtasker UK service taxonomy.,London
Airtasker,Exterior Painting,Exterior Painting,V2,https://www.airtasker.com/uk/services/,all_services_page,2026-09-05,Airtasker UK service taxonomy.,London
Airtasker,Exterior Wall Cleaning,Exterior Wall Cleaning,V2,https://www.airtasker.com/uk/services/,all_services_page,2026-09-05,Airtasker UK service taxonomy.,London
Airtasker,Extractor Fan Installation,Extractor Fan Installation,V2,https://www.airtasker.com/uk/services/,all_services_page,2026-09-05,Airtasker UK service taxonomy.,London
Airtasker,Eyebrow Microblading,Eyebrow Microblading,V2,https://www.airtasker.com/uk/services/,all_services_page,2026-09-05,Airtasker UK service taxonomy.,London
Airtasker,Eyebrow Threading,Eyebrow Threading,V2,https://www.airtasker.com/uk/services/,all_services_page,2026-09-05,Airtasker UK service taxonomy.,London
Airtasker,Eyebrow Waxing,Eyebrow Waxing,V2,https://www.airtasker.com/uk/services/,all_services_page,2026-09-05,Airtasker UK service taxonomy.,London
Airtasker,Eyelash Extensions,Eyelash Extensions,V2,https://www.airtasker.com/uk/services/,all_services_page,2026-09-05,Airtasker UK service taxonomy.,London
Airtasker,Eyelash Lift and Tint,Eyelash Lift and Tint,V2,https://www.airtasker.com/uk/services/,all_services_page,2026-09-05,Airtasker UK service taxonomy.,London
Airtasker,Eyelash Perming,Eyelash Perming,V2,https://www.airtasker.com/uk/services/,all_services_page,2026-09-05,Airtasker UK service taxonomy.,London
Airtasker,Face Painting,Face Painting,V2,https://www.airtasker.com/uk/services/,all_services_page,2026-09-05,Airtasker UK service taxonomy.,London
Airtasker,Face Piercing,Face Piercing,V2,https://www.airtasker.com/uk/services/,all_services_page,2026-09-05,Airtasker UK service taxonomy.,London
Airtasker,Facebook Marketing,Facebook Marketing,V2,https://www.airtasker.com/uk/services/,all_services_page,2026-09-05,Airtasker UK service taxonomy.,London
Airtasker,Facial Hair Removal,Facial Hair Removal,V2,https://www.airtasker.com/uk/services/,all_services_page,2026-09-05,Airtasker UK service taxonomy.,London
Airtasker,Family Photoshoots,Family Photoshoots,V2,https://www.airtasker.com/uk/services/,all_services_page,2026-09-05,Airtasker UK service taxonomy.,London
Airtasker,Family Therapy,Family Therapy,V2,https://www.airtasker.com/uk/services/,all_services_page,2026-09-05,Airtasker UK service taxonomy.,London
Airtasker,Fan Belt Replacement,Fan Belt Replacement,V2,https://www.airtasker.com/uk/services/,all_services_page,2026-09-05,Airtasker UK service taxonomy.,London
Airtasker,Fascias and Guttering,Fascias and Guttering,V2,https://www.airtasker.com/uk/services/,all_services_page,2026-09-05,Airtasker UK service taxonomy.,London
Airtasker,Fashion Photographer,Fashion Photographer,V2,https://www.airtasker.com/uk/services/,all_services_page,2026-09-05,Airtasker UK service taxonomy.,London
Airtasker,Fast Food Delivery,Fast Food Delivery,V2,https://www.airtasker.com/uk/services/,all_services_page,2026-09-05,Airtasker UK service taxonomy.,London
Airtasker,Father's Day Gift Delivery,Father's Day Gift Delivery,V2,https://www.airtasker.com/uk/services/,all_services_page,2026-09-05,Airtasker UK service taxonomy.,London
Airtasker,Felt Roofing,Felt Roofing,V2,https://www.airtasker.com/uk/services/,all_services_page,2026-09-05,Airtasker UK service taxonomy.,London
Airtasker,Female Personal Training,Female Personal Training,V2,https://www.airtasker.com/uk/services/,all_services_page,2026-09-05,Airtasker UK service taxonomy.,London
Airtasker,Fence Installation,Fence Installation,V2,https://www.airtasker.com/uk/services/,all_services_page,2026-09-05,Airtasker UK service taxonomy.,London
Airtasker,Fence Painting,Fence Painting,V2,https://www.airtasker.com/uk/services/,all_services_page,2026-09-05,Airtasker UK service taxonomy.,London
Airtasker,Fence Repair,Fence Repair,V2,https://www.airtasker.com/uk/services/,all_services_page,2026-09-05,Airtasker UK service taxonomy.,London
Airtasker,Fence Staining,Fence Staining,V2,https://www.airtasker.com/uk/services/,all_services_page,2026-09-05,Airtasker UK service taxonomy.,London
Airtasker,Fencing,Fencing,V2,https://www.airtasker.com/uk/services/,all_services_page,2026-09-05,Airtasker UK service taxonomy.,London
Airtasker,Fencing Lessons,Fencing Lessons,V2,https://www.airtasker.com/uk/services/,all_services_page,2026-09-05,Airtasker UK service taxonomy.,London
Airtasker,Fiat Service,Fiat Service,V2,https://www.airtasker.com/uk/services/,all_services_page,2026-09-05,Airtasker UK service taxonomy.,London
Airtasker,Fibreglass Roofing,Fibreglass Roofing,V2,https://www.airtasker.com/uk/services/,all_services_page,2026-09-05,Airtasker UK service taxonomy.,London
Airtasker,File Conversion Help,File Conversion Help,V2,https://www.airtasker.com/uk/services/,all_services_page,2026-09-05,Airtasker UK service taxonomy.,London
Airtasker,Financial Advisor,Financial Advisor,V2,https://www.airtasker.com/uk/services/,all_services_page,2026-09-05,Airtasker UK service taxonomy.,London
Airtasker,Financial Modelling,Financial Modelling,V2,https://www.airtasker.com/uk/services/,all_services_page,2026-09-05,Airtasker UK service taxonomy.,London
Airtasker,Financial Planning,Financial Planning,V2,https://www.airtasker.com/uk/services/,all_services_page,2026-09-05,Airtasker UK service taxonomy.,London
Airtasker,Financial Reporting,Financial Reporting,V2,https://www.airtasker.com/uk/services/,all_services_page,2026-09-05,Airtasker UK service taxonomy.,London
Airtasker,Fire Alarm Installation,Fire Alarm Installation,V2,https://www.airtasker.com/uk/services/,all_services_page,2026-09-05,Airtasker UK service taxonomy.,London
Airtasker,Fire Damage,Fire Damage,V2,https://www.airtasker.com/uk/services/,all_services_page,2026-09-05,Airtasker UK service taxonomy.,London
Airtasker,Fire Door Installation,Fire Door Installation,V2,https://www.airtasker.com/uk/services/,all_services_page,2026-09-05,Airtasker UK service taxonomy.,London
Airtasker,Fire Risk Assessment Service,Fire Risk Assessment Service,V2,https://www.airtasker.com/uk/services/,all_services_page,2026-09-05,Airtasker UK service taxonomy.,London
Airtasker,Fireplace Installation,Fireplace Installation,V2,https://www.airtasker.com/uk/services/,all_services_page,2026-09-05,Airtasker UK service taxonomy.,London
Airtasker,First Aid Training,First Aid Training,V2,https://www.airtasker.com/uk/services/,all_services_page,2026-09-05,Airtasker UK service taxonomy.,London
Airtasker,Fish & Chips Takeaway,Fish & Chips Takeaway,V2,https://www.airtasker.com/uk/services/,all_services_page,2026-09-05,Airtasker UK service taxonomy.,London
Airtasker,Fish Tank Cleaning,Fish Tank Cleaning,V2,https://www.airtasker.com/uk/services/,all_services_page,2026-09-05,Airtasker UK service taxonomy.,London
Airtasker,Fish Tank Repair,Fish Tank Repair,V2,https://www.airtasker.com/uk/services/,all_services_page,2026-09-05,Airtasker UK service taxonomy.,London
Airtasker,Fishing Lessons,Fishing Lessons,V2,https://www.airtasker.com/uk/services/,all_services_page,2026-09-05,Airtasker UK service taxonomy.,London
Airtasker,Fitness,Fitness,V2,https://www.airtasker.com/uk/services/,all_services_page,2026-09-05,Airtasker UK service taxonomy.,London
Airtasker,Fitness Equipment Installation,Fitness Equipment Installation,V2,https://www.airtasker.com/uk/services/,all_services_page,2026-09-05,Airtasker UK service taxonomy.,London
Airtasker,Flat Clearance,Flat Clearance,V2,https://www.airtasker.com/uk/services/,all_services_page,2026-09-05,Airtasker UK service taxonomy.,London
Airtasker,Flat Roofing,Flat Roofing,V2,https://www.airtasker.com/uk/services/,all_services_page,2026-09-05,Airtasker UK service taxonomy.,London
Airtasker,Flea Exterminator,Flea Exterminator,V2,https://www.airtasker.com/uk/services/,all_services_page,2026-09-05,Airtasker UK service taxonomy.,London
Airtasker,Floating Flooring,Floating Flooring,V2,https://www.airtasker.com/uk/services/,all_services_page,2026-09-05,Airtasker UK service taxonomy.,London
Airtasker,Floor Planning,Floor Planning,V2,https://www.airtasker.com/uk/services/,all_services_page,2026-09-05,Airtasker UK service taxonomy.,London
Airtasker,Floor Repair,Floor Repair,V2,https://www.airtasker.com/uk/services/,all_services_page,2026-09-05,Airtasker UK service taxonomy.,London
Airtasker,Floor Sanding,Floor Sanding,V2,https://www.airtasker.com/uk/services/,all_services_page,2026-09-05,Airtasker UK service taxonomy.,London
Airtasker,Floorboards,Floorboards,V2,https://www.airtasker.com/uk/services/,all_services_page,2026-09-05,Airtasker UK service taxonomy.,London
Airtasker,Flooring,Flooring,V2,https://www.airtasker.com/uk/services/,all_services_page,2026-09-05,Airtasker UK service taxonomy.,London
Airtasker,Florist,Florist,V2,https://www.airtasker.com/uk/services/,all_services_page,2026-09-05,Airtasker UK service taxonomy.,London
Airtasker,Flower & Balloon Delivery,Flower & Balloon Delivery,V2,https://www.airtasker.com/uk/services/,all_services_page,2026-09-05,Airtasker UK service taxonomy.,London
Airtasker,Flower Arrangements,Flower Arrangements,V2,https://www.airtasker.com/uk/services/,all_services_page,2026-09-05,Airtasker UK service taxonomy.,London
Airtasker,Flower Delivery,Flower Delivery,V2,https://www.airtasker.com/uk/services/,all_services_page,2026-09-05,Airtasker UK service taxonomy.,London
Airtasker,Flower Wall,Flower Wall,V2,https://www.airtasker.com/uk/services/,all_services_page,2026-09-05,Airtasker UK service taxonomy.,London
Airtasker,Flute Lessons,Flute Lessons,V2,https://www.airtasker.com/uk/services/,all_services_page,2026-09-05,Airtasker UK service taxonomy.,London
Airtasker,Flyer Design,Flyer Design,V2,https://www.airtasker.com/uk/services/,all_services_page,2026-09-05,Airtasker UK service taxonomy.,London
Airtasker,Flying Lessons,Flying Lessons,V2,https://www.airtasker.com/uk/services/,all_services_page,2026-09-05,Airtasker UK service taxonomy.,London
Airtasker,Flyscreen Installation,Flyscreen Installation,V2,https://www.airtasker.com/uk/services/,all_services_page,2026-09-05,Airtasker UK service taxonomy.,London
Airtasker,Food Delivery,Food Delivery,V2,https://www.airtasker.com/uk/services/,all_services_page,2026-09-05,Airtasker UK service taxonomy.,London
Airtasker,Food Waste Disposal,Food Waste Disposal,V2,https://www.airtasker.com/uk/services/,all_services_page,2026-09-05,Airtasker UK service taxonomy.,London
Airtasker,Football Lessons,Football Lessons,V2,https://www.airtasker.com/uk/services/,all_services_page,2026-09-05,Airtasker UK service taxonomy.,London
Airtasker,Ford Service,Ford Service,V2,https://www.airtasker.com/uk/services/,all_services_page,2026-09-05,Airtasker UK service taxonomy.,London
Airtasker,Fragile Removals,Fragile Removals,V2,https://www.airtasker.com/uk/services/,all_services_page,2026-09-05,Airtasker UK service taxonomy.,London
Airtasker,Freezer Installation,Freezer Installation,V2,https://www.airtasker.com/uk/services/,all_services_page,2026-09-05,Airtasker UK service taxonomy.,London
Airtasker,Freezer Repair,Freezer Repair,V2,https://www.airtasker.com/uk/services/,all_services_page,2026-09-05,Airtasker UK service taxonomy.,London
Airtasker,French Baker,French Baker,V2,https://www.airtasker.com/uk/services/,all_services_page,2026-09-05,Airtasker UK service taxonomy.,London
Airtasker,French Polishing,French Polishing,V2,https://www.airtasker.com/uk/services/,all_services_page,2026-09-05,Airtasker UK service taxonomy.,London
Airtasker,French Tutor,French Tutor,V2,https://www.airtasker.com/uk/services/,all_services_page,2026-09-05,Airtasker UK service taxonomy.,London
Airtasker,Fresh Food Delivery,Fresh Food Delivery,V2,https://www.airtasker.com/uk/services/,all_services_page,2026-09-05,Airtasker UK service taxonomy.,London
Airtasker,Fridge Cleaning,Fridge Cleaning,V2,https://www.airtasker.com/uk/services/,all_services_page,2026-09-05,Airtasker UK service taxonomy.,London
Airtasker,Fridge Removal and Disposal,Fridge Removal and Disposal,V2,https://www.airtasker.com/uk/services/,all_services_page,2026-09-05,Airtasker UK service taxonomy.,London
Airtasker,Fridge Removals,Fridge Removals,V2,https://www.airtasker.com/uk/services/,all_services_page,2026-09-05,Airtasker UK service taxonomy.,London
Airtasker,Fridge Repair & Installation,Fridge Repair & Installation,V2,https://www.airtasker.com/uk/services/,all_services_page,2026-09-05,Airtasker UK service taxonomy.,London
Airtasker,Fruit Delivery,Fruit Delivery,V2,https://www.airtasker.com/uk/services/,all_services_page,2026-09-05,Airtasker UK service taxonomy.,London
Airtasker,Fuel Injection Repair,Fuel Injection Repair,V2,https://www.airtasker.com/uk/services/,all_services_page,2026-09-05,Airtasker UK service taxonomy.,London
Airtasker,Fuel Pump Replacement,Fuel Pump Replacement,V2,https://www.airtasker.com/uk/services/,all_services_page,2026-09-05,Airtasker UK service taxonomy.,London
Airtasker,Full English Breakfast Delivery,Full English Breakfast Delivery,V2,https://www.airtasker.com/uk/services/,all_services_page,2026-09-05,Airtasker UK service taxonomy.,London
Airtasker,Furniture Assembly,Furniture Assembly,V2,https://www.airtasker.com/uk/services/,all_services_page,2026-09-05,Airtasker UK service taxonomy.,London
Airtasker,Furniture Delivery,Furniture Delivery,V2,https://www.airtasker.com/uk/services/,all_services_page,2026-09-05,Airtasker UK service taxonomy.,London
Airtasker,Furniture Disassembly,Furniture Disassembly,V2,https://www.airtasker.com/uk/services/,all_services_page,2026-09-05,Airtasker UK service taxonomy.,London
Airtasker,Furniture Makers,Furniture Makers,V2,https://www.airtasker.com/uk/services/,all_services_page,2026-09-05,Airtasker UK service taxonomy.,London
Airtasker,Furniture Painting,Furniture Painting,V2,https://www.airtasker.com/uk/services/,all_services_page,2026-09-05,Airtasker UK service taxonomy.,London
Airtasker,Furniture Removals,Furniture Removals,V2,https://www.airtasker.com/uk/services/,all_services_page,2026-09-05,Airtasker UK service taxonomy.,London
Airtasker,Furniture Repair,Furniture Repair,V2,https://www.airtasker.com/uk/services/,all_services_page,2026-09-05,Airtasker UK service taxonomy.,London
Airtasker,GHD Repair,GHD Repair,V2,https://www.airtasker.com/uk/services/,all_services_page,2026-09-05,Airtasker UK service taxonomy.,London
Airtasker,GMAT Tutor,GMAT Tutor,V2,https://www.airtasker.com/uk/services/,all_services_page,2026-09-05,Airtasker UK service taxonomy.,London
Airtasker,GSCE Tutor,GSCE Tutor,V2,https://www.airtasker.com/uk/services/,all_services_page,2026-09-05,Airtasker UK service taxonomy.,London
Airtasker,Garage Clearance,Garage Clearance,V2,https://www.airtasker.com/uk/services/,all_services_page,2026-09-05,Airtasker UK service taxonomy.,London
Airtasker,Garage Conversion,Garage Conversion,V2,https://www.airtasker.com/uk/services/,all_services_page,2026-09-05,Airtasker UK service taxonomy.,London
Airtasker,Garage Door Installation,Garage Door Installation,V2,https://www.airtasker.com/uk/services/,all_services_page,2026-09-05,Airtasker UK service taxonomy.,London
Airtasker,Garage Door Repair,Garage Door Repair,V2,https://www.airtasker.com/uk/services/,all_services_page,2026-09-05,Airtasker UK service taxonomy.,London
Airtasker,Garage Roof Replacement,Garage Roof Replacement,V2,https://www.airtasker.com/uk/services/,all_services_page,2026-09-05,Airtasker UK service taxonomy.,London
Airtasker,Garden Centre Delivery,Garden Centre Delivery,V2,https://www.airtasker.com/uk/services/,all_services_page,2026-09-05,Airtasker UK service taxonomy.,London
Airtasker,Garden Clearance,Garden Clearance,V2,https://www.airtasker.com/uk/services/,all_services_page,2026-09-05,Airtasker UK service taxonomy.,London
Airtasker,Garden Designers,Garden Designers,V2,https://www.airtasker.com/uk/services/,all_services_page,2026-09-05,Airtasker UK service taxonomy.,London
Airtasker,Garden Edging,Garden Edging,V2,https://www.airtasker.com/uk/services/,all_services_page,2026-09-05,Airtasker UK service taxonomy.,London
Airtasker,Garden Machinery Servicing,Garden Machinery Servicing,V2,https://www.airtasker.com/uk/services/,all_services_page,2026-09-05,Airtasker UK service taxonomy.,London
Airtasker,Garden Planting,Garden Planting,V2,https://www.airtasker.com/uk/services/,all_services_page,2026-09-05,Airtasker UK service taxonomy.,London
Airtasker,Garden Pond Maintenance,Garden Pond Maintenance,V2,https://www.airtasker.com/uk/services/,all_services_page,2026-09-05,Airtasker UK service taxonomy.,London
Airtasker,Garden Seat Installation,Garden Seat Installation,V2,https://www.airtasker.com/uk/services/,all_services_page,2026-09-05,Airtasker UK service taxonomy.,London
Airtasker,Garden Shed Installation & Repair,Garden Shed Installation & Repair,V2,https://www.airtasker.com/uk/services/,all_services_page,2026-09-05,Airtasker UK service taxonomy.,London
Airtasker,Garden Tidy Up,Garden Tidy Up,V2,https://www.airtasker.com/uk/services/,all_services_page,2026-09-05,Airtasker UK service taxonomy.,London
Airtasker,Garden Tool Repair,Garden Tool Repair,V2,https://www.airtasker.com/uk/services/,all_services_page,2026-09-05,Airtasker UK service taxonomy.,London
Airtasker,Garden Tool Sharpening,Garden Tool Sharpening,V2,https://www.airtasker.com/uk/services/,all_services_page,2026-09-05,Airtasker UK service taxonomy.,London
Airtasker,Garden Waste Collection,Garden Waste Collection,V2,https://www.airtasker.com/uk/services/,all_services_page,2026-09-05,Airtasker UK service taxonomy.,London
Airtasker,Gardening,Gardening,V2,https://www.airtasker.com/uk/services/,all_services_page,2026-09-05,Airtasker UK service taxonomy.,London
Airtasker,Gardening Services,Gardening Services,V2,https://www.airtasker.com/uk/services/,all_services_page,2026-09-05,Airtasker UK service taxonomy.,London
Airtasker,Gas Boiler Services,Gas Boiler Services,V2,https://www.airtasker.com/uk/services/,all_services_page,2026-09-05,Airtasker UK service taxonomy.,London
Airtasker,Gas Burner Repair,Gas Burner Repair,V2,https://www.airtasker.com/uk/services/,all_services_page,2026-09-05,Airtasker UK service taxonomy.,London
Airtasker,Gas Fitters,Gas Fitters,V2,https://www.airtasker.com/uk/services/,all_services_page,2026-09-05,Airtasker UK service taxonomy.,London
Airtasker,Gas Hob Repair,Gas Hob Repair,V2,https://www.airtasker.com/uk/services/,all_services_page,2026-09-05,Airtasker UK service taxonomy.,London
Airtasker,Gas Oven Repair and Installation,Gas Oven Repair and Installation,V2,https://www.airtasker.com/uk/services/,all_services_page,2026-09-05,Airtasker UK service taxonomy.,London
Airtasker,Gas Stove Installation & Repair,Gas Stove Installation & Repair,V2,https://www.airtasker.com/uk/services/,all_services_page,2026-09-05,Airtasker UK service taxonomy.,London
Airtasker,Gate Installation,Gate Installation,V2,https://www.airtasker.com/uk/services/,all_services_page,2026-09-05,Airtasker UK service taxonomy.,London
Airtasker,Gazebo Installation & Repair,Gazebo Installation & Repair,V2,https://www.airtasker.com/uk/services/,all_services_page,2026-09-05,Airtasker UK service taxonomy.,London
Airtasker,Gearbox Repair,Gearbox Repair,V2,https://www.airtasker.com/uk/services/,all_services_page,2026-09-05,Airtasker UK service taxonomy.,London
Airtasker,General Contractors,General Contractors,V2,https://www.airtasker.com/uk/services/,all_services_page,2026-09-05,Airtasker UK service taxonomy.,London
Airtasker,General Labour,General Labour,V2,https://www.airtasker.com/uk/services/,all_services_page,2026-09-05,Airtasker UK service taxonomy.,London
Airtasker,Generator Repair,Generator Repair,V2,https://www.airtasker.com/uk/services/,all_services_page,2026-09-05,Airtasker UK service taxonomy.,London
Airtasker,German Tutor,German Tutor,V2,https://www.airtasker.com/uk/services/,all_services_page,2026-09-05,Airtasker UK service taxonomy.,London
Airtasker,Ghostwriting,Ghostwriting,V2,https://www.airtasker.com/uk/services/,all_services_page,2026-09-05,Airtasker UK service taxonomy.,London
Airtasker,Gift Basket Delivery,Gift Basket Delivery,V2,https://www.airtasker.com/uk/services/,all_services_page,2026-09-05,Airtasker UK service taxonomy.,London
Airtasker,Gift Delivery,Gift Delivery,V2,https://www.airtasker.com/uk/services/,all_services_page,2026-09-05,Airtasker UK service taxonomy.,London
Airtasker,Gift Wrapping,Gift Wrapping,V2,https://www.airtasker.com/uk/services/,all_services_page,2026-09-05,Airtasker UK service taxonomy.,London
Airtasker,Glass Cutting,Glass Cutting,V2,https://www.airtasker.com/uk/services/,all_services_page,2026-09-05,Airtasker UK service taxonomy.,London
Airtasker,Glass Fencing,Glass Fencing,V2,https://www.airtasker.com/uk/services/,all_services_page,2026-09-05,Airtasker UK service taxonomy.,London
Airtasker,Glass Repair,Glass Repair,V2,https://www.airtasker.com/uk/services/,all_services_page,2026-09-05,Airtasker UK service taxonomy.,London
Airtasker,Glaziers,Glaziers,V2,https://www.airtasker.com/uk/services/,all_services_page,2026-09-05,Airtasker UK service taxonomy.,London
Airtasker,Glow Plug Replacement,Glow Plug Replacement,V2,https://www.airtasker.com/uk/services/,all_services_page,2026-09-05,Airtasker UK service taxonomy.,London
Airtasker,Gluten Free Baker,Gluten Free Baker,V2,https://www.airtasker.com/uk/services/,all_services_page,2026-09-05,Airtasker UK service taxonomy.,London
Airtasker,Gluten Free Cake Delivery,Gluten Free Cake Delivery,V2,https://www.airtasker.com/uk/services/,all_services_page,2026-09-05,Airtasker UK service taxonomy.,London
Airtasker,Gluten Free Takeaway,Gluten Free Takeaway,V2,https://www.airtasker.com/uk/services/,all_services_page,2026-09-05,Airtasker UK service taxonomy.,London
Airtasker,Golf Lessons,Golf Lessons,V2,https://www.airtasker.com/uk/services/,all_services_page,2026-09-05,Airtasker UK service taxonomy.,London
Airtasker,Google Analytics,Google Analytics,V2,https://www.airtasker.com/uk/services/,all_services_page,2026-09-05,Airtasker UK service taxonomy.,London
Airtasker,Graffiti Removal,Graffiti Removal,V2,https://www.airtasker.com/uk/services/,all_services_page,2026-09-05,Airtasker UK service taxonomy.,London
Airtasker,Graphic Designer,Graphic Designer,V2,https://www.airtasker.com/uk/services/,all_services_page,2026-09-05,Airtasker UK service taxonomy.,London
Airtasker,Greek Baker,Greek Baker,V2,https://www.airtasker.com/uk/services/,all_services_page,2026-09-05,Airtasker UK service taxonomy.,London
Airtasker,Greek Takeaway,Greek Takeaway,V2,https://www.airtasker.com/uk/services/,all_services_page,2026-09-05,Airtasker UK service taxonomy.,London
Airtasker,Green Waste Collection,Green Waste Collection,V2,https://www.airtasker.com/uk/services/,all_services_page,2026-09-05,Airtasker UK service taxonomy.,London
Airtasker,Grocery Delivery,Grocery Delivery,V2,https://www.airtasker.com/uk/services/,all_services_page,2026-09-05,Airtasker UK service taxonomy.,London
Airtasker,Group Therapy,Group Therapy,V2,https://www.airtasker.com/uk/services/,all_services_page,2026-09-05,Airtasker UK service taxonomy.,London
Airtasker,Guitar Lessons,Guitar Lessons,V2,https://www.airtasker.com/uk/services/,all_services_page,2026-09-05,Airtasker UK service taxonomy.,London
Airtasker,Gutter Cleaning,Gutter Cleaning,V2,https://www.airtasker.com/uk/services/,all_services_page,2026-09-05,Airtasker UK service taxonomy.,London
Airtasker,Gutter Guard Installation,Gutter Guard Installation,V2,https://www.airtasker.com/uk/services/,all_services_page,2026-09-05,Airtasker UK service taxonomy.,London
Airtasker,Gutter Repair,Gutter Repair,V2,https://www.airtasker.com/uk/services/,all_services_page,2026-09-05,Airtasker UK service taxonomy.,London
Airtasker,Gym Buddy,Gym Buddy,V2,https://www.airtasker.com/uk/services/,all_services_page,2026-09-05,Airtasker UK service taxonomy.,London
Airtasker,Gym Equipment Removals,Gym Equipment Removals,V2,https://www.airtasker.com/uk/services/,all_services_page,2026-09-05,Airtasker UK service taxonomy.,London
Airtasker,Gymnastics Lessons,Gymnastics Lessons,V2,https://www.airtasker.com/uk/services/,all_services_page,2026-09-05,Airtasker UK service taxonomy.,London
Airtasker,HIIT Training,HIIT Training,V2,https://www.airtasker.com/uk/services/,all_services_page,2026-09-05,Airtasker UK service taxonomy.,London
Airtasker,HR Services,HR Services,V2,https://www.airtasker.com/uk/services/,all_services_page,2026-09-05,Airtasker UK service taxonomy.,London
Airtasker,Habitat Furniture Assembly,Habitat Furniture Assembly,V2,https://www.airtasker.com/uk/services/,all_services_page,2026-09-05,Airtasker UK service taxonomy.,London
Airtasker,Hair Braiding,Hair Braiding,V2,https://www.airtasker.com/uk/services/,all_services_page,2026-09-05,Airtasker UK service taxonomy.,London
Airtasker,Hair Removal,Hair Removal,V2,https://www.airtasker.com/uk/services/,all_services_page,2026-09-05,Airtasker UK service taxonomy.,London
Airtasker,Hair Stylist,Hair Stylist,V2,https://www.airtasker.com/uk/services/,all_services_page,2026-09-05,Airtasker UK service taxonomy.,London
Airtasker,Haircut and Trimming,Haircut and Trimming,V2,https://www.airtasker.com/uk/services/,all_services_page,2026-09-05,Airtasker UK service taxonomy.,London
Airtasker,Hairdressers,Hairdressers,V2,https://www.airtasker.com/uk/services/,all_services_page,2026-09-05,Airtasker UK service taxonomy.,London
Airtasker,Halal Takeaway,Halal Takeaway,V2,https://www.airtasker.com/uk/services/,all_services_page,2026-09-05,Airtasker UK service taxonomy.,London
Airtasker,Halloween Face Painter,Halloween Face Painter,V2,https://www.airtasker.com/uk/services/,all_services_page,2026-09-05,Airtasker UK service taxonomy.,London
Airtasker,Hand Therapy,Hand Therapy,V2,https://www.airtasker.com/uk/services/,all_services_page,2026-09-05,Airtasker UK service taxonomy.,London
Airtasker,Handyman,Handyman,V2,https://www.airtasker.com/uk/services/,all_services_page,2026-09-05,Airtasker UK service taxonomy.,London
Airtasker,Handyman Services,Handyman Services,V2,https://www.airtasker.com/uk/services/,all_services_page,2026-09-05,Airtasker UK service taxonomy.,London
Airtasker,Hard Landscaping,Hard Landscaping,V2,https://www.airtasker.com/uk/services/,all_services_page,2026-09-05,Airtasker UK service taxonomy.,London
Airtasker,Hardwood Flooring,Hardwood Flooring,V2,https://www.airtasker.com/uk/services/,all_services_page,2026-09-05,Airtasker UK service taxonomy.,London
Airtasker,Harmonica Lessons,Harmonica Lessons,V2,https://www.airtasker.com/uk/services/,all_services_page,2026-09-05,Airtasker UK service taxonomy.,London
Airtasker,Head Gasket Repair,Head Gasket Repair,V2,https://www.airtasker.com/uk/services/,all_services_page,2026-09-05,Airtasker UK service taxonomy.,London
Airtasker,Head Unit Installation,Head Unit Installation,V2,https://www.airtasker.com/uk/services/,all_services_page,2026-09-05,Airtasker UK service taxonomy.,London
Airtasker,Headlight Bulb Replacement,Headlight Bulb Replacement,V2,https://www.airtasker.com/uk/services/,all_services_page,2026-09-05,Airtasker UK service taxonomy.,London
Airtasker,Headphone Repair,Headphone Repair,V2,https://www.airtasker.com/uk/services/,all_services_page,2026-09-05,Airtasker UK service taxonomy.,London
Airtasker,Healthy Takeaway,Healthy Takeaway,V2,https://www.airtasker.com/uk/services/,all_services_page,2026-09-05,Airtasker UK service taxonomy.,London
Airtasker,Heated Floor Installation,Heated Floor Installation,V2,https://www.airtasker.com/uk/services/,all_services_page,2026-09-05,Airtasker UK service taxonomy.,London
Airtasker,Heating & Cooling,Heating & Cooling,V2,https://www.airtasker.com/uk/services/,all_services_page,2026-09-05,Airtasker UK service taxonomy.,London
Airtasker,Heavy Lifting,Heavy Lifting,V2,https://www.airtasker.com/uk/services/,all_services_page,2026-09-05,Airtasker UK service taxonomy.,London
Airtasker,Hedge Planting,Hedge Planting,V2,https://www.airtasker.com/uk/services/,all_services_page,2026-09-05,Airtasker UK service taxonomy.,London
Airtasker,Hedging,Hedging,V2,https://www.airtasker.com/uk/services/,all_services_page,2026-09-05,Airtasker UK service taxonomy.,London
Airtasker,Henna Tattoo,Henna Tattoo,V2,https://www.airtasker.com/uk/services/,all_services_page,2026-09-05,Airtasker UK service taxonomy.,London
Airtasker,Hifi Repair,Hifi Repair,V2,https://www.airtasker.com/uk/services/,all_services_page,2026-09-05,Airtasker UK service taxonomy.,London
Airtasker,High Pressure Cleaning,High Pressure Cleaning,V2,https://www.airtasker.com/uk/services/,all_services_page,2026-09-05,Airtasker UK service taxonomy.,London
Airtasker,History Tutor,History Tutor,V2,https://www.airtasker.com/uk/services/,all_services_page,2026-09-05,Airtasker UK service taxonomy.,London
Airtasker,Hob Installation,Hob Installation,V2,https://www.airtasker.com/uk/services/,all_services_page,2026-09-05,Airtasker UK service taxonomy.,London
Airtasker,Home & Lifestyle,Home & Lifestyle,V2,https://www.airtasker.com/uk/services/,all_services_page,2026-09-05,Airtasker UK service taxonomy.,London
Airtasker,Home Automation and Security,Home Automation and Security,V2,https://www.airtasker.com/uk/services/,all_services_page,2026-09-05,Airtasker UK service taxonomy.,London
Airtasker,Home Bar Designers,Home Bar Designers,V2,https://www.airtasker.com/uk/services/,all_services_page,2026-09-05,Airtasker UK service taxonomy.,London
Airtasker,Home Care,Home Care,V2,https://www.airtasker.com/uk/services/,all_services_page,2026-09-05,Airtasker UK service taxonomy.,London
Airtasker,Home Chef,Home Chef,V2,https://www.airtasker.com/uk/services/,all_services_page,2026-09-05,Airtasker UK service taxonomy.,London
Airtasker,Home Cinema Design,Home Cinema Design,V2,https://www.airtasker.com/uk/services/,all_services_page,2026-09-05,Airtasker UK service taxonomy.,London
Airtasker,Home Cooking,Home Cooking,V2,https://www.airtasker.com/uk/services/,all_services_page,2026-09-05,Airtasker UK service taxonomy.,London
Airtasker,Home Gym Assembly,Home Gym Assembly,V2,https://www.airtasker.com/uk/services/,all_services_page,2026-09-05,Airtasker UK service taxonomy.,London
Airtasker,Home Network Setup,Home Network Setup,V2,https://www.airtasker.com/uk/services/,all_services_page,2026-09-05,Airtasker UK service taxonomy.,London
Airtasker,Home Organiser,Home Organiser,V2,https://www.airtasker.com/uk/services/,all_services_page,2026-09-05,Airtasker UK service taxonomy.,London
Airtasker,Home Stagers,Home Stagers,V2,https://www.airtasker.com/uk/services/,all_services_page,2026-09-05,Airtasker UK service taxonomy.,London
Airtasker,Home Theatre,Home Theatre,V2,https://www.airtasker.com/uk/services/,all_services_page,2026-09-05,Airtasker UK service taxonomy.,London
Airtasker,Homeopathy,Homeopathy,V2,https://www.airtasker.com/uk/services/,all_services_page,2026-09-05,Airtasker UK service taxonomy.,London
Airtasker,Honda Service,Honda Service,V2,https://www.airtasker.com/uk/services/,all_services_page,2026-09-05,Airtasker UK service taxonomy.,London
Airtasker,Horse Riding Lessons,Horse Riding Lessons,V2,https://www.airtasker.com/uk/services/,all_services_page,2026-09-05,Airtasker UK service taxonomy.,London
Airtasker,Hot Tub Cleaning,Hot Tub Cleaning,V2,https://www.airtasker.com/uk/services/,all_services_page,2026-09-05,Airtasker UK service taxonomy.,London
Airtasker,Hot Tub Maintenance,Hot Tub Maintenance,V2,https://www.airtasker.com/uk/services/,all_services_page,2026-09-05,Airtasker UK service taxonomy.,London
Airtasker,Hot Tub Removal and Disposal,Hot Tub Removal and Disposal,V2,https://www.airtasker.com/uk/services/,all_services_page,2026-09-05,Airtasker UK service taxonomy.,London
Airtasker,Hot Tub Removals,Hot Tub Removals,V2,https://www.airtasker.com/uk/services/,all_services_page,2026-09-05,Airtasker UK service taxonomy.,London
Airtasker,Hot Tub Repair,Hot Tub Repair,V2,https://www.airtasker.com/uk/services/,all_services_page,2026-09-05,Airtasker UK service taxonomy.,London
Airtasker,Hot Water System Installation & Repair,Hot Water System Installation & Repair,V2,https://www.airtasker.com/uk/services/,all_services_page,2026-09-05,Airtasker UK service taxonomy.,London
Airtasker,House Cleaning,House Cleaning,V2,https://www.airtasker.com/uk/services/,all_services_page,2026-09-05,Airtasker UK service taxonomy.,London
Airtasker,House Clearance,House Clearance,V2,https://www.airtasker.com/uk/services/,all_services_page,2026-09-05,Airtasker UK service taxonomy.,London
Airtasker,House Extensions,House Extensions,V2,https://www.airtasker.com/uk/services/,all_services_page,2026-09-05,Airtasker UK service taxonomy.,London
Airtasker,House Painters,House Painters,V2,https://www.airtasker.com/uk/services/,all_services_page,2026-09-05,Airtasker UK service taxonomy.,London
Airtasker,House Removals,House Removals,V2,https://www.airtasker.com/uk/services/,all_services_page,2026-09-05,Airtasker UK service taxonomy.,London
Airtasker,House Renovation,House Renovation,V2,https://www.airtasker.com/uk/services/,all_services_page,2026-09-05,Airtasker UK service taxonomy.,London
Airtasker,House Sitters,House Sitters,V2,https://www.airtasker.com/uk/services/,all_services_page,2026-09-05,Airtasker UK service taxonomy.,London
Airtasker,House Surveyor,House Surveyor,V2,https://www.airtasker.com/uk/services/,all_services_page,2026-09-05,Airtasker UK service taxonomy.,London
Airtasker,Household Waste Disposal,Household Waste Disposal,V2,https://www.airtasker.com/uk/services/,all_services_page,2026-09-05,Airtasker UK service taxonomy.,London
Airtasker,Housekeepers,Housekeepers,V2,https://www.airtasker.com/uk/services/,all_services_page,2026-09-05,Airtasker UK service taxonomy.,London
Airtasker,Hyundai Service,Hyundai Service,V2,https://www.airtasker.com/uk/services/,all_services_page,2026-09-05,Airtasker UK service taxonomy.,London
Airtasker,IKEA Assembly,IKEA Assembly,V2,https://www.airtasker.com/uk/services/,all_services_page,2026-09-05,Airtasker UK service taxonomy.,London
Airtasker,IKEA Delivery,IKEA Delivery,V2,https://www.airtasker.com/uk/services/,all_services_page,2026-09-05,Airtasker UK service taxonomy.,London
Airtasker,IT Support,IT Support,V2,https://www.airtasker.com/uk/services/,all_services_page,2026-09-05,Airtasker UK service taxonomy.,London
Airtasker,Ice Cream Cake Delivery,Ice Cream Cake Delivery,V2,https://www.airtasker.com/uk/services/,all_services_page,2026-09-05,Airtasker UK service taxonomy.,London
Airtasker,Ice Cream Delivery,Ice Cream Delivery,V2,https://www.airtasker.com/uk/services/,all_services_page,2026-09-05,Airtasker UK service taxonomy.,London
Airtasker,Ice Machine Repair & Installation,Ice Machine Repair & Installation,V2,https://www.airtasker.com/uk/services/,all_services_page,2026-09-05,Airtasker UK service taxonomy.,London
Airtasker,Ice Skating Lessons,Ice Skating Lessons,V2,https://www.airtasker.com/uk/services/,all_services_page,2026-09-05,Airtasker UK service taxonomy.,London
Airtasker,Ignition Systems Repair,Ignition Systems Repair,V2,https://www.airtasker.com/uk/services/,all_services_page,2026-09-05,Airtasker UK service taxonomy.,London
Airtasker,Illustrators,Illustrators,V2,https://www.airtasker.com/uk/services/,all_services_page,2026-09-05,Airtasker UK service taxonomy.,London
Airtasker,Imprinted Concrete Driveway Services,Imprinted Concrete Driveway Services,V2,https://www.airtasker.com/uk/services/,all_services_page,2026-09-05,Airtasker UK service taxonomy.,London
Airtasker,Indian Takeaway,Indian Takeaway,V2,https://www.airtasker.com/uk/services/,all_services_page,2026-09-05,Airtasker UK service taxonomy.,London
Airtasker,Inflated Helium Balloons Delivery,Inflated Helium Balloons Delivery,V2,https://www.airtasker.com/uk/services/,all_services_page,2026-09-05,Airtasker UK service taxonomy.,London
Airtasker,Instagram Marketing,Instagram Marketing,V2,https://www.airtasker.com/uk/services/,all_services_page,2026-09-05,Airtasker UK service taxonomy.,London
Airtasker,Insulation,Insulation,V2,https://www.airtasker.com/uk/services/,all_services_page,2026-09-05,Airtasker UK service taxonomy.,London
Airtasker,Interior Architects,Interior Architects,V2,https://www.airtasker.com/uk/services/,all_services_page,2026-09-05,Airtasker UK service taxonomy.,London
Airtasker,Interior Designer,Interior Designer,V2,https://www.airtasker.com/uk/services/,all_services_page,2026-09-05,Airtasker UK service taxonomy.,London
Airtasker,Interior Lighting Designers,Interior Lighting Designers,V2,https://www.airtasker.com/uk/services/,all_services_page,2026-09-05,Airtasker UK service taxonomy.,London
Airtasker,Interior Painting,Interior Painting,V2,https://www.airtasker.com/uk/services/,all_services_page,2026-09-05,Airtasker UK service taxonomy.,London
Airtasker,Interior Wall Cladding,Interior Wall Cladding,V2,https://www.airtasker.com/uk/services/,all_services_page,2026-09-05,Airtasker UK service taxonomy.,London
Airtasker,Internal Door Installation,Internal Door Installation,V2,https://www.airtasker.com/uk/services/,all_services_page,2026-09-05,Airtasker UK service taxonomy.,London
Airtasker,Internet Help,Internet Help,V2,https://www.airtasker.com/uk/services/,all_services_page,2026-09-05,Airtasker UK service taxonomy.,London
Airtasker,Inversion Table Assembly,Inversion Table Assembly,V2,https://www.airtasker.com/uk/services/,all_services_page,2026-09-05,Airtasker UK service taxonomy.,London
Airtasker,Irish Dance Lessons,Irish Dance Lessons,V2,https://www.airtasker.com/uk/services/,all_services_page,2026-09-05,Airtasker UK service taxonomy.,London
Airtasker,Iron Fencing,Iron Fencing,V2,https://www.airtasker.com/uk/services/,all_services_page,2026-09-05,Airtasker UK service taxonomy.,London
Airtasker,Ironing Service,Ironing Service,V2,https://www.airtasker.com/uk/services/,all_services_page,2026-09-05,Airtasker UK service taxonomy.,London
Airtasker,Irrigation Repair,Irrigation Repair,V2,https://www.airtasker.com/uk/services/,all_services_page,2026-09-05,Airtasker UK service taxonomy.,London
Airtasker,Italian Takeaway,Italian Takeaway,V2,https://www.airtasker.com/uk/services/,all_services_page,2026-09-05,Airtasker UK service taxonomy.,London
Airtasker,Italian Tutor,Italian Tutor,V2,https://www.airtasker.com/uk/services/,all_services_page,2026-09-05,Airtasker UK service taxonomy.,London
Airtasker,Jaguar Service,Jaguar Service,V2,https://www.airtasker.com/uk/services/,all_services_page,2026-09-05,Airtasker UK service taxonomy.,London
Airtasker,Jamaican Takeaway,Jamaican Takeaway,V2,https://www.airtasker.com/uk/services/,all_services_page,2026-09-05,Airtasker UK service taxonomy.,London
Airtasker,Janitorial Services,Janitorial Services,V2,https://www.airtasker.com/uk/services/,all_services_page,2026-09-05,Airtasker UK service taxonomy.,London
Airtasker,Japanese Baker,Japanese Baker,V2,https://www.airtasker.com/uk/services/,all_services_page,2026-09-05,Airtasker UK service taxonomy.,London
Airtasker,Japanese Takeaway,Japanese Takeaway,V2,https://www.airtasker.com/uk/services/,all_services_page,2026-09-05,Airtasker UK service taxonomy.,London
Airtasker,Japanese Tutor,Japanese Tutor,V2,https://www.airtasker.com/uk/services/,all_services_page,2026-09-05,Airtasker UK service taxonomy.,London
Airtasker,Java Developer,Java Developer,V2,https://www.airtasker.com/uk/services/,all_services_page,2026-09-05,Airtasker UK service taxonomy.,London
Airtasker,Jeep Service,Jeep Service,V2,https://www.airtasker.com/uk/services/,all_services_page,2026-09-05,Airtasker UK service taxonomy.,London
Airtasker,Jiu Jitsu Classes,Jiu Jitsu Classes,V2,https://www.airtasker.com/uk/services/,all_services_page,2026-09-05,Airtasker UK service taxonomy.,London
Airtasker,Jollibee Delivery,Jollibee Delivery,V2,https://www.airtasker.com/uk/services/,all_services_page,2026-09-05,Airtasker UK service taxonomy.,London
Airtasker,Journalist,Journalist,V2,https://www.airtasker.com/uk/services/,all_services_page,2026-09-05,Airtasker UK service taxonomy.,London
Airtasker,Judo Classes,Judo Classes,V2,https://www.airtasker.com/uk/services/,all_services_page,2026-09-05,Airtasker UK service taxonomy.,London
Airtasker,Jugglers,Jugglers,V2,https://www.airtasker.com/uk/services/,all_services_page,2026-09-05,Airtasker UK service taxonomy.,London
Airtasker,Juice Delivery,Juice Delivery,V2,https://www.airtasker.com/uk/services/,all_services_page,2026-09-05,Airtasker UK service taxonomy.,London
Airtasker,KFC Delivery,KFC Delivery,V2,https://www.airtasker.com/uk/services/,all_services_page,2026-09-05,Airtasker UK service taxonomy.,London
Airtasker,Karate Lessons,Karate Lessons,V2,https://www.airtasker.com/uk/services/,all_services_page,2026-09-05,Airtasker UK service taxonomy.,London
Airtasker,Kayak Lessons,Kayak Lessons,V2,https://www.airtasker.com/uk/services/,all_services_page,2026-09-05,Airtasker UK service taxonomy.,London
Airtasker,Kebab Delivery,Kebab Delivery,V2,https://www.airtasker.com/uk/services/,all_services_page,2026-09-05,Airtasker UK service taxonomy.,London
Airtasker,Keto Baker,Keto Baker,V2,https://www.airtasker.com/uk/services/,all_services_page,2026-09-05,Airtasker UK service taxonomy.,London
Airtasker,Keto Meal Prep,Keto Meal Prep,V2,https://www.airtasker.com/uk/services/,all_services_page,2026-09-05,Airtasker UK service taxonomy.,London
Airtasker,Key Cutting,Key Cutting,V2,https://www.airtasker.com/uk/services/,all_services_page,2026-09-05,Airtasker UK service taxonomy.,London
Airtasker,Keyboard Lessons,Keyboard Lessons,V2,https://www.airtasker.com/uk/services/,all_services_page,2026-09-05,Airtasker UK service taxonomy.,London
Airtasker,Kia Service,Kia Service,V2,https://www.airtasker.com/uk/services/,all_services_page,2026-09-05,Airtasker UK service taxonomy.,London
Airtasker,Kickboxing Training,Kickboxing Training,V2,https://www.airtasker.com/uk/services/,all_services_page,2026-09-05,Airtasker UK service taxonomy.,London
Airtasker,Kids Bike Assembly,Kids Bike Assembly,V2,https://www.airtasker.com/uk/services/,all_services_page,2026-09-05,Airtasker UK service taxonomy.,London
Airtasker,Kids Haircut,Kids Haircut,V2,https://www.airtasker.com/uk/services/,all_services_page,2026-09-05,Airtasker UK service taxonomy.,London
Airtasker,Kids Swimming Lessons,Kids Swimming Lessons,V2,https://www.airtasker.com/uk/services/,all_services_page,2026-09-05,Airtasker UK service taxonomy.,London
Airtasker,Kitchen Assistant,Kitchen Assistant,V2,https://www.airtasker.com/uk/services/,all_services_page,2026-09-05,Airtasker UK service taxonomy.,London
Airtasker,Kitchen Cabinet Maker,Kitchen Cabinet Maker,V2,https://www.airtasker.com/uk/services/,all_services_page,2026-09-05,Airtasker UK service taxonomy.,London
Airtasker,Kitchen Cabinet Painting,Kitchen Cabinet Painting,V2,https://www.airtasker.com/uk/services/,all_services_page,2026-09-05,Airtasker UK service taxonomy.,London
Airtasker,Kitchen Cupboard Repair,Kitchen Cupboard Repair,V2,https://www.airtasker.com/uk/services/,all_services_page,2026-09-05,Airtasker UK service taxonomy.,London
Airtasker,Kitchen Designers,Kitchen Designers,V2,https://www.airtasker.com/uk/services/,all_services_page,2026-09-05,Airtasker UK service taxonomy.,London
Airtasker,Kitchen Drawer Repair,Kitchen Drawer Repair,V2,https://www.airtasker.com/uk/services/,all_services_page,2026-09-05,Airtasker UK service taxonomy.,London
Airtasker,Kitchen Installation,Kitchen Installation,V2,https://www.airtasker.com/uk/services/,all_services_page,2026-09-05,Airtasker UK service taxonomy.,London
Airtasker,Kitchen Renovation,Kitchen Renovation,V2,https://www.airtasker.com/uk/services/,all_services_page,2026-09-05,Airtasker UK service taxonomy.,London
Airtasker,Kitchen Sink Installation,Kitchen Sink Installation,V2,https://www.airtasker.com/uk/services/,all_services_page,2026-09-05,Airtasker UK service taxonomy.,London
Airtasker,Kitchen Waste Disposal,Kitchen Waste Disposal,V2,https://www.airtasker.com/uk/services/,all_services_page,2026-09-05,Airtasker UK service taxonomy.,London
Airtasker,Kitesurfing Lessons,Kitesurfing Lessons,V2,https://www.airtasker.com/uk/services/,all_services_page,2026-09-05,Airtasker UK service taxonomy.,London
Airtasker,Korean Lessons,Korean Lessons,V2,https://www.airtasker.com/uk/services/,all_services_page,2026-09-05,Airtasker UK service taxonomy.,London
Airtasker,Korean Takeaway,Korean Takeaway,V2,https://www.airtasker.com/uk/services/,all_services_page,2026-09-05,Airtasker UK service taxonomy.,London
Airtasker,Krispy Kreme Delivery,Krispy Kreme Delivery,V2,https://www.airtasker.com/uk/services/,all_services_page,2026-09-05,Airtasker UK service taxonomy.,London
Airtasker,LCD Screen Repair,LCD Screen Repair,V2,https://www.airtasker.com/uk/services/,all_services_page,2026-09-05,Airtasker UK service taxonomy.,London
Airtasker,LED Lights Installation,LED Lights Installation,V2,https://www.airtasker.com/uk/services/,all_services_page,2026-09-05,Airtasker UK service taxonomy.,London
Airtasker,LG TV Repair & Setup,LG TV Repair & Setup,V2,https://www.airtasker.com/uk/services/,all_services_page,2026-09-05,Airtasker UK service taxonomy.,London
Airtasker,LPG Engineer,LPG Engineer,V2,https://www.airtasker.com/uk/services/,all_services_page,2026-09-05,Airtasker UK service taxonomy.,London
Airtasker,Ladies' Bikini Waxing,Ladies' Bikini Waxing,V2,https://www.airtasker.com/uk/services/,all_services_page,2026-09-05,Airtasker UK service taxonomy.,London
Airtasker,Laminate Flooring,Laminate Flooring,V2,https://www.airtasker.com/uk/services/,all_services_page,2026-09-05,Airtasker UK service taxonomy.,London
Airtasker,Lamp Repairs,Lamp Repairs,V2,https://www.airtasker.com/uk/services/,all_services_page,2026-09-05,Airtasker UK service taxonomy.,London
Airtasker,Land Clearing,Land Clearing,V2,https://www.airtasker.com/uk/services/,all_services_page,2026-09-05,Airtasker UK service taxonomy.,London
Airtasker,Land Rover Service,Land Rover Service,V2,https://www.airtasker.com/uk/services/,all_services_page,2026-09-05,Airtasker UK service taxonomy.,London
Airtasker,Land Surveyor,Land Surveyor,V2,https://www.airtasker.com/uk/services/,all_services_page,2026-09-05,Airtasker UK service taxonomy.,London
Airtasker,Landscape Contractors,Landscape Contractors,V2,https://www.airtasker.com/uk/services/,all_services_page,2026-09-05,Airtasker UK service taxonomy.,London
Airtasker,Landscape Designers,Landscape Designers,V2,https://www.airtasker.com/uk/services/,all_services_page,2026-09-05,Airtasker UK service taxonomy.,London
Airtasker,Landscape Lighting,Landscape Lighting,V2,https://www.airtasker.com/uk/services/,all_services_page,2026-09-05,Airtasker UK service taxonomy.,London
Airtasker,Landscaping,Landscaping,V2,https://www.airtasker.com/uk/services/,all_services_page,2026-09-05,Airtasker UK service taxonomy.,London
Airtasker,Language Tutor,Language Tutor,V2,https://www.airtasker.com/uk/services/,all_services_page,2026-09-05,Airtasker UK service taxonomy.,London
Airtasker,Laptop Repair,Laptop Repair,V2,https://www.airtasker.com/uk/services/,all_services_page,2026-09-05,Airtasker UK service taxonomy.,London
Airtasker,Laundry,Laundry,V2,https://www.airtasker.com/uk/services/,all_services_page,2026-09-05,Airtasker UK service taxonomy.,London
Airtasker,Laundry Services,Laundry Services,V2,https://www.airtasker.com/uk/services/,all_services_page,2026-09-05,Airtasker UK service taxonomy.,London
Airtasker,Lawn Aeration,Lawn Aeration,V2,https://www.airtasker.com/uk/services/,all_services_page,2026-09-05,Airtasker UK service taxonomy.,London
Airtasker,Lawn Care,Lawn Care,V2,https://www.airtasker.com/uk/services/,all_services_page,2026-09-05,Airtasker UK service taxonomy.,London
Airtasker,Lawn Care & Maintenance,Lawn Care & Maintenance,V2,https://www.airtasker.com/uk/services/,all_services_page,2026-09-05,Airtasker UK service taxonomy.,London
Airtasker,Lawn Fertilisation,Lawn Fertilisation,V2,https://www.airtasker.com/uk/services/,all_services_page,2026-09-05,Airtasker UK service taxonomy.,London
Airtasker,Lawn Mower Blade Sharpening,Lawn Mower Blade Sharpening,V2,https://www.airtasker.com/uk/services/,all_services_page,2026-09-05,Airtasker UK service taxonomy.,London
Airtasker,Lawn Mower Repair,Lawn Mower Repair,V2,https://www.airtasker.com/uk/services/,all_services_page,2026-09-05,Airtasker UK service taxonomy.,London
Airtasker,Lawn Mowing,Lawn Mowing,V2,https://www.airtasker.com/uk/services/,all_services_page,2026-09-05,Airtasker UK service taxonomy.,London
Airtasker,Lawn Repair,Lawn Repair,V2,https://www.airtasker.com/uk/services/,all_services_page,2026-09-05,Airtasker UK service taxonomy.,London
Airtasker,Lawn Seeding,Lawn Seeding,V2,https://www.airtasker.com/uk/services/,all_services_page,2026-09-05,Airtasker UK service taxonomy.,London
Airtasker,Lawn Treatment,Lawn Treatment,V2,https://www.airtasker.com/uk/services/,all_services_page,2026-09-05,Airtasker UK service taxonomy.,London
Airtasker,Leaded Glass Repair,Leaded Glass Repair,V2,https://www.airtasker.com/uk/services/,all_services_page,2026-09-05,Airtasker UK service taxonomy.,London
Airtasker,Leaftlet Distribution,Leaftlet Distribution,V2,https://www.airtasker.com/uk/services/,all_services_page,2026-09-05,Airtasker UK service taxonomy.,London
Airtasker,Leak Detection,Leak Detection,V2,https://www.airtasker.com/uk/services/,all_services_page,2026-09-05,Airtasker UK service taxonomy.,London
Airtasker,Leather Car Seat Restoration,Leather Car Seat Restoration,V2,https://www.airtasker.com/uk/services/,all_services_page,2026-09-05,Airtasker UK service taxonomy.,London
Airtasker,Leather Cleaning,Leather Cleaning,V2,https://www.airtasker.com/uk/services/,all_services_page,2026-09-05,Airtasker UK service taxonomy.,London
Airtasker,Leather Furniture Repair,Leather Furniture Repair,V2,https://www.airtasker.com/uk/services/,all_services_page,2026-09-05,Airtasker UK service taxonomy.,London
Airtasker,Leeds to London Removals,Leeds to London Removals,V2,https://www.airtasker.com/uk/services/,all_services_page,2026-09-05,Airtasker UK service taxonomy.,London
Airtasker,Legal Services,Legal Services,V2,https://www.airtasker.com/uk/services/,all_services_page,2026-09-05,Airtasker UK service taxonomy.,London
Airtasker,Lessons,Lessons,V2,https://www.airtasker.com/uk/services/,all_services_page,2026-09-05,Airtasker UK service taxonomy.,London
Airtasker,Letterbox Replacement,Letterbox Replacement,V2,https://www.airtasker.com/uk/services/,all_services_page,2026-09-05,Airtasker UK service taxonomy.,London
Airtasker,Levelling,Levelling,V2,https://www.airtasker.com/uk/services/,all_services_page,2026-09-05,Airtasker UK service taxonomy.,London
Airtasker,Lexus Service,Lexus Service,V2,https://www.airtasker.com/uk/services/,all_services_page,2026-09-05,Airtasker UK service taxonomy.,London
Airtasker,Life Coach,Life Coach,V2,https://www.airtasker.com/uk/services/,all_services_page,2026-09-05,Airtasker UK service taxonomy.,London
Airtasker,Light Installation,Light Installation,V2,https://www.airtasker.com/uk/services/,all_services_page,2026-09-05,Airtasker UK service taxonomy.,London
Airtasker,Light Repair,Light Repair,V2,https://www.airtasker.com/uk/services/,all_services_page,2026-09-05,Airtasker UK service taxonomy.,London
Airtasker,Lime Plastering,Lime Plastering,V2,https://www.airtasker.com/uk/services/,all_services_page,2026-09-05,Airtasker UK service taxonomy.,London
Airtasker,Line Dancing Lessons,Line Dancing Lessons,V2,https://www.airtasker.com/uk/services/,all_services_page,2026-09-05,Airtasker UK service taxonomy.,London
Airtasker,LinkedIn Profile Writing,LinkedIn Profile Writing,V2,https://www.airtasker.com/uk/services/,all_services_page,2026-09-05,Airtasker UK service taxonomy.,London
Airtasker,Linoleum Flooring,Linoleum Flooring,V2,https://www.airtasker.com/uk/services/,all_services_page,2026-09-05,Airtasker UK service taxonomy.,London
Airtasker,Littlehampton to Rustington Removals,Littlehampton to Rustington Removals,V2,https://www.airtasker.com/uk/services/,all_services_page,2026-09-05,Airtasker UK service taxonomy.,London
Airtasker,Local Mobile Mechanic,Local Mobile Mechanic,V2,https://www.airtasker.com/uk/services/,all_services_page,2026-09-05,Airtasker UK service taxonomy.,London
Airtasker,Lock Installation,Lock Installation,V2,https://www.airtasker.com/uk/services/,all_services_page,2026-09-05,Airtasker UK service taxonomy.,London
Airtasker,Lock Replacement,Lock Replacement,V2,https://www.airtasker.com/uk/services/,all_services_page,2026-09-05,Airtasker UK service taxonomy.,London
Airtasker,Locksmith,Locksmith,V2,https://www.airtasker.com/uk/services/,all_services_page,2026-09-05,Airtasker UK service taxonomy.,London
Airtasker,Loft Conversion,Loft Conversion,V2,https://www.airtasker.com/uk/services/,all_services_page,2026-09-05,Airtasker UK service taxonomy.,London
Airtasker,Loft Insulation,Loft Insulation,V2,https://www.airtasker.com/uk/services/,all_services_page,2026-09-05,Airtasker UK service taxonomy.,London
Airtasker,Loft Ladder Installation,Loft Ladder Installation,V2,https://www.airtasker.com/uk/services/,all_services_page,2026-09-05,Airtasker UK service taxonomy.,London
Airtasker,Loft and Attic Clearance,Loft and Attic Clearance,V2,https://www.airtasker.com/uk/services/,all_services_page,2026-09-05,Airtasker UK service taxonomy.,London
Airtasker,Logo Design,Logo Design,V2,https://www.airtasker.com/uk/services/,all_services_page,2026-09-05,Airtasker UK service taxonomy.,London
Airtasker,London to Belfast Removals,London to Belfast Removals,V2,https://www.airtasker.com/uk/services/,all_services_page,2026-09-05,Airtasker UK service taxonomy.,London
Airtasker,London to Birmingham Removals,London to Birmingham Removals,V2,https://www.airtasker.com/uk/services/,all_services_page,2026-09-05,Airtasker UK service taxonomy.,London
Airtasker,London to Brighton Removals,London to Brighton Removals,V2,https://www.airtasker.com/uk/services/,all_services_page,2026-09-05,Airtasker UK service taxonomy.,London
Airtasker,London to Bristol Removals,London to Bristol Removals,V2,https://www.airtasker.com/uk/services/,all_services_page,2026-09-05,Airtasker UK service taxonomy.,London
Airtasker,London to Edinburgh Removals,London to Edinburgh Removals,V2,https://www.airtasker.com/uk/services/,all_services_page,2026-09-05,Airtasker UK service taxonomy.,London
Airtasker,London to Exeter Removals,London to Exeter Removals,V2,https://www.airtasker.com/uk/services/,all_services_page,2026-09-05,Airtasker UK service taxonomy.,London
Airtasker,London to Glasgow Removals,London to Glasgow Removals,V2,https://www.airtasker.com/uk/services/,all_services_page,2026-09-05,Airtasker UK service taxonomy.,London
Airtasker,London to Liverpool Removals,London to Liverpool Removals,V2,https://www.airtasker.com/uk/services/,all_services_page,2026-09-05,Airtasker UK service taxonomy.,London
Airtasker,London to Manchester Removals,London to Manchester Removals,V2,https://www.airtasker.com/uk/services/,all_services_page,2026-09-05,Airtasker UK service taxonomy.,London
Airtasker,Long Distance Removals,Long Distance Removals,V2,https://www.airtasker.com/uk/services/,all_services_page,2026-09-05,Airtasker UK service taxonomy.,London
Airtasker,Lounge Repair,Lounge Repair,V2,https://www.airtasker.com/uk/services/,all_services_page,2026-09-05,Airtasker UK service taxonomy.,London
Airtasker,Lunch Delivery,Lunch Delivery,V2,https://www.airtasker.com/uk/services/,all_services_page,2026-09-05,Airtasker UK service taxonomy.,London
Airtasker,MDF Cutting,MDF Cutting,V2,https://www.airtasker.com/uk/services/,all_services_page,2026-09-05,Airtasker UK service taxonomy.,London
Airtasker,MDF Installation,MDF Installation,V2,https://www.airtasker.com/uk/services/,all_services_page,2026-09-05,Airtasker UK service taxonomy.,London
Airtasker,MMA Training,MMA Training,V2,https://www.airtasker.com/uk/services/,all_services_page,2026-09-05,Airtasker UK service taxonomy.,London
Airtasker,Macbook Air Repair,Macbook Air Repair,V2,https://www.airtasker.com/uk/services/,all_services_page,2026-09-05,Airtasker UK service taxonomy.,London
Airtasker,Macbook Repairs,Macbook Repairs,V2,https://www.airtasker.com/uk/services/,all_services_page,2026-09-05,Airtasker UK service taxonomy.,London
Airtasker,Magento Developer,Magento Developer,V2,https://www.airtasker.com/uk/services/,all_services_page,2026-09-05,Airtasker UK service taxonomy.,London
Airtasker,Magician,Magician,V2,https://www.airtasker.com/uk/services/,all_services_page,2026-09-05,Airtasker UK service taxonomy.,London
Airtasker,Makeup Artist,Makeup Artist,V2,https://www.airtasker.com/uk/services/,all_services_page,2026-09-05,Airtasker UK service taxonomy.,London
Airtasker,Makeup Tutor,Makeup Tutor,V2,https://www.airtasker.com/uk/services/,all_services_page,2026-09-05,Airtasker UK service taxonomy.,London
Airtasker,Malware Removal,Malware Removal,V2,https://www.airtasker.com/uk/services/,all_services_page,2026-09-05,Airtasker UK service taxonomy.,London
Airtasker,Man With a Van,Man With a Van,V2,https://www.airtasker.com/uk/services/,all_services_page,2026-09-05,Airtasker UK service taxonomy.,London
Airtasker,Mandarin Tutor,Mandarin Tutor,V2,https://www.airtasker.com/uk/services/,all_services_page,2026-09-05,Airtasker UK service taxonomy.,London
Airtasker,Mandolin Lessons,Mandolin Lessons,V2,https://www.airtasker.com/uk/services/,all_services_page,2026-09-05,Airtasker UK service taxonomy.,London
Airtasker,Manicure,Manicure,V2,https://www.airtasker.com/uk/services/,all_services_page,2026-09-05,Airtasker UK service taxonomy.,London
Airtasker,Marble Floor Cleaning,Marble Floor Cleaning,V2,https://www.airtasker.com/uk/services/,all_services_page,2026-09-05,Airtasker UK service taxonomy.,London
Airtasker,Marble Flooring,Marble Flooring,V2,https://www.airtasker.com/uk/services/,all_services_page,2026-09-05,Airtasker UK service taxonomy.,London
Airtasker,Market Research,Market Research,V2,https://www.airtasker.com/uk/services/,all_services_page,2026-09-05,Airtasker UK service taxonomy.,London
Airtasker,Marketing,Marketing,V2,https://www.airtasker.com/uk/services/,all_services_page,2026-09-05,Airtasker UK service taxonomy.,London
Airtasker,Marriage Counselling,Marriage Counselling,V2,https://www.airtasker.com/uk/services/,all_services_page,2026-09-05,Airtasker UK service taxonomy.,London
Airtasker,Martial Arts,Martial Arts,V2,https://www.airtasker.com/uk/services/,all_services_page,2026-09-05,Airtasker UK service taxonomy.,London
Airtasker,Maternity Nurse,Maternity Nurse,V2,https://www.airtasker.com/uk/services/,all_services_page,2026-09-05,Airtasker UK service taxonomy.,London
Airtasker,Maths Tutor,Maths Tutor,V2,https://www.airtasker.com/uk/services/,all_services_page,2026-09-05,Airtasker UK service taxonomy.,London
Airtasker,Mattress Cleaning,Mattress Cleaning,V2,https://www.airtasker.com/uk/services/,all_services_page,2026-09-05,Airtasker UK service taxonomy.,London
Airtasker,Mattress Removal,Mattress Removal,V2,https://www.airtasker.com/uk/services/,all_services_page,2026-09-05,Airtasker UK service taxonomy.,London
Airtasker,Mazda Service,Mazda Service,V2,https://www.airtasker.com/uk/services/,all_services_page,2026-09-05,Airtasker UK service taxonomy.,London
Airtasker,McDonalds Delivery,McDonalds Delivery,V2,https://www.airtasker.com/uk/services/,all_services_page,2026-09-05,Airtasker UK service taxonomy.,London
Airtasker,Meal Delivery,Meal Delivery,V2,https://www.airtasker.com/uk/services/,all_services_page,2026-09-05,Airtasker UK service taxonomy.,London
Airtasker,Meal Preparation & Planning,Meal Preparation & Planning,V2,https://www.airtasker.com/uk/services/,all_services_page,2026-09-05,Airtasker UK service taxonomy.,London
Airtasker,Meat Delivery,Meat Delivery,V2,https://www.airtasker.com/uk/services/,all_services_page,2026-09-05,Airtasker UK service taxonomy.,London
Airtasker,Mechanic,Mechanic,V2,https://www.airtasker.com/uk/services/,all_services_page,2026-09-05,Airtasker UK service taxonomy.,London
Airtasker,Medal Mounting,Medal Mounting,V2,https://www.airtasker.com/uk/services/,all_services_page,2026-09-05,Airtasker UK service taxonomy.,London
Airtasker,Men's Tailoring,Men's Tailoring,V2,https://www.airtasker.com/uk/services/,all_services_page,2026-09-05,Airtasker UK service taxonomy.,London
Airtasker,Mental Health Services,Mental Health Services,V2,https://www.airtasker.com/uk/services/,all_services_page,2026-09-05,Airtasker UK service taxonomy.,London
Airtasker,Metal Gate Repair,Metal Gate Repair,V2,https://www.airtasker.com/uk/services/,all_services_page,2026-09-05,Airtasker UK service taxonomy.,London
Airtasker,Metal Roofing,Metal Roofing,V2,https://www.airtasker.com/uk/services/,all_services_page,2026-09-05,Airtasker UK service taxonomy.,London
Airtasker,Metalworks,Metalworks,V2,https://www.airtasker.com/uk/services/,all_services_page,2026-09-05,Airtasker UK service taxonomy.,London
Airtasker,Mexican Takeaway,Mexican Takeaway,V2,https://www.airtasker.com/uk/services/,all_services_page,2026-09-05,Airtasker UK service taxonomy.,London
Airtasker,Mice Control,Mice Control,V2,https://www.airtasker.com/uk/services/,all_services_page,2026-09-05,Airtasker UK service taxonomy.,London
Airtasker,Microsoft Excel Help,Microsoft Excel Help,V2,https://www.airtasker.com/uk/services/,all_services_page,2026-09-05,Airtasker UK service taxonomy.,London
Airtasker,Microsoft Help,Microsoft Help,V2,https://www.airtasker.com/uk/services/,all_services_page,2026-09-05,Airtasker UK service taxonomy.,London
Airtasker,Microsoft Powerpoint Help,Microsoft Powerpoint Help,V2,https://www.airtasker.com/uk/services/,all_services_page,2026-09-05,Airtasker UK service taxonomy.,London
Airtasker,Microsoft Windows Help,Microsoft Windows Help,V2,https://www.airtasker.com/uk/services/,all_services_page,2026-09-05,Airtasker UK service taxonomy.,London
Airtasker,Microsoft Word Help,Microsoft Word Help,V2,https://www.airtasker.com/uk/services/,all_services_page,2026-09-05,Airtasker UK service taxonomy.,London
Airtasker,Microwave Repair,Microwave Repair,V2,https://www.airtasker.com/uk/services/,all_services_page,2026-09-05,Airtasker UK service taxonomy.,London
Airtasker,Milk Delivery,Milk Delivery,V2,https://www.airtasker.com/uk/services/,all_services_page,2026-09-05,Airtasker UK service taxonomy.,London
Airtasker,Mime Artist,Mime Artist,V2,https://www.airtasker.com/uk/services/,all_services_page,2026-09-05,Airtasker UK service taxonomy.,London
Airtasker,Mini Service,Mini Service,V2,https://www.airtasker.com/uk/services/,all_services_page,2026-09-05,Airtasker UK service taxonomy.,London
Airtasker,Mira Shower Repair,Mira Shower Repair,V2,https://www.airtasker.com/uk/services/,all_services_page,2026-09-05,Airtasker UK service taxonomy.,London
Airtasker,Mirror Cutting,Mirror Cutting,V2,https://www.airtasker.com/uk/services/,all_services_page,2026-09-05,Airtasker UK service taxonomy.,London
Airtasker,Mirror Hanging,Mirror Hanging,V2,https://www.airtasker.com/uk/services/,all_services_page,2026-09-05,Airtasker UK service taxonomy.,London
Airtasker,Mirror Repair,Mirror Repair,V2,https://www.airtasker.com/uk/services/,all_services_page,2026-09-05,Airtasker UK service taxonomy.,London
Airtasker,Misted Double Glazing,Misted Double Glazing,V2,https://www.airtasker.com/uk/services/,all_services_page,2026-09-05,Airtasker UK service taxonomy.,London
Airtasker,Mobile Alloy Wheel Repair,Mobile Alloy Wheel Repair,V2,https://www.airtasker.com/uk/services/,all_services_page,2026-09-05,Airtasker UK service taxonomy.,London
Airtasker,Mobile App Development,Mobile App Development,V2,https://www.airtasker.com/uk/services/,all_services_page,2026-09-05,Airtasker UK service taxonomy.,London
Airtasker,Mobile Auto Electrician,Mobile Auto Electrician,V2,https://www.airtasker.com/uk/services/,all_services_page,2026-09-05,Airtasker UK service taxonomy.,London
Airtasker,Mobile Barbers,Mobile Barbers,V2,https://www.airtasker.com/uk/services/,all_services_page,2026-09-05,Airtasker UK service taxonomy.,London
Airtasker,Mobile Bicycle Repair,Mobile Bicycle Repair,V2,https://www.airtasker.com/uk/services/,all_services_page,2026-09-05,Airtasker UK service taxonomy.,London
Airtasker,Mobile Bike Repair,Mobile Bike Repair,V2,https://www.airtasker.com/uk/services/,all_services_page,2026-09-05,Airtasker UK service taxonomy.,London
Airtasker,Mobile Car Airconditioning Service,Mobile Car Airconditioning Service,V2,https://www.airtasker.com/uk/services/,all_services_page,2026-09-05,Airtasker UK service taxonomy.,London
Airtasker,Mobile Car Battery Replacement,Mobile Car Battery Replacement,V2,https://www.airtasker.com/uk/services/,all_services_page,2026-09-05,Airtasker UK service taxonomy.,London
Airtasker,Mobile Car Dent Repair,Mobile Car Dent Repair,V2,https://www.airtasker.com/uk/services/,all_services_page,2026-09-05,Airtasker UK service taxonomy.,London
Airtasker,Mobile Car Detailing,Mobile Car Detailing,V2,https://www.airtasker.com/uk/services/,all_services_page,2026-09-05,Airtasker UK service taxonomy.,London
Airtasker,Mobile Car Diagnostics,Mobile Car Diagnostics,V2,https://www.airtasker.com/uk/services/,all_services_page,2026-09-05,Airtasker UK service taxonomy.,London
Airtasker,Mobile Car Valet,Mobile Car Valet,V2,https://www.airtasker.com/uk/services/,all_services_page,2026-09-05,Airtasker UK service taxonomy.,London
Airtasker,Mobile Dog Grooming,Mobile Dog Grooming,V2,https://www.airtasker.com/uk/services/,all_services_page,2026-09-05,Airtasker UK service taxonomy.,London
Airtasker,Mobile Dog Wash,Mobile Dog Wash,V2,https://www.airtasker.com/uk/services/,all_services_page,2026-09-05,Airtasker UK service taxonomy.,London
Airtasker,Mobile Hairdressers,Mobile Hairdressers,V2,https://www.airtasker.com/uk/services/,all_services_page,2026-09-05,Airtasker UK service taxonomy.,London
Airtasker,Mobile Locksmith,Mobile Locksmith,V2,https://www.airtasker.com/uk/services/,all_services_page,2026-09-05,Airtasker UK service taxonomy.,London
Airtasker,Mobile Mechanic,Mobile Mechanic,V2,https://www.airtasker.com/uk/services/,all_services_page,2026-09-05,Airtasker UK service taxonomy.,London
Airtasker,Mobile Motorcycle Mechanic,Mobile Motorcycle Mechanic,V2,https://www.airtasker.com/uk/services/,all_services_page,2026-09-05,Airtasker UK service taxonomy.,London
Airtasker,Mobile Pet Services,Mobile Pet Services,V2,https://www.airtasker.com/uk/services/,all_services_page,2026-09-05,Airtasker UK service taxonomy.,London
Airtasker,Mobile Scratch Repair,Mobile Scratch Repair,V2,https://www.airtasker.com/uk/services/,all_services_page,2026-09-05,Airtasker UK service taxonomy.,London
Airtasker,Mobile Tattoo Artists,Mobile Tattoo Artists,V2,https://www.airtasker.com/uk/services/,all_services_page,2026-09-05,Airtasker UK service taxonomy.,London
Airtasker,Mobile Tyre Fitting,Mobile Tyre Fitting,V2,https://www.airtasker.com/uk/services/,all_services_page,2026-09-05,Airtasker UK service taxonomy.,London
Airtasker,Mobile Tyre Repair,Mobile Tyre Repair,V2,https://www.airtasker.com/uk/services/,all_services_page,2026-09-05,Airtasker UK service taxonomy.,London
Airtasker,Mobile Waxing,Mobile Waxing,V2,https://www.airtasker.com/uk/services/,all_services_page,2026-09-05,Airtasker UK service taxonomy.,London
Airtasker,Mobile Welding,Mobile Welding,V2,https://www.airtasker.com/uk/services/,all_services_page,2026-09-05,Airtasker UK service taxonomy.,London
Airtasker,Mobile Wheel Refurbishment,Mobile Wheel Refurbishment,V2,https://www.airtasker.com/uk/services/,all_services_page,2026-09-05,Airtasker UK service taxonomy.,London
Airtasker,Mobility Scooter Service,Mobility Scooter Service,V2,https://www.airtasker.com/uk/services/,all_services_page,2026-09-05,Airtasker UK service taxonomy.,London
Airtasker,Models,Models,V2,https://www.airtasker.com/uk/services/,all_services_page,2026-09-05,Airtasker UK service taxonomy.,London
Airtasker,Moped Repair,Moped Repair,V2,https://www.airtasker.com/uk/services/,all_services_page,2026-09-05,Airtasker UK service taxonomy.,London
Airtasker,Mopping,Mopping,V2,https://www.airtasker.com/uk/services/,all_services_page,2026-09-05,Airtasker UK service taxonomy.,London
Airtasker,Morrisons Grocery Delivery,Morrisons Grocery Delivery,V2,https://www.airtasker.com/uk/services/,all_services_page,2026-09-05,Airtasker UK service taxonomy.,London
Airtasker,Mortgage Advisor,Mortgage Advisor,V2,https://www.airtasker.com/uk/services/,all_services_page,2026-09-05,Airtasker UK service taxonomy.,London
Airtasker,Mother's Day Gift Delivery,Mother's Day Gift Delivery,V2,https://www.airtasker.com/uk/services/,all_services_page,2026-09-05,Airtasker UK service taxonomy.,London
Airtasker,Mother's Help,Mother's Help,V2,https://www.airtasker.com/uk/services/,all_services_page,2026-09-05,Airtasker UK service taxonomy.,London
Airtasker,Motivational Speaker,Motivational Speaker,V2,https://www.airtasker.com/uk/services/,all_services_page,2026-09-05,Airtasker UK service taxonomy.,London
Airtasker,Motorcycle Lessons,Motorcycle Lessons,V2,https://www.airtasker.com/uk/services/,all_services_page,2026-09-05,Airtasker UK service taxonomy.,London
Airtasker,Motorcycle MOT,Motorcycle MOT,V2,https://www.airtasker.com/uk/services/,all_services_page,2026-09-05,Airtasker UK service taxonomy.,London
Airtasker,Motorcycle Mechanic,Motorcycle Mechanic,V2,https://www.airtasker.com/uk/services/,all_services_page,2026-09-05,Airtasker UK service taxonomy.,London
Airtasker,Motorcycle Seat Repair,Motorcycle Seat Repair,V2,https://www.airtasker.com/uk/services/,all_services_page,2026-09-05,Airtasker UK service taxonomy.,London
Airtasker,Motorcycle Transport,Motorcycle Transport,V2,https://www.airtasker.com/uk/services/,all_services_page,2026-09-05,Airtasker UK service taxonomy.,London
Airtasker,Motorcycle Tyre Repair,Motorcycle Tyre Repair,V2,https://www.airtasker.com/uk/services/,all_services_page,2026-09-05,Airtasker UK service taxonomy.,London
Airtasker,Mould Removal,Mould Removal,V2,https://www.airtasker.com/uk/services/,all_services_page,2026-09-05,Airtasker UK service taxonomy.,London
Airtasker,Move,Move,V2,https://www.airtasker.com/uk/services/,all_services_page,2026-09-05,Airtasker UK service taxonomy.,London
Airtasker,Moving Services,Moving Services,V2,https://www.airtasker.com/uk/services/,all_services_page,2026-09-05,Airtasker UK service taxonomy.,London
Airtasker,Moving to Storage,Moving to Storage,V2,https://www.airtasker.com/uk/services/,all_services_page,2026-09-05,Airtasker UK service taxonomy.,London
Airtasker,Mulching,Mulching,V2,https://www.airtasker.com/uk/services/,all_services_page,2026-09-05,Airtasker UK service taxonomy.,London
Airtasker,Muralists,Muralists,V2,https://www.airtasker.com/uk/services/,all_services_page,2026-09-05,Airtasker UK service taxonomy.,London
Airtasker,Music Lessons,Music Lessons,V2,https://www.airtasker.com/uk/services/,all_services_page,2026-09-05,Airtasker UK service taxonomy.,London
Airtasker,Mystery Shopping,Mystery Shopping,V2,https://www.airtasker.com/uk/services/,all_services_page,2026-09-05,Airtasker UK service taxonomy.,London
Airtasker,Nail Technicians,Nail Technicians,V2,https://www.airtasker.com/uk/services/,all_services_page,2026-09-05,Airtasker UK service taxonomy.,London
Airtasker,Nanny,Nanny,V2,https://www.airtasker.com/uk/services/,all_services_page,2026-09-05,Airtasker UK service taxonomy.,London
Airtasker,Nature Photographers,Nature Photographers,V2,https://www.airtasker.com/uk/services/,all_services_page,2026-09-05,Airtasker UK service taxonomy.,London
Airtasker,Nest Thermostat Installation,Nest Thermostat Installation,V2,https://www.airtasker.com/uk/services/,all_services_page,2026-09-05,Airtasker UK service taxonomy.,London
Airtasker,Netflix Setup,Netflix Setup,V2,https://www.airtasker.com/uk/services/,all_services_page,2026-09-05,Airtasker UK service taxonomy.,London
Airtasker,Network Troubleshooting,Network Troubleshooting,V2,https://www.airtasker.com/uk/services/,all_services_page,2026-09-05,Airtasker UK service taxonomy.,London
Airtasker,Nissan Service,Nissan Service,V2,https://www.airtasker.com/uk/services/,all_services_page,2026-09-05,Airtasker UK service taxonomy.,London
Airtasker,Nordictrack Assembly,Nordictrack Assembly,V2,https://www.airtasker.com/uk/services/,all_services_page,2026-09-05,Airtasker UK service taxonomy.,London
Airtasker,Nutritionist,Nutritionist,V2,https://www.airtasker.com/uk/services/,all_services_page,2026-09-05,Airtasker UK service taxonomy.,London
Airtasker,Occupational Therapy,Occupational Therapy,V2,https://www.airtasker.com/uk/services/,all_services_page,2026-09-05,Airtasker UK service taxonomy.,London
Airtasker,Odour Control,Odour Control,V2,https://www.airtasker.com/uk/services/,all_services_page,2026-09-05,Airtasker UK service taxonomy.,London
Airtasker,Office Chair Repair,Office Chair Repair,V2,https://www.airtasker.com/uk/services/,all_services_page,2026-09-05,Airtasker UK service taxonomy.,London
Airtasker,Office Cleaning,Office Cleaning,V2,https://www.airtasker.com/uk/services/,all_services_page,2026-09-05,Airtasker UK service taxonomy.,London
Airtasker,Office Clearance,Office Clearance,V2,https://www.airtasker.com/uk/services/,all_services_page,2026-09-05,Airtasker UK service taxonomy.,London
Airtasker,Office Decorator,Office Decorator,V2,https://www.airtasker.com/uk/services/,all_services_page,2026-09-05,Airtasker UK service taxonomy.,London
Airtasker,Office Fit Out,Office Fit Out,V2,https://www.airtasker.com/uk/services/,all_services_page,2026-09-05,Airtasker UK service taxonomy.,London
Airtasker,Office Furniture Assembly,Office Furniture Assembly,V2,https://www.airtasker.com/uk/services/,all_services_page,2026-09-05,Airtasker UK service taxonomy.,London
Airtasker,Office Interior Designers,Office Interior Designers,V2,https://www.airtasker.com/uk/services/,all_services_page,2026-09-05,Airtasker UK service taxonomy.,London
Airtasker,Oil & Filter Change,Oil & Filter Change,V2,https://www.airtasker.com/uk/services/,all_services_page,2026-09-05,Airtasker UK service taxonomy.,London
Airtasker,Oil Boiler Services,Oil Boiler Services,V2,https://www.airtasker.com/uk/services/,all_services_page,2026-09-05,Airtasker UK service taxonomy.,London
Airtasker,Organic Food Delivery,Organic Food Delivery,V2,https://www.airtasker.com/uk/services/,all_services_page,2026-09-05,Airtasker UK service taxonomy.,London
Airtasker,Outdoor Furniture Assembly,Outdoor Furniture Assembly,V2,https://www.airtasker.com/uk/services/,all_services_page,2026-09-05,Airtasker UK service taxonomy.,London
Airtasker,Outdoor Lighting Installation,Outdoor Lighting Installation,V2,https://www.airtasker.com/uk/services/,all_services_page,2026-09-05,Airtasker UK service taxonomy.,London
Airtasker,Oven Cleaning,Oven Cleaning,V2,https://www.airtasker.com/uk/services/,all_services_page,2026-09-05,Airtasker UK service taxonomy.,London
Airtasker,Oven Fan Repair,Oven Fan Repair,V2,https://www.airtasker.com/uk/services/,all_services_page,2026-09-05,Airtasker UK service taxonomy.,London
Airtasker,Oven Repair,Oven Repair,V2,https://www.airtasker.com/uk/services/,all_services_page,2026-09-05,Airtasker UK service taxonomy.,London
Airtasker,PC Assembly,PC Assembly,V2,https://www.airtasker.com/uk/services/,all_services_page,2026-09-05,Airtasker UK service taxonomy.,London
Airtasker,PHP Developer,PHP Developer,V2,https://www.airtasker.com/uk/services/,all_services_page,2026-09-05,Airtasker UK service taxonomy.,London
Airtasker,PTSD Therapy,PTSD Therapy,V2,https://www.airtasker.com/uk/services/,all_services_page,2026-09-05,Airtasker UK service taxonomy.,London
Airtasker,PVC Fascia & Soffit,PVC Fascia & Soffit,V2,https://www.airtasker.com/uk/services/,all_services_page,2026-09-05,Airtasker UK service taxonomy.,London
Airtasker,PVC Fencing,PVC Fencing,V2,https://www.airtasker.com/uk/services/,all_services_page,2026-09-05,Airtasker UK service taxonomy.,London
Airtasker,PVC Gutters,PVC Gutters,V2,https://www.airtasker.com/uk/services/,all_services_page,2026-09-05,Airtasker UK service taxonomy.,London
Airtasker,PVC Pipe Repair,PVC Pipe Repair,V2,https://www.airtasker.com/uk/services/,all_services_page,2026-09-05,Airtasker UK service taxonomy.,London
Airtasker,PVC Spraying,PVC Spraying,V2,https://www.airtasker.com/uk/services/,all_services_page,2026-09-05,Airtasker UK service taxonomy.,London
Airtasker,PVC Windows,PVC Windows,V2,https://www.airtasker.com/uk/services/,all_services_page,2026-09-05,Airtasker UK service taxonomy.,London
Airtasker,Paddle Board Lessons,Paddle Board Lessons,V2,https://www.airtasker.com/uk/services/,all_services_page,2026-09-05,Airtasker UK service taxonomy.,London
Airtasker,Paint Stripping,Paint Stripping,V2,https://www.airtasker.com/uk/services/,all_services_page,2026-09-05,Airtasker UK service taxonomy.,London
Airtasker,Painter & Decorator,Painter & Decorator,V2,https://www.airtasker.com/uk/services/,all_services_page,2026-09-05,Airtasker UK service taxonomy.,London
Airtasker,Painting,Painting,V2,https://www.airtasker.com/uk/services/,all_services_page,2026-09-05,Airtasker UK service taxonomy.,London
Airtasker,Painting Lessons,Painting Lessons,V2,https://www.airtasker.com/uk/services/,all_services_page,2026-09-05,Airtasker UK service taxonomy.,London
Airtasker,Paintless Dent Removal,Paintless Dent Removal,V2,https://www.airtasker.com/uk/services/,all_services_page,2026-09-05,Airtasker UK service taxonomy.,London
Airtasker,Pallet Collection & Disposal,Pallet Collection & Disposal,V2,https://www.airtasker.com/uk/services/,all_services_page,2026-09-05,Airtasker UK service taxonomy.,London
Airtasker,Pallet Delivery,Pallet Delivery,V2,https://www.airtasker.com/uk/services/,all_services_page,2026-09-05,Airtasker UK service taxonomy.,London
Airtasker,Palm Tree Removal,Palm Tree Removal,V2,https://www.airtasker.com/uk/services/,all_services_page,2026-09-05,Airtasker UK service taxonomy.,London
Airtasker,Pancake & Waffle Delivery,Pancake & Waffle Delivery,V2,https://www.airtasker.com/uk/services/,all_services_page,2026-09-05,Airtasker UK service taxonomy.,London
Airtasker,Panel Beater,Panel Beater,V2,https://www.airtasker.com/uk/services/,all_services_page,2026-09-05,Airtasker UK service taxonomy.,London
Airtasker,Parcel Delivery,Parcel Delivery,V2,https://www.airtasker.com/uk/services/,all_services_page,2026-09-05,Airtasker UK service taxonomy.,London
Airtasker,Parking Sensor Replacement,Parking Sensor Replacement,V2,https://www.airtasker.com/uk/services/,all_services_page,2026-09-05,Airtasker UK service taxonomy.,London
Airtasker,Parquet Flooring,Parquet Flooring,V2,https://www.airtasker.com/uk/services/,all_services_page,2026-09-05,Airtasker UK service taxonomy.,London
Airtasker,Party Catering,Party Catering,V2,https://www.airtasker.com/uk/services/,all_services_page,2026-09-05,Airtasker UK service taxonomy.,London
Airtasker,Party Cleaning,Party Cleaning,V2,https://www.airtasker.com/uk/services/,all_services_page,2026-09-05,Airtasker UK service taxonomy.,London
Airtasker,Party Helpers,Party Helpers,V2,https://www.airtasker.com/uk/services/,all_services_page,2026-09-05,Airtasker UK service taxonomy.,London
Airtasker,Party Wall Surveyor,Party Wall Surveyor,V2,https://www.airtasker.com/uk/services/,all_services_page,2026-09-05,Airtasker UK service taxonomy.,London
Airtasker,Pasta Takeaway,Pasta Takeaway,V2,https://www.airtasker.com/uk/services/,all_services_page,2026-09-05,Airtasker UK service taxonomy.,London
Airtasker,Pastry Chef,Pastry Chef,V2,https://www.airtasker.com/uk/services/,all_services_page,2026-09-05,Airtasker UK service taxonomy.,London
Airtasker,Patio Cleaning,Patio Cleaning,V2,https://www.airtasker.com/uk/services/,all_services_page,2026-09-05,Airtasker UK service taxonomy.,London
Airtasker,Patio Sliding Door Repair,Patio Sliding Door Repair,V2,https://www.airtasker.com/uk/services/,all_services_page,2026-09-05,Airtasker UK service taxonomy.,London
Airtasker,Patios,Patios,V2,https://www.airtasker.com/uk/services/,all_services_page,2026-09-05,Airtasker UK service taxonomy.,London
Airtasker,Pattern Cutter,Pattern Cutter,V2,https://www.airtasker.com/uk/services/,all_services_page,2026-09-05,Airtasker UK service taxonomy.,London
Airtasker,Paving,Paving,V2,https://www.airtasker.com/uk/services/,all_services_page,2026-09-05,Airtasker UK service taxonomy.,London
Airtasker,Paving Repairs,Paving Repairs,V2,https://www.airtasker.com/uk/services/,all_services_page,2026-09-05,Airtasker UK service taxonomy.,London
Airtasker,Pedicure,Pedicure,V2,https://www.airtasker.com/uk/services/,all_services_page,2026-09-05,Airtasker UK service taxonomy.,London
Airtasker,Pension Advisor,Pension Advisor,V2,https://www.airtasker.com/uk/services/,all_services_page,2026-09-05,Airtasker UK service taxonomy.,London
Airtasker,Pergola Installation,Pergola Installation,V2,https://www.airtasker.com/uk/services/,all_services_page,2026-09-05,Airtasker UK service taxonomy.,London
Airtasker,Personal Assistant,Personal Assistant,V2,https://www.airtasker.com/uk/services/,all_services_page,2026-09-05,Airtasker UK service taxonomy.,London
Airtasker,Personal Concierge,Personal Concierge,V2,https://www.airtasker.com/uk/services/,all_services_page,2026-09-05,Airtasker UK service taxonomy.,London
Airtasker,Personal Shopper,Personal Shopper,V2,https://www.airtasker.com/uk/services/,all_services_page,2026-09-05,Airtasker UK service taxonomy.,London
Airtasker,Personal Stylist,Personal Stylist,V2,https://www.airtasker.com/uk/services/,all_services_page,2026-09-05,Airtasker UK service taxonomy.,London
Airtasker,Personal Training,Personal Training,V2,https://www.airtasker.com/uk/services/,all_services_page,2026-09-05,Airtasker UK service taxonomy.,London
Airtasker,Personalised Balloon Delivery,Personalised Balloon Delivery,V2,https://www.airtasker.com/uk/services/,all_services_page,2026-09-05,Airtasker UK service taxonomy.,London
Airtasker,Personalised Cupcakes,Personalised Cupcakes,V2,https://www.airtasker.com/uk/services/,all_services_page,2026-09-05,Airtasker UK service taxonomy.,London
Airtasker,Personalised Gift Delivery,Personalised Gift Delivery,V2,https://www.airtasker.com/uk/services/,all_services_page,2026-09-05,Airtasker UK service taxonomy.,London
Airtasker,Pest Control,Pest Control,V2,https://www.airtasker.com/uk/services/,all_services_page,2026-09-05,Airtasker UK service taxonomy.,London
Airtasker,Pet Care,Pet Care,V2,https://www.airtasker.com/uk/services/,all_services_page,2026-09-05,Airtasker UK service taxonomy.,London
Airtasker,Pet Door Installation,Pet Door Installation,V2,https://www.airtasker.com/uk/services/,all_services_page,2026-09-05,Airtasker UK service taxonomy.,London
Airtasker,Pet Feeding,Pet Feeding,V2,https://www.airtasker.com/uk/services/,all_services_page,2026-09-05,Airtasker UK service taxonomy.,London
Airtasker,Pet Food Delivery,Pet Food Delivery,V2,https://www.airtasker.com/uk/services/,all_services_page,2026-09-05,Airtasker UK service taxonomy.,London
Airtasker,Pet Grooming,Pet Grooming,V2,https://www.airtasker.com/uk/services/,all_services_page,2026-09-05,Airtasker UK service taxonomy.,London
Airtasker,Pet Sitting,Pet Sitting,V2,https://www.airtasker.com/uk/services/,all_services_page,2026-09-05,Airtasker UK service taxonomy.,London
Airtasker,Pet Taxi,Pet Taxi,V2,https://www.airtasker.com/uk/services/,all_services_page,2026-09-05,Airtasker UK service taxonomy.,London
Airtasker,Pet Transport,Pet Transport,V2,https://www.airtasker.com/uk/services/,all_services_page,2026-09-05,Airtasker UK service taxonomy.,London
Airtasker,Peugeot Service,Peugeot Service,V2,https://www.airtasker.com/uk/services/,all_services_page,2026-09-05,Airtasker UK service taxonomy.,London
Airtasker,Phonics Lessons,Phonics Lessons,V2,https://www.airtasker.com/uk/services/,all_services_page,2026-09-05,Airtasker UK service taxonomy.,London
Airtasker,Photo Editing and Retouching,Photo Editing and Retouching,V2,https://www.airtasker.com/uk/services/,all_services_page,2026-09-05,Airtasker UK service taxonomy.,London
Airtasker,Photo Manipulations,Photo Manipulations,V2,https://www.airtasker.com/uk/services/,all_services_page,2026-09-05,Airtasker UK service taxonomy.,London
Airtasker,Photo Printing Service,Photo Printing Service,V2,https://www.airtasker.com/uk/services/,all_services_page,2026-09-05,Airtasker UK service taxonomy.,London
Airtasker,Photo Restorations,Photo Restorations,V2,https://www.airtasker.com/uk/services/,all_services_page,2026-09-05,Airtasker UK service taxonomy.,London
Airtasker,Photographer,Photographer,V2,https://www.airtasker.com/uk/services/,all_services_page,2026-09-05,Airtasker UK service taxonomy.,London
Airtasker,Photographers,Photographers,V2,https://www.airtasker.com/uk/services/,all_services_page,2026-09-05,Airtasker UK service taxonomy.,London
Airtasker,Photography Assistants,Photography Assistants,V2,https://www.airtasker.com/uk/services/,all_services_page,2026-09-05,Airtasker UK service taxonomy.,London
Airtasker,Photography Workshops,Photography Workshops,V2,https://www.airtasker.com/uk/services/,all_services_page,2026-09-05,Airtasker UK service taxonomy.,London
Airtasker,Physics Tutor,Physics Tutor,V2,https://www.airtasker.com/uk/services/,all_services_page,2026-09-05,Airtasker UK service taxonomy.,London
Airtasker,Physiotherapist,Physiotherapist,V2,https://www.airtasker.com/uk/services/,all_services_page,2026-09-05,Airtasker UK service taxonomy.,London
Airtasker,Piano Lessons,Piano Lessons,V2,https://www.airtasker.com/uk/services/,all_services_page,2026-09-05,Airtasker UK service taxonomy.,London
Airtasker,Piano Removals,Piano Removals,V2,https://www.airtasker.com/uk/services/,all_services_page,2026-09-05,Airtasker UK service taxonomy.,London
Airtasker,Picket Fencing,Picket Fencing,V2,https://www.airtasker.com/uk/services/,all_services_page,2026-09-05,Airtasker UK service taxonomy.,London
Airtasker,Picture Hanging,Picture Hanging,V2,https://www.airtasker.com/uk/services/,all_services_page,2026-09-05,Airtasker UK service taxonomy.,London
Airtasker,Pilates Instructor,Pilates Instructor,V2,https://www.airtasker.com/uk/services/,all_services_page,2026-09-05,Airtasker UK service taxonomy.,London
Airtasker,Pipe Insulation,Pipe Insulation,V2,https://www.airtasker.com/uk/services/,all_services_page,2026-09-05,Airtasker UK service taxonomy.,London
Airtasker,Pizza Takeaway,Pizza Takeaway,V2,https://www.airtasker.com/uk/services/,all_services_page,2026-09-05,Airtasker UK service taxonomy.,London
Airtasker,Planning Consultant,Planning Consultant,V2,https://www.airtasker.com/uk/services/,all_services_page,2026-09-05,Airtasker UK service taxonomy.,London
Airtasker,Plant Delivery,Plant Delivery,V2,https://www.airtasker.com/uk/services/,all_services_page,2026-09-05,Airtasker UK service taxonomy.,London
Airtasker,Plantation Shutter Installation,Plantation Shutter Installation,V2,https://www.airtasker.com/uk/services/,all_services_page,2026-09-05,Airtasker UK service taxonomy.,London
Airtasker,Plasma TV Repair,Plasma TV Repair,V2,https://www.airtasker.com/uk/services/,all_services_page,2026-09-05,Airtasker UK service taxonomy.,London
Airtasker,Plaster Coving,Plaster Coving,V2,https://www.airtasker.com/uk/services/,all_services_page,2026-09-05,Airtasker UK service taxonomy.,London
Airtasker,Plaster Repair,Plaster Repair,V2,https://www.airtasker.com/uk/services/,all_services_page,2026-09-05,Airtasker UK service taxonomy.,London
Airtasker,Plasterboard Disposal,Plasterboard Disposal,V2,https://www.airtasker.com/uk/services/,all_services_page,2026-09-05,Airtasker UK service taxonomy.,London
Airtasker,Plasterboard Installation,Plasterboard Installation,V2,https://www.airtasker.com/uk/services/,all_services_page,2026-09-05,Airtasker UK service taxonomy.,London
Airtasker,Plasterer,Plasterer,V2,https://www.airtasker.com/uk/services/,all_services_page,2026-09-05,Airtasker UK service taxonomy.,London
Airtasker,Playground Assembly,Playground Assembly,V2,https://www.airtasker.com/uk/services/,all_services_page,2026-09-05,Airtasker UK service taxonomy.,London
Airtasker,Plum Play Trampoline Assembly,Plum Play Trampoline Assembly,V2,https://www.airtasker.com/uk/services/,all_services_page,2026-09-05,Airtasker UK service taxonomy.,London
Airtasker,Plumbing,Plumbing,V2,https://www.airtasker.com/uk/services/,all_services_page,2026-09-05,Airtasker UK service taxonomy.,London
Airtasker,Podiatrist,Podiatrist,V2,https://www.airtasker.com/uk/services/,all_services_page,2026-09-05,Airtasker UK service taxonomy.,London
Airtasker,Poetry Writing,Poetry Writing,V2,https://www.airtasker.com/uk/services/,all_services_page,2026-09-05,Airtasker UK service taxonomy.,London
Airtasker,Pole Dancing Lessons,Pole Dancing Lessons,V2,https://www.airtasker.com/uk/services/,all_services_page,2026-09-05,Airtasker UK service taxonomy.,London
Airtasker,Polished Plaster,Polished Plaster,V2,https://www.airtasker.com/uk/services/,all_services_page,2026-09-05,Airtasker UK service taxonomy.,London
Airtasker,Polycarbonate Roofing,Polycarbonate Roofing,V2,https://www.airtasker.com/uk/services/,all_services_page,2026-09-05,Airtasker UK service taxonomy.,London
Airtasker,Pool Cleaning,Pool Cleaning,V2,https://www.airtasker.com/uk/services/,all_services_page,2026-09-05,Airtasker UK service taxonomy.,London
Airtasker,Pool Maintenance,Pool Maintenance,V2,https://www.airtasker.com/uk/services/,all_services_page,2026-09-05,Airtasker UK service taxonomy.,London
Airtasker,Pool Table Assembly,Pool Table Assembly,V2,https://www.airtasker.com/uk/services/,all_services_page,2026-09-05,Airtasker UK service taxonomy.,London
Airtasker,Pool Table Recovering,Pool Table Recovering,V2,https://www.airtasker.com/uk/services/,all_services_page,2026-09-05,Airtasker UK service taxonomy.,London
Airtasker,Pool Table Removals,Pool Table Removals,V2,https://www.airtasker.com/uk/services/,all_services_page,2026-09-05,Airtasker UK service taxonomy.,London
Airtasker,Popeye's Delivery,Popeye's Delivery,V2,https://www.airtasker.com/uk/services/,all_services_page,2026-09-05,Airtasker UK service taxonomy.,London
Airtasker,Porsche Service,Porsche Service,V2,https://www.airtasker.com/uk/services/,all_services_page,2026-09-05,Airtasker UK service taxonomy.,London
Airtasker,Portrait Photographer,Portrait Photographer,V2,https://www.airtasker.com/uk/services/,all_services_page,2026-09-05,Airtasker UK service taxonomy.,London
Airtasker,Portuguese Tutor,Portuguese Tutor,V2,https://www.airtasker.com/uk/services/,all_services_page,2026-09-05,Airtasker UK service taxonomy.,London
Airtasker,Poster Design,Poster Design,V2,https://www.airtasker.com/uk/services/,all_services_page,2026-09-05,Airtasker UK service taxonomy.,London
Airtasker,Pottery Lessons,Pottery Lessons,V2,https://www.airtasker.com/uk/services/,all_services_page,2026-09-05,Airtasker UK service taxonomy.,London
Airtasker,Power Point Installation,Power Point Installation,V2,https://www.airtasker.com/uk/services/,all_services_page,2026-09-05,Airtasker UK service taxonomy.,London
Airtasker,Pre Purchase Car Inspection,Pre Purchase Car Inspection,V2,https://www.airtasker.com/uk/services/,all_services_page,2026-09-05,Airtasker UK service taxonomy.,London
Airtasker,Pregnancy Fitness,Pregnancy Fitness,V2,https://www.airtasker.com/uk/services/,all_services_page,2026-09-05,Airtasker UK service taxonomy.,London
Airtasker,Prescription Delivery,Prescription Delivery,V2,https://www.airtasker.com/uk/services/,all_services_page,2026-09-05,Airtasker UK service taxonomy.,London
Airtasker,Presentations Design,Presentations Design,V2,https://www.airtasker.com/uk/services/,all_services_page,2026-09-05,Airtasker UK service taxonomy.,London
Airtasker,Press Release Writing,Press Release Writing,V2,https://www.airtasker.com/uk/services/,all_services_page,2026-09-05,Airtasker UK service taxonomy.,London
Airtasker,Pressure Washer Repair,Pressure Washer Repair,V2,https://www.airtasker.com/uk/services/,all_services_page,2026-09-05,Airtasker UK service taxonomy.,London
Airtasker,Print Design,Print Design,V2,https://www.airtasker.com/uk/services/,all_services_page,2026-09-05,Airtasker UK service taxonomy.,London
Airtasker,Printer Help,Printer Help,V2,https://www.airtasker.com/uk/services/,all_services_page,2026-09-05,Airtasker UK service taxonomy.,London
Airtasker,Printing Services,Printing Services,V2,https://www.airtasker.com/uk/services/,all_services_page,2026-09-05,Airtasker UK service taxonomy.,London
Airtasker,Private Chef,Private Chef,V2,https://www.airtasker.com/uk/services/,all_services_page,2026-09-05,Airtasker UK service taxonomy.,London
Airtasker,Private Doctor,Private Doctor,V2,https://www.airtasker.com/uk/services/,all_services_page,2026-09-05,Airtasker UK service taxonomy.,London
Airtasker,Product Testing,Product Testing,V2,https://www.airtasker.com/uk/services/,all_services_page,2026-09-05,Airtasker UK service taxonomy.,London
Airtasker,Project Management,Project Management,V2,https://www.airtasker.com/uk/services/,all_services_page,2026-09-05,Airtasker UK service taxonomy.,London
Airtasker,Projector Installation,Projector Installation,V2,https://www.airtasker.com/uk/services/,all_services_page,2026-09-05,Airtasker UK service taxonomy.,London
Airtasker,Prom Dressmaker,Prom Dressmaker,V2,https://www.airtasker.com/uk/services/,all_services_page,2026-09-05,Airtasker UK service taxonomy.,London
Airtasker,Proofreading,Proofreading,V2,https://www.airtasker.com/uk/services/,all_services_page,2026-09-05,Airtasker UK service taxonomy.,London
Airtasker,Property & Real Estate Photographers,Property & Real Estate Photographers,V2,https://www.airtasker.com/uk/services/,all_services_page,2026-09-05,Airtasker UK service taxonomy.,London
Airtasker,Property Maintenance,Property Maintenance,V2,https://www.airtasker.com/uk/services/,all_services_page,2026-09-05,Airtasker UK service taxonomy.,London
Airtasker,Proposal Writing,Proposal Writing,V2,https://www.airtasker.com/uk/services/,all_services_page,2026-09-05,Airtasker UK service taxonomy.,London
Airtasker,Psychologist,Psychologist,V2,https://www.airtasker.com/uk/services/,all_services_page,2026-09-05,Airtasker UK service taxonomy.,London
Airtasker,Psychology Tutor,Psychology Tutor,V2,https://www.airtasker.com/uk/services/,all_services_page,2026-09-05,Airtasker UK service taxonomy.,London
Airtasker,Puppy Training,Puppy Training,V2,https://www.airtasker.com/uk/services/,all_services_page,2026-09-05,Airtasker UK service taxonomy.,London
Airtasker,Python Tutor,Python Tutor,V2,https://www.airtasker.com/uk/services/,all_services_page,2026-09-05,Airtasker UK service taxonomy.,London
Airtasker,Quad Bike Repair,Quad Bike Repair,V2,https://www.airtasker.com/uk/services/,all_services_page,2026-09-05,Airtasker UK service taxonomy.,London
Airtasker,Quantity Surveyor,Quantity Surveyor,V2,https://www.airtasker.com/uk/services/,all_services_page,2026-09-05,Airtasker UK service taxonomy.,London
Airtasker,Queueing Service,Queueing Service,V2,https://www.airtasker.com/uk/services/,all_services_page,2026-09-05,Airtasker UK service taxonomy.,London
Airtasker,Rabbit Boarding,Rabbit Boarding,V2,https://www.airtasker.com/uk/services/,all_services_page,2026-09-05,Airtasker UK service taxonomy.,London
Airtasker,Radiator Repair,Radiator Repair,V2,https://www.airtasker.com/uk/services/,all_services_page,2026-09-05,Airtasker UK service taxonomy.,London
Airtasker,Rangehood Cleaning,Rangehood Cleaning,V2,https://www.airtasker.com/uk/services/,all_services_page,2026-09-05,Airtasker UK service taxonomy.,London
Airtasker,Real Estate,Real Estate,V2,https://www.airtasker.com/uk/services/,all_services_page,2026-09-05,Airtasker UK service taxonomy.,London
Airtasker,Receptionist,Receptionist,V2,https://www.airtasker.com/uk/services/,all_services_page,2026-09-05,Airtasker UK service taxonomy.,London
Airtasker,Recliner Chair Repair,Recliner Chair Repair,V2,https://www.airtasker.com/uk/services/,all_services_page,2026-09-05,Airtasker UK service taxonomy.,London
Airtasker,Recliner Repair,Recliner Repair,V2,https://www.airtasker.com/uk/services/,all_services_page,2026-09-05,Airtasker UK service taxonomy.,London
Airtasker,Refinishing,Refinishing,V2,https://www.airtasker.com/uk/services/,all_services_page,2026-09-05,Airtasker UK service taxonomy.,London
Airtasker,Regrouting,Regrouting,V2,https://www.airtasker.com/uk/services/,all_services_page,2026-09-05,Airtasker UK service taxonomy.,London
Airtasker,Relationship Coach,Relationship Coach,V2,https://www.airtasker.com/uk/services/,all_services_page,2026-09-05,Airtasker UK service taxonomy.,London
Airtasker,Removals,Removals,V2,https://www.airtasker.com/uk/services/,all_services_page,2026-09-05,Airtasker UK service taxonomy.,London
Airtasker,Renault Service,Renault Service,V2,https://www.airtasker.com/uk/services/,all_services_page,2026-09-05,Airtasker UK service taxonomy.,London
Airtasker,Render Repair,Render Repair,V2,https://www.airtasker.com/uk/services/,all_services_page,2026-09-05,Airtasker UK service taxonomy.,London
Airtasker,Rendering & Resurfacing,Rendering & Resurfacing,V2,https://www.airtasker.com/uk/services/,all_services_page,2026-09-05,Airtasker UK service taxonomy.,London
Airtasker,Report Writing,Report Writing,V2,https://www.airtasker.com/uk/services/,all_services_page,2026-09-05,Airtasker UK service taxonomy.,London
Airtasker,Reptile Boarding,Reptile Boarding,V2,https://www.airtasker.com/uk/services/,all_services_page,2026-09-05,Airtasker UK service taxonomy.,London
Airtasker,Research Assistant,Research Assistant,V2,https://www.airtasker.com/uk/services/,all_services_page,2026-09-05,Airtasker UK service taxonomy.,London
Airtasker,Restaurant Designers,Restaurant Designers,V2,https://www.airtasker.com/uk/services/,all_services_page,2026-09-05,Airtasker UK service taxonomy.,London
Airtasker,Resume Writing,Resume Writing,V2,https://www.airtasker.com/uk/services/,all_services_page,2026-09-05,Airtasker UK service taxonomy.,London
Airtasker,Retaining Walls,Retaining Walls,V2,https://www.airtasker.com/uk/services/,all_services_page,2026-09-05,Airtasker UK service taxonomy.,London
Airtasker,Return Loads,Return Loads,V2,https://www.airtasker.com/uk/services/,all_services_page,2026-09-05,Airtasker UK service taxonomy.,London
Airtasker,Reversing Camera Installation,Reversing Camera Installation,V2,https://www.airtasker.com/uk/services/,all_services_page,2026-09-05,Airtasker UK service taxonomy.,London
Airtasker,Ring Doorbell Installation,Ring Doorbell Installation,V2,https://www.airtasker.com/uk/services/,all_services_page,2026-09-05,Airtasker UK service taxonomy.,London
Airtasker,Roast Dinner Delivery,Roast Dinner Delivery,V2,https://www.airtasker.com/uk/services/,all_services_page,2026-09-05,Airtasker UK service taxonomy.,London
Airtasker,Roller Shutter Blinds Repair & Installation,Roller Shutter Blinds Repair & Installation,V2,https://www.airtasker.com/uk/services/,all_services_page,2026-09-05,Airtasker UK service taxonomy.,London
Airtasker,Roller Skating Lessons,Roller Skating Lessons,V2,https://www.airtasker.com/uk/services/,all_services_page,2026-09-05,Airtasker UK service taxonomy.,London
Airtasker,Roman Blind Fitter,Roman Blind Fitter,V2,https://www.airtasker.com/uk/services/,all_services_page,2026-09-05,Airtasker UK service taxonomy.,London
Airtasker,Roman Blinds Installation,Roman Blinds Installation,V2,https://www.airtasker.com/uk/services/,all_services_page,2026-09-05,Airtasker UK service taxonomy.,London
Airtasker,Roof Cleaning,Roof Cleaning,V2,https://www.airtasker.com/uk/services/,all_services_page,2026-09-05,Airtasker UK service taxonomy.,London
Airtasker,Roof Installation,Roof Installation,V2,https://www.airtasker.com/uk/services/,all_services_page,2026-09-05,Airtasker UK service taxonomy.,London
Airtasker,Roof Repair,Roof Repair,V2,https://www.airtasker.com/uk/services/,all_services_page,2026-09-05,Airtasker UK service taxonomy.,London
Airtasker,Roof Ventilation,Roof Ventilation,V2,https://www.airtasker.com/uk/services/,all_services_page,2026-09-05,Airtasker UK service taxonomy.,London
Airtasker,Roofing,Roofing,V2,https://www.airtasker.com/uk/services/,all_services_page,2026-09-05,Airtasker UK service taxonomy.,London
Airtasker,Router Modem Setup,Router Modem Setup,V2,https://www.airtasker.com/uk/services/,all_services_page,2026-09-05,Airtasker UK service taxonomy.,London
Airtasker,Rubbish Removal,Rubbish Removal,V2,https://www.airtasker.com/uk/services/,all_services_page,2026-09-05,Airtasker UK service taxonomy.,London
Airtasker,Ruby Developer,Ruby Developer,V2,https://www.airtasker.com/uk/services/,all_services_page,2026-09-05,Airtasker UK service taxonomy.,London
Airtasker,Russian Lessons,Russian Lessons,V2,https://www.airtasker.com/uk/services/,all_services_page,2026-09-05,Airtasker UK service taxonomy.,London
Airtasker,SAT Tutor,SAT Tutor,V2,https://www.airtasker.com/uk/services/,all_services_page,2026-09-05,Airtasker UK service taxonomy.,London
Airtasker,SEO,SEO,V2,https://www.airtasker.com/uk/services/,all_services_page,2026-09-05,Airtasker UK service taxonomy.,London
Airtasker,SQL Developer,SQL Developer,V2,https://www.airtasker.com/uk/services/,all_services_page,2026-09-05,Airtasker UK service taxonomy.,London
Airtasker,Safe Locksmith,Safe Locksmith,V2,https://www.airtasker.com/uk/services/,all_services_page,2026-09-05,Airtasker UK service taxonomy.,London
Airtasker,Sailing Lessons,Sailing Lessons,V2,https://www.airtasker.com/uk/services/,all_services_page,2026-09-05,Airtasker UK service taxonomy.,London
Airtasker,Sainsburys Delivery,Sainsburys Delivery,V2,https://www.airtasker.com/uk/services/,all_services_page,2026-09-05,Airtasker UK service taxonomy.,London
Airtasker,Salad Delivery,Salad Delivery,V2,https://www.airtasker.com/uk/services/,all_services_page,2026-09-05,Airtasker UK service taxonomy.,London
Airtasker,Sales Assistant,Sales Assistant,V2,https://www.airtasker.com/uk/services/,all_services_page,2026-09-05,Airtasker UK service taxonomy.,London
Airtasker,Salsa Lessons,Salsa Lessons,V2,https://www.airtasker.com/uk/services/,all_services_page,2026-09-05,Airtasker UK service taxonomy.,London
Airtasker,Same-Day Dry Cleaning,Same-Day Dry Cleaning,V2,https://www.airtasker.com/uk/services/,all_services_page,2026-09-05,Airtasker UK service taxonomy.,London
Airtasker,Samsung Fridge Repair,Samsung Fridge Repair,V2,https://www.airtasker.com/uk/services/,all_services_page,2026-09-05,Airtasker UK service taxonomy.,London
Airtasker,Samsung TV Repair,Samsung TV Repair,V2,https://www.airtasker.com/uk/services/,all_services_page,2026-09-05,Airtasker UK service taxonomy.,London
Airtasker,Sauna Installation,Sauna Installation,V2,https://www.airtasker.com/uk/services/,all_services_page,2026-09-05,Airtasker UK service taxonomy.,London
Airtasker,Sawblade Sharpening,Sawblade Sharpening,V2,https://www.airtasker.com/uk/services/,all_services_page,2026-09-05,Airtasker UK service taxonomy.,London
Airtasker,Saxophone Lessons,Saxophone Lessons,V2,https://www.airtasker.com/uk/services/,all_services_page,2026-09-05,Airtasker UK service taxonomy.,London
Airtasker,Scanner Setup,Scanner Setup,V2,https://www.airtasker.com/uk/services/,all_services_page,2026-09-05,Airtasker UK service taxonomy.,London
Airtasker,Science Tutor,Science Tutor,V2,https://www.airtasker.com/uk/services/,all_services_page,2026-09-05,Airtasker UK service taxonomy.,London
Airtasker,Scrap Metal Removal,Scrap Metal Removal,V2,https://www.airtasker.com/uk/services/,all_services_page,2026-09-05,Airtasker UK service taxonomy.,London
Airtasker,Screeding,Screeding,V2,https://www.airtasker.com/uk/services/,all_services_page,2026-09-05,Airtasker UK service taxonomy.,London
Airtasker,Screen Repair,Screen Repair,V2,https://www.airtasker.com/uk/services/,all_services_page,2026-09-05,Airtasker UK service taxonomy.,London
Airtasker,Seamstress,Seamstress,V2,https://www.airtasker.com/uk/services/,all_services_page,2026-09-05,Airtasker UK service taxonomy.,London
Airtasker,Search Engine Marketing,Search Engine Marketing,V2,https://www.airtasker.com/uk/services/,all_services_page,2026-09-05,Airtasker UK service taxonomy.,London
Airtasker,Security System Installation,Security System Installation,V2,https://www.airtasker.com/uk/services/,all_services_page,2026-09-05,Airtasker UK service taxonomy.,London
Airtasker,Self Defence Classes,Self Defence Classes,V2,https://www.airtasker.com/uk/services/,all_services_page,2026-09-05,Airtasker UK service taxonomy.,London
Airtasker,Sewing,Sewing,V2,https://www.airtasker.com/uk/services/,all_services_page,2026-09-05,Airtasker UK service taxonomy.,London
Airtasker,Sewing Lessons,Sewing Lessons,V2,https://www.airtasker.com/uk/services/,all_services_page,2026-09-05,Airtasker UK service taxonomy.,London
Airtasker,Sewing Machine Repair,Sewing Machine Repair,V2,https://www.airtasker.com/uk/services/,all_services_page,2026-09-05,Airtasker UK service taxonomy.,London
Airtasker,Sharpening,Sharpening,V2,https://www.airtasker.com/uk/services/,all_services_page,2026-09-05,Airtasker UK service taxonomy.,London
Airtasker,Shed Cladding,Shed Cladding,V2,https://www.airtasker.com/uk/services/,all_services_page,2026-09-05,Airtasker UK service taxonomy.,London
Airtasker,Shed Installation,Shed Installation,V2,https://www.airtasker.com/uk/services/,all_services_page,2026-09-05,Airtasker UK service taxonomy.,London
Airtasker,Shed Removal and Disposal,Shed Removal and Disposal,V2,https://www.airtasker.com/uk/services/,all_services_page,2026-09-05,Airtasker UK service taxonomy.,London
Airtasker,Shed Removals,Shed Removals,V2,https://www.airtasker.com/uk/services/,all_services_page,2026-09-05,Airtasker UK service taxonomy.,London
Airtasker,Shed Roof Repair,Shed Roof Repair,V2,https://www.airtasker.com/uk/services/,all_services_page,2026-09-05,Airtasker UK service taxonomy.,London
Airtasker,Shelf Assembly,Shelf Assembly,V2,https://www.airtasker.com/uk/services/,all_services_page,2026-09-05,Airtasker UK service taxonomy.,London
Airtasker,Shelf Hanging,Shelf Hanging,V2,https://www.airtasker.com/uk/services/,all_services_page,2026-09-05,Airtasker UK service taxonomy.,London
Airtasker,Shiplap Cladding,Shiplap Cladding,V2,https://www.airtasker.com/uk/services/,all_services_page,2026-09-05,Airtasker UK service taxonomy.,London
Airtasker,Shopify Developer,Shopify Developer,V2,https://www.airtasker.com/uk/services/,all_services_page,2026-09-05,Airtasker UK service taxonomy.,London
Airtasker,Shower Head Installation,Shower Head Installation,V2,https://www.airtasker.com/uk/services/,all_services_page,2026-09-05,Airtasker UK service taxonomy.,London
Airtasker,Shower Screen Installation,Shower Screen Installation,V2,https://www.airtasker.com/uk/services/,all_services_page,2026-09-05,Airtasker UK service taxonomy.,London
Airtasker,Shrub & Bush Trimming,Shrub & Bush Trimming,V2,https://www.airtasker.com/uk/services/,all_services_page,2026-09-05,Airtasker UK service taxonomy.,London
Airtasker,Sign Hanging,Sign Hanging,V2,https://www.airtasker.com/uk/services/,all_services_page,2026-09-05,Airtasker UK service taxonomy.,London
Airtasker,Sign Language Lessons,Sign Language Lessons,V2,https://www.airtasker.com/uk/services/,all_services_page,2026-09-05,Airtasker UK service taxonomy.,London
Airtasker,Sign Writing,Sign Writing,V2,https://www.airtasker.com/uk/services/,all_services_page,2026-09-05,Airtasker UK service taxonomy.,London
Airtasker,Signage Designer,Signage Designer,V2,https://www.airtasker.com/uk/services/,all_services_page,2026-09-05,Airtasker UK service taxonomy.,London
Airtasker,Signage Installers,Signage Installers,V2,https://www.airtasker.com/uk/services/,all_services_page,2026-09-05,Airtasker UK service taxonomy.,London
Airtasker,Singer,Singer,V2,https://www.airtasker.com/uk/services/,all_services_page,2026-09-05,Airtasker UK service taxonomy.,London
Airtasker,Singing Lessons,Singing Lessons,V2,https://www.airtasker.com/uk/services/,all_services_page,2026-09-05,Airtasker UK service taxonomy.,London
Airtasker,Sink Installation,Sink Installation,V2,https://www.airtasker.com/uk/services/,all_services_page,2026-09-05,Airtasker UK service taxonomy.,London
Airtasker,Skate Sharpening,Skate Sharpening,V2,https://www.airtasker.com/uk/services/,all_services_page,2026-09-05,Airtasker UK service taxonomy.,London
Airtasker,Skateboard Lessons,Skateboard Lessons,V2,https://www.airtasker.com/uk/services/,all_services_page,2026-09-05,Airtasker UK service taxonomy.,London
Airtasker,Ski Lessons,Ski Lessons,V2,https://www.airtasker.com/uk/services/,all_services_page,2026-09-05,Airtasker UK service taxonomy.,London
Airtasker,Skip Hire,Skip Hire,V2,https://www.airtasker.com/uk/services/,all_services_page,2026-09-05,Airtasker UK service taxonomy.,London
Airtasker,Skirting Boards,Skirting Boards,V2,https://www.airtasker.com/uk/services/,all_services_page,2026-09-05,Airtasker UK service taxonomy.,London
Airtasker,Slab Laying,Slab Laying,V2,https://www.airtasker.com/uk/services/,all_services_page,2026-09-05,Airtasker UK service taxonomy.,London
Airtasker,Slate Roofer,Slate Roofer,V2,https://www.airtasker.com/uk/services/,all_services_page,2026-09-05,Airtasker UK service taxonomy.,London
Airtasker,Sleep Therapy,Sleep Therapy,V2,https://www.airtasker.com/uk/services/,all_services_page,2026-09-05,Airtasker UK service taxonomy.,London
Airtasker,Sliding Door Repair,Sliding Door Repair,V2,https://www.airtasker.com/uk/services/,all_services_page,2026-09-05,Airtasker UK service taxonomy.,London
Airtasker,Small Animal Boarding,Small Animal Boarding,V2,https://www.airtasker.com/uk/services/,all_services_page,2026-09-05,Airtasker UK service taxonomy.,London
Airtasker,Smoke Alarm Installation,Smoke Alarm Installation,V2,https://www.airtasker.com/uk/services/,all_services_page,2026-09-05,Airtasker UK service taxonomy.,London
Airtasker,Snack Delivery,Snack Delivery,V2,https://www.airtasker.com/uk/services/,all_services_page,2026-09-05,Airtasker UK service taxonomy.,London
Airtasker,Snow Plowing & Removal,Snow Plowing & Removal,V2,https://www.airtasker.com/uk/services/,all_services_page,2026-09-05,Airtasker UK service taxonomy.,London
Airtasker,Snowboarding Lessons,Snowboarding Lessons,V2,https://www.airtasker.com/uk/services/,all_services_page,2026-09-05,Airtasker UK service taxonomy.,London
Airtasker,Social Media Marketing & Management,Social Media Marketing & Management,V2,https://www.airtasker.com/uk/services/,all_services_page,2026-09-05,Airtasker UK service taxonomy.,London
Airtasker,Sockets and Switches Installation,Sockets and Switches Installation,V2,https://www.airtasker.com/uk/services/,all_services_page,2026-09-05,Airtasker UK service taxonomy.,London
Airtasker,Sofa Assembly,Sofa Assembly,V2,https://www.airtasker.com/uk/services/,all_services_page,2026-09-05,Airtasker UK service taxonomy.,London
Airtasker,Sofa Bed Repairs,Sofa Bed Repairs,V2,https://www.airtasker.com/uk/services/,all_services_page,2026-09-05,Airtasker UK service taxonomy.,London
Airtasker,Sofa Cleaning,Sofa Cleaning,V2,https://www.airtasker.com/uk/services/,all_services_page,2026-09-05,Airtasker UK service taxonomy.,London
Airtasker,Sofa Removal and Disposal,Sofa Removal and Disposal,V2,https://www.airtasker.com/uk/services/,all_services_page,2026-09-05,Airtasker UK service taxonomy.,London
Airtasker,Sofa Removals,Sofa Removals,V2,https://www.airtasker.com/uk/services/,all_services_page,2026-09-05,Airtasker UK service taxonomy.,London
Airtasker,Software Help,Software Help,V2,https://www.airtasker.com/uk/services/,all_services_page,2026-09-05,Airtasker UK service taxonomy.,London
Airtasker,Soil & Sand Delivery,Soil & Sand Delivery,V2,https://www.airtasker.com/uk/services/,all_services_page,2026-09-05,Airtasker UK service taxonomy.,London
Airtasker,Soil Removal,Soil Removal,V2,https://www.airtasker.com/uk/services/,all_services_page,2026-09-05,Airtasker UK service taxonomy.,London
Airtasker,Solar Panel Cleaning,Solar Panel Cleaning,V2,https://www.airtasker.com/uk/services/,all_services_page,2026-09-05,Airtasker UK service taxonomy.,London
Airtasker,Solar Panel Installation,Solar Panel Installation,V2,https://www.airtasker.com/uk/services/,all_services_page,2026-09-05,Airtasker UK service taxonomy.,London
Airtasker,Sonos Speaker Repair,Sonos Speaker Repair,V2,https://www.airtasker.com/uk/services/,all_services_page,2026-09-05,Airtasker UK service taxonomy.,London
Airtasker,Sony TV Repair & Setup,Sony TV Repair & Setup,V2,https://www.airtasker.com/uk/services/,all_services_page,2026-09-05,Airtasker UK service taxonomy.,London
Airtasker,Sound System Installation,Sound System Installation,V2,https://www.airtasker.com/uk/services/,all_services_page,2026-09-05,Airtasker UK service taxonomy.,London
Airtasker,Soundproofing,Soundproofing,V2,https://www.airtasker.com/uk/services/,all_services_page,2026-09-05,Airtasker UK service taxonomy.,London
Airtasker,Spa Removal,Spa Removal,V2,https://www.airtasker.com/uk/services/,all_services_page,2026-09-05,Airtasker UK service taxonomy.,London
Airtasker,Space Planners,Space Planners,V2,https://www.airtasker.com/uk/services/,all_services_page,2026-09-05,Airtasker UK service taxonomy.,London
Airtasker,Spanish Lessons,Spanish Lessons,V2,https://www.airtasker.com/uk/services/,all_services_page,2026-09-05,Airtasker UK service taxonomy.,London
Airtasker,Spanish Translation,Spanish Translation,V2,https://www.airtasker.com/uk/services/,all_services_page,2026-09-05,Airtasker UK service taxonomy.,London
Airtasker,Speaker Repair,Speaker Repair,V2,https://www.airtasker.com/uk/services/,all_services_page,2026-09-05,Airtasker UK service taxonomy.,London
Airtasker,Speech Therapy,Speech Therapy,V2,https://www.airtasker.com/uk/services/,all_services_page,2026-09-05,Airtasker UK service taxonomy.,London
Airtasker,Speech Writing,Speech Writing,V2,https://www.airtasker.com/uk/services/,all_services_page,2026-09-05,Airtasker UK service taxonomy.,London
Airtasker,Sports Coaches,Sports Coaches,V2,https://www.airtasker.com/uk/services/,all_services_page,2026-09-05,Airtasker UK service taxonomy.,London
Airtasker,Spray Foam Insulation,Spray Foam Insulation,V2,https://www.airtasker.com/uk/services/,all_services_page,2026-09-05,Airtasker UK service taxonomy.,London
Airtasker,Spray Tanning,Spray Tanning,V2,https://www.airtasker.com/uk/services/,all_services_page,2026-09-05,Airtasker UK service taxonomy.,London
Airtasker,Spring Free Trampoline Assembly,Spring Free Trampoline Assembly,V2,https://www.airtasker.com/uk/services/,all_services_page,2026-09-05,Airtasker UK service taxonomy.,London
Airtasker,Sprinkler System Installation,Sprinkler System Installation,V2,https://www.airtasker.com/uk/services/,all_services_page,2026-09-05,Airtasker UK service taxonomy.,London
Airtasker,Squarespace Developer,Squarespace Developer,V2,https://www.airtasker.com/uk/services/,all_services_page,2026-09-05,Airtasker UK service taxonomy.,London
Airtasker,Staffing,Staffing,V2,https://www.airtasker.com/uk/services/,all_services_page,2026-09-05,Airtasker UK service taxonomy.,London
Airtasker,Stain Removal,Stain Removal,V2,https://www.airtasker.com/uk/services/,all_services_page,2026-09-05,Airtasker UK service taxonomy.,London
Airtasker,Stained Glass Repair,Stained Glass Repair,V2,https://www.airtasker.com/uk/services/,all_services_page,2026-09-05,Airtasker UK service taxonomy.,London
Airtasker,Staining,Staining,V2,https://www.airtasker.com/uk/services/,all_services_page,2026-09-05,Airtasker UK service taxonomy.,London
Airtasker,Staircase Renovation,Staircase Renovation,V2,https://www.airtasker.com/uk/services/,all_services_page,2026-09-05,Airtasker UK service taxonomy.,London
Airtasker,Starbucks Delivery,Starbucks Delivery,V2,https://www.airtasker.com/uk/services/,all_services_page,2026-09-05,Airtasker UK service taxonomy.,London
Airtasker,Starter Motor Repair,Starter Motor Repair,V2,https://www.airtasker.com/uk/services/,all_services_page,2026-09-05,Airtasker UK service taxonomy.,London
Airtasker,Statistics Tutor,Statistics Tutor,V2,https://www.airtasker.com/uk/services/,all_services_page,2026-09-05,Airtasker UK service taxonomy.,London
Airtasker,Steam Cleaning,Steam Cleaning,V2,https://www.airtasker.com/uk/services/,all_services_page,2026-09-05,Airtasker UK service taxonomy.,London
Airtasker,Steering Wheel Repair,Steering Wheel Repair,V2,https://www.airtasker.com/uk/services/,all_services_page,2026-09-05,Airtasker UK service taxonomy.,London
Airtasker,Stone Cladding,Stone Cladding,V2,https://www.airtasker.com/uk/services/,all_services_page,2026-09-05,Airtasker UK service taxonomy.,London
Airtasker,Stone Flooring,Stone Flooring,V2,https://www.airtasker.com/uk/services/,all_services_page,2026-09-05,Airtasker UK service taxonomy.,London
Airtasker,Stonemasonry,Stonemasonry,V2,https://www.airtasker.com/uk/services/,all_services_page,2026-09-05,Airtasker UK service taxonomy.,London
Airtasker,Stones Paving,Stones Paving,V2,https://www.airtasker.com/uk/services/,all_services_page,2026-09-05,Airtasker UK service taxonomy.,London
Airtasker,Strata Cleaning,Strata Cleaning,V2,https://www.airtasker.com/uk/services/,all_services_page,2026-09-05,Airtasker UK service taxonomy.,London
Airtasker,Street Dance Lessons,Street Dance Lessons,V2,https://www.airtasker.com/uk/services/,all_services_page,2026-09-05,Airtasker UK service taxonomy.,London
Airtasker,Student Removals,Student Removals,V2,https://www.airtasker.com/uk/services/,all_services_page,2026-09-05,Airtasker UK service taxonomy.,London
Airtasker,Suit Tailor,Suit Tailor,V2,https://www.airtasker.com/uk/services/,all_services_page,2026-09-05,Airtasker UK service taxonomy.,London
Airtasker,Sunday Dinner Delivery,Sunday Dinner Delivery,V2,https://www.airtasker.com/uk/services/,all_services_page,2026-09-05,Airtasker UK service taxonomy.,London
Airtasker,Surf Lessons,Surf Lessons,V2,https://www.airtasker.com/uk/services/,all_services_page,2026-09-05,Airtasker UK service taxonomy.,London
Airtasker,Surveyors,Surveyors,V2,https://www.airtasker.com/uk/services/,all_services_page,2026-09-05,Airtasker UK service taxonomy.,London
Airtasker,Sushi Chef,Sushi Chef,V2,https://www.airtasker.com/uk/services/,all_services_page,2026-09-05,Airtasker UK service taxonomy.,London
Airtasker,Sushi Delivery,Sushi Delivery,V2,https://www.airtasker.com/uk/services/,all_services_page,2026-09-05,Airtasker UK service taxonomy.,London
Airtasker,Suspension Repair,Suspension Repair,V2,https://www.airtasker.com/uk/services/,all_services_page,2026-09-05,Airtasker UK service taxonomy.,London
Airtasker,Suzuki Service,Suzuki Service,V2,https://www.airtasker.com/uk/services/,all_services_page,2026-09-05,Airtasker UK service taxonomy.,London
Airtasker,Sweets Delivery,Sweets Delivery,V2,https://www.airtasker.com/uk/services/,all_services_page,2026-09-05,Airtasker UK service taxonomy.,London
Airtasker,Swimming Lessons,Swimming Lessons,V2,https://www.airtasker.com/uk/services/,all_services_page,2026-09-05,Airtasker UK service taxonomy.,London
Airtasker,Swimming Pool Builders,Swimming Pool Builders,V2,https://www.airtasker.com/uk/services/,all_services_page,2026-09-05,Airtasker UK service taxonomy.,London
Airtasker,Swing Dance Lessons,Swing Dance Lessons,V2,https://www.airtasker.com/uk/services/,all_services_page,2026-09-05,Airtasker UK service taxonomy.,London
Airtasker,Swing Set Assembly,Swing Set Assembly,V2,https://www.airtasker.com/uk/services/,all_services_page,2026-09-05,Airtasker UK service taxonomy.,London
Airtasker,T-Shirt Printing,T-Shirt Printing,V2,https://www.airtasker.com/uk/services/,all_services_page,2026-09-05,Airtasker UK service taxonomy.,London
Airtasker,TV Delivery,TV Delivery,V2,https://www.airtasker.com/uk/services/,all_services_page,2026-09-05,Airtasker UK service taxonomy.,London
Airtasker,TV Installation & Setup,TV Installation & Setup,V2,https://www.airtasker.com/uk/services/,all_services_page,2026-09-05,Airtasker UK service taxonomy.,London
Airtasker,TV Repairs and Installation,TV Repairs and Installation,V2,https://www.airtasker.com/uk/services/,all_services_page,2026-09-05,Airtasker UK service taxonomy.,London
Airtasker,TV Wall Mounting,TV Wall Mounting,V2,https://www.airtasker.com/uk/services/,all_services_page,2026-09-05,Airtasker UK service taxonomy.,London
Airtasker,Table Assembly,Table Assembly,V2,https://www.airtasker.com/uk/services/,all_services_page,2026-09-05,Airtasker UK service taxonomy.,London
Airtasker,Table Lamp Repair,Table Lamp Repair,V2,https://www.airtasker.com/uk/services/,all_services_page,2026-09-05,Airtasker UK service taxonomy.,London
Airtasker,Table Tennis Coaching,Table Tennis Coaching,V2,https://www.airtasker.com/uk/services/,all_services_page,2026-09-05,Airtasker UK service taxonomy.,London
Airtasker,Table Tennis Table Assembly,Table Tennis Table Assembly,V2,https://www.airtasker.com/uk/services/,all_services_page,2026-09-05,Airtasker UK service taxonomy.,London
Airtasker,Tablet Repair,Tablet Repair,V2,https://www.airtasker.com/uk/services/,all_services_page,2026-09-05,Airtasker UK service taxonomy.,London
Airtasker,Taekwondo Classes,Taekwondo Classes,V2,https://www.airtasker.com/uk/services/,all_services_page,2026-09-05,Airtasker UK service taxonomy.,London
Airtasker,Tailors,Tailors,V2,https://www.airtasker.com/uk/services/,all_services_page,2026-09-05,Airtasker UK service taxonomy.,London
Airtasker,Takeaway & Delivery,Takeaway & Delivery,V2,https://www.airtasker.com/uk/services/,all_services_page,2026-09-05,Airtasker UK service taxonomy.,London
Airtasker,Tap Dance Lessons,Tap Dance Lessons,V2,https://www.airtasker.com/uk/services/,all_services_page,2026-09-05,Airtasker UK service taxonomy.,London
Airtasker,Tarmac Laying,Tarmac Laying,V2,https://www.airtasker.com/uk/services/,all_services_page,2026-09-05,Airtasker UK service taxonomy.,London
Airtasker,Tattoo Artists,Tattoo Artists,V2,https://www.airtasker.com/uk/services/,all_services_page,2026-09-05,Airtasker UK service taxonomy.,London
Airtasker,Tax Advisor,Tax Advisor,V2,https://www.airtasker.com/uk/services/,all_services_page,2026-09-05,Airtasker UK service taxonomy.,London
Airtasker,Technical Support,Technical Support,V2,https://www.airtasker.com/uk/services/,all_services_page,2026-09-05,Airtasker UK service taxonomy.,London
Airtasker,Technical Writer,Technical Writer,V2,https://www.airtasker.com/uk/services/,all_services_page,2026-09-05,Airtasker UK service taxonomy.,London
Airtasker,Teen Counselling,Teen Counselling,V2,https://www.airtasker.com/uk/services/,all_services_page,2026-09-05,Airtasker UK service taxonomy.,London
Airtasker,Telephone Engineers,Telephone Engineers,V2,https://www.airtasker.com/uk/services/,all_services_page,2026-09-05,Airtasker UK service taxonomy.,London
Airtasker,Temporary Fencing,Temporary Fencing,V2,https://www.airtasker.com/uk/services/,all_services_page,2026-09-05,Airtasker UK service taxonomy.,London
Airtasker,Temporary Tattoo Artists,Temporary Tattoo Artists,V2,https://www.airtasker.com/uk/services/,all_services_page,2026-09-05,Airtasker UK service taxonomy.,London
Airtasker,Tennis Lessons,Tennis Lessons,V2,https://www.airtasker.com/uk/services/,all_services_page,2026-09-05,Airtasker UK service taxonomy.,London
Airtasker,Tent Repair,Tent Repair,V2,https://www.airtasker.com/uk/services/,all_services_page,2026-09-05,Airtasker UK service taxonomy.,London
Airtasker,Terrazzo Flooring,Terrazzo Flooring,V2,https://www.airtasker.com/uk/services/,all_services_page,2026-09-05,Airtasker UK service taxonomy.,London
Airtasker,Tesco Grocery Delivery,Tesco Grocery Delivery,V2,https://www.airtasker.com/uk/services/,all_services_page,2026-09-05,Airtasker UK service taxonomy.,London
Airtasker,Thai Food Delivery,Thai Food Delivery,V2,https://www.airtasker.com/uk/services/,all_services_page,2026-09-05,Airtasker UK service taxonomy.,London
Airtasker,The Range Curtain Installation,The Range Curtain Installation,V2,https://www.airtasker.com/uk/services/,all_services_page,2026-09-05,Airtasker UK service taxonomy.,London
Airtasker,The Range Furniture Assembly,The Range Furniture Assembly,V2,https://www.airtasker.com/uk/services/,all_services_page,2026-09-05,Airtasker UK service taxonomy.,London
Airtasker,The Range Hanging & Mounting,The Range Hanging & Mounting,V2,https://www.airtasker.com/uk/services/,all_services_page,2026-09-05,Airtasker UK service taxonomy.,London
Airtasker,The Range Pergola Installation,The Range Pergola Installation,V2,https://www.airtasker.com/uk/services/,all_services_page,2026-09-05,Airtasker UK service taxonomy.,London
Airtasker,The Range Storage,The Range Storage,V2,https://www.airtasker.com/uk/services/,all_services_page,2026-09-05,Airtasker UK service taxonomy.,London
Airtasker,The Range Wallpaper Installation,The Range Wallpaper Installation,V2,https://www.airtasker.com/uk/services/,all_services_page,2026-09-05,Airtasker UK service taxonomy.,London
Airtasker,Thermostat Installation,Thermostat Installation,V2,https://www.airtasker.com/uk/services/,all_services_page,2026-09-05,Airtasker UK service taxonomy.,London
Airtasker,Tile & Grout Cleaning,Tile & Grout Cleaning,V2,https://www.airtasker.com/uk/services/,all_services_page,2026-09-05,Airtasker UK service taxonomy.,London
Airtasker,Tiling,Tiling,V2,https://www.airtasker.com/uk/services/,all_services_page,2026-09-05,Airtasker UK service taxonomy.,London
Airtasker,Timber Flooring,Timber Flooring,V2,https://www.airtasker.com/uk/services/,all_services_page,2026-09-05,Airtasker UK service taxonomy.,London
Airtasker,Timing Belt Replacement,Timing Belt Replacement,V2,https://www.airtasker.com/uk/services/,all_services_page,2026-09-05,Airtasker UK service taxonomy.,London
Airtasker,Toaster Repair,Toaster Repair,V2,https://www.airtasker.com/uk/services/,all_services_page,2026-09-05,Airtasker UK service taxonomy.,London
Airtasker,Toilet Installation,Toilet Installation,V2,https://www.airtasker.com/uk/services/,all_services_page,2026-09-05,Airtasker UK service taxonomy.,London
Airtasker,Toilet Seat Fitting,Toilet Seat Fitting,V2,https://www.airtasker.com/uk/services/,all_services_page,2026-09-05,Airtasker UK service taxonomy.,London
Airtasker,Tool Repair,Tool Repair,V2,https://www.airtasker.com/uk/services/,all_services_page,2026-09-05,Airtasker UK service taxonomy.,London
Airtasker,Tool Sharpening,Tool Sharpening,V2,https://www.airtasker.com/uk/services/,all_services_page,2026-09-05,Airtasker UK service taxonomy.,London
Airtasker,Tow Bar Installation,Tow Bar Installation,V2,https://www.airtasker.com/uk/services/,all_services_page,2026-09-05,Airtasker UK service taxonomy.,London
Airtasker,Toy Assembly,Toy Assembly,V2,https://www.airtasker.com/uk/services/,all_services_page,2026-09-05,Airtasker UK service taxonomy.,London
Airtasker,Toyota Service,Toyota Service,V2,https://www.airtasker.com/uk/services/,all_services_page,2026-09-05,Airtasker UK service taxonomy.,London
Airtasker,Tradesman,Tradesman,V2,https://www.airtasker.com/uk/services/,all_services_page,2026-09-05,Airtasker UK service taxonomy.,London
Airtasker,Trampoline Assembly,Trampoline Assembly,V2,https://www.airtasker.com/uk/services/,all_services_page,2026-09-05,Airtasker UK service taxonomy.,London
Airtasker,Trampoline Lessons,Trampoline Lessons,V2,https://www.airtasker.com/uk/services/,all_services_page,2026-09-05,Airtasker UK service taxonomy.,London
Airtasker,Trampoline Removals,Trampoline Removals,V2,https://www.airtasker.com/uk/services/,all_services_page,2026-09-05,Airtasker UK service taxonomy.,London
Airtasker,Trampoline Repair Service,Trampoline Repair Service,V2,https://www.airtasker.com/uk/services/,all_services_page,2026-09-05,Airtasker UK service taxonomy.,London
Airtasker,Transcription,Transcription,V2,https://www.airtasker.com/uk/services/,all_services_page,2026-09-05,Airtasker UK service taxonomy.,London
Airtasker,Translation,Translation,V2,https://www.airtasker.com/uk/services/,all_services_page,2026-09-05,Airtasker UK service taxonomy.,London
Airtasker,Travel Writer,Travel Writer,V2,https://www.airtasker.com/uk/services/,all_services_page,2026-09-05,Airtasker UK service taxonomy.,London
Airtasker,Treadmill Assembly,Treadmill Assembly,V2,https://www.airtasker.com/uk/services/,all_services_page,2026-09-05,Airtasker UK service taxonomy.,London
Airtasker,Treadmill Removal and Disposal,Treadmill Removal and Disposal,V2,https://www.airtasker.com/uk/services/,all_services_page,2026-09-05,Airtasker UK service taxonomy.,London
Airtasker,Treadmill Removals,Treadmill Removals,V2,https://www.airtasker.com/uk/services/,all_services_page,2026-09-05,Airtasker UK service taxonomy.,London
Airtasker,Treadmill Repair,Treadmill Repair,V2,https://www.airtasker.com/uk/services/,all_services_page,2026-09-05,Airtasker UK service taxonomy.,London
Airtasker,Tree Felling,Tree Felling,V2,https://www.airtasker.com/uk/services/,all_services_page,2026-09-05,Airtasker UK service taxonomy.,London
Airtasker,Tree Lopper,Tree Lopper,V2,https://www.airtasker.com/uk/services/,all_services_page,2026-09-05,Airtasker UK service taxonomy.,London
Airtasker,Tree Pruning,Tree Pruning,V2,https://www.airtasker.com/uk/services/,all_services_page,2026-09-05,Airtasker UK service taxonomy.,London
Airtasker,Tree Removal,Tree Removal,V2,https://www.airtasker.com/uk/services/,all_services_page,2026-09-05,Airtasker UK service taxonomy.,London
Airtasker,Tree Surgeons,Tree Surgeons,V2,https://www.airtasker.com/uk/services/,all_services_page,2026-09-05,Airtasker UK service taxonomy.,London
Airtasker,Trench Digging,Trench Digging,V2,https://www.airtasker.com/uk/services/,all_services_page,2026-09-05,Airtasker UK service taxonomy.,London
Airtasker,Triathlon Training,Triathlon Training,V2,https://www.airtasker.com/uk/services/,all_services_page,2026-09-05,Airtasker UK service taxonomy.,London
Airtasker,Triple Glazing,Triple Glazing,V2,https://www.airtasker.com/uk/services/,all_services_page,2026-09-05,Airtasker UK service taxonomy.,London
Airtasker,Troubleshooting,Troubleshooting,V2,https://www.airtasker.com/uk/services/,all_services_page,2026-09-05,Airtasker UK service taxonomy.,London
Airtasker,Trumpet Lessons,Trumpet Lessons,V2,https://www.airtasker.com/uk/services/,all_services_page,2026-09-05,Airtasker UK service taxonomy.,London
Airtasker,Turf Laying,Turf Laying,V2,https://www.airtasker.com/uk/services/,all_services_page,2026-09-05,Airtasker UK service taxonomy.,London
Airtasker,Turf Repair,Turf Repair,V2,https://www.airtasker.com/uk/services/,all_services_page,2026-09-05,Airtasker UK service taxonomy.,London
Airtasker,Turkish Takeaway,Turkish Takeaway,V2,https://www.airtasker.com/uk/services/,all_services_page,2026-09-05,Airtasker UK service taxonomy.,London
Airtasker,Tutoring,Tutoring,V2,https://www.airtasker.com/uk/services/,all_services_page,2026-09-05,Airtasker UK service taxonomy.,London
Airtasker,Typist,Typist,V2,https://www.airtasker.com/uk/services/,all_services_page,2026-09-05,Airtasker UK service taxonomy.,London
Airtasker,Tyre Fitting,Tyre Fitting,V2,https://www.airtasker.com/uk/services/,all_services_page,2026-09-05,Airtasker UK service taxonomy.,London
Airtasker,Tyre Repair,Tyre Repair,V2,https://www.airtasker.com/uk/services/,all_services_page,2026-09-05,Airtasker UK service taxonomy.,London
Airtasker,Ukulele Lessons,Ukulele Lessons,V2,https://www.airtasker.com/uk/services/,all_services_page,2026-09-05,Airtasker UK service taxonomy.,London
Airtasker,Underfloor Heating Installation,Underfloor Heating Installation,V2,https://www.airtasker.com/uk/services/,all_services_page,2026-09-05,Airtasker UK service taxonomy.,London
Airtasker,University Tutor,University Tutor,V2,https://www.airtasker.com/uk/services/,all_services_page,2026-09-05,Airtasker UK service taxonomy.,London
Airtasker,Upholstery Cleaning,Upholstery Cleaning,V2,https://www.airtasker.com/uk/services/,all_services_page,2026-09-05,Airtasker UK service taxonomy.,London
Airtasker,Upholstery Repair,Upholstery Repair,V2,https://www.airtasker.com/uk/services/,all_services_page,2026-09-05,Airtasker UK service taxonomy.,London
Airtasker,Vacuum Cleaner Repair,Vacuum Cleaner Repair,V2,https://www.airtasker.com/uk/services/,all_services_page,2026-09-05,Airtasker UK service taxonomy.,London
Airtasker,Vacuuming,Vacuuming,V2,https://www.airtasker.com/uk/services/,all_services_page,2026-09-05,Airtasker UK service taxonomy.,London
Airtasker,Valentine's Gift Delivery,Valentine's Gift Delivery,V2,https://www.airtasker.com/uk/services/,all_services_page,2026-09-05,Airtasker UK service taxonomy.,London
Airtasker,Valentines Flower Delivery,Valentines Flower Delivery,V2,https://www.airtasker.com/uk/services/,all_services_page,2026-09-05,Airtasker UK service taxonomy.,London
Airtasker,Van Lock Fitting,Van Lock Fitting,V2,https://www.airtasker.com/uk/services/,all_services_page,2026-09-05,Airtasker UK service taxonomy.,London
Airtasker,Van MOT,Van MOT,V2,https://www.airtasker.com/uk/services/,all_services_page,2026-09-05,Airtasker UK service taxonomy.,London
Airtasker,Vanity Mirror Installation,Vanity Mirror Installation,V2,https://www.airtasker.com/uk/services/,all_services_page,2026-09-05,Airtasker UK service taxonomy.,London
Airtasker,Vauxhall Service,Vauxhall Service,V2,https://www.airtasker.com/uk/services/,all_services_page,2026-09-05,Airtasker UK service taxonomy.,London
Airtasker,Vegan Baker,Vegan Baker,V2,https://www.airtasker.com/uk/services/,all_services_page,2026-09-05,Airtasker UK service taxonomy.,London
Airtasker,Vegan Cake Delivery,Vegan Cake Delivery,V2,https://www.airtasker.com/uk/services/,all_services_page,2026-09-05,Airtasker UK service taxonomy.,London
Airtasker,Vegan Food Delivery,Vegan Food Delivery,V2,https://www.airtasker.com/uk/services/,all_services_page,2026-09-05,Airtasker UK service taxonomy.,London
Airtasker,Vegan Meal Preparation,Vegan Meal Preparation,V2,https://www.airtasker.com/uk/services/,all_services_page,2026-09-05,Airtasker UK service taxonomy.,London
Airtasker,Vegetable Delivery,Vegetable Delivery,V2,https://www.airtasker.com/uk/services/,all_services_page,2026-09-05,Airtasker UK service taxonomy.,London
Airtasker,Vegetarian Food Delivery,Vegetarian Food Delivery,V2,https://www.airtasker.com/uk/services/,all_services_page,2026-09-05,Airtasker UK service taxonomy.,London
Airtasker,Vegetarian Meal Preparation,Vegetarian Meal Preparation,V2,https://www.airtasker.com/uk/services/,all_services_page,2026-09-05,Airtasker UK service taxonomy.,London
Airtasker,Vehicle MOT,Vehicle MOT,V2,https://www.airtasker.com/uk/services/,all_services_page,2026-09-05,Airtasker UK service taxonomy.,London
Airtasker,Vehicle Transport,Vehicle Transport,V2,https://www.airtasker.com/uk/services/,all_services_page,2026-09-05,Airtasker UK service taxonomy.,London
Airtasker,Vehicle Wraps,Vehicle Wraps,V2,https://www.airtasker.com/uk/services/,all_services_page,2026-09-05,Airtasker UK service taxonomy.,London
Airtasker,Venetian Blind Repair,Venetian Blind Repair,V2,https://www.airtasker.com/uk/services/,all_services_page,2026-09-05,Airtasker UK service taxonomy.,London
Airtasker,Verandah Installation,Verandah Installation,V2,https://www.airtasker.com/uk/services/,all_services_page,2026-09-05,Airtasker UK service taxonomy.,London
Airtasker,Video Editing,Video Editing,V2,https://www.airtasker.com/uk/services/,all_services_page,2026-09-05,Airtasker UK service taxonomy.,London
Airtasker,Videographers,Videographers,V2,https://www.airtasker.com/uk/services/,all_services_page,2026-09-05,Airtasker UK service taxonomy.,London
Airtasker,Villaboard Installation,Villaboard Installation,V2,https://www.airtasker.com/uk/services/,all_services_page,2026-09-05,Airtasker UK service taxonomy.,London
Airtasker,Vinyl Flooring,Vinyl Flooring,V2,https://www.airtasker.com/uk/services/,all_services_page,2026-09-05,Airtasker UK service taxonomy.,London
Airtasker,Violin Lessons,Violin Lessons,V2,https://www.airtasker.com/uk/services/,all_services_page,2026-09-05,Airtasker UK service taxonomy.,London
Airtasker,Virtual Assistant,Virtual Assistant,V2,https://www.airtasker.com/uk/services/,all_services_page,2026-09-05,Airtasker UK service taxonomy.,London
Airtasker,Virus Removal,Virus Removal,V2,https://www.airtasker.com/uk/services/,all_services_page,2026-09-05,Airtasker UK service taxonomy.,London
Airtasker,Vokera Boiler Installation,Vokera Boiler Installation,V2,https://www.airtasker.com/uk/services/,all_services_page,2026-09-05,Airtasker UK service taxonomy.,London
Airtasker,Volkswagen Service,Volkswagen Service,V2,https://www.airtasker.com/uk/services/,all_services_page,2026-09-05,Airtasker UK service taxonomy.,London
Airtasker,Volvo Service,Volvo Service,V2,https://www.airtasker.com/uk/services/,all_services_page,2026-09-05,Airtasker UK service taxonomy.,London
Airtasker,Wait Staff,Wait Staff,V2,https://www.airtasker.com/uk/services/,all_services_page,2026-09-05,Airtasker UK service taxonomy.,London
Airtasker,Waiter,Waiter,V2,https://www.airtasker.com/uk/services/,all_services_page,2026-09-05,Airtasker UK service taxonomy.,London
Airtasker,Waitress,Waitress,V2,https://www.airtasker.com/uk/services/,all_services_page,2026-09-05,Airtasker UK service taxonomy.,London
Airtasker,Wales to London Removals,Wales to London Removals,V2,https://www.airtasker.com/uk/services/,all_services_page,2026-09-05,Airtasker UK service taxonomy.,London
Airtasker,Wall Hanging & Mounting,Wall Hanging & Mounting,V2,https://www.airtasker.com/uk/services/,all_services_page,2026-09-05,Airtasker UK service taxonomy.,London
Airtasker,Wall Hanging and Mounting,Wall Hanging and Mounting,V2,https://www.airtasker.com/uk/services/,all_services_page,2026-09-05,Airtasker UK service taxonomy.,London
Airtasker,Wallpaper Repair,Wallpaper Repair,V2,https://www.airtasker.com/uk/services/,all_services_page,2026-09-05,Airtasker UK service taxonomy.,London
Airtasker,Wallpapering,Wallpapering,V2,https://www.airtasker.com/uk/services/,all_services_page,2026-09-05,Airtasker UK service taxonomy.,London
Airtasker,Wardrobe Assembly,Wardrobe Assembly,V2,https://www.airtasker.com/uk/services/,all_services_page,2026-09-05,Airtasker UK service taxonomy.,London
Airtasker,Wardrobe Delivery,Wardrobe Delivery,V2,https://www.airtasker.com/uk/services/,all_services_page,2026-09-05,Airtasker UK service taxonomy.,London
Airtasker,Washing Machine Removals,Washing Machine Removals,V2,https://www.airtasker.com/uk/services/,all_services_page,2026-09-05,Airtasker UK service taxonomy.,London
Airtasker,Washing Machine Repairs & Installation,Washing Machine Repairs & Installation,V2,https://www.airtasker.com/uk/services/,all_services_page,2026-09-05,Airtasker UK service taxonomy.,London
Airtasker,Wasp Nest Removal,Wasp Nest Removal,V2,https://www.airtasker.com/uk/services/,all_services_page,2026-09-05,Airtasker UK service taxonomy.,London
Airtasker,Waste Bag Collection,Waste Bag Collection,V2,https://www.airtasker.com/uk/services/,all_services_page,2026-09-05,Airtasker UK service taxonomy.,London
Airtasker,Waste Collection & Disposal,Waste Collection & Disposal,V2,https://www.airtasker.com/uk/services/,all_services_page,2026-09-05,Airtasker UK service taxonomy.,London
Airtasker,Water Damage,Water Damage,V2,https://www.airtasker.com/uk/services/,all_services_page,2026-09-05,Airtasker UK service taxonomy.,London
Airtasker,Water Features,Water Features,V2,https://www.airtasker.com/uk/services/,all_services_page,2026-09-05,Airtasker UK service taxonomy.,London
Airtasker,Water Heater Repairs and Installation,Water Heater Repairs and Installation,V2,https://www.airtasker.com/uk/services/,all_services_page,2026-09-05,Airtasker UK service taxonomy.,London
Airtasker,Water Pump Repair,Water Pump Repair,V2,https://www.airtasker.com/uk/services/,all_services_page,2026-09-05,Airtasker UK service taxonomy.,London
Airtasker,Water Softener Installation,Water Softener Installation,V2,https://www.airtasker.com/uk/services/,all_services_page,2026-09-05,Airtasker UK service taxonomy.,London
Airtasker,Water Tank Installation & Repair,Water Tank Installation & Repair,V2,https://www.airtasker.com/uk/services/,all_services_page,2026-09-05,Airtasker UK service taxonomy.,London
Airtasker,Waterproofing,Waterproofing,V2,https://www.airtasker.com/uk/services/,all_services_page,2026-09-05,Airtasker UK service taxonomy.,London
Airtasker,Waxing,Waxing,V2,https://www.airtasker.com/uk/services/,all_services_page,2026-09-05,Airtasker UK service taxonomy.,London
Airtasker,Weather Stripping,Weather Stripping,V2,https://www.airtasker.com/uk/services/,all_services_page,2026-09-05,Airtasker UK service taxonomy.,London
Airtasker,Web,Web,V2,https://www.airtasker.com/uk/services/,all_services_page,2026-09-05,Airtasker UK service taxonomy.,London
Airtasker,Web Design & Development,Web Design & Development,V2,https://www.airtasker.com/uk/services/,all_services_page,2026-09-05,Airtasker UK service taxonomy.,London
Airtasker,Web Hosting,Web Hosting,V2,https://www.airtasker.com/uk/services/,all_services_page,2026-09-05,Airtasker UK service taxonomy.,London
Airtasker,Website & App Testing,Website & App Testing,V2,https://www.airtasker.com/uk/services/,all_services_page,2026-09-05,Airtasker UK service taxonomy.,London
Airtasker,Wedding,Wedding,V2,https://www.airtasker.com/uk/services/,all_services_page,2026-09-05,Airtasker UK service taxonomy.,London
Airtasker,Wedding Band Hire,Wedding Band Hire,V2,https://www.airtasker.com/uk/services/,all_services_page,2026-09-05,Airtasker UK service taxonomy.,London
Airtasker,Wedding Cakes,Wedding Cakes,V2,https://www.airtasker.com/uk/services/,all_services_page,2026-09-05,Airtasker UK service taxonomy.,London
Airtasker,Wedding Car Hire,Wedding Car Hire,V2,https://www.airtasker.com/uk/services/,all_services_page,2026-09-05,Airtasker UK service taxonomy.,London
Airtasker,Wedding Caterer,Wedding Caterer,V2,https://www.airtasker.com/uk/services/,all_services_page,2026-09-05,Airtasker UK service taxonomy.,London
Airtasker,Wedding Celebrant,Wedding Celebrant,V2,https://www.airtasker.com/uk/services/,all_services_page,2026-09-05,Airtasker UK service taxonomy.,London
Airtasker,Wedding DJ,Wedding DJ,V2,https://www.airtasker.com/uk/services/,all_services_page,2026-09-05,Airtasker UK service taxonomy.,London
Airtasker,Wedding Dance Lessons,Wedding Dance Lessons,V2,https://www.airtasker.com/uk/services/,all_services_page,2026-09-05,Airtasker UK service taxonomy.,London
Airtasker,Wedding Decorator,Wedding Decorator,V2,https://www.airtasker.com/uk/services/,all_services_page,2026-09-05,Airtasker UK service taxonomy.,London
Airtasker,Wedding Dress Alterations,Wedding Dress Alterations,V2,https://www.airtasker.com/uk/services/,all_services_page,2026-09-05,Airtasker UK service taxonomy.,London
Airtasker,Wedding Dress Designer,Wedding Dress Designer,V2,https://www.airtasker.com/uk/services/,all_services_page,2026-09-05,Airtasker UK service taxonomy.,London
Airtasker,Wedding Dress Dry Cleaning,Wedding Dress Dry Cleaning,V2,https://www.airtasker.com/uk/services/,all_services_page,2026-09-05,Airtasker UK service taxonomy.,London
Airtasker,Wedding Entertainment,Wedding Entertainment,V2,https://www.airtasker.com/uk/services/,all_services_page,2026-09-05,Airtasker UK service taxonomy.,London
Airtasker,Wedding Florist,Wedding Florist,V2,https://www.airtasker.com/uk/services/,all_services_page,2026-09-05,Airtasker UK service taxonomy.,London
Airtasker,Wedding Hair Stylist,Wedding Hair Stylist,V2,https://www.airtasker.com/uk/services/,all_services_page,2026-09-05,Airtasker UK service taxonomy.,London
Airtasker,Wedding Invitation Designer,Wedding Invitation Designer,V2,https://www.airtasker.com/uk/services/,all_services_page,2026-09-05,Airtasker UK service taxonomy.,London
Airtasker,Wedding Musicians,Wedding Musicians,V2,https://www.airtasker.com/uk/services/,all_services_page,2026-09-05,Airtasker UK service taxonomy.,London
Airtasker,Wedding Photographer,Wedding Photographer,V2,https://www.airtasker.com/uk/services/,all_services_page,2026-09-05,Airtasker UK service taxonomy.,London
Airtasker,Wedding Singers,Wedding Singers,V2,https://www.airtasker.com/uk/services/,all_services_page,2026-09-05,Airtasker UK service taxonomy.,London
Airtasker,Wedding Transportation,Wedding Transportation,V2,https://www.airtasker.com/uk/services/,all_services_page,2026-09-05,Airtasker UK service taxonomy.,London
Airtasker,Wedding Videographer,Wedding Videographer,V2,https://www.airtasker.com/uk/services/,all_services_page,2026-09-05,Airtasker UK service taxonomy.,London
Airtasker,Weight Loss Training,Weight Loss Training,V2,https://www.airtasker.com/uk/services/,all_services_page,2026-09-05,Airtasker UK service taxonomy.,London
Airtasker,Wheel & Tyre Service,Wheel & Tyre Service,V2,https://www.airtasker.com/uk/services/,all_services_page,2026-09-05,Airtasker UK service taxonomy.,London
Airtasker,Wheel Alignment,Wheel Alignment,V2,https://www.airtasker.com/uk/services/,all_services_page,2026-09-05,Airtasker UK service taxonomy.,London
Airtasker,Wheel Refurbishment,Wheel Refurbishment,V2,https://www.airtasker.com/uk/services/,all_services_page,2026-09-05,Airtasker UK service taxonomy.,London
Airtasker,Wheel Tracking,Wheel Tracking,V2,https://www.airtasker.com/uk/services/,all_services_page,2026-09-05,Airtasker UK service taxonomy.,London
Airtasker,Whipper Snippering,Whipper Snippering,V2,https://www.airtasker.com/uk/services/,all_services_page,2026-09-05,Airtasker UK service taxonomy.,London
Airtasker,White Goods Removal,White Goods Removal,V2,https://www.airtasker.com/uk/services/,all_services_page,2026-09-05,Airtasker UK service taxonomy.,London
Airtasker,White Paper Writer,White Paper Writer,V2,https://www.airtasker.com/uk/services/,all_services_page,2026-09-05,Airtasker UK service taxonomy.,London
Airtasker,Wholesale Baker,Wholesale Baker,V2,https://www.airtasker.com/uk/services/,all_services_page,2026-09-05,Airtasker UK service taxonomy.,London
Airtasker,Wifi Extender Setup,Wifi Extender Setup,V2,https://www.airtasker.com/uk/services/,all_services_page,2026-09-05,Airtasker UK service taxonomy.,London
Airtasker,Wifi Help,Wifi Help,V2,https://www.airtasker.com/uk/services/,all_services_page,2026-09-05,Airtasker UK service taxonomy.,London
Airtasker,Window Cleaning,Window Cleaning,V2,https://www.airtasker.com/uk/services/,all_services_page,2026-09-05,Airtasker UK service taxonomy.,London
Airtasker,Window Fitter,Window Fitter,V2,https://www.airtasker.com/uk/services/,all_services_page,2026-09-05,Airtasker UK service taxonomy.,London
Airtasker,Window Frame Repair,Window Frame Repair,V2,https://www.airtasker.com/uk/services/,all_services_page,2026-09-05,Airtasker UK service taxonomy.,London
Airtasker,Window Lock Repair,Window Lock Repair,V2,https://www.airtasker.com/uk/services/,all_services_page,2026-09-05,Airtasker UK service taxonomy.,London
Airtasker,Window Repair,Window Repair,V2,https://www.airtasker.com/uk/services/,all_services_page,2026-09-05,Airtasker UK service taxonomy.,London
Airtasker,Window Sash Repair,Window Sash Repair,V2,https://www.airtasker.com/uk/services/,all_services_page,2026-09-05,Airtasker UK service taxonomy.,London
Airtasker,Windows & Doors,Windows & Doors,V2,https://www.airtasker.com/uk/services/,all_services_page,2026-09-05,Airtasker UK service taxonomy.,London
Airtasker,Windows Help,Windows Help,V2,https://www.airtasker.com/uk/services/,all_services_page,2026-09-05,Airtasker UK service taxonomy.,London
Airtasker,Windows Installation,Windows Installation,V2,https://www.airtasker.com/uk/services/,all_services_page,2026-09-05,Airtasker UK service taxonomy.,London
Airtasker,Windscreen Repair & Replacement,Windscreen Repair & Replacement,V2,https://www.airtasker.com/uk/services/,all_services_page,2026-09-05,Airtasker UK service taxonomy.,London
Airtasker,Windsurfing Lessons,Windsurfing Lessons,V2,https://www.airtasker.com/uk/services/,all_services_page,2026-09-05,Airtasker UK service taxonomy.,London
Airtasker,Wiper Motor Repair,Wiper Motor Repair,V2,https://www.airtasker.com/uk/services/,all_services_page,2026-09-05,Airtasker UK service taxonomy.,London
Airtasker,Wix Help,Wix Help,V2,https://www.airtasker.com/uk/services/,all_services_page,2026-09-05,Airtasker UK service taxonomy.,London
Airtasker,Women's Tailoring,Women's Tailoring,V2,https://www.airtasker.com/uk/services/,all_services_page,2026-09-05,Airtasker UK service taxonomy.,London
Airtasker,Woocommerce Help,Woocommerce Help,V2,https://www.airtasker.com/uk/services/,all_services_page,2026-09-05,Airtasker UK service taxonomy.,London
Airtasker,Wood Chipping & Mulching,Wood Chipping & Mulching,V2,https://www.airtasker.com/uk/services/,all_services_page,2026-09-05,Airtasker UK service taxonomy.,London
Airtasker,Wood Fencing,Wood Fencing,V2,https://www.airtasker.com/uk/services/,all_services_page,2026-09-05,Airtasker UK service taxonomy.,London
Airtasker,Wood Repair,Wood Repair,V2,https://www.airtasker.com/uk/services/,all_services_page,2026-09-05,Airtasker UK service taxonomy.,London
Airtasker,Wooden Blind Fitter,Wooden Blind Fitter,V2,https://www.airtasker.com/uk/services/,all_services_page,2026-09-05,Airtasker UK service taxonomy.,London
Airtasker,Writing,Writing,V2,https://www.airtasker.com/uk/services/,all_services_page,2026-09-05,Airtasker UK service taxonomy.,London
Airtasker,Writing Tutor,Writing Tutor,V2,https://www.airtasker.com/uk/services/,all_services_page,2026-09-05,Airtasker UK service taxonomy.,London
Airtasker,Yard Work,Yard Work,V2,https://www.airtasker.com/uk/services/,all_services_page,2026-09-05,Airtasker UK service taxonomy.,London
Airtasker,Yoga Instructor,Yoga Instructor,V2,https://www.airtasker.com/uk/services/,all_services_page,2026-09-05,Airtasker UK service taxonomy.,London
Airtasker,Zipper Repair,Zipper Repair,V2,https://www.airtasker.com/uk/services/,all_services_page,2026-09-05,Airtasker UK service taxonomy.,London
Airtasker,Zipper Repair and Replacement,Zipper Repair and Replacement,V2,https://www.airtasker.com/uk/services/,all_services_page,2026-09-05,Airtasker UK service taxonomy.,London
Airtasker,Zoopla Removals,Zoopla Removals,V2,https://www.airtasker.com/uk/services/,all_services_page,2026-09-05,Airtasker UK service taxonomy.,London
Airtasker,Zumba Classes,Zumba Classes,V2,https://www.airtasker.com/uk/services/,all_services_page,2026-09-05,Airtasker UK service taxonomy.,London
Airtasker,eBay Selling Assistance,eBay Selling Assistance,V2,https://www.airtasker.com/uk/services/,all_services_page,2026-09-05,Airtasker UK service taxonomy.,London
Airtasker,geography tutor,geography tutor,V2,https://www.airtasker.com/uk/services/,all_services_page,2026-09-05,Airtasker UK service taxonomy.,London
Airtasker,iCloud Setup,iCloud Setup,V2,https://www.airtasker.com/uk/services/,all_services_page,2026-09-05,Airtasker UK service taxonomy.,London
Airtasker,iOS Development,iOS Development,V2,https://www.airtasker.com/uk/services/,all_services_page,2026-09-05,Airtasker UK service taxonomy.,London
Airtasker,iPhone Help,iPhone Help,V2,https://www.airtasker.com/uk/services/,all_services_page,2026-09-05,Airtasker UK service taxonomy.,London
Airtasker,iPhone Repair,iPhone Repair,V2,https://www.airtasker.com/uk/services/,all_services_page,2026-09-05,Airtasker UK service taxonomy.,London
Airtasker,iPhone Screen Replacement,iPhone Screen Replacement,V2,https://www.airtasker.com/uk/services/,all_services_page,2026-09-05,Airtasker UK service taxonomy.,London
Airtasker,iPod Repair,iPod Repair,V2,https://www.airtasker.com/uk/services/,all_services_page,2026-09-05,Airtasker UK service taxonomy.,London
Airtasker,o2 Sensor Replacement,o2 Sensor Replacement,V2,https://www.airtasker.com/uk/services/,all_services_page,2026-09-05,Airtasker UK service taxonomy.,London
Bark,Academic Lessons,Academic Lessons,V2,https://www.bark.com/en/gb/services/,all_services_page,2026-09-05,Bark UK Explore All Services page.,London
Bark,Accounting,Accounting,V2,https://www.bark.com/en/gb/services/,all_services_page,2026-09-05,Bark UK Explore All Services page.,London
Bark,Advertising and Media Buying,Advertising and Media Buying,V2,https://www.bark.com/en/gb/services/,all_services_page,2026-09-05,Bark UK Explore All Services page.,London
Bark,"Aerial, Home Cinema & Networking","Aerial, Home Cinema & Networking",V2,https://www.bark.com/en/gb/services/,all_services_page,2026-09-05,Bark UK Explore All Services page.,London
Bark,Affiliates,Affiliates,V2,https://www.bark.com/en/gb/services/,all_services_page,2026-09-05,Bark UK Explore All Services page.,London
Bark,"Architects, Surveyors & Planners","Architects, Surveyors & Planners",V2,https://www.bark.com/en/gb/services/,all_services_page,2026-09-05,Bark UK Explore All Services page.,London
Bark,Bathroom Installation & Remodel,Bathroom Installation & Remodel,V2,https://www.bark.com/en/gb/services/,all_services_page,2026-09-05,Bark UK Explore All Services page.,London
Bark,Bookkeeping Services,Bookkeeping Services,V2,https://www.bark.com/en/gb/services/,all_services_page,2026-09-05,Bark UK Explore All Services page.,London
Bark,Business Consulting,Business Consulting,V2,https://www.bark.com/en/gb/services/,all_services_page,2026-09-05,Bark UK Explore All Services page.,London
Bark,Catering,Catering,V2,https://www.bark.com/en/gb/services/,all_services_page,2026-09-05,Bark UK Explore All Services page.,London
Bark,Commercial & Office Cleaning,Commercial & Office Cleaning,V2,https://www.bark.com/en/gb/services/,all_services_page,2026-09-05,Bark UK Explore All Services page.,London
Bark,Copywriting Services,Copywriting Services,V2,https://www.bark.com/en/gb/services/,all_services_page,2026-09-05,Bark UK Explore All Services page.,London
Bark,Crafts,Crafts,V2,https://www.bark.com/en/gb/services/,all_services_page,2026-09-05,Bark UK Explore All Services page.,London
Bark,DJ,DJ,V2,https://www.bark.com/en/gb/services/,all_services_page,2026-09-05,Bark UK Explore All Services page.,London
Bark,Design & Web,Design & Web,V2,https://www.bark.com/en/gb/services/,all_services_page,2026-09-05,Bark UK Explore All Services page.,London
Bark,Development and Software,Development and Software,V2,https://www.bark.com/en/gb/services/,all_services_page,2026-09-05,Bark UK Explore All Services page.,London
Bark,Dog Training,Dog Training,V2,https://www.bark.com/en/gb/services/,all_services_page,2026-09-05,Bark UK Explore All Services page.,London
Bark,Dog Walking,Dog Walking,V2,https://www.bark.com/en/gb/services/,all_services_page,2026-09-05,Bark UK Explore All Services page.,London
Bark,Electrical & Lighting,Electrical & Lighting,V2,https://www.bark.com/en/gb/services/,all_services_page,2026-09-05,Bark UK Explore All Services page.,London
Bark,Electricians,Electricians,V2,https://www.bark.com/en/gb/services/,all_services_page,2026-09-05,Bark UK Explore All Services page.,London
Bark,Employment Law,Employment Law,V2,https://www.bark.com/en/gb/services/,all_services_page,2026-09-05,Bark UK Explore All Services page.,London
Bark,End of Tenancy Cleaning,End of Tenancy Cleaning,V2,https://www.bark.com/en/gb/services/,all_services_page,2026-09-05,Bark UK Explore All Services page.,London
Bark,Entertainment,Entertainment,V2,https://www.bark.com/en/gb/services/,all_services_page,2026-09-05,Bark UK Explore All Services page.,London
Bark,Gardening,Gardening,V2,https://www.bark.com/en/gb/services/,all_services_page,2026-09-05,Bark UK Explore All Services page.,London
Bark,Gardening & Landscaping,Gardening & Landscaping,V2,https://www.bark.com/en/gb/services/,all_services_page,2026-09-05,Bark UK Explore All Services page.,London
Bark,General Accounting,General Accounting,V2,https://www.bark.com/en/gb/services/,all_services_page,2026-09-05,Bark UK Explore All Services page.,London
Bark,General Builders,General Builders,V2,https://www.bark.com/en/gb/services/,all_services_page,2026-09-05,Bark UK Explore All Services page.,London
Bark,General Photography,General Photography,V2,https://www.bark.com/en/gb/services/,all_services_page,2026-09-05,Bark UK Explore All Services page.,London
Bark,General Plumbing,General Plumbing,V2,https://www.bark.com/en/gb/services/,all_services_page,2026-09-05,Bark UK Explore All Services page.,London
Bark,Health and Wellness,Health and Wellness,V2,https://www.bark.com/en/gb/services/,all_services_page,2026-09-05,Bark UK Explore All Services page.,London
Bark,"Heating, Hot Water & Air Conditioning","Heating, Hot Water & Air Conditioning",V2,https://www.bark.com/en/gb/services/,all_services_page,2026-09-05,Bark UK Explore All Services page.,London
Bark,Home & Domiciliary Care,Home & Domiciliary Care,V2,https://www.bark.com/en/gb/services/,all_services_page,2026-09-05,Bark UK Explore All Services page.,London
Bark,House Cleaning,House Cleaning,V2,https://www.bark.com/en/gb/services/,all_services_page,2026-09-05,Bark UK Explore All Services page.,London
Bark,Landscaping,Landscaping,V2,https://www.bark.com/en/gb/services/,all_services_page,2026-09-05,Bark UK Explore All Services page.,London
Bark,Language Classes,Language Classes,V2,https://www.bark.com/en/gb/services/,all_services_page,2026-09-05,Bark UK Explore All Services page.,London
Bark,"Locksmith, Security & Fire Safety","Locksmith, Security & Fire Safety",V2,https://www.bark.com/en/gb/services/,all_services_page,2026-09-05,Bark UK Explore All Services page.,London
Bark,Mobile App,Mobile App,V2,https://www.bark.com/en/gb/services/,all_services_page,2026-09-05,Bark UK Explore All Services page.,London
Bark,Music Services,Music Services,V2,https://www.bark.com/en/gb/services/,all_services_page,2026-09-05,Bark UK Explore All Services page.,London
Bark,Occupational Lessons,Occupational Lessons,V2,https://www.bark.com/en/gb/services/,all_services_page,2026-09-05,Bark UK Explore All Services page.,London
Bark,Painting & Decoration - Interior,Painting & Decoration - Interior,V2,https://www.bark.com/en/gb/services/,all_services_page,2026-09-05,Bark UK Explore All Services page.,London
Bark,Performance Arts Lessons,Performance Arts Lessons,V2,https://www.bark.com/en/gb/services/,all_services_page,2026-09-05,Bark UK Explore All Services page.,London
Bark,Personal Trainers,Personal Trainers,V2,https://www.bark.com/en/gb/services/,all_services_page,2026-09-05,Bark UK Explore All Services page.,London
Bark,Photography Services,Photography Services,V2,https://www.bark.com/en/gb/services/,all_services_page,2026-09-05,Bark UK Explore All Services page.,London
Bark,Plumbing & Drainage,Plumbing & Drainage,V2,https://www.bark.com/en/gb/services/,all_services_page,2026-09-05,Bark UK Explore All Services page.,London
Bark,Private Doctors,Private Doctors,V2,https://www.bark.com/en/gb/services/,all_services_page,2026-09-05,Bark UK Explore All Services page.,London
Bark,Production,Production,V2,https://www.bark.com/en/gb/services/,all_services_page,2026-09-05,Bark UK Explore All Services page.,London
Bark,Property Extensions,Property Extensions,V2,https://www.bark.com/en/gb/services/,all_services_page,2026-09-05,Bark UK Explore All Services page.,London
Bark,Recreational Lessons,Recreational Lessons,V2,https://www.bark.com/en/gb/services/,all_services_page,2026-09-05,Bark UK Explore All Services page.,London
Bark,Repair & Technical Support,Repair & Technical Support,V2,https://www.bark.com/en/gb/services/,all_services_page,2026-09-05,Bark UK Explore All Services page.,London
Bark,Roof Repair,Roof Repair,V2,https://www.bark.com/en/gb/services/,all_services_page,2026-09-05,Bark UK Explore All Services page.,London
Bark,Roofing Installation or Replacement,Roofing Installation or Replacement,V2,https://www.bark.com/en/gb/services/,all_services_page,2026-09-05,Bark UK Explore All Services page.,London
Bark,Security Guard Services,Security Guard Services,V2,https://www.bark.com/en/gb/services/,all_services_page,2026-09-05,Bark UK Explore All Services page.,London
Bark,Social Media Marketing,Social Media Marketing,V2,https://www.bark.com/en/gb/services/,all_services_page,2026-09-05,Bark UK Explore All Services page.,London
Bark,Specialist Tradesmen,Specialist Tradesmen,V2,https://www.bark.com/en/gb/services/,all_services_page,2026-09-05,Bark UK Explore All Services page.,London
Bark,Structural Engineer,Structural Engineer,V2,https://www.bark.com/en/gb/services/,all_services_page,2026-09-05,Bark UK Explore All Services page.,London
Bark,Swimming Pools & Hot Tubs,Swimming Pools & Hot Tubs,V2,https://www.bark.com/en/gb/services/,all_services_page,2026-09-05,Bark UK Explore All Services page.,London
Bark,Therapist,Therapist,V2,https://www.bark.com/en/gb/services/,all_services_page,2026-09-05,Bark UK Explore All Services page.,London
Bark,Transport,Transport,V2,https://www.bark.com/en/gb/services/,all_services_page,2026-09-05,Bark UK Explore All Services page.,London
Bark,Tree Surgery & Removal,Tree Surgery & Removal,V2,https://www.bark.com/en/gb/services/,all_services_page,2026-09-05,Bark UK Explore All Services page.,London
Bark,Web Design,Web Design,V2,https://www.bark.com/en/gb/services/,all_services_page,2026-09-05,Bark UK Explore All Services page.,London
Bark,"Writing, Translation and Transcription","Writing, Translation and Transcription",V2,https://www.bark.com/en/gb/services/,all_services_page,2026-09-05,Bark UK Explore All Services page.,London
Booksy,Aesthetic Medicine,Aesthetic Medicine,V2,https://booksy.com/en-gb/,service_category_page,2026-09-05,Booksy UK public marketplace service categories.,London
Booksy,Barber,Barber,V2,https://booksy.com/en-gb/,service_category_page,2026-09-05,Booksy UK public marketplace service categories.,London
Booksy,Braids & Locs,Braids & Locs,V2,https://booksy.com/en-gb/,service_category_page,2026-09-05,Booksy UK public marketplace service categories.,London
Booksy,Brows & Lashes,Brows & Lashes,V2,https://booksy.com/en-gb/,service_category_page,2026-09-05,Booksy UK public marketplace service categories.,London
Booksy,Dental,Dental,V2,https://booksy.com/en-gb/,service_category_page,2026-09-05,Booksy UK public marketplace service categories.,London
Booksy,Hair Removal,Hair Removal,V2,https://booksy.com/en-gb/,service_category_page,2026-09-05,Booksy UK public marketplace service categories.,London
Booksy,Hair Salon,Hair Salon,V2,https://booksy.com/en-gb/,service_category_page,2026-09-05,Booksy UK public marketplace service categories.,London
Booksy,Health & Fitness,Health & Fitness,V2,https://booksy.com/en-gb/,service_category_page,2026-09-05,Booksy UK public marketplace service categories.,London
Booksy,Home Services,Home Services,V2,https://booksy.com/en-gb/,service_category_page,2026-09-05,Booksy UK public marketplace service categories.,London
Booksy,Make-up,Make-up,V2,https://booksy.com/en-gb/,service_category_page,2026-09-05,Booksy UK public marketplace service categories.,London
Booksy,Massage,Massage,V2,https://booksy.com/en-gb/,service_category_page,2026-09-05,Booksy UK public marketplace service categories.,London
Booksy,Nail Salon,Nail Salon,V2,https://booksy.com/en-gb/,service_category_page,2026-09-05,Booksy UK public marketplace service categories.,London
Booksy,Pet Services,Pet Services,V2,https://booksy.com/en-gb/,service_category_page,2026-09-05,Booksy UK public marketplace service categories.,London
Booksy,Piercing,Piercing,V2,https://booksy.com/en-gb/,service_category_page,2026-09-05,Booksy UK public marketplace service categories.,London
Booksy,Skin care,Skin care,V2,https://booksy.com/en-gb/,service_category_page,2026-09-05,Booksy UK public marketplace service categories.,London
Booksy,Tattoo Shop,Tattoo Shop,V2,https://booksy.com/en-gb/,service_category_page,2026-09-05,Booksy UK public marketplace service categories.,London
Booksy,Wellness & Day Spa,Wellness & Day Spa,V2,https://booksy.com/en-gb/,service_category_page,2026-09-05,Booksy UK public marketplace service categories.,London
Checkatrade,02394 317546,02394 317546,V1,https://join.checkatrade.com/what-you-get/,public_category_page,2026-08-22,Checkatrade public category/onboarding page.,
Checkatrade,Access Ramp Indoor / Outdoor,Access Ramp Indoor / Outdoor,V2,https://www.checkatrade.com/sitemap/locations/London/A,london_trade_sitemap,2026-09-05,London A-Z trade/service sitemap.,London
Checkatrade,Accessible Kitchens,Accessible Kitchens,V2,https://www.checkatrade.com/sitemap/locations/London/A,london_trade_sitemap,2026-09-05,London A-Z trade/service sitemap.,London
Checkatrade,Accident Repair,Accident Repair,V2,https://www.checkatrade.com/sitemap/locations/London/A,london_trade_sitemap,2026-09-05,London A-Z trade/service sitemap.,London
Checkatrade,Adjustable Beds,Adjustable Beds,V2,https://www.checkatrade.com/sitemap/locations/London/A,london_trade_sitemap,2026-09-05,London A-Z trade/service sitemap.,London
Checkatrade,Aerial Installation,Aerial Installation,V2,https://www.checkatrade.com/sitemap/locations/London/A,london_trade_sitemap,2026-09-05,London A-Z trade/service sitemap.,London
Checkatrade,Aerial Repair,Aerial Repair,V2,https://www.checkatrade.com/sitemap/locations/London/A,london_trade_sitemap,2026-09-05,London A-Z trade/service sitemap.,London
Checkatrade,Aggregate Supplier,Aggregate Supplier,V2,https://www.checkatrade.com/sitemap/locations/London/A,london_trade_sitemap,2026-09-05,London A-Z trade/service sitemap.,London
Checkatrade,Agricultural Builders,Agricultural Builders,V2,https://www.checkatrade.com/sitemap/locations/London/A,london_trade_sitemap,2026-09-05,London A-Z trade/service sitemap.,London
Checkatrade,Agricultural Building,Agricultural Building,V2,https://www.checkatrade.com/sitemap/locations/London/A,london_trade_sitemap,2026-09-05,London A-Z trade/service sitemap.,London
Checkatrade,Agricultural Contractor,Agricultural Contractor,V2,https://www.checkatrade.com/sitemap/locations/London/A,london_trade_sitemap,2026-09-05,London A-Z trade/service sitemap.,London
Checkatrade,Agricultural Fencing,Agricultural Fencing,V2,https://www.checkatrade.com/sitemap/locations/London/A,london_trade_sitemap,2026-09-05,London A-Z trade/service sitemap.,London
Checkatrade,Agricultural Irrigation,Agricultural Irrigation,V2,https://www.checkatrade.com/sitemap/locations/London/A,london_trade_sitemap,2026-09-05,London A-Z trade/service sitemap.,London
Checkatrade,Agricultural Mechanic,Agricultural Mechanic,V2,https://www.checkatrade.com/sitemap/locations/London/A,london_trade_sitemap,2026-09-05,London A-Z trade/service sitemap.,London
Checkatrade,Agricultural Merchant,Agricultural Merchant,V2,https://www.checkatrade.com/sitemap/locations/London/A,london_trade_sitemap,2026-09-05,London A-Z trade/service sitemap.,London
Checkatrade,Air Conditioning,Air Conditioning,V2,https://www.checkatrade.com/sitemap/locations/London/A,london_trade_sitemap,2026-09-05,London A-Z trade/service sitemap.,London
Checkatrade,Air Conditioning Installation,Air Conditioning Installation,V2,https://www.checkatrade.com/sitemap/locations/London/A,london_trade_sitemap,2026-09-05,London A-Z trade/service sitemap.,London
Checkatrade,Air Conditioning Repair,Air Conditioning Repair,V2,https://www.checkatrade.com/sitemap/locations/London/A,london_trade_sitemap,2026-09-05,London A-Z trade/service sitemap.,London
Checkatrade,Air Conditioning Servicing,Air Conditioning Servicing,V2,https://www.checkatrade.com/sitemap/locations/London/A,london_trade_sitemap,2026-09-05,London A-Z trade/service sitemap.,London
Checkatrade,Air Source Heat Pump Engineers,Air Source Heat Pump Engineers,V2,https://www.checkatrade.com/sitemap/locations/London/A,london_trade_sitemap,2026-09-05,London A-Z trade/service sitemap.,London
Checkatrade,Air Source Heat Pump Installation - ASHP,Air Source Heat Pump Installation - ASHP,V2,https://www.checkatrade.com/sitemap/locations/London/A,london_trade_sitemap,2026-09-05,London A-Z trade/service sitemap.,London
Checkatrade,Air Source Heat Pump Installers,Air Source Heat Pump Installers,V2,https://www.checkatrade.com/sitemap/locations/London/A,london_trade_sitemap,2026-09-05,London A-Z trade/service sitemap.,London
Checkatrade,Air Source Heat Pump Repair,Air Source Heat Pump Repair,V2,https://www.checkatrade.com/sitemap/locations/London/A,london_trade_sitemap,2026-09-05,London A-Z trade/service sitemap.,London
Checkatrade,Air Source Heat Pump Servicing,Air Source Heat Pump Servicing,V2,https://www.checkatrade.com/sitemap/locations/London/A,london_trade_sitemap,2026-09-05,London A-Z trade/service sitemap.,London
Checkatrade,Air Source Heat Pump Servicing / Repair - ASHP,Air Source Heat Pump Servicing / Repair - ASHP,V2,https://www.checkatrade.com/sitemap/locations/London/A,london_trade_sitemap,2026-09-05,London A-Z trade/service sitemap.,London
Checkatrade,Airport Transfers,Airport Transfers,V2,https://www.checkatrade.com/sitemap/locations/London/A,london_trade_sitemap,2026-09-05,London A-Z trade/service sitemap.,London
Checkatrade,Alarm Response,Alarm Response,V2,https://www.checkatrade.com/sitemap/locations/London/A,london_trade_sitemap,2026-09-05,London A-Z trade/service sitemap.,London
Checkatrade,Alarms / Security,Alarms / Security,V2,https://www.checkatrade.com/sitemap/locations/London/A,london_trade_sitemap,2026-09-05,London A-Z trade/service sitemap.,London
Checkatrade,Alloy Wheel Refurbishment,Alloy Wheel Refurbishment,V2,https://www.checkatrade.com/sitemap/locations/London/A,london_trade_sitemap,2026-09-05,London A-Z trade/service sitemap.,London
Checkatrade,Alloy Wheels Repairs,Alloy Wheels Repairs,V2,https://www.checkatrade.com/sitemap/locations/London/A,london_trade_sitemap,2026-09-05,London A-Z trade/service sitemap.,London
Checkatrade,Aluminium Doors Installation,Aluminium Doors Installation,V2,https://www.checkatrade.com/sitemap/locations/London/A,london_trade_sitemap,2026-09-05,London A-Z trade/service sitemap.,London
Checkatrade,Aluminium Doors Repair,Aluminium Doors Repair,V2,https://www.checkatrade.com/sitemap/locations/London/A,london_trade_sitemap,2026-09-05,London A-Z trade/service sitemap.,London
Checkatrade,Aluminium Guttering,Aluminium Guttering,V2,https://www.checkatrade.com/sitemap/locations/London/A,london_trade_sitemap,2026-09-05,London A-Z trade/service sitemap.,London
Checkatrade,Aluminium Windows Installation,Aluminium Windows Installation,V2,https://www.checkatrade.com/sitemap/locations/London/A,london_trade_sitemap,2026-09-05,London A-Z trade/service sitemap.,London
Checkatrade,Aluminium Windows Repair,Aluminium Windows Repair,V2,https://www.checkatrade.com/sitemap/locations/London/A,london_trade_sitemap,2026-09-05,London A-Z trade/service sitemap.,London
Checkatrade,Anti Vandal Coatings,Anti Vandal Coatings,V2,https://www.checkatrade.com/sitemap/locations/London/A,london_trade_sitemap,2026-09-05,London A-Z trade/service sitemap.,London
Checkatrade,Antique Restoration,Antique Restoration,V2,https://www.checkatrade.com/sitemap/locations/London/A,london_trade_sitemap,2026-09-05,London A-Z trade/service sitemap.,London
Checkatrade,Antiviral cleaning services,Antiviral cleaning services,V2,https://www.checkatrade.com/sitemap/locations/London/A,london_trade_sitemap,2026-09-05,London A-Z trade/service sitemap.,London
Checkatrade,Appliance Retailer,Appliance Retailer,V2,https://www.checkatrade.com/sitemap/locations/London/A,london_trade_sitemap,2026-09-05,London A-Z trade/service sitemap.,London
Checkatrade,Appliance Services / Repair,Appliance Services / Repair,V2,https://www.checkatrade.com/sitemap/locations/London/A,london_trade_sitemap,2026-09-05,London A-Z trade/service sitemap.,London
Checkatrade,Aquariums,Aquariums,V2,https://www.checkatrade.com/sitemap/locations/London/A,london_trade_sitemap,2026-09-05,London A-Z trade/service sitemap.,London
Checkatrade,Architect,Architect,V2,https://www.checkatrade.com/sitemap/locations/London/A,london_trade_sitemap,2026-09-05,London A-Z trade/service sitemap.,London
Checkatrade,Architectural Drawings,Architectural Drawings,V2,https://www.checkatrade.com/sitemap/locations/London/A,london_trade_sitemap,2026-09-05,London A-Z trade/service sitemap.,London
Checkatrade,Architectural Services,Architectural Services,V2,https://www.checkatrade.com/sitemap/locations/London/A,london_trade_sitemap,2026-09-05,London A-Z trade/service sitemap.,London
Checkatrade,Architectural Technician,Architectural Technician,V2,https://www.checkatrade.com/sitemap/locations/London/A,london_trade_sitemap,2026-09-05,London A-Z trade/service sitemap.,London
Checkatrade,Architraves,Architraves,V2,https://www.checkatrade.com/sitemap/locations/London/A,london_trade_sitemap,2026-09-05,London A-Z trade/service sitemap.,London
Checkatrade,Artexing,Artexing,V2,https://www.checkatrade.com/sitemap/locations/London/A,london_trade_sitemap,2026-09-05,London A-Z trade/service sitemap.,London
Checkatrade,Artificial Grass,Artificial Grass,V2,https://www.checkatrade.com/sitemap/locations/London/A,london_trade_sitemap,2026-09-05,London A-Z trade/service sitemap.,London
Checkatrade,Asbestos Removal - License,Asbestos Removal - License,V2,https://www.checkatrade.com/sitemap/locations/London/A,london_trade_sitemap,2026-09-05,London A-Z trade/service sitemap.,London
Checkatrade,Asbestos Removal - non License,Asbestos Removal - non License,V2,https://www.checkatrade.com/sitemap/locations/London/A,london_trade_sitemap,2026-09-05,London A-Z trade/service sitemap.,London
Checkatrade,Asbestos Services,Asbestos Services,V2,https://www.checkatrade.com/sitemap/locations/London/A,london_trade_sitemap,2026-09-05,London A-Z trade/service sitemap.,London
Checkatrade,Asbestos Surveys,Asbestos Surveys,V2,https://www.checkatrade.com/sitemap/locations/London/A,london_trade_sitemap,2026-09-05,London A-Z trade/service sitemap.,London
Checkatrade,Asbestos Testing,Asbestos Testing,V2,https://www.checkatrade.com/sitemap/locations/London/A,london_trade_sitemap,2026-09-05,London A-Z trade/service sitemap.,London
Checkatrade,Asphalt Roofing Installation,Asphalt Roofing Installation,V2,https://www.checkatrade.com/sitemap/locations/London/A,london_trade_sitemap,2026-09-05,London A-Z trade/service sitemap.,London
Checkatrade,Asphalt Roofing Repair,Asphalt Roofing Repair,V2,https://www.checkatrade.com/sitemap/locations/London/A,london_trade_sitemap,2026-09-05,London A-Z trade/service sitemap.,London
Checkatrade,Audio / Visual Installation,Audio / Visual Installation,V2,https://www.checkatrade.com/sitemap/locations/London/A,london_trade_sitemap,2026-09-05,London A-Z trade/service sitemap.,London
Checkatrade,Auto / Vehicle Locksmith,Auto / Vehicle Locksmith,V2,https://www.checkatrade.com/sitemap/locations/London/A,london_trade_sitemap,2026-09-05,London A-Z trade/service sitemap.,London
Checkatrade,Aviaries,Aviaries,V2,https://www.checkatrade.com/sitemap/locations/London/A,london_trade_sitemap,2026-09-05,London A-Z trade/service sitemap.,London
Checkatrade,Awnings / Canopies,Awnings / Canopies,V2,https://www.checkatrade.com/sitemap/locations/London/A,london_trade_sitemap,2026-09-05,London A-Z trade/service sitemap.,London
Checkatrade,B2B IT Support,B2B IT Support,V2,https://www.checkatrade.com/sitemap/locations/London/B,london_trade_sitemap,2026-09-05,London A-Z trade/service sitemap.,London
Checkatrade,BBQ Cleaning,BBQ Cleaning,V2,https://www.checkatrade.com/sitemap/locations/London/B,london_trade_sitemap,2026-09-05,London A-Z trade/service sitemap.,London
Checkatrade,Balcony Roofing Installation,Balcony Roofing Installation,V2,https://www.checkatrade.com/sitemap/locations/London/B,london_trade_sitemap,2026-09-05,London A-Z trade/service sitemap.,London
Checkatrade,Balcony Roofing Repair,Balcony Roofing Repair,V2,https://www.checkatrade.com/sitemap/locations/London/B,london_trade_sitemap,2026-09-05,London A-Z trade/service sitemap.,London
Checkatrade,Balustrades,Balustrades,V2,https://www.checkatrade.com/sitemap/locations/London/B,london_trade_sitemap,2026-09-05,London A-Z trade/service sitemap.,London
Checkatrade,Barn Conversion,Barn Conversion,V2,https://www.checkatrade.com/sitemap/locations/London/B,london_trade_sitemap,2026-09-05,London A-Z trade/service sitemap.,London
Checkatrade,Barn Conversions,Barn Conversions,V2,https://www.checkatrade.com/sitemap/locations/London/B,london_trade_sitemap,2026-09-05,London A-Z trade/service sitemap.,London
Checkatrade,Barn Doors,Barn Doors,V2,https://www.checkatrade.com/sitemap/locations/London/B,london_trade_sitemap,2026-09-05,London A-Z trade/service sitemap.,London
Checkatrade,Basement / Cellar Conversions,Basement / Cellar Conversions,V2,https://www.checkatrade.com/sitemap/locations/London/B,london_trade_sitemap,2026-09-05,London A-Z trade/service sitemap.,London
Checkatrade,Basement Conversions,Basement Conversions,V2,https://www.checkatrade.com/sitemap/locations/London/B,london_trade_sitemap,2026-09-05,London A-Z trade/service sitemap.,London
Checkatrade,Bath / Sink / Shower Trays,Bath / Sink / Shower Trays,V2,https://www.checkatrade.com/sitemap/locations/London/B,london_trade_sitemap,2026-09-05,London A-Z trade/service sitemap.,London
Checkatrade,Bath Resurfacing,Bath Resurfacing,V2,https://www.checkatrade.com/sitemap/locations/London/B,london_trade_sitemap,2026-09-05,London A-Z trade/service sitemap.,London
Checkatrade,Bathroom & Kitchen Plumbing,Bathroom & Kitchen Plumbing,V2,https://www.checkatrade.com/sitemap/locations/London/B,london_trade_sitemap,2026-09-05,London A-Z trade/service sitemap.,London
Checkatrade,Bathroom Cladding,Bathroom Cladding,V2,https://www.checkatrade.com/sitemap/locations/London/B,london_trade_sitemap,2026-09-05,London A-Z trade/service sitemap.,London
Checkatrade,Bathroom Cladding Fitters,Bathroom Cladding Fitters,V2,https://www.checkatrade.com/sitemap/locations/London/B,london_trade_sitemap,2026-09-05,London A-Z trade/service sitemap.,London
Checkatrade,Bathroom Designer,Bathroom Designer,V2,https://www.checkatrade.com/sitemap/locations/London/B,london_trade_sitemap,2026-09-05,London A-Z trade/service sitemap.,London
Checkatrade,Bathroom Fitter,Bathroom Fitter,V2,https://www.checkatrade.com/sitemap/locations/London/B,london_trade_sitemap,2026-09-05,London A-Z trade/service sitemap.,London
Checkatrade,Bathroom Fitters,Bathroom Fitters,V2,https://www.checkatrade.com/sitemap/locations/London/A,london_trade_sitemap,2026-09-05,London A-Z trade/service sitemap.,London
Checkatrade,Bathroom Mastic Sealant,Bathroom Mastic Sealant,V2,https://www.checkatrade.com/sitemap/locations/London/B,london_trade_sitemap,2026-09-05,London A-Z trade/service sitemap.,London
Checkatrade,Bathroom Showroom,Bathroom Showroom,V2,https://www.checkatrade.com/sitemap/locations/London/B,london_trade_sitemap,2026-09-05,London A-Z trade/service sitemap.,London
Checkatrade,Bathroom Supplier,Bathroom Supplier,V2,https://www.checkatrade.com/sitemap/locations/London/B,london_trade_sitemap,2026-09-05,London A-Z trade/service sitemap.,London
Checkatrade,Bathroom Supply & Fit,Bathroom Supply & Fit,V2,https://www.checkatrade.com/sitemap/locations/London/B,london_trade_sitemap,2026-09-05,London A-Z trade/service sitemap.,London
Checkatrade,Bathrooms,Bathrooms,V2,https://www.checkatrade.com/sitemap/locations/London/B,london_trade_sitemap,2026-09-05,London A-Z trade/service sitemap.,London
Checkatrade,Battery / Exhaust / Tyres,Battery / Exhaust / Tyres,V2,https://www.checkatrade.com/sitemap/locations/London/B,london_trade_sitemap,2026-09-05,London A-Z trade/service sitemap.,London
Checkatrade,Baxi Boiler Repair,Baxi Boiler Repair,V2,https://www.checkatrade.com/sitemap/locations/London/B,london_trade_sitemap,2026-09-05,London A-Z trade/service sitemap.,London
Checkatrade,Bay Windows Installation,Bay Windows Installation,V2,https://www.checkatrade.com/sitemap/locations/London/B,london_trade_sitemap,2026-09-05,London A-Z trade/service sitemap.,London
Checkatrade,Bay Windows Repair,Bay Windows Repair,V2,https://www.checkatrade.com/sitemap/locations/London/B,london_trade_sitemap,2026-09-05,London A-Z trade/service sitemap.,London
Checkatrade,Bedroom Planner / Designer,Bedroom Planner / Designer,V2,https://www.checkatrade.com/sitemap/locations/London/B,london_trade_sitemap,2026-09-05,London A-Z trade/service sitemap.,London
Checkatrade,Bedroom Showroom,Bedroom Showroom,V2,https://www.checkatrade.com/sitemap/locations/London/B,london_trade_sitemap,2026-09-05,London A-Z trade/service sitemap.,London
Checkatrade,Bedroom Supplier / Installer,Bedroom Supplier / Installer,V2,https://www.checkatrade.com/sitemap/locations/London/B,london_trade_sitemap,2026-09-05,London A-Z trade/service sitemap.,London
Checkatrade,Bedrooms,Bedrooms,V2,https://www.checkatrade.com/sitemap/locations/London/B,london_trade_sitemap,2026-09-05,London A-Z trade/service sitemap.,London
Checkatrade,Bespoke Furniture,Bespoke Furniture,V2,https://www.checkatrade.com/sitemap/locations/London/B,london_trade_sitemap,2026-09-05,London A-Z trade/service sitemap.,London
Checkatrade,Bespoke Kitchens - Supply & Installation,Bespoke Kitchens - Supply & Installation,V2,https://www.checkatrade.com/sitemap/locations/London/B,london_trade_sitemap,2026-09-05,London A-Z trade/service sitemap.,London
Checkatrade,Bespoke Metal Fabrication,Bespoke Metal Fabrication,V2,https://www.checkatrade.com/sitemap/locations/London/B,london_trade_sitemap,2026-09-05,London A-Z trade/service sitemap.,London
Checkatrade,Bespoke Staircases,Bespoke Staircases,V2,https://www.checkatrade.com/sitemap/locations/London/B,london_trade_sitemap,2026-09-05,London A-Z trade/service sitemap.,London
Checkatrade,Bespoke Windows / Doors,Bespoke Windows / Doors,V2,https://www.checkatrade.com/sitemap/locations/London/B,london_trade_sitemap,2026-09-05,London A-Z trade/service sitemap.,London
Checkatrade,Bifold Doors Installation,Bifold Doors Installation,V2,https://www.checkatrade.com/sitemap/locations/London/B,london_trade_sitemap,2026-09-05,London A-Z trade/service sitemap.,London
Checkatrade,Bifold Doors Repair,Bifold Doors Repair,V2,https://www.checkatrade.com/sitemap/locations/London/B,london_trade_sitemap,2026-09-05,London A-Z trade/service sitemap.,London
Checkatrade,Bike / Bicycle Repairs,Bike / Bicycle Repairs,V2,https://www.checkatrade.com/sitemap/locations/London/B,london_trade_sitemap,2026-09-05,London A-Z trade/service sitemap.,London
Checkatrade,Biomass Boiler Installation,Biomass Boiler Installation,V2,https://www.checkatrade.com/sitemap/locations/London/B,london_trade_sitemap,2026-09-05,London A-Z trade/service sitemap.,London
Checkatrade,Biomass Boiler Servicing / Repair,Biomass Boiler Servicing / Repair,V2,https://www.checkatrade.com/sitemap/locations/London/B,london_trade_sitemap,2026-09-05,London A-Z trade/service sitemap.,London
Checkatrade,Biomass Energy,Biomass Energy,V2,https://www.checkatrade.com/sitemap/locations/London/B,london_trade_sitemap,2026-09-05,London A-Z trade/service sitemap.,London
Checkatrade,Biometric Security Systems,Biometric Security Systems,V2,https://www.checkatrade.com/sitemap/locations/London/B,london_trade_sitemap,2026-09-05,London A-Z trade/service sitemap.,London
Checkatrade,Bird Restriction Measures,Bird Restriction Measures,V2,https://www.checkatrade.com/sitemap/locations/London/B,london_trade_sitemap,2026-09-05,London A-Z trade/service sitemap.,London
Checkatrade,Blind Fitter,Blind Fitter,V2,https://www.checkatrade.com/sitemap/locations/London/B,london_trade_sitemap,2026-09-05,London A-Z trade/service sitemap.,London
Checkatrade,Blind Supplier,Blind Supplier,V2,https://www.checkatrade.com/sitemap/locations/London/B,london_trade_sitemap,2026-09-05,London A-Z trade/service sitemap.,London
Checkatrade,Blind Supply & Fit,Blind Supply & Fit,V2,https://www.checkatrade.com/sitemap/locations/London/B,london_trade_sitemap,2026-09-05,London A-Z trade/service sitemap.,London
Checkatrade,Block Management,Block Management,V2,https://www.checkatrade.com/sitemap/locations/London/B,london_trade_sitemap,2026-09-05,London A-Z trade/service sitemap.,London
Checkatrade,Block Paving,Block Paving,V2,https://www.checkatrade.com/sitemap/locations/London/B,london_trade_sitemap,2026-09-05,London A-Z trade/service sitemap.,London
Checkatrade,Blocked Baths,Blocked Baths,V2,https://www.checkatrade.com/sitemap/locations/London/B,london_trade_sitemap,2026-09-05,London A-Z trade/service sitemap.,London
Checkatrade,Blocked Drains,Blocked Drains,V2,https://www.checkatrade.com/sitemap/locations/London/B,london_trade_sitemap,2026-09-05,London A-Z trade/service sitemap.,London
Checkatrade,Blocked Sinks,Blocked Sinks,V2,https://www.checkatrade.com/sitemap/locations/London/B,london_trade_sitemap,2026-09-05,London A-Z trade/service sitemap.,London
Checkatrade,Blocked Toilets,Blocked Toilets,V2,https://www.checkatrade.com/sitemap/locations/London/B,london_trade_sitemap,2026-09-05,London A-Z trade/service sitemap.,London
Checkatrade,Boat Building / Repairs,Boat Building / Repairs,V2,https://www.checkatrade.com/sitemap/locations/London/B,london_trade_sitemap,2026-09-05,London A-Z trade/service sitemap.,London
Checkatrade,Boiler Fitter,Boiler Fitter,V2,https://www.checkatrade.com/sitemap/locations/London/B,london_trade_sitemap,2026-09-05,London A-Z trade/service sitemap.,London
Checkatrade,Boiler Leaking Water Issues,Boiler Leaking Water Issues,V2,https://www.checkatrade.com/sitemap/locations/London/A,london_trade_sitemap,2026-09-05,London A-Z trade/service sitemap.,London
Checkatrade,Boiler Plumbers,Boiler Plumbers,V2,https://www.checkatrade.com/sitemap/locations/London/B,london_trade_sitemap,2026-09-05,London A-Z trade/service sitemap.,London
Checkatrade,Boiler Service,Boiler Service,V2,https://www.checkatrade.com/sitemap/locations/London/A,london_trade_sitemap,2026-09-05,London A-Z trade/service sitemap.,London
Checkatrade,Boiler Specialists,Boiler Specialists,V2,https://www.checkatrade.com/sitemap/locations/London/B,london_trade_sitemap,2026-09-05,London A-Z trade/service sitemap.,London
Checkatrade,Bonded Aggregate Surfacing,Bonded Aggregate Surfacing,V2,https://www.checkatrade.com/sitemap/locations/London/B,london_trade_sitemap,2026-09-05,London A-Z trade/service sitemap.,London
Checkatrade,Bouncy Castle Hire,Bouncy Castle Hire,V2,https://www.checkatrade.com/sitemap/locations/London/B,london_trade_sitemap,2026-09-05,London A-Z trade/service sitemap.,London
Checkatrade,Breakdown Assistance,Breakdown Assistance,V2,https://www.checkatrade.com/sitemap/locations/London/B,london_trade_sitemap,2026-09-05,London A-Z trade/service sitemap.,London
Checkatrade,Brick & Stone Cleaning,Brick & Stone Cleaning,V2,https://www.checkatrade.com/sitemap/locations/London/B,london_trade_sitemap,2026-09-05,London A-Z trade/service sitemap.,London
Checkatrade,Brick / Concrete Structural Repairs,Brick / Concrete Structural Repairs,V2,https://www.checkatrade.com/sitemap/locations/London/B,london_trade_sitemap,2026-09-05,London A-Z trade/service sitemap.,London
Checkatrade,Brick Repair,Brick Repair,V2,https://www.checkatrade.com/sitemap/locations/London/B,london_trade_sitemap,2026-09-05,London A-Z trade/service sitemap.,London
Checkatrade,Brick Restoration,Brick Restoration,V2,https://www.checkatrade.com/sitemap/locations/London/B,london_trade_sitemap,2026-09-05,London A-Z trade/service sitemap.,London
Checkatrade,Brick Tiling,Brick Tiling,V2,https://www.checkatrade.com/sitemap/locations/London/B,london_trade_sitemap,2026-09-05,London A-Z trade/service sitemap.,London
Checkatrade,Bricklayer,Bricklayer,V2,https://www.checkatrade.com/sitemap/locations/London/B,london_trade_sitemap,2026-09-05,London A-Z trade/service sitemap.,London
Checkatrade,Brickwork,Brickwork,V2,https://www.checkatrade.com/sitemap/locations/London/B,london_trade_sitemap,2026-09-05,London A-Z trade/service sitemap.,London
Checkatrade,Broadband Fault Finding,Broadband Fault Finding,V2,https://www.checkatrade.com/sitemap/locations/London/B,london_trade_sitemap,2026-09-05,London A-Z trade/service sitemap.,London
Checkatrade,Broadband repair,Broadband repair,V2,https://www.checkatrade.com/sitemap/locations/London/B,london_trade_sitemap,2026-09-05,London A-Z trade/service sitemap.,London
Checkatrade,Build your reputation,Build your reputation,V1,https://join.checkatrade.com/what-you-get/,public_category_page,2026-08-22,Checkatrade public category/onboarding page.,
Checkatrade,Builder,Builder,V2,https://www.checkatrade.com/sitemap/locations/London/B,london_trade_sitemap,2026-09-05,London A-Z trade/service sitemap.,London
Checkatrade,Builders,Builders,V2,https://www.checkatrade.com/sitemap/locations/London/A,london_trade_sitemap,2026-09-05,London A-Z trade/service sitemap.,London
Checkatrade,Building Merchants,Building Merchants,V2,https://www.checkatrade.com/sitemap/locations/London/B,london_trade_sitemap,2026-09-05,London A-Z trade/service sitemap.,London
Checkatrade,Building Project Managers,Building Project Managers,V2,https://www.checkatrade.com/sitemap/locations/London/B,london_trade_sitemap,2026-09-05,London A-Z trade/service sitemap.,London
Checkatrade,Building Surveyors,Building Surveyors,V2,https://www.checkatrade.com/sitemap/locations/London/B,london_trade_sitemap,2026-09-05,London A-Z trade/service sitemap.,London
Checkatrade,Built,Built,V2,https://www.checkatrade.com/sitemap/locations/London/B,london_trade_sitemap,2026-09-05,London A-Z trade/service sitemap.,London
Checkatrade,Burglar Alarm - Installation,Burglar Alarm - Installation,V2,https://www.checkatrade.com/sitemap/locations/London/B,london_trade_sitemap,2026-09-05,London A-Z trade/service sitemap.,London
Checkatrade,Burglar Alarm - Supply & Installation,Burglar Alarm - Supply & Installation,V2,https://www.checkatrade.com/sitemap/locations/London/B,london_trade_sitemap,2026-09-05,London A-Z trade/service sitemap.,London
Checkatrade,Burglar Alarm - Supply Only,Burglar Alarm - Supply Only,V2,https://www.checkatrade.com/sitemap/locations/London/B,london_trade_sitemap,2026-09-05,London A-Z trade/service sitemap.,London
Checkatrade,Burglar Alarm Servicing,Burglar Alarm Servicing,V2,https://www.checkatrade.com/sitemap/locations/London/B,london_trade_sitemap,2026-09-05,London A-Z trade/service sitemap.,London
Checkatrade,CCTV - Installation,CCTV - Installation,V2,https://www.checkatrade.com/sitemap/locations/London/C,london_trade_sitemap,2026-09-05,London A-Z trade/service sitemap.,London
Checkatrade,CCTV - Supply & Installation,CCTV - Supply & Installation,V2,https://www.checkatrade.com/sitemap/locations/London/C,london_trade_sitemap,2026-09-05,London A-Z trade/service sitemap.,London
Checkatrade,CCTV - Supply Only,CCTV - Supply Only,V2,https://www.checkatrade.com/sitemap/locations/London/C,london_trade_sitemap,2026-09-05,London A-Z trade/service sitemap.,London
Checkatrade,CCTV Repair,CCTV Repair,V2,https://www.checkatrade.com/sitemap/locations/London/C,london_trade_sitemap,2026-09-05,London A-Z trade/service sitemap.,London
Checkatrade,CCTV Surveys for Drains,CCTV Surveys for Drains,V2,https://www.checkatrade.com/sitemap/locations/London/C,london_trade_sitemap,2026-09-05,London A-Z trade/service sitemap.,London
Checkatrade,Cabinet Makers / Handmade Furniture,Cabinet Makers / Handmade Furniture,V2,https://www.checkatrade.com/sitemap/locations/London/C,london_trade_sitemap,2026-09-05,London A-Z trade/service sitemap.,London
Checkatrade,Cabling,Cabling,V2,https://www.checkatrade.com/sitemap/locations/London/C,london_trade_sitemap,2026-09-05,London A-Z trade/service sitemap.,London
Checkatrade,Call / Door Entry Systems,Call / Door Entry Systems,V2,https://www.checkatrade.com/sitemap/locations/London/C,london_trade_sitemap,2026-09-05,London A-Z trade/service sitemap.,London
Checkatrade,Cambelts,Cambelts,V2,https://www.checkatrade.com/sitemap/locations/London/C,london_trade_sitemap,2026-09-05,London A-Z trade/service sitemap.,London
Checkatrade,Car / Auto Electrics,Car / Auto Electrics,V2,https://www.checkatrade.com/sitemap/locations/London/C,london_trade_sitemap,2026-09-05,London A-Z trade/service sitemap.,London
Checkatrade,Car Alarms,Car Alarms,V2,https://www.checkatrade.com/sitemap/locations/London/C,london_trade_sitemap,2026-09-05,London A-Z trade/service sitemap.,London
Checkatrade,Car Audio,Car Audio,V2,https://www.checkatrade.com/sitemap/locations/London/C,london_trade_sitemap,2026-09-05,London A-Z trade/service sitemap.,London
Checkatrade,Car Dealerships,Car Dealerships,V2,https://www.checkatrade.com/sitemap/locations/London/C,london_trade_sitemap,2026-09-05,London A-Z trade/service sitemap.,London
Checkatrade,Car Detailing,Car Detailing,V2,https://www.checkatrade.com/sitemap/locations/London/C,london_trade_sitemap,2026-09-05,London A-Z trade/service sitemap.,London
Checkatrade,Car Key Replacement,Car Key Replacement,V2,https://www.checkatrade.com/sitemap/locations/London/C,london_trade_sitemap,2026-09-05,London A-Z trade/service sitemap.,London
Checkatrade,Car Ports,Car Ports,V2,https://www.checkatrade.com/sitemap/locations/London/C,london_trade_sitemap,2026-09-05,London A-Z trade/service sitemap.,London
Checkatrade,Car Repair,Car Repair,V2,https://www.checkatrade.com/sitemap/locations/London/C,london_trade_sitemap,2026-09-05,London A-Z trade/service sitemap.,London
Checkatrade,Car Sales / Commercial Sales,Car Sales / Commercial Sales,V2,https://www.checkatrade.com/sitemap/locations/London/C,london_trade_sitemap,2026-09-05,London A-Z trade/service sitemap.,London
Checkatrade,Car Servicing,Car Servicing,V2,https://www.checkatrade.com/sitemap/locations/London/C,london_trade_sitemap,2026-09-05,London A-Z trade/service sitemap.,London
Checkatrade,Caravan Valeting,Caravan Valeting,V2,https://www.checkatrade.com/sitemap/locations/London/C,london_trade_sitemap,2026-09-05,London A-Z trade/service sitemap.,London
Checkatrade,Carpenter,Carpenter,V2,https://www.checkatrade.com/sitemap/locations/London/A,london_trade_sitemap,2026-09-05,London A-Z trade/service sitemap.,London
Checkatrade,Carpenters,Carpenters,V2,https://www.checkatrade.com/sitemap/locations/London/A,london_trade_sitemap,2026-09-05,London A-Z trade/service sitemap.,London
Checkatrade,Carpet Cleaning,Carpet Cleaning,V2,https://www.checkatrade.com/sitemap/locations/London/C,london_trade_sitemap,2026-09-05,London A-Z trade/service sitemap.,London
Checkatrade,Carpet Fitter,Carpet Fitter,V2,https://www.checkatrade.com/sitemap/locations/London/A,london_trade_sitemap,2026-09-05,London A-Z trade/service sitemap.,London
Checkatrade,Carpet Fitting,Carpet Fitting,V2,https://www.checkatrade.com/sitemap/locations/London/C,london_trade_sitemap,2026-09-05,London A-Z trade/service sitemap.,London
Checkatrade,Carpet Fitting Cost,Carpet Fitting Cost,V2,https://www.checkatrade.com/sitemap/locations/London/A,london_trade_sitemap,2026-09-05,London A-Z trade/service sitemap.,London
Checkatrade,Carpet Repair / Stretching,Carpet Repair / Stretching,V2,https://www.checkatrade.com/sitemap/locations/London/C,london_trade_sitemap,2026-09-05,London A-Z trade/service sitemap.,London
Checkatrade,Carpet Supplier,Carpet Supplier,V2,https://www.checkatrade.com/sitemap/locations/London/C,london_trade_sitemap,2026-09-05,London A-Z trade/service sitemap.,London
Checkatrade,Carpet Supply & Fit,Carpet Supply & Fit,V2,https://www.checkatrade.com/sitemap/locations/London/C,london_trade_sitemap,2026-09-05,London A-Z trade/service sitemap.,London
Checkatrade,Carpet Tiles,Carpet Tiles,V2,https://www.checkatrade.com/sitemap/locations/London/C,london_trade_sitemap,2026-09-05,London A-Z trade/service sitemap.,London
Checkatrade,Carpet and Upholstery Cleaning,Carpet and Upholstery Cleaning,V2,https://www.checkatrade.com/sitemap/locations/London/C,london_trade_sitemap,2026-09-05,London A-Z trade/service sitemap.,London
Checkatrade,Carpets / Flooring,Carpets / Flooring,V2,https://www.checkatrade.com/sitemap/locations/London/C,london_trade_sitemap,2026-09-05,London A-Z trade/service sitemap.,London
Checkatrade,Carport Manufacturers,Carport Manufacturers,V2,https://www.checkatrade.com/sitemap/locations/London/C,london_trade_sitemap,2026-09-05,London A-Z trade/service sitemap.,London
Checkatrade,Carport Suppliers,Carport Suppliers,V2,https://www.checkatrade.com/sitemap/locations/London/C,london_trade_sitemap,2026-09-05,London A-Z trade/service sitemap.,London
Checkatrade,Carports Installed,Carports Installed,V2,https://www.checkatrade.com/sitemap/locations/London/C,london_trade_sitemap,2026-09-05,London A-Z trade/service sitemap.,London
Checkatrade,Cat Flaps,Cat Flaps,V2,https://www.checkatrade.com/sitemap/locations/London/C,london_trade_sitemap,2026-09-05,London A-Z trade/service sitemap.,London
Checkatrade,Catering Equipment Repair,Catering Equipment Repair,V2,https://www.checkatrade.com/sitemap/locations/London/C,london_trade_sitemap,2026-09-05,London A-Z trade/service sitemap.,London
Checkatrade,Catering Services,Catering Services,V2,https://www.checkatrade.com/sitemap/locations/London/C,london_trade_sitemap,2026-09-05,London A-Z trade/service sitemap.,London
Checkatrade,Cavity Wall Insulation,Cavity Wall Insulation,V2,https://www.checkatrade.com/sitemap/locations/London/C,london_trade_sitemap,2026-09-05,London A-Z trade/service sitemap.,London
Checkatrade,Cavity Wall Insulation Removal,Cavity Wall Insulation Removal,V2,https://www.checkatrade.com/sitemap/locations/London/C,london_trade_sitemap,2026-09-05,London A-Z trade/service sitemap.,London
Checkatrade,Central Heating,Central Heating,V2,https://www.checkatrade.com/sitemap/locations/London/C,london_trade_sitemap,2026-09-05,London A-Z trade/service sitemap.,London
Checkatrade,Central Heating Engineer,Central Heating Engineer,V2,https://www.checkatrade.com/sitemap/locations/London/C,london_trade_sitemap,2026-09-05,London A-Z trade/service sitemap.,London
Checkatrade,Central Heating Engineers,Central Heating Engineers,V2,https://www.checkatrade.com/sitemap/locations/London/A,london_trade_sitemap,2026-09-05,London A-Z trade/service sitemap.,London
Checkatrade,Central Heating Fitters,Central Heating Fitters,V2,https://www.checkatrade.com/sitemap/locations/London/C,london_trade_sitemap,2026-09-05,London A-Z trade/service sitemap.,London
Checkatrade,Ceramic Tiling,Ceramic Tiling,V2,https://www.checkatrade.com/sitemap/locations/London/C,london_trade_sitemap,2026-09-05,London A-Z trade/service sitemap.,London
Checkatrade,Chartered Surveyor,Chartered Surveyor,V2,https://www.checkatrade.com/sitemap/locations/London/C,london_trade_sitemap,2026-09-05,London A-Z trade/service sitemap.,London
Checkatrade,Chauffeur,Chauffeur,V2,https://www.checkatrade.com/sitemap/locations/London/C,london_trade_sitemap,2026-09-05,London A-Z trade/service sitemap.,London
Checkatrade,Check Any Tradesperson,Check Any Tradesperson,V2,https://www.checkatrade.com/sitemap/locations/London/A,london_trade_sitemap,2026-09-05,London A-Z trade/service sitemap.,London
Checkatrade,Checkatrade Standard,Checkatrade Standard,V2,https://www.checkatrade.com/sitemap/locations/London/A,london_trade_sitemap,2026-09-05,London A-Z trade/service sitemap.,London
Checkatrade,Cherry Picker,Cherry Picker,V2,https://www.checkatrade.com/sitemap/locations/London/C,london_trade_sitemap,2026-09-05,London A-Z trade/service sitemap.,London
Checkatrade,Chimney Cowlings Installation,Chimney Cowlings Installation,V2,https://www.checkatrade.com/sitemap/locations/London/C,london_trade_sitemap,2026-09-05,London A-Z trade/service sitemap.,London
Checkatrade,Chimney Cowlings Repair,Chimney Cowlings Repair,V2,https://www.checkatrade.com/sitemap/locations/London/C,london_trade_sitemap,2026-09-05,London A-Z trade/service sitemap.,London
Checkatrade,Chimney Relining,Chimney Relining,V2,https://www.checkatrade.com/sitemap/locations/London/C,london_trade_sitemap,2026-09-05,London A-Z trade/service sitemap.,London
Checkatrade,Chimney Sweep,Chimney Sweep,V2,https://www.checkatrade.com/sitemap/locations/London/C,london_trade_sitemap,2026-09-05,London A-Z trade/service sitemap.,London
Checkatrade,Chimneys Installation,Chimneys Installation,V2,https://www.checkatrade.com/sitemap/locations/London/C,london_trade_sitemap,2026-09-05,London A-Z trade/service sitemap.,London
Checkatrade,Chimneys Repair,Chimneys Repair,V2,https://www.checkatrade.com/sitemap/locations/London/C,london_trade_sitemap,2026-09-05,London A-Z trade/service sitemap.,London
Checkatrade,Cladding,Cladding,V2,https://www.checkatrade.com/sitemap/locations/London/C,london_trade_sitemap,2026-09-05,London A-Z trade/service sitemap.,London
Checkatrade,Cladding Installers,Cladding Installers,V2,https://www.checkatrade.com/sitemap/locations/London/C,london_trade_sitemap,2026-09-05,London A-Z trade/service sitemap.,London
Checkatrade,Classic Car Restoration,Classic Car Restoration,V2,https://www.checkatrade.com/sitemap/locations/London/C,london_trade_sitemap,2026-09-05,London A-Z trade/service sitemap.,London
Checkatrade,Cleaner,Cleaner,V2,https://www.checkatrade.com/sitemap/locations/London/C,london_trade_sitemap,2026-09-05,London A-Z trade/service sitemap.,London
Checkatrade,Cleaners,Cleaners,V2,https://www.checkatrade.com/sitemap/locations/London/A,london_trade_sitemap,2026-09-05,London A-Z trade/service sitemap.,London
Checkatrade,Cleaning Equipment Hire,Cleaning Equipment Hire,V2,https://www.checkatrade.com/sitemap/locations/London/C,london_trade_sitemap,2026-09-05,London A-Z trade/service sitemap.,London
Checkatrade,Cleaning Services,Cleaning Services,V2,https://www.checkatrade.com/sitemap/locations/London/C,london_trade_sitemap,2026-09-05,London A-Z trade/service sitemap.,London
Checkatrade,Cleaning Supplies,Cleaning Supplies,V2,https://www.checkatrade.com/sitemap/locations/London/C,london_trade_sitemap,2026-09-05,London A-Z trade/service sitemap.,London
Checkatrade,Close Board Fencing,Close Board Fencing,V2,https://www.checkatrade.com/sitemap/locations/London/C,london_trade_sitemap,2026-09-05,London A-Z trade/service sitemap.,London
Checkatrade,Clutches,Clutches,V2,https://www.checkatrade.com/sitemap/locations/London/C,london_trade_sitemap,2026-09-05,London A-Z trade/service sitemap.,London
Checkatrade,Combi Boiler Installation,Combi Boiler Installation,V2,https://www.checkatrade.com/sitemap/locations/London/C,london_trade_sitemap,2026-09-05,London A-Z trade/service sitemap.,London
Checkatrade,Commercial Agents,Commercial Agents,V2,https://www.checkatrade.com/sitemap/locations/London/C,london_trade_sitemap,2026-09-05,London A-Z trade/service sitemap.,London
Checkatrade,Commercial Cleaning,Commercial Cleaning,V2,https://www.checkatrade.com/sitemap/locations/London/C,london_trade_sitemap,2026-09-05,London A-Z trade/service sitemap.,London
Checkatrade,Commercial Deliveries,Commercial Deliveries,V2,https://www.checkatrade.com/sitemap/locations/London/C,london_trade_sitemap,2026-09-05,London A-Z trade/service sitemap.,London
Checkatrade,Commercial Grass Cutting,Commercial Grass Cutting,V2,https://www.checkatrade.com/sitemap/locations/London/C,london_trade_sitemap,2026-09-05,London A-Z trade/service sitemap.,London
Checkatrade,Commercial Interior Design,Commercial Interior Design,V2,https://www.checkatrade.com/sitemap/locations/London/C,london_trade_sitemap,2026-09-05,London A-Z trade/service sitemap.,London
Checkatrade,Commercial Oven Cleaner,Commercial Oven Cleaner,V2,https://www.checkatrade.com/sitemap/locations/London/C,london_trade_sitemap,2026-09-05,London A-Z trade/service sitemap.,London
Checkatrade,Communal Aerial / Satellites,Communal Aerial / Satellites,V2,https://www.checkatrade.com/sitemap/locations/London/C,london_trade_sitemap,2026-09-05,London A-Z trade/service sitemap.,London
Checkatrade,Composite Decking,Composite Decking,V2,https://www.checkatrade.com/sitemap/locations/London/C,london_trade_sitemap,2026-09-05,London A-Z trade/service sitemap.,London
Checkatrade,Composite Front Doors Installation,Composite Front Doors Installation,V2,https://www.checkatrade.com/sitemap/locations/London/C,london_trade_sitemap,2026-09-05,London A-Z trade/service sitemap.,London
Checkatrade,Composite Front Doors Repair,Composite Front Doors Repair,V2,https://www.checkatrade.com/sitemap/locations/London/C,london_trade_sitemap,2026-09-05,London A-Z trade/service sitemap.,London
Checkatrade,Computer Maintenance,Computer Maintenance,V2,https://www.checkatrade.com/sitemap/locations/London/C,london_trade_sitemap,2026-09-05,London A-Z trade/service sitemap.,London
Checkatrade,Computer Repair,Computer Repair,V2,https://www.checkatrade.com/sitemap/locations/London/C,london_trade_sitemap,2026-09-05,London A-Z trade/service sitemap.,London
Checkatrade,Computer Sales,Computer Sales,V2,https://www.checkatrade.com/sitemap/locations/London/C,london_trade_sitemap,2026-09-05,London A-Z trade/service sitemap.,London
Checkatrade,Computer Training / Consultancy,Computer Training / Consultancy,V2,https://www.checkatrade.com/sitemap/locations/London/C,london_trade_sitemap,2026-09-05,London A-Z trade/service sitemap.,London
Checkatrade,Concrete / Finlock Gutter Replacement,Concrete / Finlock Gutter Replacement,V2,https://www.checkatrade.com/sitemap/locations/London/C,london_trade_sitemap,2026-09-05,London A-Z trade/service sitemap.,London
Checkatrade,Concrete / Finlock Guttering,Concrete / Finlock Guttering,V2,https://www.checkatrade.com/sitemap/locations/London/C,london_trade_sitemap,2026-09-05,London A-Z trade/service sitemap.,London
Checkatrade,Concrete Contractor,Concrete Contractor,V2,https://www.checkatrade.com/sitemap/locations/London/C,london_trade_sitemap,2026-09-05,London A-Z trade/service sitemap.,London
Checkatrade,Concrete Driveway,Concrete Driveway,V2,https://www.checkatrade.com/sitemap/locations/London/C,london_trade_sitemap,2026-09-05,London A-Z trade/service sitemap.,London
Checkatrade,Concrete Driveways,Concrete Driveways,V2,https://www.checkatrade.com/sitemap/locations/London/C,london_trade_sitemap,2026-09-05,London A-Z trade/service sitemap.,London
Checkatrade,Concrete Flooring Specialist,Concrete Flooring Specialist,V2,https://www.checkatrade.com/sitemap/locations/London/C,london_trade_sitemap,2026-09-05,London A-Z trade/service sitemap.,London
Checkatrade,Concrete Garages,Concrete Garages,V2,https://www.checkatrade.com/sitemap/locations/London/C,london_trade_sitemap,2026-09-05,London A-Z trade/service sitemap.,London
Checkatrade,Concrete Repair,Concrete Repair,V2,https://www.checkatrade.com/sitemap/locations/London/C,london_trade_sitemap,2026-09-05,London A-Z trade/service sitemap.,London
Checkatrade,Concreting,Concreting,V2,https://www.checkatrade.com/sitemap/locations/London/C,london_trade_sitemap,2026-09-05,London A-Z trade/service sitemap.,London
Checkatrade,Condensation Control,Condensation Control,V2,https://www.checkatrade.com/sitemap/locations/London/C,london_trade_sitemap,2026-09-05,London A-Z trade/service sitemap.,London
Checkatrade,Conservatory Blinds,Conservatory Blinds,V2,https://www.checkatrade.com/sitemap/locations/London/C,london_trade_sitemap,2026-09-05,London A-Z trade/service sitemap.,London
Checkatrade,Conservatory Cleaning,Conservatory Cleaning,V2,https://www.checkatrade.com/sitemap/locations/London/C,london_trade_sitemap,2026-09-05,London A-Z trade/service sitemap.,London
Checkatrade,Conservatory Glass Heat Reduction Film,Conservatory Glass Heat Reduction Film,V2,https://www.checkatrade.com/sitemap/locations/London/C,london_trade_sitemap,2026-09-05,London A-Z trade/service sitemap.,London
Checkatrade,Conservatory Installation,Conservatory Installation,V2,https://www.checkatrade.com/sitemap/locations/London/C,london_trade_sitemap,2026-09-05,London A-Z trade/service sitemap.,London
Checkatrade,Conservatory Repairs,Conservatory Repairs,V2,https://www.checkatrade.com/sitemap/locations/London/C,london_trade_sitemap,2026-09-05,London A-Z trade/service sitemap.,London
Checkatrade,Conservatory Roof Conversions,Conservatory Roof Conversions,V2,https://www.checkatrade.com/sitemap/locations/London/C,london_trade_sitemap,2026-09-05,London A-Z trade/service sitemap.,London
Checkatrade,Conservatory Roof Insulation,Conservatory Roof Insulation,V2,https://www.checkatrade.com/sitemap/locations/London/C,london_trade_sitemap,2026-09-05,London A-Z trade/service sitemap.,London
Checkatrade,Conservatory Roof Replacement,Conservatory Roof Replacement,V2,https://www.checkatrade.com/sitemap/locations/London/A,london_trade_sitemap,2026-09-05,London A-Z trade/service sitemap.,London
Checkatrade,Core Drilling,Core Drilling,V2,https://www.checkatrade.com/sitemap/locations/London/C,london_trade_sitemap,2026-09-05,London A-Z trade/service sitemap.,London
Checkatrade,Corporate Filming,Corporate Filming,V2,https://www.checkatrade.com/sitemap/locations/London/C,london_trade_sitemap,2026-09-05,London A-Z trade/service sitemap.,London
Checkatrade,Courier Services,Courier Services,V2,https://www.checkatrade.com/sitemap/locations/London/C,london_trade_sitemap,2026-09-05,London A-Z trade/service sitemap.,London
Checkatrade,Coving,Coving,V2,https://www.checkatrade.com/sitemap/locations/London/C,london_trade_sitemap,2026-09-05,London A-Z trade/service sitemap.,London
Checkatrade,Crane Hire,Crane Hire,V2,https://www.checkatrade.com/sitemap/locations/London/C,london_trade_sitemap,2026-09-05,London A-Z trade/service sitemap.,London
Checkatrade,Crown Reduction,Crown Reduction,V2,https://www.checkatrade.com/sitemap/locations/London/C,london_trade_sitemap,2026-09-05,London A-Z trade/service sitemap.,London
Checkatrade,Crown Thinning,Crown Thinning,V2,https://www.checkatrade.com/sitemap/locations/London/C,london_trade_sitemap,2026-09-05,London A-Z trade/service sitemap.,London
Checkatrade,Cupboards,Cupboards,V2,https://www.checkatrade.com/sitemap/locations/London/C,london_trade_sitemap,2026-09-05,London A-Z trade/service sitemap.,London
Checkatrade,Curtain / Blind Fitters,Curtain / Blind Fitters,V2,https://www.checkatrade.com/sitemap/locations/London/C,london_trade_sitemap,2026-09-05,London A-Z trade/service sitemap.,London
Checkatrade,Curtain Cleaning,Curtain Cleaning,V2,https://www.checkatrade.com/sitemap/locations/London/C,london_trade_sitemap,2026-09-05,London A-Z trade/service sitemap.,London
Checkatrade,Curtain Fitter,Curtain Fitter,V2,https://www.checkatrade.com/sitemap/locations/London/C,london_trade_sitemap,2026-09-05,London A-Z trade/service sitemap.,London
Checkatrade,Curtain Poles / Tracks,Curtain Poles / Tracks,V2,https://www.checkatrade.com/sitemap/locations/London/C,london_trade_sitemap,2026-09-05,London A-Z trade/service sitemap.,London
Checkatrade,Curtain Supply & Fit,Curtain Supply & Fit,V2,https://www.checkatrade.com/sitemap/locations/London/C,london_trade_sitemap,2026-09-05,London A-Z trade/service sitemap.,London
Checkatrade,Curtains / Blinds / Shutters,Curtains / Blinds / Shutters,V2,https://www.checkatrade.com/sitemap/locations/London/C,london_trade_sitemap,2026-09-05,London A-Z trade/service sitemap.,London
Checkatrade,Cyber Security Training,Cyber Security Training,V2,https://www.checkatrade.com/sitemap/locations/London/C,london_trade_sitemap,2026-09-05,London A-Z trade/service sitemap.,London
Checkatrade,Damp Investigation,Damp Investigation,V2,https://www.checkatrade.com/sitemap/locations/London/D,london_trade_sitemap,2026-09-05,London A-Z trade/service sitemap.,London
Checkatrade,Damp Proofer,Damp Proofer,V2,https://www.checkatrade.com/sitemap/locations/London/D,london_trade_sitemap,2026-09-05,London A-Z trade/service sitemap.,London
Checkatrade,Damp Proofing,Damp Proofing,V2,https://www.checkatrade.com/sitemap/locations/London/A,london_trade_sitemap,2026-09-05,London A-Z trade/service sitemap.,London
Checkatrade,Damp Survey,Damp Survey,V2,https://www.checkatrade.com/sitemap/locations/London/D,london_trade_sitemap,2026-09-05,London A-Z trade/service sitemap.,London
Checkatrade,Damp Walls Treatment,Damp Walls Treatment,V2,https://www.checkatrade.com/sitemap/locations/London/A,london_trade_sitemap,2026-09-05,London A-Z trade/service sitemap.,London
Checkatrade,Data Recovery / Back up,Data Recovery / Back up,V2,https://www.checkatrade.com/sitemap/locations/London/D,london_trade_sitemap,2026-09-05,London A-Z trade/service sitemap.,London
Checkatrade,Data Shredding,Data Shredding,V2,https://www.checkatrade.com/sitemap/locations/London/D,london_trade_sitemap,2026-09-05,London A-Z trade/service sitemap.,London
Checkatrade,Decking,Decking,V2,https://www.checkatrade.com/sitemap/locations/London/D,london_trade_sitemap,2026-09-05,London A-Z trade/service sitemap.,London
Checkatrade,Decking Cleaning,Decking Cleaning,V2,https://www.checkatrade.com/sitemap/locations/London/D,london_trade_sitemap,2026-09-05,London A-Z trade/service sitemap.,London
Checkatrade,Decluttering,Decluttering,V2,https://www.checkatrade.com/sitemap/locations/London/D,london_trade_sitemap,2026-09-05,London A-Z trade/service sitemap.,London
Checkatrade,Deep Cleaning Services,Deep Cleaning Services,V2,https://www.checkatrade.com/sitemap/locations/London/D,london_trade_sitemap,2026-09-05,London A-Z trade/service sitemap.,London
Checkatrade,Demolition,Demolition,V2,https://www.checkatrade.com/sitemap/locations/London/D,london_trade_sitemap,2026-09-05,London A-Z trade/service sitemap.,London
Checkatrade,Demolition Companies,Demolition Companies,V2,https://www.checkatrade.com/sitemap/locations/London/D,london_trade_sitemap,2026-09-05,London A-Z trade/service sitemap.,London
Checkatrade,Demolition Contractors,Demolition Contractors,V2,https://www.checkatrade.com/sitemap/locations/London/D,london_trade_sitemap,2026-09-05,London A-Z trade/service sitemap.,London
Checkatrade,Dent Repair,Dent Repair,V2,https://www.checkatrade.com/sitemap/locations/London/D,london_trade_sitemap,2026-09-05,London A-Z trade/service sitemap.,London
Checkatrade,Diagnostic Testing,Diagnostic Testing,V2,https://www.checkatrade.com/sitemap/locations/London/D,london_trade_sitemap,2026-09-05,London A-Z trade/service sitemap.,London
Checkatrade,Diamond Drilling,Diamond Drilling,V2,https://www.checkatrade.com/sitemap/locations/London/D,london_trade_sitemap,2026-09-05,London A-Z trade/service sitemap.,London
Checkatrade,Digital Smart Door Lock Installation,Digital Smart Door Lock Installation,V2,https://www.checkatrade.com/sitemap/locations/London/D,london_trade_sitemap,2026-09-05,London A-Z trade/service sitemap.,London
Checkatrade,Disabled Bathrooms / Showers,Disabled Bathrooms / Showers,V2,https://www.checkatrade.com/sitemap/locations/London/D,london_trade_sitemap,2026-09-05,London A-Z trade/service sitemap.,London
Checkatrade,Disaster / Trauma Cleaning,Disaster / Trauma Cleaning,V2,https://www.checkatrade.com/sitemap/locations/London/D,london_trade_sitemap,2026-09-05,London A-Z trade/service sitemap.,London
Checkatrade,Dishwasher Repair,Dishwasher Repair,V2,https://www.checkatrade.com/sitemap/locations/London/D,london_trade_sitemap,2026-09-05,London A-Z trade/service sitemap.,London
Checkatrade,Dog Flaps,Dog Flaps,V2,https://www.checkatrade.com/sitemap/locations/London/D,london_trade_sitemap,2026-09-05,London A-Z trade/service sitemap.,London
Checkatrade,Domestic Cleaning,Domestic Cleaning,V2,https://www.checkatrade.com/sitemap/locations/London/D,london_trade_sitemap,2026-09-05,London A-Z trade/service sitemap.,London
Checkatrade,Domestic Oven Cleaning,Domestic Oven Cleaning,V2,https://www.checkatrade.com/sitemap/locations/London/D,london_trade_sitemap,2026-09-05,London A-Z trade/service sitemap.,London
Checkatrade,Door Canopies,Door Canopies,V2,https://www.checkatrade.com/sitemap/locations/London/D,london_trade_sitemap,2026-09-05,London A-Z trade/service sitemap.,London
Checkatrade,Door Fitting / Hanging,Door Fitting / Hanging,V2,https://www.checkatrade.com/sitemap/locations/London/D,london_trade_sitemap,2026-09-05,London A-Z trade/service sitemap.,London
Checkatrade,Door Stripping,Door Stripping,V2,https://www.checkatrade.com/sitemap/locations/London/D,london_trade_sitemap,2026-09-05,London A-Z trade/service sitemap.,London
Checkatrade,Doors Opened / Unlocked,Doors Opened / Unlocked,V2,https://www.checkatrade.com/sitemap/locations/London/D,london_trade_sitemap,2026-09-05,London A-Z trade/service sitemap.,London
Checkatrade,Doors Supply,Doors Supply,V2,https://www.checkatrade.com/sitemap/locations/London/D,london_trade_sitemap,2026-09-05,London A-Z trade/service sitemap.,London
Checkatrade,Dormer / Roof Windows,Dormer / Roof Windows,V2,https://www.checkatrade.com/sitemap/locations/London/D,london_trade_sitemap,2026-09-05,London A-Z trade/service sitemap.,London
Checkatrade,Double Glazed Windows Cost,Double Glazed Windows Cost,V2,https://www.checkatrade.com/sitemap/locations/London/A,london_trade_sitemap,2026-09-05,London A-Z trade/service sitemap.,London
Checkatrade,Double Glazing Installation,Double Glazing Installation,V2,https://www.checkatrade.com/sitemap/locations/London/D,london_trade_sitemap,2026-09-05,London A-Z trade/service sitemap.,London
Checkatrade,Double Glazing Repair,Double Glazing Repair,V2,https://www.checkatrade.com/sitemap/locations/London/D,london_trade_sitemap,2026-09-05,London A-Z trade/service sitemap.,London
Checkatrade,Download app,Download app,V2,https://www.checkatrade.com/sitemap/locations/London/A,london_trade_sitemap,2026-09-05,London A-Z trade/service sitemap.,London
Checkatrade,Drain / Sewer Clearance,Drain / Sewer Clearance,V2,https://www.checkatrade.com/sitemap/locations/London/D,london_trade_sitemap,2026-09-05,London A-Z trade/service sitemap.,London
Checkatrade,Drain Installation,Drain Installation,V2,https://www.checkatrade.com/sitemap/locations/London/D,london_trade_sitemap,2026-09-05,London A-Z trade/service sitemap.,London
Checkatrade,Drain Relining,Drain Relining,V2,https://www.checkatrade.com/sitemap/locations/London/D,london_trade_sitemap,2026-09-05,London A-Z trade/service sitemap.,London
Checkatrade,Drain Repair,Drain Repair,V2,https://www.checkatrade.com/sitemap/locations/London/D,london_trade_sitemap,2026-09-05,London A-Z trade/service sitemap.,London
Checkatrade,Drainage Investigation,Drainage Investigation,V2,https://www.checkatrade.com/sitemap/locations/London/D,london_trade_sitemap,2026-09-05,London A-Z trade/service sitemap.,London
Checkatrade,Draught Proofing,Draught Proofing,V2,https://www.checkatrade.com/sitemap/locations/London/D,london_trade_sitemap,2026-09-05,London A-Z trade/service sitemap.,London
Checkatrade,Driveway / Patio Design,Driveway / Patio Design,V2,https://www.checkatrade.com/sitemap/locations/London/D,london_trade_sitemap,2026-09-05,London A-Z trade/service sitemap.,London
Checkatrade,Driveway Cleaning,Driveway Cleaning,V2,https://www.checkatrade.com/sitemap/locations/London/A,london_trade_sitemap,2026-09-05,London A-Z trade/service sitemap.,London
Checkatrade,Driveway Cleaning / Patio Cleaning,Driveway Cleaning / Patio Cleaning,V2,https://www.checkatrade.com/sitemap/locations/London/D,london_trade_sitemap,2026-09-05,London A-Z trade/service sitemap.,London
Checkatrade,Driveway Cleaning / Sealing,Driveway Cleaning / Sealing,V2,https://www.checkatrade.com/sitemap/locations/London/D,london_trade_sitemap,2026-09-05,London A-Z trade/service sitemap.,London
Checkatrade,Driveway Repair,Driveway Repair,V2,https://www.checkatrade.com/sitemap/locations/London/D,london_trade_sitemap,2026-09-05,London A-Z trade/service sitemap.,London
Checkatrade,Driveways / Patios / Paths,Driveways / Patios / Paths,V2,https://www.checkatrade.com/sitemap/locations/London/D,london_trade_sitemap,2026-09-05,London A-Z trade/service sitemap.,London
Checkatrade,Drone Aerial Roof & Building Surveying,Drone Aerial Roof & Building Surveying,V2,https://www.checkatrade.com/sitemap/locations/London/D,london_trade_sitemap,2026-09-05,London A-Z trade/service sitemap.,London
Checkatrade,Drone Roof Inspection,Drone Roof Inspection,V2,https://www.checkatrade.com/sitemap/locations/London/D,london_trade_sitemap,2026-09-05,London A-Z trade/service sitemap.,London
Checkatrade,Drone Surveying,Drone Surveying,V2,https://www.checkatrade.com/sitemap/locations/London/D,london_trade_sitemap,2026-09-05,London A-Z trade/service sitemap.,London
Checkatrade,Drop Ceiling Installation,Drop Ceiling Installation,V2,https://www.checkatrade.com/sitemap/locations/London/D,london_trade_sitemap,2026-09-05,London A-Z trade/service sitemap.,London
Checkatrade,Drop Ceiling Repair,Drop Ceiling Repair,V2,https://www.checkatrade.com/sitemap/locations/London/D,london_trade_sitemap,2026-09-05,London A-Z trade/service sitemap.,London
Checkatrade,Drop Kerbs,Drop Kerbs,V2,https://www.checkatrade.com/sitemap/locations/London/D,london_trade_sitemap,2026-09-05,London A-Z trade/service sitemap.,London
Checkatrade,Dry Cleaning,Dry Cleaning,V2,https://www.checkatrade.com/sitemap/locations/London/D,london_trade_sitemap,2026-09-05,London A-Z trade/service sitemap.,London
Checkatrade,Dry Lining,Dry Lining,V2,https://www.checkatrade.com/sitemap/locations/London/D,london_trade_sitemap,2026-09-05,London A-Z trade/service sitemap.,London
Checkatrade,Dry Ridge Installation,Dry Ridge Installation,V2,https://www.checkatrade.com/sitemap/locations/London/D,london_trade_sitemap,2026-09-05,London A-Z trade/service sitemap.,London
Checkatrade,Dry Ridge Repair,Dry Ridge Repair,V2,https://www.checkatrade.com/sitemap/locations/London/D,london_trade_sitemap,2026-09-05,London A-Z trade/service sitemap.,London
Checkatrade,Dry Rot Treatment,Dry Rot Treatment,V2,https://www.checkatrade.com/sitemap/locations/London/D,london_trade_sitemap,2026-09-05,London A-Z trade/service sitemap.,London
Checkatrade,Dry Stone Walling,Dry Stone Walling,V2,https://www.checkatrade.com/sitemap/locations/London/D,london_trade_sitemap,2026-09-05,London A-Z trade/service sitemap.,London
Checkatrade,Dry Verge Installation,Dry Verge Installation,V2,https://www.checkatrade.com/sitemap/locations/London/D,london_trade_sitemap,2026-09-05,London A-Z trade/service sitemap.,London
Checkatrade,Dry Verge Repair,Dry Verge Repair,V2,https://www.checkatrade.com/sitemap/locations/London/D,london_trade_sitemap,2026-09-05,London A-Z trade/service sitemap.,London
Checkatrade,Dust / Fume Extraction,Dust / Fume Extraction,V2,https://www.checkatrade.com/sitemap/locations/London/D,london_trade_sitemap,2026-09-05,London A-Z trade/service sitemap.,London
Checkatrade,EPOS,EPOS,V2,https://www.checkatrade.com/sitemap/locations/London/E,london_trade_sitemap,2026-09-05,London A-Z trade/service sitemap.,London
Checkatrade,EV Charger Installation Only,EV Charger Installation Only,V2,https://www.checkatrade.com/sitemap/locations/London/E,london_trade_sitemap,2026-09-05,London A-Z trade/service sitemap.,London
Checkatrade,EV Charger Repair,EV Charger Repair,V2,https://www.checkatrade.com/sitemap/locations/London/E,london_trade_sitemap,2026-09-05,London A-Z trade/service sitemap.,London
Checkatrade,EV Charger Supply and Install,EV Charger Supply and Install,V2,https://www.checkatrade.com/sitemap/locations/London/E,london_trade_sitemap,2026-09-05,London A-Z trade/service sitemap.,London
Checkatrade,Eco Builders,Eco Builders,V2,https://www.checkatrade.com/sitemap/locations/London/E,london_trade_sitemap,2026-09-05,London A-Z trade/service sitemap.,London
Checkatrade,Electric / Remote Blinds,Electric / Remote Blinds,V2,https://www.checkatrade.com/sitemap/locations/London/E,london_trade_sitemap,2026-09-05,London A-Z trade/service sitemap.,London
Checkatrade,Electric Boiler Installation,Electric Boiler Installation,V2,https://www.checkatrade.com/sitemap/locations/London/E,london_trade_sitemap,2026-09-05,London A-Z trade/service sitemap.,London
Checkatrade,Electric Boiler Servicing / Repair,Electric Boiler Servicing / Repair,V2,https://www.checkatrade.com/sitemap/locations/London/E,london_trade_sitemap,2026-09-05,London A-Z trade/service sitemap.,London
Checkatrade,Electric Cooker Installer,Electric Cooker Installer,V2,https://www.checkatrade.com/sitemap/locations/London/A,london_trade_sitemap,2026-09-05,London A-Z trade/service sitemap.,London
Checkatrade,Electric Cookers,Electric Cookers,V2,https://www.checkatrade.com/sitemap/locations/London/E,london_trade_sitemap,2026-09-05,London A-Z trade/service sitemap.,London
Checkatrade,Electric Garage Door Installation,Electric Garage Door Installation,V2,https://www.checkatrade.com/sitemap/locations/London/E,london_trade_sitemap,2026-09-05,London A-Z trade/service sitemap.,London
Checkatrade,Electric Garage Door Repair,Electric Garage Door Repair,V2,https://www.checkatrade.com/sitemap/locations/London/E,london_trade_sitemap,2026-09-05,London A-Z trade/service sitemap.,London
Checkatrade,Electric Gate Installation,Electric Gate Installation,V2,https://www.checkatrade.com/sitemap/locations/London/E,london_trade_sitemap,2026-09-05,London A-Z trade/service sitemap.,London
Checkatrade,Electric Gate Repair,Electric Gate Repair,V2,https://www.checkatrade.com/sitemap/locations/London/E,london_trade_sitemap,2026-09-05,London A-Z trade/service sitemap.,London
Checkatrade,Electric Gate Supplier,Electric Gate Supplier,V2,https://www.checkatrade.com/sitemap/locations/London/E,london_trade_sitemap,2026-09-05,London A-Z trade/service sitemap.,London
Checkatrade,Electric Gate Wiring,Electric Gate Wiring,V2,https://www.checkatrade.com/sitemap/locations/London/E,london_trade_sitemap,2026-09-05,London A-Z trade/service sitemap.,London
Checkatrade,Electric Heating,Electric Heating,V2,https://www.checkatrade.com/sitemap/locations/London/E,london_trade_sitemap,2026-09-05,London A-Z trade/service sitemap.,London
Checkatrade,Electric Oven / Cooker Repair,Electric Oven / Cooker Repair,V2,https://www.checkatrade.com/sitemap/locations/London/E,london_trade_sitemap,2026-09-05,London A-Z trade/service sitemap.,London
Checkatrade,Electric Radiators,Electric Radiators,V2,https://www.checkatrade.com/sitemap/locations/London/E,london_trade_sitemap,2026-09-05,London A-Z trade/service sitemap.,London
Checkatrade,Electric Range Cookers,Electric Range Cookers,V2,https://www.checkatrade.com/sitemap/locations/London/E,london_trade_sitemap,2026-09-05,London A-Z trade/service sitemap.,London
Checkatrade,Electric Showers,Electric Showers,V2,https://www.checkatrade.com/sitemap/locations/London/E,london_trade_sitemap,2026-09-05,London A-Z trade/service sitemap.,London
Checkatrade,Electric Smart Thermostats,Electric Smart Thermostats,V2,https://www.checkatrade.com/sitemap/locations/London/E,london_trade_sitemap,2026-09-05,London A-Z trade/service sitemap.,London
Checkatrade,Electric Sockets,Electric Sockets,V2,https://www.checkatrade.com/sitemap/locations/London/E,london_trade_sitemap,2026-09-05,London A-Z trade/service sitemap.,London
Checkatrade,Electric Stoves,Electric Stoves,V2,https://www.checkatrade.com/sitemap/locations/London/E,london_trade_sitemap,2026-09-05,London A-Z trade/service sitemap.,London
Checkatrade,Electric Vehicle Charger Installation,Electric Vehicle Charger Installation,V2,https://www.checkatrade.com/sitemap/locations/London/E,london_trade_sitemap,2026-09-05,London A-Z trade/service sitemap.,London
Checkatrade,Electrical Contractors,Electrical Contractors,V2,https://www.checkatrade.com/sitemap/locations/London/E,london_trade_sitemap,2026-09-05,London A-Z trade/service sitemap.,London
Checkatrade,Electrical Heater Repair,Electrical Heater Repair,V2,https://www.checkatrade.com/sitemap/locations/London/E,london_trade_sitemap,2026-09-05,London A-Z trade/service sitemap.,London
Checkatrade,Electrical Installation Condition Report - Safety Checks - EICR,Electrical Installation Condition Report - Safety Checks - EICR,V2,https://www.checkatrade.com/sitemap/locations/London/E,london_trade_sitemap,2026-09-05,London A-Z trade/service sitemap.,London
Checkatrade,Electrical Safety Certificate Cost,Electrical Safety Certificate Cost,V2,https://www.checkatrade.com/sitemap/locations/London/A,london_trade_sitemap,2026-09-05,London A-Z trade/service sitemap.,London
Checkatrade,Electrical Under Floor Heating Installation,Electrical Under Floor Heating Installation,V2,https://www.checkatrade.com/sitemap/locations/London/E,london_trade_sitemap,2026-09-05,London A-Z trade/service sitemap.,London
Checkatrade,Electrical Under Floor Heating Repair,Electrical Under Floor Heating Repair,V2,https://www.checkatrade.com/sitemap/locations/London/E,london_trade_sitemap,2026-09-05,London A-Z trade/service sitemap.,London
Checkatrade,Electrician,Electrician,V2,https://www.checkatrade.com/sitemap/locations/London/E,london_trade_sitemap,2026-09-05,London A-Z trade/service sitemap.,London
Checkatrade,Electricians,Electricians,V2,https://www.checkatrade.com/sitemap/locations/London/A,london_trade_sitemap,2026-09-05,London A-Z trade/service sitemap.,London
Checkatrade,Eligibility Criteria and T&C’s apply,Eligibility Criteria and T&C’s apply,V1,https://join.checkatrade.com/what-you-get/,public_category_page,2026-08-22,Checkatrade public category/onboarding page.,
Checkatrade,Emergency / Fire / Flood Cleaning,Emergency / Fire / Flood Cleaning,V2,https://www.checkatrade.com/sitemap/locations/London/E,london_trade_sitemap,2026-09-05,London A-Z trade/service sitemap.,London
Checkatrade,Emergency Air Conditioning Service,Emergency Air Conditioning Service,V2,https://www.checkatrade.com/sitemap/locations/London/E,london_trade_sitemap,2026-09-05,London A-Z trade/service sitemap.,London
Checkatrade,Emergency Alarms / Security Service,Emergency Alarms / Security Service,V2,https://www.checkatrade.com/sitemap/locations/London/E,london_trade_sitemap,2026-09-05,London A-Z trade/service sitemap.,London
Checkatrade,Emergency Appliance Services / Repair Service,Emergency Appliance Services / Repair Service,V2,https://www.checkatrade.com/sitemap/locations/London/E,london_trade_sitemap,2026-09-05,London A-Z trade/service sitemap.,London
Checkatrade,Emergency Asbestos Service,Emergency Asbestos Service,V2,https://www.checkatrade.com/sitemap/locations/London/E,london_trade_sitemap,2026-09-05,London A-Z trade/service sitemap.,London
Checkatrade,Emergency Bathroom Service,Emergency Bathroom Service,V2,https://www.checkatrade.com/sitemap/locations/London/E,london_trade_sitemap,2026-09-05,London A-Z trade/service sitemap.,London
Checkatrade,Emergency Bricklayer Service,Emergency Bricklayer Service,V2,https://www.checkatrade.com/sitemap/locations/London/E,london_trade_sitemap,2026-09-05,London A-Z trade/service sitemap.,London
Checkatrade,Emergency Builder Service,Emergency Builder Service,V2,https://www.checkatrade.com/sitemap/locations/London/E,london_trade_sitemap,2026-09-05,London A-Z trade/service sitemap.,London
Checkatrade,Emergency Carpenter Service,Emergency Carpenter Service,V2,https://www.checkatrade.com/sitemap/locations/London/E,london_trade_sitemap,2026-09-05,London A-Z trade/service sitemap.,London
Checkatrade,Emergency Carpet and Upholstery Cleaning Service,Emergency Carpet and Upholstery Cleaning Service,V2,https://www.checkatrade.com/sitemap/locations/London/E,london_trade_sitemap,2026-09-05,London A-Z trade/service sitemap.,London
Checkatrade,Emergency Carpets / Flooring Service,Emergency Carpets / Flooring Service,V2,https://www.checkatrade.com/sitemap/locations/London/E,london_trade_sitemap,2026-09-05,London A-Z trade/service sitemap.,London
Checkatrade,Emergency Central Heating Repair,Emergency Central Heating Repair,V2,https://www.checkatrade.com/sitemap/locations/London/E,london_trade_sitemap,2026-09-05,London A-Z trade/service sitemap.,London
Checkatrade,Emergency Chimney Sweep Service,Emergency Chimney Sweep Service,V2,https://www.checkatrade.com/sitemap/locations/London/E,london_trade_sitemap,2026-09-05,London A-Z trade/service sitemap.,London
Checkatrade,Emergency Cleaning Service,Emergency Cleaning Service,V2,https://www.checkatrade.com/sitemap/locations/London/E,london_trade_sitemap,2026-09-05,London A-Z trade/service sitemap.,London
Checkatrade,Emergency Curtains / Blinds / Shutters Service,Emergency Curtains / Blinds / Shutters Service,V2,https://www.checkatrade.com/sitemap/locations/London/E,london_trade_sitemap,2026-09-05,London A-Z trade/service sitemap.,London
Checkatrade,Emergency Damp Proofing Service,Emergency Damp Proofing Service,V2,https://www.checkatrade.com/sitemap/locations/London/E,london_trade_sitemap,2026-09-05,London A-Z trade/service sitemap.,London
Checkatrade,Emergency Drain / Sewer Clearance Service,Emergency Drain / Sewer Clearance Service,V2,https://www.checkatrade.com/sitemap/locations/London/E,london_trade_sitemap,2026-09-05,London A-Z trade/service sitemap.,London
Checkatrade,Emergency Driveways / Patios / Paths Service,Emergency Driveways / Patios / Paths Service,V2,https://www.checkatrade.com/sitemap/locations/London/E,london_trade_sitemap,2026-09-05,London A-Z trade/service sitemap.,London
Checkatrade,Emergency Electrician Service,Emergency Electrician Service,V2,https://www.checkatrade.com/sitemap/locations/London/E,london_trade_sitemap,2026-09-05,London A-Z trade/service sitemap.,London
Checkatrade,Emergency Fascia / Soffits / Guttering Service,Emergency Fascia / Soffits / Guttering Service,V2,https://www.checkatrade.com/sitemap/locations/London/E,london_trade_sitemap,2026-09-05,London A-Z trade/service sitemap.,London
Checkatrade,Emergency Fencing / Gate Service,Emergency Fencing / Gate Service,V2,https://www.checkatrade.com/sitemap/locations/London/E,london_trade_sitemap,2026-09-05,London A-Z trade/service sitemap.,London
Checkatrade,Emergency Fireplaces / Stove Service,Emergency Fireplaces / Stove Service,V2,https://www.checkatrade.com/sitemap/locations/London/E,london_trade_sitemap,2026-09-05,London A-Z trade/service sitemap.,London
Checkatrade,Emergency Furniture Repair / Restoration Service,Emergency Furniture Repair / Restoration Service,V2,https://www.checkatrade.com/sitemap/locations/London/E,london_trade_sitemap,2026-09-05,London A-Z trade/service sitemap.,London
Checkatrade,Emergency Garage / Vehicle Service,Emergency Garage / Vehicle Service,V2,https://www.checkatrade.com/sitemap/locations/London/E,london_trade_sitemap,2026-09-05,London A-Z trade/service sitemap.,London
Checkatrade,Emergency Garage Door Service,Emergency Garage Door Service,V2,https://www.checkatrade.com/sitemap/locations/London/E,london_trade_sitemap,2026-09-05,London A-Z trade/service sitemap.,London
Checkatrade,Emergency Garden Service,Emergency Garden Service,V2,https://www.checkatrade.com/sitemap/locations/London/E,london_trade_sitemap,2026-09-05,London A-Z trade/service sitemap.,London
Checkatrade,Emergency Gas boiler repair,Emergency Gas boiler repair,V2,https://www.checkatrade.com/sitemap/locations/London/E,london_trade_sitemap,2026-09-05,London A-Z trade/service sitemap.,London
Checkatrade,Emergency Groundwork Service,Emergency Groundwork Service,V2,https://www.checkatrade.com/sitemap/locations/London/E,london_trade_sitemap,2026-09-05,London A-Z trade/service sitemap.,London
Checkatrade,Emergency Handyman Service,Emergency Handyman Service,V2,https://www.checkatrade.com/sitemap/locations/London/E,london_trade_sitemap,2026-09-05,London A-Z trade/service sitemap.,London
Checkatrade,Emergency Hire Service,Emergency Hire Service,V2,https://www.checkatrade.com/sitemap/locations/London/E,london_trade_sitemap,2026-09-05,London A-Z trade/service sitemap.,London
Checkatrade,Emergency Home Automation / Media Service,Emergency Home Automation / Media Service,V2,https://www.checkatrade.com/sitemap/locations/London/E,london_trade_sitemap,2026-09-05,London A-Z trade/service sitemap.,London
Checkatrade,Emergency Household Water Treatment Service,Emergency Household Water Treatment Service,V2,https://www.checkatrade.com/sitemap/locations/London/E,london_trade_sitemap,2026-09-05,London A-Z trade/service sitemap.,London
Checkatrade,Emergency IT and Consultancy Service,Emergency IT and Consultancy Service,V2,https://www.checkatrade.com/sitemap/locations/London/E,london_trade_sitemap,2026-09-05,London A-Z trade/service sitemap.,London
Checkatrade,Emergency Kitchen Service,Emergency Kitchen Service,V2,https://www.checkatrade.com/sitemap/locations/London/E,london_trade_sitemap,2026-09-05,London A-Z trade/service sitemap.,London
Checkatrade,Emergency Landlord Service,Emergency Landlord Service,V2,https://www.checkatrade.com/sitemap/locations/London/E,london_trade_sitemap,2026-09-05,London A-Z trade/service sitemap.,London
Checkatrade,Emergency Lighting,Emergency Lighting,V2,https://www.checkatrade.com/sitemap/locations/London/E,london_trade_sitemap,2026-09-05,London A-Z trade/service sitemap.,London
Checkatrade,Emergency Locksmith Service,Emergency Locksmith Service,V2,https://www.checkatrade.com/sitemap/locations/London/E,london_trade_sitemap,2026-09-05,London A-Z trade/service sitemap.,London
Checkatrade,Emergency Metalwork / Blacksmith Service,Emergency Metalwork / Blacksmith Service,V2,https://www.checkatrade.com/sitemap/locations/London/E,london_trade_sitemap,2026-09-05,London A-Z trade/service sitemap.,London
Checkatrade,Emergency Miscellaneous Service,Emergency Miscellaneous Service,V2,https://www.checkatrade.com/sitemap/locations/London/E,london_trade_sitemap,2026-09-05,London A-Z trade/service sitemap.,London
Checkatrade,Emergency Mobility Service,Emergency Mobility Service,V2,https://www.checkatrade.com/sitemap/locations/London/E,london_trade_sitemap,2026-09-05,London A-Z trade/service sitemap.,London
Checkatrade,Emergency Pest / Vermin Control Service,Emergency Pest / Vermin Control Service,V2,https://www.checkatrade.com/sitemap/locations/London/E,london_trade_sitemap,2026-09-05,London A-Z trade/service sitemap.,London
Checkatrade,Emergency Plumber Service,Emergency Plumber Service,V2,https://www.checkatrade.com/sitemap/locations/London/E,london_trade_sitemap,2026-09-05,London A-Z trade/service sitemap.,London
Checkatrade,Emergency Plumbers,Emergency Plumbers,V2,https://www.checkatrade.com/sitemap/locations/London/A,london_trade_sitemap,2026-09-05,London A-Z trade/service sitemap.,London
Checkatrade,Emergency Removals / Storage Service,Emergency Removals / Storage Service,V2,https://www.checkatrade.com/sitemap/locations/London/E,london_trade_sitemap,2026-09-05,London A-Z trade/service sitemap.,London
Checkatrade,Emergency Renewable Energy Service,Emergency Renewable Energy Service,V2,https://www.checkatrade.com/sitemap/locations/London/E,london_trade_sitemap,2026-09-05,London A-Z trade/service sitemap.,London
Checkatrade,Emergency Roofing Service,Emergency Roofing Service,V2,https://www.checkatrade.com/sitemap/locations/London/E,london_trade_sitemap,2026-09-05,London A-Z trade/service sitemap.,London
Checkatrade,Emergency Rubbish / Waste / Clearance Service,Emergency Rubbish / Waste / Clearance Service,V2,https://www.checkatrade.com/sitemap/locations/London/E,london_trade_sitemap,2026-09-05,London A-Z trade/service sitemap.,London
Checkatrade,Emergency Scaffolder Service,Emergency Scaffolder Service,V2,https://www.checkatrade.com/sitemap/locations/London/E,london_trade_sitemap,2026-09-05,London A-Z trade/service sitemap.,London
Checkatrade,Emergency Stonemason Service,Emergency Stonemason Service,V2,https://www.checkatrade.com/sitemap/locations/London/E,london_trade_sitemap,2026-09-05,London A-Z trade/service sitemap.,London
Checkatrade,Emergency Surface Repair Service,Emergency Surface Repair Service,V2,https://www.checkatrade.com/sitemap/locations/London/E,london_trade_sitemap,2026-09-05,London A-Z trade/service sitemap.,London
Checkatrade,Emergency Swimming Pool Service,Emergency Swimming Pool Service,V2,https://www.checkatrade.com/sitemap/locations/London/E,london_trade_sitemap,2026-09-05,London A-Z trade/service sitemap.,London
Checkatrade,Emergency TV Aerials / Satellite Service,Emergency TV Aerials / Satellite Service,V2,https://www.checkatrade.com/sitemap/locations/London/E,london_trade_sitemap,2026-09-05,London A-Z trade/service sitemap.,London
Checkatrade,Emergency Telecommunication Service,Emergency Telecommunication Service,V2,https://www.checkatrade.com/sitemap/locations/London/E,london_trade_sitemap,2026-09-05,London A-Z trade/service sitemap.,London
Checkatrade,Emergency Tiling Service,Emergency Tiling Service,V2,https://www.checkatrade.com/sitemap/locations/London/E,london_trade_sitemap,2026-09-05,London A-Z trade/service sitemap.,London
Checkatrade,Emergency Towing / Transportation Service,Emergency Towing / Transportation Service,V2,https://www.checkatrade.com/sitemap/locations/London/E,london_trade_sitemap,2026-09-05,London A-Z trade/service sitemap.,London
Checkatrade,Emergency Transport Service,Emergency Transport Service,V2,https://www.checkatrade.com/sitemap/locations/London/E,london_trade_sitemap,2026-09-05,London A-Z trade/service sitemap.,London
Checkatrade,Emergency Tree Surgeon Service,Emergency Tree Surgeon Service,V2,https://www.checkatrade.com/sitemap/locations/London/E,london_trade_sitemap,2026-09-05,London A-Z trade/service sitemap.,London
Checkatrade,Emergency Weather Coating Service,Emergency Weather Coating Service,V2,https://www.checkatrade.com/sitemap/locations/London/E,london_trade_sitemap,2026-09-05,London A-Z trade/service sitemap.,London
Checkatrade,Emergency Window Cleaning Service,Emergency Window Cleaning Service,V2,https://www.checkatrade.com/sitemap/locations/London/E,london_trade_sitemap,2026-09-05,London A-Z trade/service sitemap.,London
Checkatrade,Emergency Windows / Doors / Conservatories Service,Emergency Windows / Doors / Conservatories Service,V2,https://www.checkatrade.com/sitemap/locations/London/E,london_trade_sitemap,2026-09-05,London A-Z trade/service sitemap.,London
Checkatrade,End of Tenancy / Move Cleaning,End of Tenancy / Move Cleaning,V2,https://www.checkatrade.com/sitemap/locations/London/E,london_trade_sitemap,2026-09-05,London A-Z trade/service sitemap.,London
Checkatrade,Energy Efficient Lighting,Energy Efficient Lighting,V2,https://www.checkatrade.com/sitemap/locations/London/E,london_trade_sitemap,2026-09-05,London A-Z trade/service sitemap.,London
Checkatrade,Energy Performance Certificate,Energy Performance Certificate,V2,https://www.checkatrade.com/sitemap/locations/London/E,london_trade_sitemap,2026-09-05,London A-Z trade/service sitemap.,London
Checkatrade,Energy Performance Certificate - EPC,Energy Performance Certificate - EPC,V2,https://www.checkatrade.com/sitemap/locations/London/E,london_trade_sitemap,2026-09-05,London A-Z trade/service sitemap.,London
Checkatrade,Energy Tariff Broker,Energy Tariff Broker,V2,https://www.checkatrade.com/sitemap/locations/London/E,london_trade_sitemap,2026-09-05,London A-Z trade/service sitemap.,London
Checkatrade,Engine Cleaning,Engine Cleaning,V2,https://www.checkatrade.com/sitemap/locations/London/E,london_trade_sitemap,2026-09-05,London A-Z trade/service sitemap.,London
Checkatrade,Engine Rebuilding,Engine Rebuilding,V2,https://www.checkatrade.com/sitemap/locations/London/E,london_trade_sitemap,2026-09-05,London A-Z trade/service sitemap.,London
Checkatrade,Equestrian Stable,Equestrian Stable,V2,https://www.checkatrade.com/sitemap/locations/London/E,london_trade_sitemap,2026-09-05,London A-Z trade/service sitemap.,London
Checkatrade,Events Setting,Events Setting,V2,https://www.checkatrade.com/sitemap/locations/London/E,london_trade_sitemap,2026-09-05,London A-Z trade/service sitemap.,London
Checkatrade,Extension Builders,Extension Builders,V2,https://www.checkatrade.com/sitemap/locations/London/E,london_trade_sitemap,2026-09-05,London A-Z trade/service sitemap.,London
Checkatrade,Extensions / Conversions,Extensions / Conversions,V2,https://www.checkatrade.com/sitemap/locations/London/E,london_trade_sitemap,2026-09-05,London A-Z trade/service sitemap.,London
Checkatrade,Exterior Doors Installation,Exterior Doors Installation,V2,https://www.checkatrade.com/sitemap/locations/London/E,london_trade_sitemap,2026-09-05,London A-Z trade/service sitemap.,London
Checkatrade,Exterior Doors Repair,Exterior Doors Repair,V2,https://www.checkatrade.com/sitemap/locations/London/E,london_trade_sitemap,2026-09-05,London A-Z trade/service sitemap.,London
Checkatrade,Exterior Painting,Exterior Painting,V2,https://www.checkatrade.com/sitemap/locations/London/E,london_trade_sitemap,2026-09-05,London A-Z trade/service sitemap.,London
Checkatrade,External Solid Wall Insulation,External Solid Wall Insulation,V2,https://www.checkatrade.com/sitemap/locations/London/E,london_trade_sitemap,2026-09-05,London A-Z trade/service sitemap.,London
Checkatrade,Extractor Fans,Extractor Fans,V2,https://www.checkatrade.com/sitemap/locations/London/E,london_trade_sitemap,2026-09-05,London A-Z trade/service sitemap.,London
Checkatrade,Farm Fencing,Farm Fencing,V2,https://www.checkatrade.com/sitemap/locations/London/F,london_trade_sitemap,2026-09-05,London A-Z trade/service sitemap.,London
Checkatrade,Farm Gate,Farm Gate,V2,https://www.checkatrade.com/sitemap/locations/London/F,london_trade_sitemap,2026-09-05,London A-Z trade/service sitemap.,London
Checkatrade,Farm Shed Builders,Farm Shed Builders,V2,https://www.checkatrade.com/sitemap/locations/London/F,london_trade_sitemap,2026-09-05,London A-Z trade/service sitemap.,London
Checkatrade,Fascia / Soffits / Guttering,Fascia / Soffits / Guttering,V2,https://www.checkatrade.com/sitemap/locations/London/F,london_trade_sitemap,2026-09-05,London A-Z trade/service sitemap.,London
Checkatrade,Fascia / Soffits Repair,Fascia / Soffits Repair,V2,https://www.checkatrade.com/sitemap/locations/London/F,london_trade_sitemap,2026-09-05,London A-Z trade/service sitemap.,London
Checkatrade,Fascia / Soffits Replacement,Fascia / Soffits Replacement,V2,https://www.checkatrade.com/sitemap/locations/London/F,london_trade_sitemap,2026-09-05,London A-Z trade/service sitemap.,London
Checkatrade,Fault Finding,Fault Finding,V2,https://www.checkatrade.com/sitemap/locations/London/F,london_trade_sitemap,2026-09-05,London A-Z trade/service sitemap.,London
Checkatrade,"Feature your business in our national printed directories delivered in over 55,000 inserts.","Feature your business in our national printed directories delivered in over 55,000 inserts.",V1,https://join.checkatrade.com/what-you-get/,public_category_page,2026-08-22,Checkatrade public category/onboarding page.,
Checkatrade,Felt Roofing Installation,Felt Roofing Installation,V2,https://www.checkatrade.com/sitemap/locations/London/F,london_trade_sitemap,2026-09-05,London A-Z trade/service sitemap.,London
Checkatrade,Felt Roofing Repair,Felt Roofing Repair,V2,https://www.checkatrade.com/sitemap/locations/London/F,london_trade_sitemap,2026-09-05,London A-Z trade/service sitemap.,London
Checkatrade,Fence Installation Cost,Fence Installation Cost,V2,https://www.checkatrade.com/sitemap/locations/London/A,london_trade_sitemap,2026-09-05,London A-Z trade/service sitemap.,London
Checkatrade,Fencing / Gates,Fencing / Gates,V2,https://www.checkatrade.com/sitemap/locations/London/F,london_trade_sitemap,2026-09-05,London A-Z trade/service sitemap.,London
Checkatrade,Fencing / Gates Supplier,Fencing / Gates Supplier,V2,https://www.checkatrade.com/sitemap/locations/London/F,london_trade_sitemap,2026-09-05,London A-Z trade/service sitemap.,London
Checkatrade,Fencing Contractor,Fencing Contractor,V2,https://www.checkatrade.com/sitemap/locations/London/F,london_trade_sitemap,2026-09-05,London A-Z trade/service sitemap.,London
Checkatrade,Fencing Contractors,Fencing Contractors,V2,https://www.checkatrade.com/sitemap/locations/London/A,london_trade_sitemap,2026-09-05,London A-Z trade/service sitemap.,London
Checkatrade,Fencing Repair / Replacement,Fencing Repair / Replacement,V2,https://www.checkatrade.com/sitemap/locations/London/F,london_trade_sitemap,2026-09-05,London A-Z trade/service sitemap.,London
Checkatrade,Fibre Glass Roofing Installation,Fibre Glass Roofing Installation,V2,https://www.checkatrade.com/sitemap/locations/London/F,london_trade_sitemap,2026-09-05,London A-Z trade/service sitemap.,London
Checkatrade,Fibre Glass Roofing Repair,Fibre Glass Roofing Repair,V2,https://www.checkatrade.com/sitemap/locations/London/F,london_trade_sitemap,2026-09-05,London A-Z trade/service sitemap.,London
Checkatrade,Find a Gardener,Find a Gardener,V2,https://www.checkatrade.com/sitemap/locations/London/A,london_trade_sitemap,2026-09-05,London A-Z trade/service sitemap.,London
Checkatrade,Find a Tradesman,Find a Tradesman,V2,https://www.checkatrade.com/sitemap/locations/London/A,london_trade_sitemap,2026-09-05,London A-Z trade/service sitemap.,London
Checkatrade,Fire Alarm Installation,Fire Alarm Installation,V2,https://www.checkatrade.com/sitemap/locations/London/F,london_trade_sitemap,2026-09-05,London A-Z trade/service sitemap.,London
Checkatrade,Fire Alarm Servicing,Fire Alarm Servicing,V2,https://www.checkatrade.com/sitemap/locations/London/F,london_trade_sitemap,2026-09-05,London A-Z trade/service sitemap.,London
Checkatrade,Fire Damage Restoration,Fire Damage Restoration,V2,https://www.checkatrade.com/sitemap/locations/London/F,london_trade_sitemap,2026-09-05,London A-Z trade/service sitemap.,London
Checkatrade,Fire Doors Installation,Fire Doors Installation,V2,https://www.checkatrade.com/sitemap/locations/London/F,london_trade_sitemap,2026-09-05,London A-Z trade/service sitemap.,London
Checkatrade,Fire Doors Repair,Fire Doors Repair,V2,https://www.checkatrade.com/sitemap/locations/London/F,london_trade_sitemap,2026-09-05,London A-Z trade/service sitemap.,London
Checkatrade,Fire Extinguishers,Fire Extinguishers,V2,https://www.checkatrade.com/sitemap/locations/London/F,london_trade_sitemap,2026-09-05,London A-Z trade/service sitemap.,London
Checkatrade,Fire Risk Assessment,Fire Risk Assessment,V2,https://www.checkatrade.com/sitemap/locations/London/F,london_trade_sitemap,2026-09-05,London A-Z trade/service sitemap.,London
Checkatrade,Fire and Flood Renovation,Fire and Flood Renovation,V2,https://www.checkatrade.com/sitemap/locations/London/F,london_trade_sitemap,2026-09-05,London A-Z trade/service sitemap.,London
Checkatrade,Fireplace Surround,Fireplace Surround,V2,https://www.checkatrade.com/sitemap/locations/London/F,london_trade_sitemap,2026-09-05,London A-Z trade/service sitemap.,London
Checkatrade,Fireplaces,Fireplaces,V2,https://www.checkatrade.com/sitemap/locations/London/F,london_trade_sitemap,2026-09-05,London A-Z trade/service sitemap.,London
Checkatrade,Fireplaces / Stoves,Fireplaces / Stoves,V2,https://www.checkatrade.com/sitemap/locations/London/F,london_trade_sitemap,2026-09-05,London A-Z trade/service sitemap.,London
Checkatrade,Fitted Wardrobes,Fitted Wardrobes,V2,https://www.checkatrade.com/sitemap/locations/London/F,london_trade_sitemap,2026-09-05,London A-Z trade/service sitemap.,London
Checkatrade,Fix Aluminium Windows,Fix Aluminium Windows,V2,https://www.checkatrade.com/sitemap/locations/London/F,london_trade_sitemap,2026-09-05,London A-Z trade/service sitemap.,London
Checkatrade,Fix Bay Windows,Fix Bay Windows,V2,https://www.checkatrade.com/sitemap/locations/London/F,london_trade_sitemap,2026-09-05,London A-Z trade/service sitemap.,London
Checkatrade,Fix Loft Windows,Fix Loft Windows,V2,https://www.checkatrade.com/sitemap/locations/London/F,london_trade_sitemap,2026-09-05,London A-Z trade/service sitemap.,London
Checkatrade,Fix Roof Windows,Fix Roof Windows,V2,https://www.checkatrade.com/sitemap/locations/London/F,london_trade_sitemap,2026-09-05,London A-Z trade/service sitemap.,London
Checkatrade,Fix Timber / Wooden Windows,Fix Timber / Wooden Windows,V2,https://www.checkatrade.com/sitemap/locations/London/F,london_trade_sitemap,2026-09-05,London A-Z trade/service sitemap.,London
Checkatrade,Fix UPVC Windows,Fix UPVC Windows,V2,https://www.checkatrade.com/sitemap/locations/London/F,london_trade_sitemap,2026-09-05,London A-Z trade/service sitemap.,London
Checkatrade,Fix Window Lock,Fix Window Lock,V2,https://www.checkatrade.com/sitemap/locations/London/F,london_trade_sitemap,2026-09-05,London A-Z trade/service sitemap.,London
Checkatrade,Fix Wooden Sash Windows,Fix Wooden Sash Windows,V2,https://www.checkatrade.com/sitemap/locations/London/F,london_trade_sitemap,2026-09-05,London A-Z trade/service sitemap.,London
Checkatrade,Fixed Lines,Fixed Lines,V2,https://www.checkatrade.com/sitemap/locations/London/F,london_trade_sitemap,2026-09-05,London A-Z trade/service sitemap.,London
Checkatrade,Flat Ceilings,Flat Ceilings,V2,https://www.checkatrade.com/sitemap/locations/London/F,london_trade_sitemap,2026-09-05,London A-Z trade/service sitemap.,London
Checkatrade,Flat Management,Flat Management,V2,https://www.checkatrade.com/sitemap/locations/London/F,london_trade_sitemap,2026-09-05,London A-Z trade/service sitemap.,London
Checkatrade,Flat Packs,Flat Packs,V2,https://www.checkatrade.com/sitemap/locations/London/F,london_trade_sitemap,2026-09-05,London A-Z trade/service sitemap.,London
Checkatrade,Flat Roof Insulation,Flat Roof Insulation,V2,https://www.checkatrade.com/sitemap/locations/London/F,london_trade_sitemap,2026-09-05,London A-Z trade/service sitemap.,London
Checkatrade,Flat Roofing Installation,Flat Roofing Installation,V2,https://www.checkatrade.com/sitemap/locations/London/F,london_trade_sitemap,2026-09-05,London A-Z trade/service sitemap.,London
Checkatrade,Flat Roofing Repair,Flat Roofing Repair,V2,https://www.checkatrade.com/sitemap/locations/London/F,london_trade_sitemap,2026-09-05,London A-Z trade/service sitemap.,London
Checkatrade,Flatpack wardrobe setup,Flatpack wardrobe setup,V2,https://www.checkatrade.com/sitemap/locations/London/F,london_trade_sitemap,2026-09-05,London A-Z trade/service sitemap.,London
Checkatrade,Flint / Stonework,Flint / Stonework,V2,https://www.checkatrade.com/sitemap/locations/London/F,london_trade_sitemap,2026-09-05,London A-Z trade/service sitemap.,London
Checkatrade,Flood Restoration,Flood Restoration,V2,https://www.checkatrade.com/sitemap/locations/London/F,london_trade_sitemap,2026-09-05,London A-Z trade/service sitemap.,London
Checkatrade,Floor Sanding,Floor Sanding,V2,https://www.checkatrade.com/sitemap/locations/London/F,london_trade_sitemap,2026-09-05,London A-Z trade/service sitemap.,London
Checkatrade,Floor Screeding,Floor Screeding,V2,https://www.checkatrade.com/sitemap/locations/London/F,london_trade_sitemap,2026-09-05,London A-Z trade/service sitemap.,London
Checkatrade,Floor Tiling,Floor Tiling,V2,https://www.checkatrade.com/sitemap/locations/London/F,london_trade_sitemap,2026-09-05,London A-Z trade/service sitemap.,London
Checkatrade,Flooring Specialist,Flooring Specialist,V2,https://www.checkatrade.com/sitemap/locations/London/F,london_trade_sitemap,2026-09-05,London A-Z trade/service sitemap.,London
Checkatrade,Foundation Builders,Foundation Builders,V2,https://www.checkatrade.com/sitemap/locations/London/F,london_trade_sitemap,2026-09-05,London A-Z trade/service sitemap.,London
Checkatrade,Foundations,Foundations,V2,https://www.checkatrade.com/sitemap/locations/London/F,london_trade_sitemap,2026-09-05,London A-Z trade/service sitemap.,London
Checkatrade,Freesat,Freesat,V2,https://www.checkatrade.com/sitemap/locations/London/F,london_trade_sitemap,2026-09-05,London A-Z trade/service sitemap.,London
Checkatrade,Freeview,Freeview,V2,https://www.checkatrade.com/sitemap/locations/London/F,london_trade_sitemap,2026-09-05,London A-Z trade/service sitemap.,London
Checkatrade,French Doors Installation,French Doors Installation,V2,https://www.checkatrade.com/sitemap/locations/London/F,london_trade_sitemap,2026-09-05,London A-Z trade/service sitemap.,London
Checkatrade,French Doors Repair,French Doors Repair,V2,https://www.checkatrade.com/sitemap/locations/London/F,london_trade_sitemap,2026-09-05,London A-Z trade/service sitemap.,London
Checkatrade,French Polisher,French Polisher,V2,https://www.checkatrade.com/sitemap/locations/London/F,london_trade_sitemap,2026-09-05,London A-Z trade/service sitemap.,London
Checkatrade,Fridge / Freezer Repair,Fridge / Freezer Repair,V2,https://www.checkatrade.com/sitemap/locations/London/F,london_trade_sitemap,2026-09-05,London A-Z trade/service sitemap.,London
Checkatrade,Frosted Windows,Frosted Windows,V2,https://www.checkatrade.com/sitemap/locations/London/F,london_trade_sitemap,2026-09-05,London A-Z trade/service sitemap.,London
Checkatrade,Fumigation,Fumigation,V2,https://www.checkatrade.com/sitemap/locations/London/F,london_trade_sitemap,2026-09-05,London A-Z trade/service sitemap.,London
Checkatrade,Furniture Repair / Restoration,Furniture Repair / Restoration,V2,https://www.checkatrade.com/sitemap/locations/London/F,london_trade_sitemap,2026-09-05,London A-Z trade/service sitemap.,London
Checkatrade,Fuseboard / Consumer Unit Installation,Fuseboard / Consumer Unit Installation,V2,https://www.checkatrade.com/sitemap/locations/London/F,london_trade_sitemap,2026-09-05,London A-Z trade/service sitemap.,London
Checkatrade,Fuseboard / Consumer Unit Repair,Fuseboard / Consumer Unit Repair,V2,https://www.checkatrade.com/sitemap/locations/London/F,london_trade_sitemap,2026-09-05,London A-Z trade/service sitemap.,London
Checkatrade,Garage / Vehicle Services,Garage / Vehicle Services,V2,https://www.checkatrade.com/sitemap/locations/London/G,london_trade_sitemap,2026-09-05,London A-Z trade/service sitemap.,London
Checkatrade,Garage Conversion Specialists,Garage Conversion Specialists,V2,https://www.checkatrade.com/sitemap/locations/London/G,london_trade_sitemap,2026-09-05,London A-Z trade/service sitemap.,London
Checkatrade,Garage Conversions,Garage Conversions,V2,https://www.checkatrade.com/sitemap/locations/London/G,london_trade_sitemap,2026-09-05,London A-Z trade/service sitemap.,London
Checkatrade,Garage Demolition And Removal,Garage Demolition And Removal,V2,https://www.checkatrade.com/sitemap/locations/London/G,london_trade_sitemap,2026-09-05,London A-Z trade/service sitemap.,London
Checkatrade,Garage Door Installation,Garage Door Installation,V2,https://www.checkatrade.com/sitemap/locations/London/G,london_trade_sitemap,2026-09-05,London A-Z trade/service sitemap.,London
Checkatrade,Garage Door Servicing / Repair,Garage Door Servicing / Repair,V2,https://www.checkatrade.com/sitemap/locations/London/G,london_trade_sitemap,2026-09-05,London A-Z trade/service sitemap.,London
Checkatrade,Garage Door Supplier,Garage Door Supplier,V2,https://www.checkatrade.com/sitemap/locations/London/G,london_trade_sitemap,2026-09-05,London A-Z trade/service sitemap.,London
Checkatrade,Garage Doors,Garage Doors,V2,https://www.checkatrade.com/sitemap/locations/London/G,london_trade_sitemap,2026-09-05,London A-Z trade/service sitemap.,London
Checkatrade,Garage Flooring,Garage Flooring,V2,https://www.checkatrade.com/sitemap/locations/London/G,london_trade_sitemap,2026-09-05,London A-Z trade/service sitemap.,London
Checkatrade,Garden Clearance,Garden Clearance,V2,https://www.checkatrade.com/sitemap/locations/London/G,london_trade_sitemap,2026-09-05,London A-Z trade/service sitemap.,London
Checkatrade,Garden Design,Garden Design,V2,https://www.checkatrade.com/sitemap/locations/London/G,london_trade_sitemap,2026-09-05,London A-Z trade/service sitemap.,London
Checkatrade,Garden Fencing,Garden Fencing,V2,https://www.checkatrade.com/sitemap/locations/London/G,london_trade_sitemap,2026-09-05,London A-Z trade/service sitemap.,London
Checkatrade,Garden Furniture Restoration,Garden Furniture Restoration,V2,https://www.checkatrade.com/sitemap/locations/London/G,london_trade_sitemap,2026-09-05,London A-Z trade/service sitemap.,London
Checkatrade,Garden Lighting,Garden Lighting,V2,https://www.checkatrade.com/sitemap/locations/London/G,london_trade_sitemap,2026-09-05,London A-Z trade/service sitemap.,London
Checkatrade,Garden Logs Supplied / Delivered,Garden Logs Supplied / Delivered,V2,https://www.checkatrade.com/sitemap/locations/London/G,london_trade_sitemap,2026-09-05,London A-Z trade/service sitemap.,London
Checkatrade,Garden Machinery Repairs,Garden Machinery Repairs,V2,https://www.checkatrade.com/sitemap/locations/London/G,london_trade_sitemap,2026-09-05,London A-Z trade/service sitemap.,London
Checkatrade,Garden Maintenance,Garden Maintenance,V2,https://www.checkatrade.com/sitemap/locations/London/G,london_trade_sitemap,2026-09-05,London A-Z trade/service sitemap.,London
Checkatrade,Garden Rooms / Annexes,Garden Rooms / Annexes,V2,https://www.checkatrade.com/sitemap/locations/London/G,london_trade_sitemap,2026-09-05,London A-Z trade/service sitemap.,London
Checkatrade,Garden Shed Suppliers,Garden Shed Suppliers,V2,https://www.checkatrade.com/sitemap/locations/London/G,london_trade_sitemap,2026-09-05,London A-Z trade/service sitemap.,London
Checkatrade,Garden Structures,Garden Structures,V2,https://www.checkatrade.com/sitemap/locations/London/G,london_trade_sitemap,2026-09-05,London A-Z trade/service sitemap.,London
Checkatrade,Garden Studios,Garden Studios,V2,https://www.checkatrade.com/sitemap/locations/London/G,london_trade_sitemap,2026-09-05,London A-Z trade/service sitemap.,London
Checkatrade,Gardener,Gardener,V2,https://www.checkatrade.com/sitemap/locations/London/G,london_trade_sitemap,2026-09-05,London A-Z trade/service sitemap.,London
Checkatrade,Gardeners,Gardeners,V2,https://www.checkatrade.com/sitemap/locations/London/A,london_trade_sitemap,2026-09-05,London A-Z trade/service sitemap.,London
Checkatrade,Gas Boiler Installation,Gas Boiler Installation,V2,https://www.checkatrade.com/sitemap/locations/London/G,london_trade_sitemap,2026-09-05,London A-Z trade/service sitemap.,London
Checkatrade,Gas Boiler Installer,Gas Boiler Installer,V2,https://www.checkatrade.com/sitemap/locations/London/G,london_trade_sitemap,2026-09-05,London A-Z trade/service sitemap.,London
Checkatrade,Gas Boiler Repair,Gas Boiler Repair,V2,https://www.checkatrade.com/sitemap/locations/London/G,london_trade_sitemap,2026-09-05,London A-Z trade/service sitemap.,London
Checkatrade,Gas Boiler Servicing,Gas Boiler Servicing,V2,https://www.checkatrade.com/sitemap/locations/London/G,london_trade_sitemap,2026-09-05,London A-Z trade/service sitemap.,London
Checkatrade,Gas Boiler Servicing / Repair,Gas Boiler Servicing / Repair,V2,https://www.checkatrade.com/sitemap/locations/London/G,london_trade_sitemap,2026-09-05,London A-Z trade/service sitemap.,London
Checkatrade,Gas Central Heating Boiler Replacement,Gas Central Heating Boiler Replacement,V2,https://www.checkatrade.com/sitemap/locations/London/G,london_trade_sitemap,2026-09-05,London A-Z trade/service sitemap.,London
Checkatrade,Gas Central Heating Engineers,Gas Central Heating Engineers,V2,https://www.checkatrade.com/sitemap/locations/London/G,london_trade_sitemap,2026-09-05,London A-Z trade/service sitemap.,London
Checkatrade,Gas Central Heating Installation,Gas Central Heating Installation,V2,https://www.checkatrade.com/sitemap/locations/London/G,london_trade_sitemap,2026-09-05,London A-Z trade/service sitemap.,London
Checkatrade,Gas Central Heating Servicing / Repair,Gas Central Heating Servicing / Repair,V2,https://www.checkatrade.com/sitemap/locations/London/G,london_trade_sitemap,2026-09-05,London A-Z trade/service sitemap.,London
Checkatrade,Gas Cooker Disposal,Gas Cooker Disposal,V2,https://www.checkatrade.com/sitemap/locations/London/G,london_trade_sitemap,2026-09-05,London A-Z trade/service sitemap.,London
Checkatrade,Gas Cooker Installation,Gas Cooker Installation,V2,https://www.checkatrade.com/sitemap/locations/London/G,london_trade_sitemap,2026-09-05,London A-Z trade/service sitemap.,London
Checkatrade,Gas Cooker Repair,Gas Cooker Repair,V2,https://www.checkatrade.com/sitemap/locations/London/G,london_trade_sitemap,2026-09-05,London A-Z trade/service sitemap.,London
Checkatrade,Gas Fire Installation,Gas Fire Installation,V2,https://www.checkatrade.com/sitemap/locations/London/G,london_trade_sitemap,2026-09-05,London A-Z trade/service sitemap.,London
Checkatrade,Gas Fire Servicing / Repair,Gas Fire Servicing / Repair,V2,https://www.checkatrade.com/sitemap/locations/London/G,london_trade_sitemap,2026-09-05,London A-Z trade/service sitemap.,London
Checkatrade,Gas Safety Checks - CP12,Gas Safety Checks - CP12,V2,https://www.checkatrade.com/sitemap/locations/London/G,london_trade_sitemap,2026-09-05,London A-Z trade/service sitemap.,London
Checkatrade,Gas boiler replacement,Gas boiler replacement,V2,https://www.checkatrade.com/sitemap/locations/London/G,london_trade_sitemap,2026-09-05,London A-Z trade/service sitemap.,London
Checkatrade,Gate Automation,Gate Automation,V2,https://www.checkatrade.com/sitemap/locations/London/G,london_trade_sitemap,2026-09-05,London A-Z trade/service sitemap.,London
Checkatrade,Gates,Gates,V2,https://www.checkatrade.com/sitemap/locations/London/G,london_trade_sitemap,2026-09-05,London A-Z trade/service sitemap.,London
Checkatrade,Gearbox,Gearbox,V2,https://www.checkatrade.com/sitemap/locations/London/G,london_trade_sitemap,2026-09-05,London A-Z trade/service sitemap.,London
Checkatrade,General Building,General Building,V2,https://www.checkatrade.com/sitemap/locations/London/G,london_trade_sitemap,2026-09-05,London A-Z trade/service sitemap.,London
Checkatrade,General Carpentry,General Carpentry,V2,https://www.checkatrade.com/sitemap/locations/London/G,london_trade_sitemap,2026-09-05,London A-Z trade/service sitemap.,London
Checkatrade,General Plumbing,General Plumbing,V2,https://www.checkatrade.com/sitemap/locations/London/G,london_trade_sitemap,2026-09-05,London A-Z trade/service sitemap.,London
Checkatrade,Glass,Glass,V2,https://www.checkatrade.com/sitemap/locations/London/G,london_trade_sitemap,2026-09-05,London A-Z trade/service sitemap.,London
Checkatrade,Glass Balustrades,Glass Balustrades,V2,https://www.checkatrade.com/sitemap/locations/London/G,london_trade_sitemap,2026-09-05,London A-Z trade/service sitemap.,London
Checkatrade,Glass Polishing,Glass Polishing,V2,https://www.checkatrade.com/sitemap/locations/London/G,london_trade_sitemap,2026-09-05,London A-Z trade/service sitemap.,London
Checkatrade,Glass Replacement,Glass Replacement,V2,https://www.checkatrade.com/sitemap/locations/London/G,london_trade_sitemap,2026-09-05,London A-Z trade/service sitemap.,London
Checkatrade,Glass Restoration,Glass Restoration,V2,https://www.checkatrade.com/sitemap/locations/London/G,london_trade_sitemap,2026-09-05,London A-Z trade/service sitemap.,London
Checkatrade,Glass Roof Installation,Glass Roof Installation,V2,https://www.checkatrade.com/sitemap/locations/London/G,london_trade_sitemap,2026-09-05,London A-Z trade/service sitemap.,London
Checkatrade,Glass Roof Repair,Glass Roof Repair,V2,https://www.checkatrade.com/sitemap/locations/London/G,london_trade_sitemap,2026-09-05,London A-Z trade/service sitemap.,London
Checkatrade,Glass Shower Screens,Glass Shower Screens,V2,https://www.checkatrade.com/sitemap/locations/London/G,london_trade_sitemap,2026-09-05,London A-Z trade/service sitemap.,London
Checkatrade,Glass Splashbacks,Glass Splashbacks,V2,https://www.checkatrade.com/sitemap/locations/London/G,london_trade_sitemap,2026-09-05,London A-Z trade/service sitemap.,London
Checkatrade,Glass Surface Repair,Glass Surface Repair,V2,https://www.checkatrade.com/sitemap/locations/London/G,london_trade_sitemap,2026-09-05,London A-Z trade/service sitemap.,London
Checkatrade,Glazier,Glazier,V2,https://www.checkatrade.com/sitemap/locations/London/G,london_trade_sitemap,2026-09-05,London A-Z trade/service sitemap.,London
Checkatrade,Golf / Bowls Greens,Golf / Bowls Greens,V2,https://www.checkatrade.com/sitemap/locations/London/G,london_trade_sitemap,2026-09-05,London A-Z trade/service sitemap.,London
Checkatrade,Grab hire,Grab hire,V2,https://www.checkatrade.com/sitemap/locations/London/G,london_trade_sitemap,2026-09-05,London A-Z trade/service sitemap.,London
Checkatrade,Graffiti Remover,Graffiti Remover,V2,https://www.checkatrade.com/sitemap/locations/London/G,london_trade_sitemap,2026-09-05,London A-Z trade/service sitemap.,London
Checkatrade,Graphic Designers,Graphic Designers,V2,https://www.checkatrade.com/sitemap/locations/London/G,london_trade_sitemap,2026-09-05,London A-Z trade/service sitemap.,London
Checkatrade,Grass Cutting,Grass Cutting,V2,https://www.checkatrade.com/sitemap/locations/London/G,london_trade_sitemap,2026-09-05,London A-Z trade/service sitemap.,London
Checkatrade,Gravel / Shingle Driveways,Gravel / Shingle Driveways,V2,https://www.checkatrade.com/sitemap/locations/London/G,london_trade_sitemap,2026-09-05,London A-Z trade/service sitemap.,London
Checkatrade,Gravestone Renovation,Gravestone Renovation,V2,https://www.checkatrade.com/sitemap/locations/London/G,london_trade_sitemap,2026-09-05,London A-Z trade/service sitemap.,London
Checkatrade,Green Oak Framing,Green Oak Framing,V2,https://www.checkatrade.com/sitemap/locations/London/G,london_trade_sitemap,2026-09-05,London A-Z trade/service sitemap.,London
Checkatrade,Green Roofing Installation,Green Roofing Installation,V2,https://www.checkatrade.com/sitemap/locations/London/G,london_trade_sitemap,2026-09-05,London A-Z trade/service sitemap.,London
Checkatrade,Green Roofing Repair,Green Roofing Repair,V2,https://www.checkatrade.com/sitemap/locations/London/G,london_trade_sitemap,2026-09-05,London A-Z trade/service sitemap.,London
Checkatrade,Greenhouse Installation,Greenhouse Installation,V2,https://www.checkatrade.com/sitemap/locations/London/G,london_trade_sitemap,2026-09-05,London A-Z trade/service sitemap.,London
Checkatrade,Greenhouse Supplier,Greenhouse Supplier,V2,https://www.checkatrade.com/sitemap/locations/London/G,london_trade_sitemap,2026-09-05,London A-Z trade/service sitemap.,London
Checkatrade,Gritting,Gritting,V2,https://www.checkatrade.com/sitemap/locations/London/G,london_trade_sitemap,2026-09-05,London A-Z trade/service sitemap.,London
Checkatrade,Ground Source Heat Pump Engineers,Ground Source Heat Pump Engineers,V2,https://www.checkatrade.com/sitemap/locations/London/G,london_trade_sitemap,2026-09-05,London A-Z trade/service sitemap.,London
Checkatrade,Ground Source Heat Pump Installation - GSHP,Ground Source Heat Pump Installation - GSHP,V2,https://www.checkatrade.com/sitemap/locations/London/G,london_trade_sitemap,2026-09-05,London A-Z trade/service sitemap.,London
Checkatrade,Ground Source Heat Pump Installers,Ground Source Heat Pump Installers,V2,https://www.checkatrade.com/sitemap/locations/London/G,london_trade_sitemap,2026-09-05,London A-Z trade/service sitemap.,London
Checkatrade,Ground Source Heat Pump Repair,Ground Source Heat Pump Repair,V2,https://www.checkatrade.com/sitemap/locations/London/G,london_trade_sitemap,2026-09-05,London A-Z trade/service sitemap.,London
Checkatrade,Ground Source Heat Pump Servicing,Ground Source Heat Pump Servicing,V2,https://www.checkatrade.com/sitemap/locations/London/G,london_trade_sitemap,2026-09-05,London A-Z trade/service sitemap.,London
Checkatrade,Ground Source Heat Pump Servicing / Repair - GSHP,Ground Source Heat Pump Servicing / Repair - GSHP,V2,https://www.checkatrade.com/sitemap/locations/London/G,london_trade_sitemap,2026-09-05,London A-Z trade/service sitemap.,London
Checkatrade,Grounds Maintenance,Grounds Maintenance,V2,https://www.checkatrade.com/sitemap/locations/London/G,london_trade_sitemap,2026-09-05,London A-Z trade/service sitemap.,London
Checkatrade,Groundworks,Groundworks,V2,https://www.checkatrade.com/sitemap/locations/London/G,london_trade_sitemap,2026-09-05,London A-Z trade/service sitemap.,London
Checkatrade,Gutter Cleaning,Gutter Cleaning,V2,https://www.checkatrade.com/sitemap/locations/London/A,london_trade_sitemap,2026-09-05,London A-Z trade/service sitemap.,London
Checkatrade,Gutter Cleaning & Clearance,Gutter Cleaning & Clearance,V2,https://www.checkatrade.com/sitemap/locations/London/G,london_trade_sitemap,2026-09-05,London A-Z trade/service sitemap.,London
Checkatrade,Gutter Cleaning Cost,Gutter Cleaning Cost,V2,https://www.checkatrade.com/sitemap/locations/London/A,london_trade_sitemap,2026-09-05,London A-Z trade/service sitemap.,London
Checkatrade,Gutter Repair,Gutter Repair,V2,https://www.checkatrade.com/sitemap/locations/London/A,london_trade_sitemap,2026-09-05,London A-Z trade/service sitemap.,London
Checkatrade,Hand Made Tiles,Hand Made Tiles,V2,https://www.checkatrade.com/sitemap/locations/London/H,london_trade_sitemap,2026-09-05,London A-Z trade/service sitemap.,London
Checkatrade,Handmade Kitchens Designed / Installed,Handmade Kitchens Designed / Installed,V2,https://www.checkatrade.com/sitemap/locations/London/H,london_trade_sitemap,2026-09-05,London A-Z trade/service sitemap.,London
Checkatrade,Handrails,Handrails,V2,https://www.checkatrade.com/sitemap/locations/London/H,london_trade_sitemap,2026-09-05,London A-Z trade/service sitemap.,London
Checkatrade,Handyman,Handyman,V2,https://www.checkatrade.com/sitemap/locations/London/A,london_trade_sitemap,2026-09-05,London A-Z trade/service sitemap.,London
Checkatrade,Hard Floor Cleaning,Hard Floor Cleaning,V2,https://www.checkatrade.com/sitemap/locations/London/H,london_trade_sitemap,2026-09-05,London A-Z trade/service sitemap.,London
Checkatrade,Hard Landscaping,Hard Landscaping,V2,https://www.checkatrade.com/sitemap/locations/London/H,london_trade_sitemap,2026-09-05,London A-Z trade/service sitemap.,London
Checkatrade,Hardware Consultants / Technicians,Hardware Consultants / Technicians,V2,https://www.checkatrade.com/sitemap/locations/London/H,london_trade_sitemap,2026-09-05,London A-Z trade/service sitemap.,London
Checkatrade,Hardwood Flooring Specialist,Hardwood Flooring Specialist,V2,https://www.checkatrade.com/sitemap/locations/London/H,london_trade_sitemap,2026-09-05,London A-Z trade/service sitemap.,London
Checkatrade,Haulage,Haulage,V2,https://www.checkatrade.com/sitemap/locations/London/H,london_trade_sitemap,2026-09-05,London A-Z trade/service sitemap.,London
Checkatrade,Hedge Trimming / Removal,Hedge Trimming / Removal,V2,https://www.checkatrade.com/sitemap/locations/London/H,london_trade_sitemap,2026-09-05,London A-Z trade/service sitemap.,London
Checkatrade,Heritage Property Specialist,Heritage Property Specialist,V2,https://www.checkatrade.com/sitemap/locations/London/H,london_trade_sitemap,2026-09-05,London A-Z trade/service sitemap.,London
Checkatrade,Hire Services,Hire Services,V2,https://www.checkatrade.com/sitemap/locations/London/H,london_trade_sitemap,2026-09-05,London A-Z trade/service sitemap.,London
Checkatrade,Hire a Damp Surveyor,Hire a Damp Surveyor,V2,https://www.checkatrade.com/sitemap/locations/London/A,london_trade_sitemap,2026-09-05,London A-Z trade/service sitemap.,London
Checkatrade,Hive Heating Installers,Hive Heating Installers,V2,https://www.checkatrade.com/sitemap/locations/London/H,london_trade_sitemap,2026-09-05,London A-Z trade/service sitemap.,London
Checkatrade,Holiday Let Cleaning Services,Holiday Let Cleaning Services,V2,https://www.checkatrade.com/sitemap/locations/London/H,london_trade_sitemap,2026-09-05,London A-Z trade/service sitemap.,London
Checkatrade,Home Automation,Home Automation,V2,https://www.checkatrade.com/sitemap/locations/London/H,london_trade_sitemap,2026-09-05,London A-Z trade/service sitemap.,London
Checkatrade,Home Automation / Media,Home Automation / Media,V2,https://www.checkatrade.com/sitemap/locations/London/H,london_trade_sitemap,2026-09-05,London A-Z trade/service sitemap.,London
Checkatrade,Home Cinema,Home Cinema,V2,https://www.checkatrade.com/sitemap/locations/London/H,london_trade_sitemap,2026-09-05,London A-Z trade/service sitemap.,London
Checkatrade,Home Interior Designer,Home Interior Designer,V2,https://www.checkatrade.com/sitemap/locations/London/H,london_trade_sitemap,2026-09-05,London A-Z trade/service sitemap.,London
Checkatrade,Home Networks,Home Networks,V2,https://www.checkatrade.com/sitemap/locations/London/H,london_trade_sitemap,2026-09-05,London A-Z trade/service sitemap.,London
Checkatrade,Home Offices,Home Offices,V2,https://www.checkatrade.com/sitemap/locations/London/H,london_trade_sitemap,2026-09-05,London A-Z trade/service sitemap.,London
Checkatrade,HomeBuyer Report,HomeBuyer Report,V2,https://www.checkatrade.com/sitemap/locations/London/H,london_trade_sitemap,2026-09-05,London A-Z trade/service sitemap.,London
Checkatrade,Horse Stable Builders,Horse Stable Builders,V2,https://www.checkatrade.com/sitemap/locations/London/H,london_trade_sitemap,2026-09-05,London A-Z trade/service sitemap.,London
Checkatrade,Hot Melt Roofing Installation,Hot Melt Roofing Installation,V2,https://www.checkatrade.com/sitemap/locations/London/H,london_trade_sitemap,2026-09-05,London A-Z trade/service sitemap.,London
Checkatrade,Hot Melt Roofing Repair,Hot Melt Roofing Repair,V2,https://www.checkatrade.com/sitemap/locations/London/H,london_trade_sitemap,2026-09-05,London A-Z trade/service sitemap.,London
Checkatrade,Hot Tub Installation,Hot Tub Installation,V2,https://www.checkatrade.com/sitemap/locations/London/H,london_trade_sitemap,2026-09-05,London A-Z trade/service sitemap.,London
Checkatrade,Hot Tub Servicing,Hot Tub Servicing,V2,https://www.checkatrade.com/sitemap/locations/London/H,london_trade_sitemap,2026-09-05,London A-Z trade/service sitemap.,London
Checkatrade,Hot Tub Supplier,Hot Tub Supplier,V2,https://www.checkatrade.com/sitemap/locations/London/H,london_trade_sitemap,2026-09-05,London A-Z trade/service sitemap.,London
Checkatrade,Hot Tub Wiring,Hot Tub Wiring,V2,https://www.checkatrade.com/sitemap/locations/London/H,london_trade_sitemap,2026-09-05,London A-Z trade/service sitemap.,London
Checkatrade,Hot Tubs / Spas,Hot Tubs / Spas,V2,https://www.checkatrade.com/sitemap/locations/London/H,london_trade_sitemap,2026-09-05,London A-Z trade/service sitemap.,London
Checkatrade,House Clearance,House Clearance,V2,https://www.checkatrade.com/sitemap/locations/London/H,london_trade_sitemap,2026-09-05,London A-Z trade/service sitemap.,London
Checkatrade,House Extension Cost,House Extension Cost,V2,https://www.checkatrade.com/sitemap/locations/London/A,london_trade_sitemap,2026-09-05,London A-Z trade/service sitemap.,London
Checkatrade,House Removal,House Removal,V2,https://www.checkatrade.com/sitemap/locations/London/H,london_trade_sitemap,2026-09-05,London A-Z trade/service sitemap.,London
Checkatrade,House Rewiring,House Rewiring,V2,https://www.checkatrade.com/sitemap/locations/London/H,london_trade_sitemap,2026-09-05,London A-Z trade/service sitemap.,London
Checkatrade,Household Water Treatment,Household Water Treatment,V2,https://www.checkatrade.com/sitemap/locations/London/H,london_trade_sitemap,2026-09-05,London A-Z trade/service sitemap.,London
Checkatrade,IT Planning and Construction,IT Planning and Construction,V2,https://www.checkatrade.com/sitemap/locations/London/I,london_trade_sitemap,2026-09-05,London A-Z trade/service sitemap.,London
Checkatrade,IT Project Management,IT Project Management,V2,https://www.checkatrade.com/sitemap/locations/London/I,london_trade_sitemap,2026-09-05,London A-Z trade/service sitemap.,London
Checkatrade,IT and Consultancy,IT and Consultancy,V2,https://www.checkatrade.com/sitemap/locations/London/I,london_trade_sitemap,2026-09-05,London A-Z trade/service sitemap.,London
Checkatrade,Immersion Heater Installation,Immersion Heater Installation,V2,https://www.checkatrade.com/sitemap/locations/London/I,london_trade_sitemap,2026-09-05,London A-Z trade/service sitemap.,London
Checkatrade,Immersion Heater Repair,Immersion Heater Repair,V2,https://www.checkatrade.com/sitemap/locations/London/I,london_trade_sitemap,2026-09-05,London A-Z trade/service sitemap.,London
Checkatrade,Industrial Doors,Industrial Doors,V2,https://www.checkatrade.com/sitemap/locations/London/I,london_trade_sitemap,2026-09-05,London A-Z trade/service sitemap.,London
Checkatrade,Industrial Garage Doors,Industrial Garage Doors,V2,https://www.checkatrade.com/sitemap/locations/London/I,london_trade_sitemap,2026-09-05,London A-Z trade/service sitemap.,London
Checkatrade,Information Centre,Information Centre,V2,https://www.checkatrade.com/sitemap/locations/London/A,london_trade_sitemap,2026-09-05,London A-Z trade/service sitemap.,London
Checkatrade,Insect Screens,Insect Screens,V2,https://www.checkatrade.com/sitemap/locations/London/I,london_trade_sitemap,2026-09-05,London A-Z trade/service sitemap.,London
Checkatrade,Insulated Rendering,Insulated Rendering,V2,https://www.checkatrade.com/sitemap/locations/London/I,london_trade_sitemap,2026-09-05,London A-Z trade/service sitemap.,London
Checkatrade,Insulation,Insulation,V2,https://www.checkatrade.com/sitemap/locations/London/I,london_trade_sitemap,2026-09-05,London A-Z trade/service sitemap.,London
Checkatrade,Insurance Claim Specialist,Insurance Claim Specialist,V2,https://www.checkatrade.com/sitemap/locations/London/I,london_trade_sitemap,2026-09-05,London A-Z trade/service sitemap.,London
Checkatrade,Integral Blinds,Integral Blinds,V2,https://www.checkatrade.com/sitemap/locations/London/I,london_trade_sitemap,2026-09-05,London A-Z trade/service sitemap.,London
Checkatrade,Intercom Entry Systems,Intercom Entry Systems,V2,https://www.checkatrade.com/sitemap/locations/London/I,london_trade_sitemap,2026-09-05,London A-Z trade/service sitemap.,London
Checkatrade,Interior Designer,Interior Designer,V2,https://www.checkatrade.com/sitemap/locations/London/I,london_trade_sitemap,2026-09-05,London A-Z trade/service sitemap.,London
Checkatrade,Interior Window Shutter Fitters,Interior Window Shutter Fitters,V2,https://www.checkatrade.com/sitemap/locations/London/I,london_trade_sitemap,2026-09-05,London A-Z trade/service sitemap.,London
Checkatrade,Interlocking Floor Tiles,Interlocking Floor Tiles,V2,https://www.checkatrade.com/sitemap/locations/London/I,london_trade_sitemap,2026-09-05,London A-Z trade/service sitemap.,London
Checkatrade,Internal Door Fitters,Internal Door Fitters,V2,https://www.checkatrade.com/sitemap/locations/London/A,london_trade_sitemap,2026-09-05,London A-Z trade/service sitemap.,London
Checkatrade,Internal Solid Wall Insulation,Internal Solid Wall Insulation,V2,https://www.checkatrade.com/sitemap/locations/London/I,london_trade_sitemap,2026-09-05,London A-Z trade/service sitemap.,London
Checkatrade,Internet Services,Internet Services,V2,https://www.checkatrade.com/sitemap/locations/London/I,london_trade_sitemap,2026-09-05,London A-Z trade/service sitemap.,London
Checkatrade,Intruder Alarms,Intruder Alarms,V2,https://www.checkatrade.com/sitemap/locations/London/I,london_trade_sitemap,2026-09-05,London A-Z trade/service sitemap.,London
Checkatrade,Ironing,Ironing,V2,https://www.checkatrade.com/sitemap/locations/London/I,london_trade_sitemap,2026-09-05,London A-Z trade/service sitemap.,London
Checkatrade,Irrigation Systems,Irrigation Systems,V2,https://www.checkatrade.com/sitemap/locations/London/I,london_trade_sitemap,2026-09-05,London A-Z trade/service sitemap.,London
Checkatrade,Japanese Knotweed,Japanese Knotweed,V2,https://www.checkatrade.com/sitemap/locations/London/J,london_trade_sitemap,2026-09-05,London A-Z trade/service sitemap.,London
Checkatrade,Jet / Pressure Washing,Jet / Pressure Washing,V2,https://www.checkatrade.com/sitemap/locations/London/J,london_trade_sitemap,2026-09-05,London A-Z trade/service sitemap.,London
Checkatrade,Joinery,Joinery,V2,https://www.checkatrade.com/sitemap/locations/London/J,london_trade_sitemap,2026-09-05,London A-Z trade/service sitemap.,London
Checkatrade,K Rend,K Rend,V2,https://www.checkatrade.com/sitemap/locations/London/K,london_trade_sitemap,2026-09-05,London A-Z trade/service sitemap.,London
Checkatrade,Key Cutting,Key Cutting,V2,https://www.checkatrade.com/sitemap/locations/London/K,london_trade_sitemap,2026-09-05,London A-Z trade/service sitemap.,London
Checkatrade,Kitchen Appliance Supplier,Kitchen Appliance Supplier,V2,https://www.checkatrade.com/sitemap/locations/London/K,london_trade_sitemap,2026-09-05,London A-Z trade/service sitemap.,London
Checkatrade,Kitchen Designers,Kitchen Designers,V2,https://www.checkatrade.com/sitemap/locations/London/K,london_trade_sitemap,2026-09-05,London A-Z trade/service sitemap.,London
Checkatrade,Kitchen Doors - Installation,Kitchen Doors - Installation,V2,https://www.checkatrade.com/sitemap/locations/London/K,london_trade_sitemap,2026-09-05,London A-Z trade/service sitemap.,London
Checkatrade,Kitchen Doors - Repair,Kitchen Doors - Repair,V2,https://www.checkatrade.com/sitemap/locations/London/K,london_trade_sitemap,2026-09-05,London A-Z trade/service sitemap.,London
Checkatrade,Kitchen Doors - Supply & Installation,Kitchen Doors - Supply & Installation,V2,https://www.checkatrade.com/sitemap/locations/London/K,london_trade_sitemap,2026-09-05,London A-Z trade/service sitemap.,London
Checkatrade,Kitchen Extraction Cleaning,Kitchen Extraction Cleaning,V2,https://www.checkatrade.com/sitemap/locations/London/K,london_trade_sitemap,2026-09-05,London A-Z trade/service sitemap.,London
Checkatrade,Kitchen Fitters - Installation,Kitchen Fitters - Installation,V2,https://www.checkatrade.com/sitemap/locations/London/K,london_trade_sitemap,2026-09-05,London A-Z trade/service sitemap.,London
Checkatrade,Kitchen Fitters - Supply & Installation,Kitchen Fitters - Supply & Installation,V2,https://www.checkatrade.com/sitemap/locations/London/K,london_trade_sitemap,2026-09-05,London A-Z trade/service sitemap.,London
Checkatrade,Kitchen Refurbishments,Kitchen Refurbishments,V2,https://www.checkatrade.com/sitemap/locations/London/K,london_trade_sitemap,2026-09-05,London A-Z trade/service sitemap.,London
Checkatrade,Kitchen Showroom,Kitchen Showroom,V2,https://www.checkatrade.com/sitemap/locations/London/K,london_trade_sitemap,2026-09-05,London A-Z trade/service sitemap.,London
Checkatrade,Kitchen Supplier,Kitchen Supplier,V2,https://www.checkatrade.com/sitemap/locations/London/K,london_trade_sitemap,2026-09-05,London A-Z trade/service sitemap.,London
Checkatrade,Kitchens,Kitchens,V2,https://www.checkatrade.com/sitemap/locations/London/K,london_trade_sitemap,2026-09-05,London A-Z trade/service sitemap.,London
Checkatrade,LED Lighting,LED Lighting,V2,https://www.checkatrade.com/sitemap/locations/London/L,london_trade_sitemap,2026-09-05,London A-Z trade/service sitemap.,London
Checkatrade,LPG Boiler Installation,LPG Boiler Installation,V2,https://www.checkatrade.com/sitemap/locations/London/L,london_trade_sitemap,2026-09-05,London A-Z trade/service sitemap.,London
Checkatrade,LPG Boiler Repair,LPG Boiler Repair,V2,https://www.checkatrade.com/sitemap/locations/London/L,london_trade_sitemap,2026-09-05,London A-Z trade/service sitemap.,London
Checkatrade,LPG Boiler Servicing,LPG Boiler Servicing,V2,https://www.checkatrade.com/sitemap/locations/London/L,london_trade_sitemap,2026-09-05,London A-Z trade/service sitemap.,London
Checkatrade,LPG Central Heating Installation,LPG Central Heating Installation,V2,https://www.checkatrade.com/sitemap/locations/London/L,london_trade_sitemap,2026-09-05,London A-Z trade/service sitemap.,London
Checkatrade,LPG Central Heating Servicing / Repair,LPG Central Heating Servicing / Repair,V2,https://www.checkatrade.com/sitemap/locations/London/L,london_trade_sitemap,2026-09-05,London A-Z trade/service sitemap.,London
Checkatrade,LPG Heating Engineers,LPG Heating Engineers,V2,https://www.checkatrade.com/sitemap/locations/London/L,london_trade_sitemap,2026-09-05,London A-Z trade/service sitemap.,London
Checkatrade,Laminate Flooring,Laminate Flooring,V2,https://www.checkatrade.com/sitemap/locations/London/L,london_trade_sitemap,2026-09-05,London A-Z trade/service sitemap.,London
Checkatrade,Land Appraisal,Land Appraisal,V2,https://www.checkatrade.com/sitemap/locations/London/L,london_trade_sitemap,2026-09-05,London A-Z trade/service sitemap.,London
Checkatrade,Land Surveyors,Land Surveyors,V2,https://www.checkatrade.com/sitemap/locations/London/L,london_trade_sitemap,2026-09-05,London A-Z trade/service sitemap.,London
Checkatrade,Landlord Inventories,Landlord Inventories,V2,https://www.checkatrade.com/sitemap/locations/London/L,london_trade_sitemap,2026-09-05,London A-Z trade/service sitemap.,London
Checkatrade,Landlord Inventories - Mid Tenancy Inspection,Landlord Inventories - Mid Tenancy Inspection,V2,https://www.checkatrade.com/sitemap/locations/London/L,london_trade_sitemap,2026-09-05,London A-Z trade/service sitemap.,London
Checkatrade,Landlord Inventories - Tenant Check In,Landlord Inventories - Tenant Check In,V2,https://www.checkatrade.com/sitemap/locations/London/L,london_trade_sitemap,2026-09-05,London A-Z trade/service sitemap.,London
Checkatrade,Landlord Inventories - Tenant Check Out,Landlord Inventories - Tenant Check Out,V2,https://www.checkatrade.com/sitemap/locations/London/L,london_trade_sitemap,2026-09-05,London A-Z trade/service sitemap.,London
Checkatrade,Landlord Services,Landlord Services,V2,https://www.checkatrade.com/sitemap/locations/London/L,london_trade_sitemap,2026-09-05,London A-Z trade/service sitemap.,London
Checkatrade,Landscape Contractor,Landscape Contractor,V2,https://www.checkatrade.com/sitemap/locations/London/L,london_trade_sitemap,2026-09-05,London A-Z trade/service sitemap.,London
Checkatrade,Landscaper,Landscaper,V2,https://www.checkatrade.com/sitemap/locations/London/L,london_trade_sitemap,2026-09-05,London A-Z trade/service sitemap.,London
Checkatrade,Landscapers,Landscapers,V2,https://www.checkatrade.com/sitemap/locations/London/A,london_trade_sitemap,2026-09-05,London A-Z trade/service sitemap.,London
Checkatrade,Laptop Repairs,Laptop Repairs,V2,https://www.checkatrade.com/sitemap/locations/London/L,london_trade_sitemap,2026-09-05,London A-Z trade/service sitemap.,London
Checkatrade,Laser Cutting Stainless Steel,Laser Cutting Stainless Steel,V2,https://www.checkatrade.com/sitemap/locations/London/L,london_trade_sitemap,2026-09-05,London A-Z trade/service sitemap.,London
Checkatrade,Lath Plastering,Lath Plastering,V2,https://www.checkatrade.com/sitemap/locations/London/L,london_trade_sitemap,2026-09-05,London A-Z trade/service sitemap.,London
Checkatrade,Laundry Service,Laundry Service,V2,https://www.checkatrade.com/sitemap/locations/London/L,london_trade_sitemap,2026-09-05,London A-Z trade/service sitemap.,London
Checkatrade,Lawn Aeration,Lawn Aeration,V2,https://www.checkatrade.com/sitemap/locations/London/L,london_trade_sitemap,2026-09-05,London A-Z trade/service sitemap.,London
Checkatrade,Lawn Care,Lawn Care,V2,https://www.checkatrade.com/sitemap/locations/London/L,london_trade_sitemap,2026-09-05,London A-Z trade/service sitemap.,London
Checkatrade,Lawn Treatment,Lawn Treatment,V2,https://www.checkatrade.com/sitemap/locations/London/L,london_trade_sitemap,2026-09-05,London A-Z trade/service sitemap.,London
Checkatrade,Lead flashing,Lead flashing,V2,https://www.checkatrade.com/sitemap/locations/London/L,london_trade_sitemap,2026-09-05,London A-Z trade/service sitemap.,London
Checkatrade,Leadwork,Leadwork,V2,https://www.checkatrade.com/sitemap/locations/London/L,london_trade_sitemap,2026-09-05,London A-Z trade/service sitemap.,London
Checkatrade,Leadworks Installation,Leadworks Installation,V2,https://www.checkatrade.com/sitemap/locations/London/L,london_trade_sitemap,2026-09-05,London A-Z trade/service sitemap.,London
Checkatrade,Leadworks Repair,Leadworks Repair,V2,https://www.checkatrade.com/sitemap/locations/London/L,london_trade_sitemap,2026-09-05,London A-Z trade/service sitemap.,London
Checkatrade,Leak Detection Companies,Leak Detection Companies,V2,https://www.checkatrade.com/sitemap/locations/London/A,london_trade_sitemap,2026-09-05,London A-Z trade/service sitemap.,London
Checkatrade,Leather Cleaning,Leather Cleaning,V2,https://www.checkatrade.com/sitemap/locations/London/L,london_trade_sitemap,2026-09-05,London A-Z trade/service sitemap.,London
Checkatrade,Leather Repair,Leather Repair,V2,https://www.checkatrade.com/sitemap/locations/London/L,london_trade_sitemap,2026-09-05,London A-Z trade/service sitemap.,London
Checkatrade,Legionella Assessment,Legionella Assessment,V2,https://www.checkatrade.com/sitemap/locations/London/L,london_trade_sitemap,2026-09-05,London A-Z trade/service sitemap.,London
Checkatrade,Legionella Control,Legionella Control,V2,https://www.checkatrade.com/sitemap/locations/London/L,london_trade_sitemap,2026-09-05,London A-Z trade/service sitemap.,London
Checkatrade,Legionella Testing,Legionella Testing,V2,https://www.checkatrade.com/sitemap/locations/London/L,london_trade_sitemap,2026-09-05,London A-Z trade/service sitemap.,London
Checkatrade,Lighting Design,Lighting Design,V2,https://www.checkatrade.com/sitemap/locations/London/L,london_trade_sitemap,2026-09-05,London A-Z trade/service sitemap.,London
Checkatrade,Lime Plastering,Lime Plastering,V2,https://www.checkatrade.com/sitemap/locations/London/L,london_trade_sitemap,2026-09-05,London A-Z trade/service sitemap.,London
Checkatrade,Liquid Plastic Roofing Installation,Liquid Plastic Roofing Installation,V2,https://www.checkatrade.com/sitemap/locations/London/L,london_trade_sitemap,2026-09-05,London A-Z trade/service sitemap.,London
Checkatrade,Liquid Plastic Roofing Repair,Liquid Plastic Roofing Repair,V2,https://www.checkatrade.com/sitemap/locations/London/L,london_trade_sitemap,2026-09-05,London A-Z trade/service sitemap.,London
Checkatrade,Liquid Screeding,Liquid Screeding,V2,https://www.checkatrade.com/sitemap/locations/London/L,london_trade_sitemap,2026-09-05,London A-Z trade/service sitemap.,London
Checkatrade,Liquid Waterproof System,Liquid Waterproof System,V2,https://www.checkatrade.com/sitemap/locations/London/L,london_trade_sitemap,2026-09-05,London A-Z trade/service sitemap.,London
Checkatrade,Lock Fitting,Lock Fitting,V2,https://www.checkatrade.com/sitemap/locations/London/L,london_trade_sitemap,2026-09-05,London A-Z trade/service sitemap.,London
Checkatrade,Lock Repair,Lock Repair,V2,https://www.checkatrade.com/sitemap/locations/London/L,london_trade_sitemap,2026-09-05,London A-Z trade/service sitemap.,London
Checkatrade,Locking Wheel Nut Removal,Locking Wheel Nut Removal,V2,https://www.checkatrade.com/sitemap/locations/London/L,london_trade_sitemap,2026-09-05,London A-Z trade/service sitemap.,London
Checkatrade,Locksmith,Locksmith,V2,https://www.checkatrade.com/sitemap/locations/London/A,london_trade_sitemap,2026-09-05,London A-Z trade/service sitemap.,London
Checkatrade,Locksmiths,Locksmiths,V2,https://www.checkatrade.com/sitemap/locations/London/A,london_trade_sitemap,2026-09-05,London A-Z trade/service sitemap.,London
Checkatrade,Loft Conversion Specialists,Loft Conversion Specialists,V2,https://www.checkatrade.com/sitemap/locations/London/L,london_trade_sitemap,2026-09-05,London A-Z trade/service sitemap.,London
Checkatrade,Loft Conversions,Loft Conversions,V2,https://www.checkatrade.com/sitemap/locations/London/L,london_trade_sitemap,2026-09-05,London A-Z trade/service sitemap.,London
Checkatrade,Loft Extensions,Loft Extensions,V2,https://www.checkatrade.com/sitemap/locations/London/L,london_trade_sitemap,2026-09-05,London A-Z trade/service sitemap.,London
Checkatrade,Loft Floor Boarding,Loft Floor Boarding,V2,https://www.checkatrade.com/sitemap/locations/London/L,london_trade_sitemap,2026-09-05,London A-Z trade/service sitemap.,London
Checkatrade,Loft Hatches,Loft Hatches,V2,https://www.checkatrade.com/sitemap/locations/London/L,london_trade_sitemap,2026-09-05,London A-Z trade/service sitemap.,London
Checkatrade,Loft Insulation,Loft Insulation,V2,https://www.checkatrade.com/sitemap/locations/London/L,london_trade_sitemap,2026-09-05,London A-Z trade/service sitemap.,London
Checkatrade,Loft Ladder Installer,Loft Ladder Installer,V2,https://www.checkatrade.com/sitemap/locations/London/L,london_trade_sitemap,2026-09-05,London A-Z trade/service sitemap.,London
Checkatrade,Loft Ladder Supplier,Loft Ladder Supplier,V2,https://www.checkatrade.com/sitemap/locations/London/L,london_trade_sitemap,2026-09-05,London A-Z trade/service sitemap.,London
Checkatrade,Loft Storage,Loft Storage,V2,https://www.checkatrade.com/sitemap/locations/London/L,london_trade_sitemap,2026-09-05,London A-Z trade/service sitemap.,London
Checkatrade,Loft Storage Room,Loft Storage Room,V2,https://www.checkatrade.com/sitemap/locations/London/L,london_trade_sitemap,2026-09-05,London A-Z trade/service sitemap.,London
Checkatrade,Loft Windows Installation,Loft Windows Installation,V2,https://www.checkatrade.com/sitemap/locations/London/L,london_trade_sitemap,2026-09-05,London A-Z trade/service sitemap.,London
Checkatrade,Loft Windows Repair,Loft Windows Repair,V2,https://www.checkatrade.com/sitemap/locations/London/L,london_trade_sitemap,2026-09-05,London A-Z trade/service sitemap.,London
Checkatrade,Lofts / Loft Ladders,Lofts / Loft Ladders,V2,https://www.checkatrade.com/sitemap/locations/London/L,london_trade_sitemap,2026-09-05,London A-Z trade/service sitemap.,London
Checkatrade,Log Cabins,Log Cabins,V2,https://www.checkatrade.com/sitemap/locations/London/L,london_trade_sitemap,2026-09-05,London A-Z trade/service sitemap.,London
Checkatrade,Logs,Logs,V2,https://www.checkatrade.com/sitemap/locations/London/L,london_trade_sitemap,2026-09-05,London A-Z trade/service sitemap.,London
Checkatrade,Low Moisture Cleaning,Low Moisture Cleaning,V2,https://www.checkatrade.com/sitemap/locations/London/L,london_trade_sitemap,2026-09-05,London A-Z trade/service sitemap.,London
Checkatrade,MOT,MOT,V2,https://www.checkatrade.com/sitemap/locations/London/M,london_trade_sitemap,2026-09-05,London A-Z trade/service sitemap.,London
Checkatrade,Made to Measure Blinds,Made to Measure Blinds,V2,https://www.checkatrade.com/sitemap/locations/London/M,london_trade_sitemap,2026-09-05,London A-Z trade/service sitemap.,London
Checkatrade,Made to Measure Curtain,Made to Measure Curtain,V2,https://www.checkatrade.com/sitemap/locations/London/M,london_trade_sitemap,2026-09-05,London A-Z trade/service sitemap.,London
Checkatrade,Made to Measure Curtain / Blinds,Made to Measure Curtain / Blinds,V2,https://www.checkatrade.com/sitemap/locations/London/M,london_trade_sitemap,2026-09-05,London A-Z trade/service sitemap.,London
Checkatrade,Made to Measure Shutters,Made to Measure Shutters,V2,https://www.checkatrade.com/sitemap/locations/London/M,london_trade_sitemap,2026-09-05,London A-Z trade/service sitemap.,London
Checkatrade,Magnetic Plastering,Magnetic Plastering,V2,https://www.checkatrade.com/sitemap/locations/London/M,london_trade_sitemap,2026-09-05,London A-Z trade/service sitemap.,London
Checkatrade,Man And A Van,Man And A Van,V2,https://www.checkatrade.com/sitemap/locations/London/M,london_trade_sitemap,2026-09-05,London A-Z trade/service sitemap.,London
Checkatrade,Man And Van,Man And Van,V2,https://www.checkatrade.com/sitemap/locations/London/A,london_trade_sitemap,2026-09-05,London A-Z trade/service sitemap.,London
Checkatrade,Marquee Hire,Marquee Hire,V2,https://www.checkatrade.com/sitemap/locations/London/M,london_trade_sitemap,2026-09-05,London A-Z trade/service sitemap.,London
Checkatrade,Mastic Sealant,Mastic Sealant,V2,https://www.checkatrade.com/sitemap/locations/London/M,london_trade_sitemap,2026-09-05,London A-Z trade/service sitemap.,London
Checkatrade,Mechanic,Mechanic,V2,https://www.checkatrade.com/sitemap/locations/London/M,london_trade_sitemap,2026-09-05,London A-Z trade/service sitemap.,London
Checkatrade,Member T&C’s apply,Member T&C’s apply,V1,https://join.checkatrade.com/what-you-get/,public_category_page,2026-08-22,Checkatrade public category/onboarding page.,
Checkatrade,Memorial Gravestones Supplied,Memorial Gravestones Supplied,V2,https://www.checkatrade.com/sitemap/locations/London/M,london_trade_sitemap,2026-09-05,London A-Z trade/service sitemap.,London
Checkatrade,Metal Fabrication,Metal Fabrication,V2,https://www.checkatrade.com/sitemap/locations/London/M,london_trade_sitemap,2026-09-05,London A-Z trade/service sitemap.,London
Checkatrade,Metal Gates,Metal Gates,V2,https://www.checkatrade.com/sitemap/locations/London/M,london_trade_sitemap,2026-09-05,London A-Z trade/service sitemap.,London
Checkatrade,Metal Roofing Installation,Metal Roofing Installation,V2,https://www.checkatrade.com/sitemap/locations/London/M,london_trade_sitemap,2026-09-05,London A-Z trade/service sitemap.,London
Checkatrade,Metal Roofing Repair,Metal Roofing Repair,V2,https://www.checkatrade.com/sitemap/locations/London/M,london_trade_sitemap,2026-09-05,London A-Z trade/service sitemap.,London
Checkatrade,Metal Staircases,Metal Staircases,V2,https://www.checkatrade.com/sitemap/locations/London/M,london_trade_sitemap,2026-09-05,London A-Z trade/service sitemap.,London
Checkatrade,Metal Works,Metal Works,V2,https://www.checkatrade.com/sitemap/locations/London/M,london_trade_sitemap,2026-09-05,London A-Z trade/service sitemap.,London
Checkatrade,Metalwork / Blacksmith,Metalwork / Blacksmith,V2,https://www.checkatrade.com/sitemap/locations/London/M,london_trade_sitemap,2026-09-05,London A-Z trade/service sitemap.,London
Checkatrade,Mini / Micro Digger Hire,Mini / Micro Digger Hire,V2,https://www.checkatrade.com/sitemap/locations/London/M,london_trade_sitemap,2026-09-05,London A-Z trade/service sitemap.,London
Checkatrade,Mini Bus Hire,Mini Bus Hire,V2,https://www.checkatrade.com/sitemap/locations/London/M,london_trade_sitemap,2026-09-05,London A-Z trade/service sitemap.,London
Checkatrade,Minibus Taxi,Minibus Taxi,V2,https://www.checkatrade.com/sitemap/locations/London/M,london_trade_sitemap,2026-09-05,London A-Z trade/service sitemap.,London
Checkatrade,Mirrors,Mirrors,V2,https://www.checkatrade.com/sitemap/locations/London/M,london_trade_sitemap,2026-09-05,London A-Z trade/service sitemap.,London
Checkatrade,Miscellaneous Services,Miscellaneous Services,V2,https://www.checkatrade.com/sitemap/locations/London/M,london_trade_sitemap,2026-09-05,London A-Z trade/service sitemap.,London
Checkatrade,Misted Double Glazing,Misted Double Glazing,V2,https://www.checkatrade.com/sitemap/locations/London/M,london_trade_sitemap,2026-09-05,London A-Z trade/service sitemap.,London
Checkatrade,Mobile Discos,Mobile Discos,V2,https://www.checkatrade.com/sitemap/locations/London/M,london_trade_sitemap,2026-09-05,London A-Z trade/service sitemap.,London
Checkatrade,Mobile Mechanic,Mobile Mechanic,V2,https://www.checkatrade.com/sitemap/locations/London/A,london_trade_sitemap,2026-09-05,London A-Z trade/service sitemap.,London
Checkatrade,Mobile Phone Repairs,Mobile Phone Repairs,V2,https://www.checkatrade.com/sitemap/locations/London/M,london_trade_sitemap,2026-09-05,London A-Z trade/service sitemap.,London
Checkatrade,Mobile Tyre Fitting,Mobile Tyre Fitting,V2,https://www.checkatrade.com/sitemap/locations/London/M,london_trade_sitemap,2026-09-05,London A-Z trade/service sitemap.,London
Checkatrade,Mobile Welding,Mobile Welding,V2,https://www.checkatrade.com/sitemap/locations/London/M,london_trade_sitemap,2026-09-05,London A-Z trade/service sitemap.,London
Checkatrade,Mobility,Mobility,V2,https://www.checkatrade.com/sitemap/locations/London/M,london_trade_sitemap,2026-09-05,London A-Z trade/service sitemap.,London
Checkatrade,Mobility Adaptions,Mobility Adaptions,V2,https://www.checkatrade.com/sitemap/locations/London/M,london_trade_sitemap,2026-09-05,London A-Z trade/service sitemap.,London
Checkatrade,Mobility Aids,Mobility Aids,V2,https://www.checkatrade.com/sitemap/locations/London/M,london_trade_sitemap,2026-09-05,London A-Z trade/service sitemap.,London
Checkatrade,Mobility Furniture,Mobility Furniture,V2,https://www.checkatrade.com/sitemap/locations/London/M,london_trade_sitemap,2026-09-05,London A-Z trade/service sitemap.,London
Checkatrade,Mobility Scooter Repair,Mobility Scooter Repair,V2,https://www.checkatrade.com/sitemap/locations/London/M,london_trade_sitemap,2026-09-05,London A-Z trade/service sitemap.,London
Checkatrade,Mobility Scooters,Mobility Scooters,V2,https://www.checkatrade.com/sitemap/locations/London/M,london_trade_sitemap,2026-09-05,London A-Z trade/service sitemap.,London
Checkatrade,Monocouche Rendering,Monocouche Rendering,V2,https://www.checkatrade.com/sitemap/locations/London/M,london_trade_sitemap,2026-09-05,London A-Z trade/service sitemap.,London
Checkatrade,Mosaic Tiles,Mosaic Tiles,V2,https://www.checkatrade.com/sitemap/locations/London/M,london_trade_sitemap,2026-09-05,London A-Z trade/service sitemap.,London
Checkatrade,Moss Removal,Moss Removal,V2,https://www.checkatrade.com/sitemap/locations/London/M,london_trade_sitemap,2026-09-05,London A-Z trade/service sitemap.,London
Checkatrade,Moss Removal Service,Moss Removal Service,V2,https://www.checkatrade.com/sitemap/locations/London/M,london_trade_sitemap,2026-09-05,London A-Z trade/service sitemap.,London
Checkatrade,Motor Home Sales,Motor Home Sales,V2,https://www.checkatrade.com/sitemap/locations/London/M,london_trade_sitemap,2026-09-05,London A-Z trade/service sitemap.,London
Checkatrade,Motor Home Servicing / Leisure Accessories,Motor Home Servicing / Leisure Accessories,V2,https://www.checkatrade.com/sitemap/locations/London/M,london_trade_sitemap,2026-09-05,London A-Z trade/service sitemap.,London
Checkatrade,Motor Homes,Motor Homes,V2,https://www.checkatrade.com/sitemap/locations/London/M,london_trade_sitemap,2026-09-05,London A-Z trade/service sitemap.,London
Checkatrade,Motorcycle MOTs,Motorcycle MOTs,V2,https://www.checkatrade.com/sitemap/locations/London/M,london_trade_sitemap,2026-09-05,London A-Z trade/service sitemap.,London
Checkatrade,Motorcycle Sales,Motorcycle Sales,V2,https://www.checkatrade.com/sitemap/locations/London/M,london_trade_sitemap,2026-09-05,London A-Z trade/service sitemap.,London
Checkatrade,Motorcycle Services,Motorcycle Services,V2,https://www.checkatrade.com/sitemap/locations/London/M,london_trade_sitemap,2026-09-05,London A-Z trade/service sitemap.,London
Checkatrade,Motorcycle Tyres,Motorcycle Tyres,V2,https://www.checkatrade.com/sitemap/locations/London/M,london_trade_sitemap,2026-09-05,London A-Z trade/service sitemap.,London
Checkatrade,Mould Control,Mould Control,V2,https://www.checkatrade.com/sitemap/locations/London/M,london_trade_sitemap,2026-09-05,London A-Z trade/service sitemap.,London
Checkatrade,Mulching,Mulching,V2,https://www.checkatrade.com/sitemap/locations/London/M,london_trade_sitemap,2026-09-05,London A-Z trade/service sitemap.,London
Checkatrade,Natural Stone Tiles,Natural Stone Tiles,V2,https://www.checkatrade.com/sitemap/locations/London/N,london_trade_sitemap,2026-09-05,London A-Z trade/service sitemap.,London
Checkatrade,Network Administration,Network Administration,V2,https://www.checkatrade.com/sitemap/locations/London/N,london_trade_sitemap,2026-09-05,London A-Z trade/service sitemap.,London
Checkatrade,Network Cabling,Network Cabling,V2,https://www.checkatrade.com/sitemap/locations/London/N,london_trade_sitemap,2026-09-05,London A-Z trade/service sitemap.,London
Checkatrade,Network Installation,Network Installation,V2,https://www.checkatrade.com/sitemap/locations/London/N,london_trade_sitemap,2026-09-05,London A-Z trade/service sitemap.,London
Checkatrade,Network Support,Network Support,V2,https://www.checkatrade.com/sitemap/locations/London/N,london_trade_sitemap,2026-09-05,London A-Z trade/service sitemap.,London
Checkatrade,New Bathroom Cost,New Bathroom Cost,V2,https://www.checkatrade.com/sitemap/locations/London/A,london_trade_sitemap,2026-09-05,London A-Z trade/service sitemap.,London
Checkatrade,New Boiler Cost,New Boiler Cost,V2,https://www.checkatrade.com/sitemap/locations/London/A,london_trade_sitemap,2026-09-05,London A-Z trade/service sitemap.,London
Checkatrade,New Builds,New Builds,V2,https://www.checkatrade.com/sitemap/locations/London/N,london_trade_sitemap,2026-09-05,London A-Z trade/service sitemap.,London
Checkatrade,Office Cleaning,Office Cleaning,V2,https://www.checkatrade.com/sitemap/locations/London/O,london_trade_sitemap,2026-09-05,London A-Z trade/service sitemap.,London
Checkatrade,Office Clearance,Office Clearance,V2,https://www.checkatrade.com/sitemap/locations/London/O,london_trade_sitemap,2026-09-05,London A-Z trade/service sitemap.,London
Checkatrade,Oil Boiler Installation,Oil Boiler Installation,V2,https://www.checkatrade.com/sitemap/locations/London/O,london_trade_sitemap,2026-09-05,London A-Z trade/service sitemap.,London
Checkatrade,Oil Boiler Replacement,Oil Boiler Replacement,V2,https://www.checkatrade.com/sitemap/locations/London/O,london_trade_sitemap,2026-09-05,London A-Z trade/service sitemap.,London
Checkatrade,Oil Central Heating Engineers,Oil Central Heating Engineers,V2,https://www.checkatrade.com/sitemap/locations/London/O,london_trade_sitemap,2026-09-05,London A-Z trade/service sitemap.,London
Checkatrade,Oil Central Heating Installation,Oil Central Heating Installation,V2,https://www.checkatrade.com/sitemap/locations/London/O,london_trade_sitemap,2026-09-05,London A-Z trade/service sitemap.,London
Checkatrade,Oil Central Heating Servicing / Repair,Oil Central Heating Servicing / Repair,V2,https://www.checkatrade.com/sitemap/locations/London/O,london_trade_sitemap,2026-09-05,London A-Z trade/service sitemap.,London
Checkatrade,Oil Tank Emptying Service,Oil Tank Emptying Service,V2,https://www.checkatrade.com/sitemap/locations/London/O,london_trade_sitemap,2026-09-05,London A-Z trade/service sitemap.,London
Checkatrade,Oil Tank Installation,Oil Tank Installation,V2,https://www.checkatrade.com/sitemap/locations/London/O,london_trade_sitemap,2026-09-05,London A-Z trade/service sitemap.,London
Checkatrade,Oil Tank Removal,Oil Tank Removal,V2,https://www.checkatrade.com/sitemap/locations/London/O,london_trade_sitemap,2026-09-05,London A-Z trade/service sitemap.,London
Checkatrade,Oil Tank Repair,Oil Tank Repair,V2,https://www.checkatrade.com/sitemap/locations/London/O,london_trade_sitemap,2026-09-05,London A-Z trade/service sitemap.,London
Checkatrade,Oil Tank Servicing,Oil Tank Servicing,V2,https://www.checkatrade.com/sitemap/locations/London/O,london_trade_sitemap,2026-09-05,London A-Z trade/service sitemap.,London
Checkatrade,Online Interior Design,Online Interior Design,V2,https://www.checkatrade.com/sitemap/locations/London/O,london_trade_sitemap,2026-09-05,London A-Z trade/service sitemap.,London
Checkatrade,Orangeries,Orangeries,V2,https://www.checkatrade.com/sitemap/locations/London/O,london_trade_sitemap,2026-09-05,London A-Z trade/service sitemap.,London
Checkatrade,Organic Cleaning,Organic Cleaning,V2,https://www.checkatrade.com/sitemap/locations/London/O,london_trade_sitemap,2026-09-05,London A-Z trade/service sitemap.,London
Checkatrade,Outbuilding,Outbuilding,V2,https://www.checkatrade.com/sitemap/locations/London/O,london_trade_sitemap,2026-09-05,London A-Z trade/service sitemap.,London
Checkatrade,Oven Cleaning,Oven Cleaning,V2,https://www.checkatrade.com/sitemap/locations/London/O,london_trade_sitemap,2026-09-05,London A-Z trade/service sitemap.,London
Checkatrade,Overview,Overview,V1,https://join.checkatrade.com/what-you-get/,public_category_page,2026-08-22,Checkatrade public category/onboarding page.,
Checkatrade,PC Repairs,PC Repairs,V2,https://www.checkatrade.com/sitemap/locations/London/P,london_trade_sitemap,2026-09-05,London A-Z trade/service sitemap.,London
Checkatrade,Packaging service,Packaging service,V2,https://www.checkatrade.com/sitemap/locations/London/P,london_trade_sitemap,2026-09-05,London A-Z trade/service sitemap.,London
Checkatrade,Paint Sprayer,Paint Sprayer,V2,https://www.checkatrade.com/sitemap/locations/London/P,london_trade_sitemap,2026-09-05,London A-Z trade/service sitemap.,London
Checkatrade,Painter / Decorator,Painter / Decorator,V2,https://www.checkatrade.com/sitemap/locations/London/P,london_trade_sitemap,2026-09-05,London A-Z trade/service sitemap.,London
Checkatrade,Painter Decorator,Painter Decorator,V2,https://www.checkatrade.com/sitemap/locations/London/A,london_trade_sitemap,2026-09-05,London A-Z trade/service sitemap.,London
Checkatrade,Painters and Decorators London,Painters and Decorators London,V2,https://www.checkatrade.com/sitemap/locations/London/A,london_trade_sitemap,2026-09-05,London A-Z trade/service sitemap.,London
Checkatrade,Painting / Decorating,Painting / Decorating,V2,https://www.checkatrade.com/sitemap/locations/London/P,london_trade_sitemap,2026-09-05,London A-Z trade/service sitemap.,London
Checkatrade,Painting Kitchen Cabinets,Painting Kitchen Cabinets,V2,https://www.checkatrade.com/sitemap/locations/London/P,london_trade_sitemap,2026-09-05,London A-Z trade/service sitemap.,London
Checkatrade,Painting and Decorating Prices,Painting and Decorating Prices,V2,https://www.checkatrade.com/sitemap/locations/London/A,london_trade_sitemap,2026-09-05,London A-Z trade/service sitemap.,London
Checkatrade,Panel Fencing,Panel Fencing,V2,https://www.checkatrade.com/sitemap/locations/London/P,london_trade_sitemap,2026-09-05,London A-Z trade/service sitemap.,London
Checkatrade,Parquet Flooring,Parquet Flooring,V2,https://www.checkatrade.com/sitemap/locations/London/P,london_trade_sitemap,2026-09-05,London A-Z trade/service sitemap.,London
Checkatrade,Partition Walls,Partition Walls,V2,https://www.checkatrade.com/sitemap/locations/London/P,london_trade_sitemap,2026-09-05,London A-Z trade/service sitemap.,London
Checkatrade,Party Wall Matters,Party Wall Matters,V2,https://www.checkatrade.com/sitemap/locations/London/P,london_trade_sitemap,2026-09-05,London A-Z trade/service sitemap.,London
Checkatrade,Patio Doors Installation,Patio Doors Installation,V2,https://www.checkatrade.com/sitemap/locations/London/P,london_trade_sitemap,2026-09-05,London A-Z trade/service sitemap.,London
Checkatrade,Patio Doors Repair,Patio Doors Repair,V2,https://www.checkatrade.com/sitemap/locations/London/P,london_trade_sitemap,2026-09-05,London A-Z trade/service sitemap.,London
Checkatrade,Patio Laying Cost,Patio Laying Cost,V2,https://www.checkatrade.com/sitemap/locations/London/A,london_trade_sitemap,2026-09-05,London A-Z trade/service sitemap.,London
Checkatrade,Patios / Paving,Patios / Paving,V2,https://www.checkatrade.com/sitemap/locations/London/P,london_trade_sitemap,2026-09-05,London A-Z trade/service sitemap.,London
Checkatrade,Patterned Imprinted Concrete,Patterned Imprinted Concrete,V2,https://www.checkatrade.com/sitemap/locations/London/P,london_trade_sitemap,2026-09-05,London A-Z trade/service sitemap.,London
Checkatrade,Pebble Dashing / Rough Casting,Pebble Dashing / Rough Casting,V2,https://www.checkatrade.com/sitemap/locations/London/P,london_trade_sitemap,2026-09-05,London A-Z trade/service sitemap.,London
Checkatrade,Penetrating Damp Treatment,Penetrating Damp Treatment,V2,https://www.checkatrade.com/sitemap/locations/London/P,london_trade_sitemap,2026-09-05,London A-Z trade/service sitemap.,London
Checkatrade,Performance Tuning,Performance Tuning,V2,https://www.checkatrade.com/sitemap/locations/London/P,london_trade_sitemap,2026-09-05,London A-Z trade/service sitemap.,London
Checkatrade,Period Property Restoration,Period Property Restoration,V2,https://www.checkatrade.com/sitemap/locations/London/P,london_trade_sitemap,2026-09-05,London A-Z trade/service sitemap.,London
Checkatrade,Perks,Perks,V1,https://join.checkatrade.com/what-you-get/,public_category_page,2026-08-22,Checkatrade public category/onboarding page.,
Checkatrade,Permeable Paving,Permeable Paving,V2,https://www.checkatrade.com/sitemap/locations/London/P,london_trade_sitemap,2026-09-05,London A-Z trade/service sitemap.,London
Checkatrade,Pest / Vermin Control,Pest / Vermin Control,V2,https://www.checkatrade.com/sitemap/locations/London/P,london_trade_sitemap,2026-09-05,London A-Z trade/service sitemap.,London
Checkatrade,Piano Removals,Piano Removals,V2,https://www.checkatrade.com/sitemap/locations/London/P,london_trade_sitemap,2026-09-05,London A-Z trade/service sitemap.,London
Checkatrade,Picket Fencing,Picket Fencing,V2,https://www.checkatrade.com/sitemap/locations/London/P,london_trade_sitemap,2026-09-05,London A-Z trade/service sitemap.,London
Checkatrade,Piling,Piling,V2,https://www.checkatrade.com/sitemap/locations/London/P,london_trade_sitemap,2026-09-05,London A-Z trade/service sitemap.,London
Checkatrade,Pipe Fitter,Pipe Fitter,V2,https://www.checkatrade.com/sitemap/locations/London/P,london_trade_sitemap,2026-09-05,London A-Z trade/service sitemap.,London
Checkatrade,Pitched Roofing Installation,Pitched Roofing Installation,V2,https://www.checkatrade.com/sitemap/locations/London/P,london_trade_sitemap,2026-09-05,London A-Z trade/service sitemap.,London
Checkatrade,Pitched Roofing Repair,Pitched Roofing Repair,V2,https://www.checkatrade.com/sitemap/locations/London/P,london_trade_sitemap,2026-09-05,London A-Z trade/service sitemap.,London
Checkatrade,Plain Tiles,Plain Tiles,V2,https://www.checkatrade.com/sitemap/locations/London/P,london_trade_sitemap,2026-09-05,London A-Z trade/service sitemap.,London
Checkatrade,Planning / Design,Planning / Design,V2,https://www.checkatrade.com/sitemap/locations/London/P,london_trade_sitemap,2026-09-05,London A-Z trade/service sitemap.,London
Checkatrade,Planning Consultants,Planning Consultants,V2,https://www.checkatrade.com/sitemap/locations/London/P,london_trade_sitemap,2026-09-05,London A-Z trade/service sitemap.,London
Checkatrade,Plant Hire / Sales,Plant Hire / Sales,V2,https://www.checkatrade.com/sitemap/locations/London/P,london_trade_sitemap,2026-09-05,London A-Z trade/service sitemap.,London
Checkatrade,Plantation Shutters,Plantation Shutters,V2,https://www.checkatrade.com/sitemap/locations/London/P,london_trade_sitemap,2026-09-05,London A-Z trade/service sitemap.,London
Checkatrade,Plaster Mouldings,Plaster Mouldings,V2,https://www.checkatrade.com/sitemap/locations/London/P,london_trade_sitemap,2026-09-05,London A-Z trade/service sitemap.,London
Checkatrade,Plasterer,Plasterer,V2,https://www.checkatrade.com/sitemap/locations/London/P,london_trade_sitemap,2026-09-05,London A-Z trade/service sitemap.,London
Checkatrade,Plasterers,Plasterers,V2,https://www.checkatrade.com/sitemap/locations/London/A,london_trade_sitemap,2026-09-05,London A-Z trade/service sitemap.,London
Checkatrade,Plastering,Plastering,V2,https://www.checkatrade.com/sitemap/locations/London/P,london_trade_sitemap,2026-09-05,London A-Z trade/service sitemap.,London
Checkatrade,Plastic Canopies,Plastic Canopies,V2,https://www.checkatrade.com/sitemap/locations/London/P,london_trade_sitemap,2026-09-05,London A-Z trade/service sitemap.,London
Checkatrade,Play Areas,Play Areas,V2,https://www.checkatrade.com/sitemap/locations/London/P,london_trade_sitemap,2026-09-05,London A-Z trade/service sitemap.,London
Checkatrade,Plumber,Plumber,V2,https://www.checkatrade.com/sitemap/locations/London/P,london_trade_sitemap,2026-09-05,London A-Z trade/service sitemap.,London
Checkatrade,Plumbers,Plumbers,V2,https://www.checkatrade.com/sitemap/locations/London/A,london_trade_sitemap,2026-09-05,London A-Z trade/service sitemap.,London
Checkatrade,Plumbing Merchants,Plumbing Merchants,V2,https://www.checkatrade.com/sitemap/locations/London/P,london_trade_sitemap,2026-09-05,London A-Z trade/service sitemap.,London
Checkatrade,Plumbing Repairs,Plumbing Repairs,V2,https://www.checkatrade.com/sitemap/locations/London/P,london_trade_sitemap,2026-09-05,London A-Z trade/service sitemap.,London
Checkatrade,Ply Boarding,Ply Boarding,V2,https://www.checkatrade.com/sitemap/locations/London/P,london_trade_sitemap,2026-09-05,London A-Z trade/service sitemap.,London
Checkatrade,Polished Concrete,Polished Concrete,V2,https://www.checkatrade.com/sitemap/locations/London/P,london_trade_sitemap,2026-09-05,London A-Z trade/service sitemap.,London
Checkatrade,Polished Plastering,Polished Plastering,V2,https://www.checkatrade.com/sitemap/locations/London/P,london_trade_sitemap,2026-09-05,London A-Z trade/service sitemap.,London
Checkatrade,Polycarbonate Roofing Installation,Polycarbonate Roofing Installation,V2,https://www.checkatrade.com/sitemap/locations/London/P,london_trade_sitemap,2026-09-05,London A-Z trade/service sitemap.,London
Checkatrade,Polycarbonate Roofing Repair,Polycarbonate Roofing Repair,V2,https://www.checkatrade.com/sitemap/locations/London/P,london_trade_sitemap,2026-09-05,London A-Z trade/service sitemap.,London
Checkatrade,Polytunnels,Polytunnels,V2,https://www.checkatrade.com/sitemap/locations/London/P,london_trade_sitemap,2026-09-05,London A-Z trade/service sitemap.,London
Checkatrade,Pond Construction,Pond Construction,V2,https://www.checkatrade.com/sitemap/locations/London/P,london_trade_sitemap,2026-09-05,London A-Z trade/service sitemap.,London
Checkatrade,Pond Maintenance / Cleaning,Pond Maintenance / Cleaning,V2,https://www.checkatrade.com/sitemap/locations/London/P,london_trade_sitemap,2026-09-05,London A-Z trade/service sitemap.,London
Checkatrade,Porcelain Tiles,Porcelain Tiles,V2,https://www.checkatrade.com/sitemap/locations/London/P,london_trade_sitemap,2026-09-05,London A-Z trade/service sitemap.,London
Checkatrade,Porch Installation,Porch Installation,V2,https://www.checkatrade.com/sitemap/locations/London/P,london_trade_sitemap,2026-09-05,London A-Z trade/service sitemap.,London
Checkatrade,Porches Repair,Porches Repair,V2,https://www.checkatrade.com/sitemap/locations/London/P,london_trade_sitemap,2026-09-05,London A-Z trade/service sitemap.,London
Checkatrade,Portable Appliance Testing - PAT Testing,Portable Appliance Testing - PAT Testing,V2,https://www.checkatrade.com/sitemap/locations/London/P,london_trade_sitemap,2026-09-05,London A-Z trade/service sitemap.,London
Checkatrade,Portable offices,Portable offices,V2,https://www.checkatrade.com/sitemap/locations/London/P,london_trade_sitemap,2026-09-05,London A-Z trade/service sitemap.,London
Checkatrade,Powder Coating,Powder Coating,V2,https://www.checkatrade.com/sitemap/locations/London/P,london_trade_sitemap,2026-09-05,London A-Z trade/service sitemap.,London
Checkatrade,Power Flushing,Power Flushing,V2,https://www.checkatrade.com/sitemap/locations/London/P,london_trade_sitemap,2026-09-05,London A-Z trade/service sitemap.,London
Checkatrade,Printer Repairs,Printer Repairs,V2,https://www.checkatrade.com/sitemap/locations/London/P,london_trade_sitemap,2026-09-05,London A-Z trade/service sitemap.,London
Checkatrade,Printing,Printing,V2,https://www.checkatrade.com/sitemap/locations/London/P,london_trade_sitemap,2026-09-05,London A-Z trade/service sitemap.,London
Checkatrade,Project Management,Project Management,V2,https://www.checkatrade.com/sitemap/locations/London/P,london_trade_sitemap,2026-09-05,London A-Z trade/service sitemap.,London
Checkatrade,Property Maintenance / Repair,Property Maintenance / Repair,V2,https://www.checkatrade.com/sitemap/locations/London/P,london_trade_sitemap,2026-09-05,London A-Z trade/service sitemap.,London
Checkatrade,Property Renovation,Property Renovation,V2,https://www.checkatrade.com/sitemap/locations/London/P,london_trade_sitemap,2026-09-05,London A-Z trade/service sitemap.,London
Checkatrade,Pruning,Pruning,V2,https://www.checkatrade.com/sitemap/locations/London/P,london_trade_sitemap,2026-09-05,London A-Z trade/service sitemap.,London
Checkatrade,Purifiers,Purifiers,V2,https://www.checkatrade.com/sitemap/locations/London/P,london_trade_sitemap,2026-09-05,London A-Z trade/service sitemap.,London
Checkatrade,Quantity Surveyor,Quantity Surveyor,V2,https://www.checkatrade.com/sitemap/locations/London/Q,london_trade_sitemap,2026-09-05,London A-Z trade/service sitemap.,London
Checkatrade,Quartz Tiling,Quartz Tiling,V2,https://www.checkatrade.com/sitemap/locations/London/Q,london_trade_sitemap,2026-09-05,London A-Z trade/service sitemap.,London
Checkatrade,RICS Condition Report,RICS Condition Report,V2,https://www.checkatrade.com/sitemap/locations/London/R,london_trade_sitemap,2026-09-05,London A-Z trade/service sitemap.,London
Checkatrade,Radiator Covers,Radiator Covers,V2,https://www.checkatrade.com/sitemap/locations/London/R,london_trade_sitemap,2026-09-05,London A-Z trade/service sitemap.,London
Checkatrade,Radiator Installation,Radiator Installation,V2,https://www.checkatrade.com/sitemap/locations/London/R,london_trade_sitemap,2026-09-05,London A-Z trade/service sitemap.,London
Checkatrade,Radiator Repair,Radiator Repair,V2,https://www.checkatrade.com/sitemap/locations/London/R,london_trade_sitemap,2026-09-05,London A-Z trade/service sitemap.,London
Checkatrade,Radiator Thermostat Valve Installation,Radiator Thermostat Valve Installation,V2,https://www.checkatrade.com/sitemap/locations/London/R,london_trade_sitemap,2026-09-05,London A-Z trade/service sitemap.,London
Checkatrade,Radiator Thermostat Valve Repair,Radiator Thermostat Valve Repair,V2,https://www.checkatrade.com/sitemap/locations/London/R,london_trade_sitemap,2026-09-05,London A-Z trade/service sitemap.,London
Checkatrade,Railings,Railings,V2,https://www.checkatrade.com/sitemap/locations/London/R,london_trade_sitemap,2026-09-05,London A-Z trade/service sitemap.,London
Checkatrade,Rainwater Harvesting,Rainwater Harvesting,V2,https://www.checkatrade.com/sitemap/locations/London/R,london_trade_sitemap,2026-09-05,London A-Z trade/service sitemap.,London
Checkatrade,Range Cooker,Range Cooker,V2,https://www.checkatrade.com/sitemap/locations/London/R,london_trade_sitemap,2026-09-05,London A-Z trade/service sitemap.,London
Checkatrade,Range Cooker Servicing / Repair,Range Cooker Servicing / Repair,V2,https://www.checkatrade.com/sitemap/locations/London/R,london_trade_sitemap,2026-09-05,London A-Z trade/service sitemap.,London
Checkatrade,Rayburn Servicing / Repair,Rayburn Servicing / Repair,V2,https://www.checkatrade.com/sitemap/locations/London/R,london_trade_sitemap,2026-09-05,London A-Z trade/service sitemap.,London
Checkatrade,Recycling,Recycling,V2,https://www.checkatrade.com/sitemap/locations/London/R,london_trade_sitemap,2026-09-05,London A-Z trade/service sitemap.,London
Checkatrade,Refrigerated Transportation,Refrigerated Transportation,V2,https://www.checkatrade.com/sitemap/locations/London/R,london_trade_sitemap,2026-09-05,London A-Z trade/service sitemap.,London
Checkatrade,Refrigeration Services,Refrigeration Services,V2,https://www.checkatrade.com/sitemap/locations/London/R,london_trade_sitemap,2026-09-05,London A-Z trade/service sitemap.,London
Checkatrade,Refurbishments,Refurbishments,V2,https://www.checkatrade.com/sitemap/locations/London/R,london_trade_sitemap,2026-09-05,London A-Z trade/service sitemap.,London
Checkatrade,Registered Gas Boiler Engineers,Registered Gas Boiler Engineers,V2,https://www.checkatrade.com/sitemap/locations/London/R,london_trade_sitemap,2026-09-05,London A-Z trade/service sitemap.,London
Checkatrade,Removals / Storage,Removals / Storage,V2,https://www.checkatrade.com/sitemap/locations/London/R,london_trade_sitemap,2026-09-05,London A-Z trade/service sitemap.,London
Checkatrade,Removals Companies,Removals Companies,V2,https://www.checkatrade.com/sitemap/locations/London/A,london_trade_sitemap,2026-09-05,London A-Z trade/service sitemap.,London
Checkatrade,Render Cleaning,Render Cleaning,V2,https://www.checkatrade.com/sitemap/locations/London/R,london_trade_sitemap,2026-09-05,London A-Z trade/service sitemap.,London
Checkatrade,Rendering,Rendering,V2,https://www.checkatrade.com/sitemap/locations/London/R,london_trade_sitemap,2026-09-05,London A-Z trade/service sitemap.,London
Checkatrade,Renewable Energy,Renewable Energy,V2,https://www.checkatrade.com/sitemap/locations/London/R,london_trade_sitemap,2026-09-05,London A-Z trade/service sitemap.,London
Checkatrade,Renovation Specialist,Renovation Specialist,V2,https://www.checkatrade.com/sitemap/locations/London/R,london_trade_sitemap,2026-09-05,London A-Z trade/service sitemap.,London
Checkatrade,Repair and Listed Building Specialist,Repair and Listed Building Specialist,V2,https://www.checkatrade.com/sitemap/locations/London/R,london_trade_sitemap,2026-09-05,London A-Z trade/service sitemap.,London
Checkatrade,Replace kitchen cabinets,Replace kitchen cabinets,V2,https://www.checkatrade.com/sitemap/locations/London/R,london_trade_sitemap,2026-09-05,London A-Z trade/service sitemap.,London
Checkatrade,Replacement Doors and Drawers,Replacement Doors and Drawers,V2,https://www.checkatrade.com/sitemap/locations/London/R,london_trade_sitemap,2026-09-05,London A-Z trade/service sitemap.,London
Checkatrade,Repointing,Repointing,V2,https://www.checkatrade.com/sitemap/locations/London/R,london_trade_sitemap,2026-09-05,London A-Z trade/service sitemap.,London
Checkatrade,Residential Grass Cutting,Residential Grass Cutting,V2,https://www.checkatrade.com/sitemap/locations/London/R,london_trade_sitemap,2026-09-05,London A-Z trade/service sitemap.,London
Checkatrade,Resin Bond Surfacing,Resin Bond Surfacing,V2,https://www.checkatrade.com/sitemap/locations/London/R,london_trade_sitemap,2026-09-05,London A-Z trade/service sitemap.,London
Checkatrade,Resin Bound Surfacing,Resin Bound Surfacing,V2,https://www.checkatrade.com/sitemap/locations/London/R,london_trade_sitemap,2026-09-05,London A-Z trade/service sitemap.,London
Checkatrade,Resin Flooring,Resin Flooring,V2,https://www.checkatrade.com/sitemap/locations/London/R,london_trade_sitemap,2026-09-05,London A-Z trade/service sitemap.,London
Checkatrade,Restoration,Restoration,V2,https://www.checkatrade.com/sitemap/locations/London/R,london_trade_sitemap,2026-09-05,London A-Z trade/service sitemap.,London
Checkatrade,Reviewed Tradespeople,Reviewed Tradespeople,V2,https://www.checkatrade.com/sitemap/locations/London/A,london_trade_sitemap,2026-09-05,London A-Z trade/service sitemap.,London
Checkatrade,Ridged Tiles Installation,Ridged Tiles Installation,V2,https://www.checkatrade.com/sitemap/locations/London/R,london_trade_sitemap,2026-09-05,London A-Z trade/service sitemap.,London
Checkatrade,Ridged Tiles Repair,Ridged Tiles Repair,V2,https://www.checkatrade.com/sitemap/locations/London/R,london_trade_sitemap,2026-09-05,London A-Z trade/service sitemap.,London
Checkatrade,Rise & Recline Chairs,Rise & Recline Chairs,V2,https://www.checkatrade.com/sitemap/locations/London/R,london_trade_sitemap,2026-09-05,London A-Z trade/service sitemap.,London
Checkatrade,Rising Damp,Rising Damp,V2,https://www.checkatrade.com/sitemap/locations/London/R,london_trade_sitemap,2026-09-05,London A-Z trade/service sitemap.,London
Checkatrade,Road Markings,Road Markings,V2,https://www.checkatrade.com/sitemap/locations/London/R,london_trade_sitemap,2026-09-05,London A-Z trade/service sitemap.,London
Checkatrade,Roller Shutters,Roller Shutters,V2,https://www.checkatrade.com/sitemap/locations/London/R,london_trade_sitemap,2026-09-05,London A-Z trade/service sitemap.,London
Checkatrade,Roof Blinds,Roof Blinds,V2,https://www.checkatrade.com/sitemap/locations/London/R,london_trade_sitemap,2026-09-05,London A-Z trade/service sitemap.,London
Checkatrade,Roof Cleaning,Roof Cleaning,V2,https://www.checkatrade.com/sitemap/locations/London/R,london_trade_sitemap,2026-09-05,London A-Z trade/service sitemap.,London
Checkatrade,Roof Coatings,Roof Coatings,V2,https://www.checkatrade.com/sitemap/locations/London/R,london_trade_sitemap,2026-09-05,London A-Z trade/service sitemap.,London
Checkatrade,Roof Gardens,Roof Gardens,V2,https://www.checkatrade.com/sitemap/locations/London/R,london_trade_sitemap,2026-09-05,London A-Z trade/service sitemap.,London
Checkatrade,Roof Inspection Report,Roof Inspection Report,V2,https://www.checkatrade.com/sitemap/locations/London/R,london_trade_sitemap,2026-09-05,London A-Z trade/service sitemap.,London
Checkatrade,Roof Joist Insulation,Roof Joist Insulation,V2,https://www.checkatrade.com/sitemap/locations/London/R,london_trade_sitemap,2026-09-05,London A-Z trade/service sitemap.,London
Checkatrade,Roof Leak Repair,Roof Leak Repair,V2,https://www.checkatrade.com/sitemap/locations/London/A,london_trade_sitemap,2026-09-05,London A-Z trade/service sitemap.,London
Checkatrade,Roof Lights Installation,Roof Lights Installation,V2,https://www.checkatrade.com/sitemap/locations/London/R,london_trade_sitemap,2026-09-05,London A-Z trade/service sitemap.,London
Checkatrade,Roof Lights Repair,Roof Lights Repair,V2,https://www.checkatrade.com/sitemap/locations/London/R,london_trade_sitemap,2026-09-05,London A-Z trade/service sitemap.,London
Checkatrade,Roof Rafter Insulation,Roof Rafter Insulation,V2,https://www.checkatrade.com/sitemap/locations/London/R,london_trade_sitemap,2026-09-05,London A-Z trade/service sitemap.,London
Checkatrade,Roof Replacement,Roof Replacement,V2,https://www.checkatrade.com/sitemap/locations/London/R,london_trade_sitemap,2026-09-05,London A-Z trade/service sitemap.,London
Checkatrade,Roof Replacement Cost,Roof Replacement Cost,V2,https://www.checkatrade.com/sitemap/locations/London/A,london_trade_sitemap,2026-09-05,London A-Z trade/service sitemap.,London
Checkatrade,Roof Windows Installation,Roof Windows Installation,V2,https://www.checkatrade.com/sitemap/locations/London/R,london_trade_sitemap,2026-09-05,London A-Z trade/service sitemap.,London
Checkatrade,Roof Windows Repair,Roof Windows Repair,V2,https://www.checkatrade.com/sitemap/locations/London/R,london_trade_sitemap,2026-09-05,London A-Z trade/service sitemap.,London
Checkatrade,Roofer,Roofer,V2,https://www.checkatrade.com/sitemap/locations/London/R,london_trade_sitemap,2026-09-05,London A-Z trade/service sitemap.,London
Checkatrade,Roofers,Roofers,V2,https://www.checkatrade.com/sitemap/locations/London/A,london_trade_sitemap,2026-09-05,London A-Z trade/service sitemap.,London
Checkatrade,Roofing Repairs,Roofing Repairs,V2,https://www.checkatrade.com/sitemap/locations/London/R,london_trade_sitemap,2026-09-05,London A-Z trade/service sitemap.,London
Checkatrade,Rsj Beam,Rsj Beam,V2,https://www.checkatrade.com/sitemap/locations/London/R,london_trade_sitemap,2026-09-05,London A-Z trade/service sitemap.,London
Checkatrade,Rubber Roofing Installation,Rubber Roofing Installation,V2,https://www.checkatrade.com/sitemap/locations/London/R,london_trade_sitemap,2026-09-05,London A-Z trade/service sitemap.,London
Checkatrade,Rubber Roofing Repair,Rubber Roofing Repair,V2,https://www.checkatrade.com/sitemap/locations/London/R,london_trade_sitemap,2026-09-05,London A-Z trade/service sitemap.,London
Checkatrade,Rubbish / Waste / Clearance,Rubbish / Waste / Clearance,V2,https://www.checkatrade.com/sitemap/locations/London/R,london_trade_sitemap,2026-09-05,London A-Z trade/service sitemap.,London
Checkatrade,Rug Cleaning,Rug Cleaning,V2,https://www.checkatrade.com/sitemap/locations/London/R,london_trade_sitemap,2026-09-05,London A-Z trade/service sitemap.,London
Checkatrade,Safe Locks,Safe Locks,V2,https://www.checkatrade.com/sitemap/locations/London/S,london_trade_sitemap,2026-09-05,London A-Z trade/service sitemap.,London
Checkatrade,Safes,Safes,V2,https://www.checkatrade.com/sitemap/locations/London/S,london_trade_sitemap,2026-09-05,London A-Z trade/service sitemap.,London
Checkatrade,Safety Flooring,Safety Flooring,V2,https://www.checkatrade.com/sitemap/locations/London/S,london_trade_sitemap,2026-09-05,London A-Z trade/service sitemap.,London
Checkatrade,Sail Shades,Sail Shades,V2,https://www.checkatrade.com/sitemap/locations/London/S,london_trade_sitemap,2026-09-05,London A-Z trade/service sitemap.,London
Checkatrade,Salvage,Salvage,V2,https://www.checkatrade.com/sitemap/locations/London/S,london_trade_sitemap,2026-09-05,London A-Z trade/service sitemap.,London
Checkatrade,Satellite Broadband Services,Satellite Broadband Services,V2,https://www.checkatrade.com/sitemap/locations/London/S,london_trade_sitemap,2026-09-05,London A-Z trade/service sitemap.,London
Checkatrade,Scaffold Alarms,Scaffold Alarms,V2,https://www.checkatrade.com/sitemap/locations/London/S,london_trade_sitemap,2026-09-05,London A-Z trade/service sitemap.,London
Checkatrade,Scaffolder,Scaffolder,V2,https://www.checkatrade.com/sitemap/locations/London/S,london_trade_sitemap,2026-09-05,London A-Z trade/service sitemap.,London
Checkatrade,Scaffolding Hire,Scaffolding Hire,V2,https://www.checkatrade.com/sitemap/locations/London/S,london_trade_sitemap,2026-09-05,London A-Z trade/service sitemap.,London
Checkatrade,Scarification,Scarification,V2,https://www.checkatrade.com/sitemap/locations/London/S,london_trade_sitemap,2026-09-05,London A-Z trade/service sitemap.,London
Checkatrade,Scooter MOTs,Scooter MOTs,V2,https://www.checkatrade.com/sitemap/locations/London/S,london_trade_sitemap,2026-09-05,London A-Z trade/service sitemap.,London
Checkatrade,Scooter Services,Scooter Services,V2,https://www.checkatrade.com/sitemap/locations/London/S,london_trade_sitemap,2026-09-05,London A-Z trade/service sitemap.,London
Checkatrade,Scooter Tyres,Scooter Tyres,V2,https://www.checkatrade.com/sitemap/locations/London/S,london_trade_sitemap,2026-09-05,London A-Z trade/service sitemap.,London
Checkatrade,Scrap Cars,Scrap Cars,V2,https://www.checkatrade.com/sitemap/locations/London/S,london_trade_sitemap,2026-09-05,London A-Z trade/service sitemap.,London
Checkatrade,Scrap Metal,Scrap Metal,V2,https://www.checkatrade.com/sitemap/locations/London/S,london_trade_sitemap,2026-09-05,London A-Z trade/service sitemap.,London
Checkatrade,Scratch Repair,Scratch Repair,V2,https://www.checkatrade.com/sitemap/locations/London/S,london_trade_sitemap,2026-09-05,London A-Z trade/service sitemap.,London
Checkatrade,Screeding,Screeding,V2,https://www.checkatrade.com/sitemap/locations/London/S,london_trade_sitemap,2026-09-05,London A-Z trade/service sitemap.,London
Checkatrade,Sealoflex Roofing Installation,Sealoflex Roofing Installation,V2,https://www.checkatrade.com/sitemap/locations/London/S,london_trade_sitemap,2026-09-05,London A-Z trade/service sitemap.,London
Checkatrade,Sealoflex Roofing Repair,Sealoflex Roofing Repair,V2,https://www.checkatrade.com/sitemap/locations/London/S,london_trade_sitemap,2026-09-05,London A-Z trade/service sitemap.,London
Checkatrade,Secondary Glazing,Secondary Glazing,V2,https://www.checkatrade.com/sitemap/locations/London/S,london_trade_sitemap,2026-09-05,London A-Z trade/service sitemap.,London
Checkatrade,Security Assessment,Security Assessment,V2,https://www.checkatrade.com/sitemap/locations/London/S,london_trade_sitemap,2026-09-05,London A-Z trade/service sitemap.,London
Checkatrade,Security Barriers,Security Barriers,V2,https://www.checkatrade.com/sitemap/locations/London/S,london_trade_sitemap,2026-09-05,London A-Z trade/service sitemap.,London
Checkatrade,Security Door Locks,Security Door Locks,V2,https://www.checkatrade.com/sitemap/locations/London/S,london_trade_sitemap,2026-09-05,London A-Z trade/service sitemap.,London
Checkatrade,Security Fencing,Security Fencing,V2,https://www.checkatrade.com/sitemap/locations/London/S,london_trade_sitemap,2026-09-05,London A-Z trade/service sitemap.,London
Checkatrade,Security Shutters / Grilles,Security Shutters / Grilles,V2,https://www.checkatrade.com/sitemap/locations/London/S,london_trade_sitemap,2026-09-05,London A-Z trade/service sitemap.,London
Checkatrade,Security Solutions / Access Control,Security Solutions / Access Control,V2,https://www.checkatrade.com/sitemap/locations/London/S,london_trade_sitemap,2026-09-05,London A-Z trade/service sitemap.,London
Checkatrade,Sensory Gardens,Sensory Gardens,V2,https://www.checkatrade.com/sitemap/locations/London/S,london_trade_sitemap,2026-09-05,London A-Z trade/service sitemap.,London
Checkatrade,Septic Tank Emptying,Septic Tank Emptying,V2,https://www.checkatrade.com/sitemap/locations/London/S,london_trade_sitemap,2026-09-05,London A-Z trade/service sitemap.,London
Checkatrade,Septic Tank Installation,Septic Tank Installation,V2,https://www.checkatrade.com/sitemap/locations/London/S,london_trade_sitemap,2026-09-05,London A-Z trade/service sitemap.,London
Checkatrade,Septic Tank Repair,Septic Tank Repair,V2,https://www.checkatrade.com/sitemap/locations/London/S,london_trade_sitemap,2026-09-05,London A-Z trade/service sitemap.,London
Checkatrade,Sewage Pump Installation,Sewage Pump Installation,V2,https://www.checkatrade.com/sitemap/locations/London/S,london_trade_sitemap,2026-09-05,London A-Z trade/service sitemap.,London
Checkatrade,Sewage Pump Maintenance,Sewage Pump Maintenance,V2,https://www.checkatrade.com/sitemap/locations/London/S,london_trade_sitemap,2026-09-05,London A-Z trade/service sitemap.,London
Checkatrade,Shed Bases,Shed Bases,V2,https://www.checkatrade.com/sitemap/locations/London/S,london_trade_sitemap,2026-09-05,London A-Z trade/service sitemap.,London
Checkatrade,Shed Repair,Shed Repair,V2,https://www.checkatrade.com/sitemap/locations/London/S,london_trade_sitemap,2026-09-05,London A-Z trade/service sitemap.,London
Checkatrade,Sheds,Sheds,V2,https://www.checkatrade.com/sitemap/locations/London/S,london_trade_sitemap,2026-09-05,London A-Z trade/service sitemap.,London
Checkatrade,Shelving,Shelving,V2,https://www.checkatrade.com/sitemap/locations/London/S,london_trade_sitemap,2026-09-05,London A-Z trade/service sitemap.,London
Checkatrade,Shop Fitting,Shop Fitting,V2,https://www.checkatrade.com/sitemap/locations/London/S,london_trade_sitemap,2026-09-05,London A-Z trade/service sitemap.,London
Checkatrade,Shower Installation,Shower Installation,V2,https://www.checkatrade.com/sitemap/locations/London/S,london_trade_sitemap,2026-09-05,London A-Z trade/service sitemap.,London
Checkatrade,Shower Repair,Shower Repair,V2,https://www.checkatrade.com/sitemap/locations/London/S,london_trade_sitemap,2026-09-05,London A-Z trade/service sitemap.,London
Checkatrade,Sign Makers,Sign Makers,V2,https://www.checkatrade.com/sitemap/locations/London/S,london_trade_sitemap,2026-09-05,London A-Z trade/service sitemap.,London
Checkatrade,Sign Writers,Sign Writers,V2,https://www.checkatrade.com/sitemap/locations/London/S,london_trade_sitemap,2026-09-05,London A-Z trade/service sitemap.,London
Checkatrade,Single Ply Membrane Roofs Installation,Single Ply Membrane Roofs Installation,V2,https://www.checkatrade.com/sitemap/locations/London/S,london_trade_sitemap,2026-09-05,London A-Z trade/service sitemap.,London
Checkatrade,Single Ply Membrane Roofs Repair,Single Ply Membrane Roofs Repair,V2,https://www.checkatrade.com/sitemap/locations/London/S,london_trade_sitemap,2026-09-05,London A-Z trade/service sitemap.,London
Checkatrade,Skimming,Skimming,V2,https://www.checkatrade.com/sitemap/locations/London/S,london_trade_sitemap,2026-09-05,London A-Z trade/service sitemap.,London
Checkatrade,Skip Bag Hire,Skip Bag Hire,V2,https://www.checkatrade.com/sitemap/locations/London/S,london_trade_sitemap,2026-09-05,London A-Z trade/service sitemap.,London
Checkatrade,Skip Hire,Skip Hire,V2,https://www.checkatrade.com/sitemap/locations/London/S,london_trade_sitemap,2026-09-05,London A-Z trade/service sitemap.,London
Checkatrade,Skip Hire Prices,Skip Hire Prices,V2,https://www.checkatrade.com/sitemap/locations/London/A,london_trade_sitemap,2026-09-05,London A-Z trade/service sitemap.,London
Checkatrade,Skirting,Skirting,V2,https://www.checkatrade.com/sitemap/locations/London/S,london_trade_sitemap,2026-09-05,London A-Z trade/service sitemap.,London
Checkatrade,Slate / Tiled Roofing Installation,Slate / Tiled Roofing Installation,V2,https://www.checkatrade.com/sitemap/locations/London/S,london_trade_sitemap,2026-09-05,London A-Z trade/service sitemap.,London
Checkatrade,Slate Roof Installation,Slate Roof Installation,V2,https://www.checkatrade.com/sitemap/locations/London/S,london_trade_sitemap,2026-09-05,London A-Z trade/service sitemap.,London
Checkatrade,Slate Roofer Repair,Slate Roofer Repair,V2,https://www.checkatrade.com/sitemap/locations/London/S,london_trade_sitemap,2026-09-05,London A-Z trade/service sitemap.,London
Checkatrade,Slate Tiles,Slate Tiles,V2,https://www.checkatrade.com/sitemap/locations/London/S,london_trade_sitemap,2026-09-05,London A-Z trade/service sitemap.,London
Checkatrade,Sleepers,Sleepers,V2,https://www.checkatrade.com/sitemap/locations/London/S,london_trade_sitemap,2026-09-05,London A-Z trade/service sitemap.,London
Checkatrade,Smart Heating Installation,Smart Heating Installation,V2,https://www.checkatrade.com/sitemap/locations/London/S,london_trade_sitemap,2026-09-05,London A-Z trade/service sitemap.,London
Checkatrade,Smart Home Technology Consultant,Smart Home Technology Consultant,V2,https://www.checkatrade.com/sitemap/locations/London/S,london_trade_sitemap,2026-09-05,London A-Z trade/service sitemap.,London
Checkatrade,Smart Repairs,Smart Repairs,V2,https://www.checkatrade.com/sitemap/locations/London/S,london_trade_sitemap,2026-09-05,London A-Z trade/service sitemap.,London
Checkatrade,Smart Thermostat Installation,Smart Thermostat Installation,V2,https://www.checkatrade.com/sitemap/locations/London/S,london_trade_sitemap,2026-09-05,London A-Z trade/service sitemap.,London
Checkatrade,Smart Thermostats,Smart Thermostats,V2,https://www.checkatrade.com/sitemap/locations/London/S,london_trade_sitemap,2026-09-05,London A-Z trade/service sitemap.,London
Checkatrade,Smoke Alarms,Smoke Alarms,V2,https://www.checkatrade.com/sitemap/locations/London/S,london_trade_sitemap,2026-09-05,London A-Z trade/service sitemap.,London
Checkatrade,Smokeless Fuel,Smokeless Fuel,V2,https://www.checkatrade.com/sitemap/locations/London/S,london_trade_sitemap,2026-09-05,London A-Z trade/service sitemap.,London
Checkatrade,Snap Locks,Snap Locks,V2,https://www.checkatrade.com/sitemap/locations/London/S,london_trade_sitemap,2026-09-05,London A-Z trade/service sitemap.,London
Checkatrade,Soakaway Clearance,Soakaway Clearance,V2,https://www.checkatrade.com/sitemap/locations/London/S,london_trade_sitemap,2026-09-05,London A-Z trade/service sitemap.,London
Checkatrade,Soakaways,Soakaways,V2,https://www.checkatrade.com/sitemap/locations/London/S,london_trade_sitemap,2026-09-05,London A-Z trade/service sitemap.,London
Checkatrade,Soda / Sand / Shot Blasting,Soda / Sand / Shot Blasting,V2,https://www.checkatrade.com/sitemap/locations/London/S,london_trade_sitemap,2026-09-05,London A-Z trade/service sitemap.,London
Checkatrade,Soft Landscaping,Soft Landscaping,V2,https://www.checkatrade.com/sitemap/locations/London/S,london_trade_sitemap,2026-09-05,London A-Z trade/service sitemap.,London
Checkatrade,Soft Washing,Soft Washing,V2,https://www.checkatrade.com/sitemap/locations/London/S,london_trade_sitemap,2026-09-05,London A-Z trade/service sitemap.,London
Checkatrade,Software Testing,Software Testing,V2,https://www.checkatrade.com/sitemap/locations/London/S,london_trade_sitemap,2026-09-05,London A-Z trade/service sitemap.,London
Checkatrade,Solar Battery Storage,Solar Battery Storage,V2,https://www.checkatrade.com/sitemap/locations/London/S,london_trade_sitemap,2026-09-05,London A-Z trade/service sitemap.,London
Checkatrade,Solar Panel Cleaning,Solar Panel Cleaning,V2,https://www.checkatrade.com/sitemap/locations/London/S,london_trade_sitemap,2026-09-05,London A-Z trade/service sitemap.,London
Checkatrade,Solar Panel Installation,Solar Panel Installation,V2,https://www.checkatrade.com/sitemap/locations/London/S,london_trade_sitemap,2026-09-05,London A-Z trade/service sitemap.,London
Checkatrade,Solar Panel Repair,Solar Panel Repair,V2,https://www.checkatrade.com/sitemap/locations/London/S,london_trade_sitemap,2026-09-05,London A-Z trade/service sitemap.,London
Checkatrade,Solar Panel Servicing / Repair,Solar Panel Servicing / Repair,V2,https://www.checkatrade.com/sitemap/locations/London/S,london_trade_sitemap,2026-09-05,London A-Z trade/service sitemap.,London
Checkatrade,Solar Panel Supply and Install,Solar Panel Supply and Install,V2,https://www.checkatrade.com/sitemap/locations/London/S,london_trade_sitemap,2026-09-05,London A-Z trade/service sitemap.,London
Checkatrade,Solar Photovoltaic / Electric,Solar Photovoltaic / Electric,V2,https://www.checkatrade.com/sitemap/locations/London/S,london_trade_sitemap,2026-09-05,London A-Z trade/service sitemap.,London
Checkatrade,Solar Photovoltaic / Electric - Feed,Solar Photovoltaic / Electric - Feed,V2,https://www.checkatrade.com/sitemap/locations/London/S,london_trade_sitemap,2026-09-05,London A-Z trade/service sitemap.,London
Checkatrade,Solar Roof Installation,Solar Roof Installation,V2,https://www.checkatrade.com/sitemap/locations/London/S,london_trade_sitemap,2026-09-05,London A-Z trade/service sitemap.,London
Checkatrade,Solar Roof Servicing / Repair,Solar Roof Servicing / Repair,V2,https://www.checkatrade.com/sitemap/locations/London/S,london_trade_sitemap,2026-09-05,London A-Z trade/service sitemap.,London
Checkatrade,Solar Thermal Heating Installation,Solar Thermal Heating Installation,V2,https://www.checkatrade.com/sitemap/locations/London/S,london_trade_sitemap,2026-09-05,London A-Z trade/service sitemap.,London
Checkatrade,Solar Thermal Heating Servicing / Repair,Solar Thermal Heating Servicing / Repair,V2,https://www.checkatrade.com/sitemap/locations/London/S,london_trade_sitemap,2026-09-05,London A-Z trade/service sitemap.,London
Checkatrade,Solid Floor Insulation,Solid Floor Insulation,V2,https://www.checkatrade.com/sitemap/locations/London/S,london_trade_sitemap,2026-09-05,London A-Z trade/service sitemap.,London
Checkatrade,Solid Fuel,Solid Fuel,V2,https://www.checkatrade.com/sitemap/locations/London/S,london_trade_sitemap,2026-09-05,London A-Z trade/service sitemap.,London
Checkatrade,Sound Proofing,Sound Proofing,V2,https://www.checkatrade.com/sitemap/locations/London/S,london_trade_sitemap,2026-09-05,London A-Z trade/service sitemap.,London
Checkatrade,Specialist Paint Effects,Specialist Paint Effects,V2,https://www.checkatrade.com/sitemap/locations/London/S,london_trade_sitemap,2026-09-05,London A-Z trade/service sitemap.,London
Checkatrade,Spray Foam Insulation,Spray Foam Insulation,V2,https://www.checkatrade.com/sitemap/locations/London/S,london_trade_sitemap,2026-09-05,London A-Z trade/service sitemap.,London
Checkatrade,Spray Foam Insulation Companies,Spray Foam Insulation Companies,V2,https://www.checkatrade.com/sitemap/locations/London/A,london_trade_sitemap,2026-09-05,London A-Z trade/service sitemap.,London
Checkatrade,Spray Foam Insulation Removal,Spray Foam Insulation Removal,V2,https://www.checkatrade.com/sitemap/locations/London/S,london_trade_sitemap,2026-09-05,London A-Z trade/service sitemap.,London
Checkatrade,Spray Rendering,Spray Rendering,V2,https://www.checkatrade.com/sitemap/locations/London/S,london_trade_sitemap,2026-09-05,London A-Z trade/service sitemap.,London
Checkatrade,Stable Doors,Stable Doors,V2,https://www.checkatrade.com/sitemap/locations/London/S,london_trade_sitemap,2026-09-05,London A-Z trade/service sitemap.,London
Checkatrade,Stain Protection,Stain Protection,V2,https://www.checkatrade.com/sitemap/locations/London/S,london_trade_sitemap,2026-09-05,London A-Z trade/service sitemap.,London
Checkatrade,Stained Glass,Stained Glass,V2,https://www.checkatrade.com/sitemap/locations/London/S,london_trade_sitemap,2026-09-05,London A-Z trade/service sitemap.,London
Checkatrade,Stained Glass Restoration,Stained Glass Restoration,V2,https://www.checkatrade.com/sitemap/locations/London/S,london_trade_sitemap,2026-09-05,London A-Z trade/service sitemap.,London
Checkatrade,Staircases,Staircases,V2,https://www.checkatrade.com/sitemap/locations/London/S,london_trade_sitemap,2026-09-05,London A-Z trade/service sitemap.,London
Checkatrade,Stairlift Installation,Stairlift Installation,V2,https://www.checkatrade.com/sitemap/locations/London/S,london_trade_sitemap,2026-09-05,London A-Z trade/service sitemap.,London
Checkatrade,Stairlift Repair,Stairlift Repair,V2,https://www.checkatrade.com/sitemap/locations/London/S,london_trade_sitemap,2026-09-05,London A-Z trade/service sitemap.,London
Checkatrade,Steam Cleaning,Steam Cleaning,V2,https://www.checkatrade.com/sitemap/locations/London/S,london_trade_sitemap,2026-09-05,London A-Z trade/service sitemap.,London
Checkatrade,Steel Bending Services,Steel Bending Services,V2,https://www.checkatrade.com/sitemap/locations/London/S,london_trade_sitemap,2026-09-05,London A-Z trade/service sitemap.,London
Checkatrade,Steel Fabrication,Steel Fabrication,V2,https://www.checkatrade.com/sitemap/locations/London/S,london_trade_sitemap,2026-09-05,London A-Z trade/service sitemap.,London
Checkatrade,Steel Fabricators,Steel Fabricators,V2,https://www.checkatrade.com/sitemap/locations/London/S,london_trade_sitemap,2026-09-05,London A-Z trade/service sitemap.,London
Checkatrade,Steel Work Design,Steel Work Design,V2,https://www.checkatrade.com/sitemap/locations/London/S,london_trade_sitemap,2026-09-05,London A-Z trade/service sitemap.,London
Checkatrade,Stone Carving,Stone Carving,V2,https://www.checkatrade.com/sitemap/locations/London/S,london_trade_sitemap,2026-09-05,London A-Z trade/service sitemap.,London
Checkatrade,Stone Floor Cleaning,Stone Floor Cleaning,V2,https://www.checkatrade.com/sitemap/locations/London/S,london_trade_sitemap,2026-09-05,London A-Z trade/service sitemap.,London
Checkatrade,Stone Floor Restoration,Stone Floor Restoration,V2,https://www.checkatrade.com/sitemap/locations/London/S,london_trade_sitemap,2026-09-05,London A-Z trade/service sitemap.,London
Checkatrade,Stone Flooring,Stone Flooring,V2,https://www.checkatrade.com/sitemap/locations/London/S,london_trade_sitemap,2026-09-05,London A-Z trade/service sitemap.,London
Checkatrade,Stone Repairs,Stone Repairs,V2,https://www.checkatrade.com/sitemap/locations/London/S,london_trade_sitemap,2026-09-05,London A-Z trade/service sitemap.,London
Checkatrade,Stonemason,Stonemason,V2,https://www.checkatrade.com/sitemap/locations/London/S,london_trade_sitemap,2026-09-05,London A-Z trade/service sitemap.,London
Checkatrade,Storage,Storage,V2,https://www.checkatrade.com/sitemap/locations/London/S,london_trade_sitemap,2026-09-05,London A-Z trade/service sitemap.,London
Checkatrade,Storage Heating,Storage Heating,V2,https://www.checkatrade.com/sitemap/locations/London/S,london_trade_sitemap,2026-09-05,London A-Z trade/service sitemap.,London
Checkatrade,Stoves / Fireplace Showroom,Stoves / Fireplace Showroom,V2,https://www.checkatrade.com/sitemap/locations/London/S,london_trade_sitemap,2026-09-05,London A-Z trade/service sitemap.,London
Checkatrade,Stoves Installer,Stoves Installer,V2,https://www.checkatrade.com/sitemap/locations/London/S,london_trade_sitemap,2026-09-05,London A-Z trade/service sitemap.,London
Checkatrade,Stretched Ceilings,Stretched Ceilings,V2,https://www.checkatrade.com/sitemap/locations/London/S,london_trade_sitemap,2026-09-05,London A-Z trade/service sitemap.,London
Checkatrade,Structural Design,Structural Design,V2,https://www.checkatrade.com/sitemap/locations/London/S,london_trade_sitemap,2026-09-05,London A-Z trade/service sitemap.,London
Checkatrade,Structural Designer,Structural Designer,V2,https://www.checkatrade.com/sitemap/locations/London/S,london_trade_sitemap,2026-09-05,London A-Z trade/service sitemap.,London
Checkatrade,Structural Engineer,Structural Engineer,V2,https://www.checkatrade.com/sitemap/locations/London/S,london_trade_sitemap,2026-09-05,London A-Z trade/service sitemap.,London
Checkatrade,Structural Engineer - Structural Calculations,Structural Engineer - Structural Calculations,V2,https://www.checkatrade.com/sitemap/locations/London/S,london_trade_sitemap,2026-09-05,London A-Z trade/service sitemap.,London
Checkatrade,Structural Engineering Services,Structural Engineering Services,V2,https://www.checkatrade.com/sitemap/locations/London/S,london_trade_sitemap,2026-09-05,London A-Z trade/service sitemap.,London
Checkatrade,Structural Steels,Structural Steels,V2,https://www.checkatrade.com/sitemap/locations/London/S,london_trade_sitemap,2026-09-05,London A-Z trade/service sitemap.,London
Checkatrade,Structural Water Proofing,Structural Water Proofing,V2,https://www.checkatrade.com/sitemap/locations/London/S,london_trade_sitemap,2026-09-05,London A-Z trade/service sitemap.,London
Checkatrade,Stump Grinding,Stump Grinding,V2,https://www.checkatrade.com/sitemap/locations/London/S,london_trade_sitemap,2026-09-05,London A-Z trade/service sitemap.,London
Checkatrade,Summer House Design / Construction,Summer House Design / Construction,V2,https://www.checkatrade.com/sitemap/locations/London/S,london_trade_sitemap,2026-09-05,London A-Z trade/service sitemap.,London
Checkatrade,Summerhouse Builders,Summerhouse Builders,V2,https://www.checkatrade.com/sitemap/locations/London/S,london_trade_sitemap,2026-09-05,London A-Z trade/service sitemap.,London
Checkatrade,Summerhouse Installers,Summerhouse Installers,V2,https://www.checkatrade.com/sitemap/locations/London/S,london_trade_sitemap,2026-09-05,London A-Z trade/service sitemap.,London
Checkatrade,Summerhouse Repairs,Summerhouse Repairs,V2,https://www.checkatrade.com/sitemap/locations/London/S,london_trade_sitemap,2026-09-05,London A-Z trade/service sitemap.,London
Checkatrade,Summerhouse Suppliers,Summerhouse Suppliers,V2,https://www.checkatrade.com/sitemap/locations/London/S,london_trade_sitemap,2026-09-05,London A-Z trade/service sitemap.,London
Checkatrade,Surface Repair,Surface Repair,V2,https://www.checkatrade.com/sitemap/locations/London/S,london_trade_sitemap,2026-09-05,London A-Z trade/service sitemap.,London
Checkatrade,Surveying,Surveying,V2,https://www.checkatrade.com/sitemap/locations/London/S,london_trade_sitemap,2026-09-05,London A-Z trade/service sitemap.,London
Checkatrade,Suspended Ceiling Contractors,Suspended Ceiling Contractors,V2,https://www.checkatrade.com/sitemap/locations/London/S,london_trade_sitemap,2026-09-05,London A-Z trade/service sitemap.,London
Checkatrade,Suspended Ceiling Installers,Suspended Ceiling Installers,V2,https://www.checkatrade.com/sitemap/locations/London/S,london_trade_sitemap,2026-09-05,London A-Z trade/service sitemap.,London
Checkatrade,Suspended Ceiling Suppliers,Suspended Ceiling Suppliers,V2,https://www.checkatrade.com/sitemap/locations/London/S,london_trade_sitemap,2026-09-05,London A-Z trade/service sitemap.,London
Checkatrade,Suspended Ceilings,Suspended Ceilings,V2,https://www.checkatrade.com/sitemap/locations/London/S,london_trade_sitemap,2026-09-05,London A-Z trade/service sitemap.,London
Checkatrade,Suspended Floor Insulation,Suspended Floor Insulation,V2,https://www.checkatrade.com/sitemap/locations/London/S,london_trade_sitemap,2026-09-05,London A-Z trade/service sitemap.,London
Checkatrade,Sustainable Builders,Sustainable Builders,V2,https://www.checkatrade.com/sitemap/locations/London/S,london_trade_sitemap,2026-09-05,London A-Z trade/service sitemap.,London
Checkatrade,Sustainable Construction,Sustainable Construction,V2,https://www.checkatrade.com/sitemap/locations/London/S,london_trade_sitemap,2026-09-05,London A-Z trade/service sitemap.,London
Checkatrade,Swimming Pool Construction,Swimming Pool Construction,V2,https://www.checkatrade.com/sitemap/locations/London/S,london_trade_sitemap,2026-09-05,London A-Z trade/service sitemap.,London
Checkatrade,Swimming Pool Maintenance,Swimming Pool Maintenance,V2,https://www.checkatrade.com/sitemap/locations/London/S,london_trade_sitemap,2026-09-05,London A-Z trade/service sitemap.,London
Checkatrade,Swimming Pools,Swimming Pools,V2,https://www.checkatrade.com/sitemap/locations/London/S,london_trade_sitemap,2026-09-05,London A-Z trade/service sitemap.,London
Checkatrade,TV Aerial / Satellite Installation,TV Aerial / Satellite Installation,V2,https://www.checkatrade.com/sitemap/locations/London/T,london_trade_sitemap,2026-09-05,London A-Z trade/service sitemap.,London
Checkatrade,TV Aerials / Satellite Services,TV Aerials / Satellite Services,V2,https://www.checkatrade.com/sitemap/locations/London/T,london_trade_sitemap,2026-09-05,London A-Z trade/service sitemap.,London
Checkatrade,TV Repair,TV Repair,V2,https://www.checkatrade.com/sitemap/locations/London/T,london_trade_sitemap,2026-09-05,London A-Z trade/service sitemap.,London
Checkatrade,TV Wall Mounting,TV Wall Mounting,V2,https://www.checkatrade.com/sitemap/locations/London/T,london_trade_sitemap,2026-09-05,London A-Z trade/service sitemap.,London
Checkatrade,Tado Installers,Tado Installers,V2,https://www.checkatrade.com/sitemap/locations/London/T,london_trade_sitemap,2026-09-05,London A-Z trade/service sitemap.,London
Checkatrade,Tap Repair,Tap Repair,V2,https://www.checkatrade.com/sitemap/locations/London/T,london_trade_sitemap,2026-09-05,London A-Z trade/service sitemap.,London
Checkatrade,Tape & Jointing,Tape & Jointing,V2,https://www.checkatrade.com/sitemap/locations/London/T,london_trade_sitemap,2026-09-05,London A-Z trade/service sitemap.,London
Checkatrade,Tarmac Driveways,Tarmac Driveways,V2,https://www.checkatrade.com/sitemap/locations/London/T,london_trade_sitemap,2026-09-05,London A-Z trade/service sitemap.,London
Checkatrade,Taxi Services,Taxi Services,V2,https://www.checkatrade.com/sitemap/locations/London/T,london_trade_sitemap,2026-09-05,London A-Z trade/service sitemap.,London
Checkatrade,Technical Drawing,Technical Drawing,V2,https://www.checkatrade.com/sitemap/locations/London/T,london_trade_sitemap,2026-09-05,London A-Z trade/service sitemap.,London
Checkatrade,Telecommunications,Telecommunications,V2,https://www.checkatrade.com/sitemap/locations/London/T,london_trade_sitemap,2026-09-05,London A-Z trade/service sitemap.,London
Checkatrade,Telephone Engineer,Telephone Engineer,V2,https://www.checkatrade.com/sitemap/locations/London/T,london_trade_sitemap,2026-09-05,London A-Z trade/service sitemap.,London
Checkatrade,Telephone Faults,Telephone Faults,V2,https://www.checkatrade.com/sitemap/locations/London/T,london_trade_sitemap,2026-09-05,London A-Z trade/service sitemap.,London
Checkatrade,Telephone Points,Telephone Points,V2,https://www.checkatrade.com/sitemap/locations/London/T,london_trade_sitemap,2026-09-05,London A-Z trade/service sitemap.,London
Checkatrade,Telephone System Equipment,Telephone System Equipment,V2,https://www.checkatrade.com/sitemap/locations/London/T,london_trade_sitemap,2026-09-05,London A-Z trade/service sitemap.,London
Checkatrade,Television Points,Television Points,V2,https://www.checkatrade.com/sitemap/locations/London/T,london_trade_sitemap,2026-09-05,London A-Z trade/service sitemap.,London
Checkatrade,Testimonials,Testimonials,V1,https://join.checkatrade.com/what-you-get/,public_category_page,2026-08-22,Checkatrade public category/onboarding page.,
Checkatrade,Thatched Roof Installation,Thatched Roof Installation,V2,https://www.checkatrade.com/sitemap/locations/London/T,london_trade_sitemap,2026-09-05,London A-Z trade/service sitemap.,London
Checkatrade,Thatched Roof Repair,Thatched Roof Repair,V2,https://www.checkatrade.com/sitemap/locations/London/T,london_trade_sitemap,2026-09-05,London A-Z trade/service sitemap.,London
Checkatrade,Thermal Dynamics,Thermal Dynamics,V2,https://www.checkatrade.com/sitemap/locations/London/T,london_trade_sitemap,2026-09-05,London A-Z trade/service sitemap.,London
Checkatrade,Thermodynamic Panels,Thermodynamic Panels,V2,https://www.checkatrade.com/sitemap/locations/London/T,london_trade_sitemap,2026-09-05,London A-Z trade/service sitemap.,London
Checkatrade,Tile & Ceramic Repair,Tile & Ceramic Repair,V2,https://www.checkatrade.com/sitemap/locations/London/T,london_trade_sitemap,2026-09-05,London A-Z trade/service sitemap.,London
Checkatrade,Tile Repair,Tile Repair,V2,https://www.checkatrade.com/sitemap/locations/London/T,london_trade_sitemap,2026-09-05,London A-Z trade/service sitemap.,London
Checkatrade,Tile Supplier,Tile Supplier,V2,https://www.checkatrade.com/sitemap/locations/London/T,london_trade_sitemap,2026-09-05,London A-Z trade/service sitemap.,London
Checkatrade,Tile and Grout Cleaning,Tile and Grout Cleaning,V2,https://www.checkatrade.com/sitemap/locations/London/T,london_trade_sitemap,2026-09-05,London A-Z trade/service sitemap.,London
Checkatrade,Tiled Conservatory Roof Installation,Tiled Conservatory Roof Installation,V2,https://www.checkatrade.com/sitemap/locations/London/T,london_trade_sitemap,2026-09-05,London A-Z trade/service sitemap.,London
Checkatrade,Tiled Conservatory Roof Repair,Tiled Conservatory Roof Repair,V2,https://www.checkatrade.com/sitemap/locations/London/T,london_trade_sitemap,2026-09-05,London A-Z trade/service sitemap.,London
Checkatrade,Tiled Floor Cleaning,Tiled Floor Cleaning,V2,https://www.checkatrade.com/sitemap/locations/London/T,london_trade_sitemap,2026-09-05,London A-Z trade/service sitemap.,London
Checkatrade,Tiler - Tiling,Tiler - Tiling,V2,https://www.checkatrade.com/sitemap/locations/London/T,london_trade_sitemap,2026-09-05,London A-Z trade/service sitemap.,London
Checkatrade,Tilers,Tilers,V2,https://www.checkatrade.com/sitemap/locations/London/A,london_trade_sitemap,2026-09-05,London A-Z trade/service sitemap.,London
Checkatrade,Timber / Wooden Doors Installation,Timber / Wooden Doors Installation,V2,https://www.checkatrade.com/sitemap/locations/London/T,london_trade_sitemap,2026-09-05,London A-Z trade/service sitemap.,London
Checkatrade,Timber / Wooden Doors Repair,Timber / Wooden Doors Repair,V2,https://www.checkatrade.com/sitemap/locations/London/T,london_trade_sitemap,2026-09-05,London A-Z trade/service sitemap.,London
Checkatrade,Timber / Wooden Windows Installation,Timber / Wooden Windows Installation,V2,https://www.checkatrade.com/sitemap/locations/London/T,london_trade_sitemap,2026-09-05,London A-Z trade/service sitemap.,London
Checkatrade,Timber / Wooden Windows Repair,Timber / Wooden Windows Repair,V2,https://www.checkatrade.com/sitemap/locations/London/T,london_trade_sitemap,2026-09-05,London A-Z trade/service sitemap.,London
Checkatrade,Timber Merchants,Timber Merchants,V2,https://www.checkatrade.com/sitemap/locations/London/T,london_trade_sitemap,2026-09-05,London A-Z trade/service sitemap.,London
Checkatrade,Timber Resin Repairs,Timber Resin Repairs,V2,https://www.checkatrade.com/sitemap/locations/London/T,london_trade_sitemap,2026-09-05,London A-Z trade/service sitemap.,London
Checkatrade,Timber Restoration,Timber Restoration,V2,https://www.checkatrade.com/sitemap/locations/London/T,london_trade_sitemap,2026-09-05,London A-Z trade/service sitemap.,London
Checkatrade,Timber Treatment,Timber Treatment,V2,https://www.checkatrade.com/sitemap/locations/London/T,london_trade_sitemap,2026-09-05,London A-Z trade/service sitemap.,London
Checkatrade,Toilet / Portable Toilet,Toilet / Portable Toilet,V2,https://www.checkatrade.com/sitemap/locations/London/T,london_trade_sitemap,2026-09-05,London A-Z trade/service sitemap.,London
Checkatrade,Toilet seat installation,Toilet seat installation,V2,https://www.checkatrade.com/sitemap/locations/London/T,london_trade_sitemap,2026-09-05,London A-Z trade/service sitemap.,London
Checkatrade,Tool Hire,Tool Hire,V2,https://www.checkatrade.com/sitemap/locations/London/T,london_trade_sitemap,2026-09-05,London A-Z trade/service sitemap.,London
Checkatrade,Towing / Transportation,Towing / Transportation,V2,https://www.checkatrade.com/sitemap/locations/London/T,london_trade_sitemap,2026-09-05,London A-Z trade/service sitemap.,London
Checkatrade,Towing Services,Towing Services,V2,https://www.checkatrade.com/sitemap/locations/London/T,london_trade_sitemap,2026-09-05,London A-Z trade/service sitemap.,London
Checkatrade,Trade Supplier,Trade Supplier,V2,https://www.checkatrade.com/sitemap/locations/London/T,london_trade_sitemap,2026-09-05,London A-Z trade/service sitemap.,London
Checkatrade,Trailer Towing Training,Trailer Towing Training,V2,https://www.checkatrade.com/sitemap/locations/London/T,london_trade_sitemap,2026-09-05,London A-Z trade/service sitemap.,London
Checkatrade,Transport Services,Transport Services,V2,https://www.checkatrade.com/sitemap/locations/London/T,london_trade_sitemap,2026-09-05,London A-Z trade/service sitemap.,London
Checkatrade,Transportation of Heavy Vehicles,Transportation of Heavy Vehicles,V2,https://www.checkatrade.com/sitemap/locations/London/T,london_trade_sitemap,2026-09-05,London A-Z trade/service sitemap.,London
Checkatrade,Transportation of Light Vehicles,Transportation of Light Vehicles,V2,https://www.checkatrade.com/sitemap/locations/London/T,london_trade_sitemap,2026-09-05,London A-Z trade/service sitemap.,London
Checkatrade,Tree Felling,Tree Felling,V2,https://www.checkatrade.com/sitemap/locations/London/T,london_trade_sitemap,2026-09-05,London A-Z trade/service sitemap.,London
Checkatrade,Tree House Builder,Tree House Builder,V2,https://www.checkatrade.com/sitemap/locations/London/T,london_trade_sitemap,2026-09-05,London A-Z trade/service sitemap.,London
Checkatrade,Tree Houses,Tree Houses,V2,https://www.checkatrade.com/sitemap/locations/London/T,london_trade_sitemap,2026-09-05,London A-Z trade/service sitemap.,London
Checkatrade,Tree Planting,Tree Planting,V2,https://www.checkatrade.com/sitemap/locations/London/T,london_trade_sitemap,2026-09-05,London A-Z trade/service sitemap.,London
Checkatrade,Tree Pruning,Tree Pruning,V2,https://www.checkatrade.com/sitemap/locations/London/T,london_trade_sitemap,2026-09-05,London A-Z trade/service sitemap.,London
Checkatrade,Tree Surgeon,Tree Surgeon,V2,https://www.checkatrade.com/sitemap/locations/London/T,london_trade_sitemap,2026-09-05,London A-Z trade/service sitemap.,London
Checkatrade,Trellis,Trellis,V2,https://www.checkatrade.com/sitemap/locations/London/T,london_trade_sitemap,2026-09-05,London A-Z trade/service sitemap.,London
Checkatrade,Triple Glazing Installation,Triple Glazing Installation,V2,https://www.checkatrade.com/sitemap/locations/London/T,london_trade_sitemap,2026-09-05,London A-Z trade/service sitemap.,London
Checkatrade,Triple Glazing Repair,Triple Glazing Repair,V2,https://www.checkatrade.com/sitemap/locations/London/T,london_trade_sitemap,2026-09-05,London A-Z trade/service sitemap.,London
Checkatrade,Truss Roofing,Truss Roofing,V2,https://www.checkatrade.com/sitemap/locations/London/T,london_trade_sitemap,2026-09-05,London A-Z trade/service sitemap.,London
Checkatrade,Tumble Dryer Repair,Tumble Dryer Repair,V2,https://www.checkatrade.com/sitemap/locations/London/T,london_trade_sitemap,2026-09-05,London A-Z trade/service sitemap.,London
Checkatrade,Turfing,Turfing,V2,https://www.checkatrade.com/sitemap/locations/London/T,london_trade_sitemap,2026-09-05,London A-Z trade/service sitemap.,London
Checkatrade,Tv Aerial Fitters,Tv Aerial Fitters,V2,https://www.checkatrade.com/sitemap/locations/London/A,london_trade_sitemap,2026-09-05,London A-Z trade/service sitemap.,London
Checkatrade,Tyre Fitting,Tyre Fitting,V2,https://www.checkatrade.com/sitemap/locations/London/T,london_trade_sitemap,2026-09-05,London A-Z trade/service sitemap.,London
Checkatrade,UPVC Cleaning,UPVC Cleaning,V2,https://www.checkatrade.com/sitemap/locations/London/U,london_trade_sitemap,2026-09-05,London A-Z trade/service sitemap.,London
Checkatrade,UPVC Doors Installation,UPVC Doors Installation,V2,https://www.checkatrade.com/sitemap/locations/London/U,london_trade_sitemap,2026-09-05,London A-Z trade/service sitemap.,London
Checkatrade,UPVC Doors Repair,UPVC Doors Repair,V2,https://www.checkatrade.com/sitemap/locations/London/U,london_trade_sitemap,2026-09-05,London A-Z trade/service sitemap.,London
Checkatrade,UPVC Guttering,UPVC Guttering,V2,https://www.checkatrade.com/sitemap/locations/London/U,london_trade_sitemap,2026-09-05,London A-Z trade/service sitemap.,London
Checkatrade,UPVC Repairs,UPVC Repairs,V2,https://www.checkatrade.com/sitemap/locations/London/U,london_trade_sitemap,2026-09-05,London A-Z trade/service sitemap.,London
Checkatrade,UPVC Spraying,UPVC Spraying,V2,https://www.checkatrade.com/sitemap/locations/London/U,london_trade_sitemap,2026-09-05,London A-Z trade/service sitemap.,London
Checkatrade,UPVC Windows Installation,UPVC Windows Installation,V2,https://www.checkatrade.com/sitemap/locations/London/U,london_trade_sitemap,2026-09-05,London A-Z trade/service sitemap.,London
Checkatrade,UPVC Windows Repair,UPVC Windows Repair,V2,https://www.checkatrade.com/sitemap/locations/London/U,london_trade_sitemap,2026-09-05,London A-Z trade/service sitemap.,London
Checkatrade,Unblock Outside Drain,Unblock Outside Drain,V2,https://www.checkatrade.com/sitemap/locations/London/A,london_trade_sitemap,2026-09-05,London A-Z trade/service sitemap.,London
Checkatrade,Under Pinning,Under Pinning,V2,https://www.checkatrade.com/sitemap/locations/London/U,london_trade_sitemap,2026-09-05,London A-Z trade/service sitemap.,London
Checkatrade,Underfloor Heating Installation,Underfloor Heating Installation,V2,https://www.checkatrade.com/sitemap/locations/London/U,london_trade_sitemap,2026-09-05,London A-Z trade/service sitemap.,London
Checkatrade,Underfloor Heating Repair,Underfloor Heating Repair,V2,https://www.checkatrade.com/sitemap/locations/London/U,london_trade_sitemap,2026-09-05,London A-Z trade/service sitemap.,London
Checkatrade,Unvented Hot Water Cylinder Installation,Unvented Hot Water Cylinder Installation,V2,https://www.checkatrade.com/sitemap/locations/London/U,london_trade_sitemap,2026-09-05,London A-Z trade/service sitemap.,London
Checkatrade,Unvented Hot Water Cylinder Servicing / Repair,Unvented Hot Water Cylinder Servicing / Repair,V2,https://www.checkatrade.com/sitemap/locations/London/U,london_trade_sitemap,2026-09-05,London A-Z trade/service sitemap.,London
Checkatrade,Upholstery,Upholstery,V2,https://www.checkatrade.com/sitemap/locations/London/U,london_trade_sitemap,2026-09-05,London A-Z trade/service sitemap.,London
Checkatrade,Upholstery Cleaning,Upholstery Cleaning,V2,https://www.checkatrade.com/sitemap/locations/London/U,london_trade_sitemap,2026-09-05,London A-Z trade/service sitemap.,London
Checkatrade,Upholstery Repair,Upholstery Repair,V2,https://www.checkatrade.com/sitemap/locations/London/U,london_trade_sitemap,2026-09-05,London A-Z trade/service sitemap.,London
Checkatrade,Upvc Cladding Installers,Upvc Cladding Installers,V2,https://www.checkatrade.com/sitemap/locations/London/U,london_trade_sitemap,2026-09-05,London A-Z trade/service sitemap.,London
Checkatrade,Vacuum Service / Repair,Vacuum Service / Repair,V2,https://www.checkatrade.com/sitemap/locations/London/V,london_trade_sitemap,2026-09-05,London A-Z trade/service sitemap.,London
Checkatrade,Van / Car Hire,Van / Car Hire,V2,https://www.checkatrade.com/sitemap/locations/London/V,london_trade_sitemap,2026-09-05,London A-Z trade/service sitemap.,London
Checkatrade,Van Conversions,Van Conversions,V2,https://www.checkatrade.com/sitemap/locations/London/V,london_trade_sitemap,2026-09-05,London A-Z trade/service sitemap.,London
Checkatrade,Van Security Locks,Van Security Locks,V2,https://www.checkatrade.com/sitemap/locations/London/V,london_trade_sitemap,2026-09-05,London A-Z trade/service sitemap.,London
Checkatrade,Vehicle / Car Body Repair,Vehicle / Car Body Repair,V2,https://www.checkatrade.com/sitemap/locations/London/V,london_trade_sitemap,2026-09-05,London A-Z trade/service sitemap.,London
Checkatrade,Vehicle / Car Valeting,Vehicle / Car Valeting,V2,https://www.checkatrade.com/sitemap/locations/London/V,london_trade_sitemap,2026-09-05,London A-Z trade/service sitemap.,London
Checkatrade,Vehicle Air Conditioning Servicing / Repair,Vehicle Air Conditioning Servicing / Repair,V2,https://www.checkatrade.com/sitemap/locations/London/V,london_trade_sitemap,2026-09-05,London A-Z trade/service sitemap.,London
Checkatrade,Vehicle Paint Spraying,Vehicle Paint Spraying,V2,https://www.checkatrade.com/sitemap/locations/London/V,london_trade_sitemap,2026-09-05,London A-Z trade/service sitemap.,London
Checkatrade,Vehicle Recovery,Vehicle Recovery,V2,https://www.checkatrade.com/sitemap/locations/London/V,london_trade_sitemap,2026-09-05,London A-Z trade/service sitemap.,London
Checkatrade,Vehicle Signwriting,Vehicle Signwriting,V2,https://www.checkatrade.com/sitemap/locations/London/V,london_trade_sitemap,2026-09-05,London A-Z trade/service sitemap.,London
Checkatrade,Vehicle Window Tinting,Vehicle Window Tinting,V2,https://www.checkatrade.com/sitemap/locations/London/V,london_trade_sitemap,2026-09-05,London A-Z trade/service sitemap.,London
Checkatrade,Vehicle Wrapping,Vehicle Wrapping,V2,https://www.checkatrade.com/sitemap/locations/London/V,london_trade_sitemap,2026-09-05,London A-Z trade/service sitemap.,London
Checkatrade,Venetian Marble Plastering,Venetian Marble Plastering,V2,https://www.checkatrade.com/sitemap/locations/London/V,london_trade_sitemap,2026-09-05,London A-Z trade/service sitemap.,London
Checkatrade,Victorian Tiles,Victorian Tiles,V2,https://www.checkatrade.com/sitemap/locations/London/V,london_trade_sitemap,2026-09-05,London A-Z trade/service sitemap.,London
Checkatrade,Video / Audio Repair,Video / Audio Repair,V2,https://www.checkatrade.com/sitemap/locations/London/V,london_trade_sitemap,2026-09-05,London A-Z trade/service sitemap.,London
Checkatrade,View Prices,View Prices,V1,https://join.checkatrade.com/what-you-get/,public_category_page,2026-08-22,Checkatrade public category/onboarding page.,
Checkatrade,View our prices,View our prices,V1,https://join.checkatrade.com/what-you-get/,public_category_page,2026-08-22,Checkatrade public category/onboarding page.,
Checkatrade,Vinyl Floor Tiles,Vinyl Floor Tiles,V2,https://www.checkatrade.com/sitemap/locations/London/V,london_trade_sitemap,2026-09-05,London A-Z trade/service sitemap.,London
Checkatrade,Vinyl Flooring,Vinyl Flooring,V2,https://www.checkatrade.com/sitemap/locations/London/V,london_trade_sitemap,2026-09-05,London A-Z trade/service sitemap.,London
Checkatrade,Vokera Boiler Service,Vokera Boiler Service,V2,https://www.checkatrade.com/sitemap/locations/London/V,london_trade_sitemap,2026-09-05,London A-Z trade/service sitemap.,London
Checkatrade,VolP Telephony,VolP Telephony,V2,https://www.checkatrade.com/sitemap/locations/London/V,london_trade_sitemap,2026-09-05,London A-Z trade/service sitemap.,London
Checkatrade,Wall Coatings,Wall Coatings,V2,https://www.checkatrade.com/sitemap/locations/London/W,london_trade_sitemap,2026-09-05,London A-Z trade/service sitemap.,London
Checkatrade,Wall Murals,Wall Murals,V2,https://www.checkatrade.com/sitemap/locations/London/W,london_trade_sitemap,2026-09-05,London A-Z trade/service sitemap.,London
Checkatrade,Wall Tie Replacement,Wall Tie Replacement,V2,https://www.checkatrade.com/sitemap/locations/London/W,london_trade_sitemap,2026-09-05,London A-Z trade/service sitemap.,London
Checkatrade,Wall Tie Replacements,Wall Tie Replacements,V2,https://www.checkatrade.com/sitemap/locations/London/W,london_trade_sitemap,2026-09-05,London A-Z trade/service sitemap.,London
Checkatrade,Wall Tie Specialist,Wall Tie Specialist,V2,https://www.checkatrade.com/sitemap/locations/London/W,london_trade_sitemap,2026-09-05,London A-Z trade/service sitemap.,London
Checkatrade,Wall Tie Survey,Wall Tie Survey,V2,https://www.checkatrade.com/sitemap/locations/London/W,london_trade_sitemap,2026-09-05,London A-Z trade/service sitemap.,London
Checkatrade,Wall Tiling,Wall Tiling,V2,https://www.checkatrade.com/sitemap/locations/London/W,london_trade_sitemap,2026-09-05,London A-Z trade/service sitemap.,London
Checkatrade,Wallpapering,Wallpapering,V2,https://www.checkatrade.com/sitemap/locations/London/W,london_trade_sitemap,2026-09-05,London A-Z trade/service sitemap.,London
Checkatrade,Wardrobe Maker,Wardrobe Maker,V2,https://www.checkatrade.com/sitemap/locations/London/A,london_trade_sitemap,2026-09-05,London A-Z trade/service sitemap.,London
Checkatrade,Wardrobe Sliding Doors,Wardrobe Sliding Doors,V2,https://www.checkatrade.com/sitemap/locations/London/W,london_trade_sitemap,2026-09-05,London A-Z trade/service sitemap.,London
Checkatrade,Warehouse Clearance,Warehouse Clearance,V2,https://www.checkatrade.com/sitemap/locations/London/W,london_trade_sitemap,2026-09-05,London A-Z trade/service sitemap.,London
Checkatrade,Warehouse Racking,Warehouse Racking,V2,https://www.checkatrade.com/sitemap/locations/London/W,london_trade_sitemap,2026-09-05,London A-Z trade/service sitemap.,London
Checkatrade,Warm Roof Construction,Warm Roof Construction,V2,https://www.checkatrade.com/sitemap/locations/London/W,london_trade_sitemap,2026-09-05,London A-Z trade/service sitemap.,London
Checkatrade,Washing Machine Repair,Washing Machine Repair,V2,https://www.checkatrade.com/sitemap/locations/London/A,london_trade_sitemap,2026-09-05,London A-Z trade/service sitemap.,London
Checkatrade,Wasp Nest Removal,Wasp Nest Removal,V2,https://www.checkatrade.com/sitemap/locations/London/W,london_trade_sitemap,2026-09-05,London A-Z trade/service sitemap.,London
Checkatrade,Waste Clearance,Waste Clearance,V2,https://www.checkatrade.com/sitemap/locations/London/W,london_trade_sitemap,2026-09-05,London A-Z trade/service sitemap.,London
Checkatrade,Waste Water Treatment Plant Installations,Waste Water Treatment Plant Installations,V2,https://www.checkatrade.com/sitemap/locations/London/W,london_trade_sitemap,2026-09-05,London A-Z trade/service sitemap.,London
Checkatrade,Water Coolers Supply / Maintenance,Water Coolers Supply / Maintenance,V2,https://www.checkatrade.com/sitemap/locations/London/W,london_trade_sitemap,2026-09-05,London A-Z trade/service sitemap.,London
Checkatrade,Water Features,Water Features,V2,https://www.checkatrade.com/sitemap/locations/London/W,london_trade_sitemap,2026-09-05,London A-Z trade/service sitemap.,London
Checkatrade,Water Filters,Water Filters,V2,https://www.checkatrade.com/sitemap/locations/London/W,london_trade_sitemap,2026-09-05,London A-Z trade/service sitemap.,London
Checkatrade,Water Gardens,Water Gardens,V2,https://www.checkatrade.com/sitemap/locations/London/W,london_trade_sitemap,2026-09-05,London A-Z trade/service sitemap.,London
Checkatrade,Water Leak Detection,Water Leak Detection,V2,https://www.checkatrade.com/sitemap/locations/London/W,london_trade_sitemap,2026-09-05,London A-Z trade/service sitemap.,London
Checkatrade,Water Leaking From Ceiling,Water Leaking From Ceiling,V2,https://www.checkatrade.com/sitemap/locations/London/A,london_trade_sitemap,2026-09-05,London A-Z trade/service sitemap.,London
Checkatrade,"Water Mains Specialist (Pipe Replacement, Moling and Lead Pipes)","Water Mains Specialist (Pipe Replacement, Moling and Lead Pipes)",V2,https://www.checkatrade.com/sitemap/locations/London/W,london_trade_sitemap,2026-09-05,London A-Z trade/service sitemap.,London
Checkatrade,Water Pumps Installation,Water Pumps Installation,V2,https://www.checkatrade.com/sitemap/locations/London/W,london_trade_sitemap,2026-09-05,London A-Z trade/service sitemap.,London
Checkatrade,Water Pumps Repair,Water Pumps Repair,V2,https://www.checkatrade.com/sitemap/locations/London/W,london_trade_sitemap,2026-09-05,London A-Z trade/service sitemap.,London
Checkatrade,Water Softeners,Water Softeners,V2,https://www.checkatrade.com/sitemap/locations/London/W,london_trade_sitemap,2026-09-05,London A-Z trade/service sitemap.,London
Checkatrade,Water Supply Pipe Repairs,Water Supply Pipe Repairs,V2,https://www.checkatrade.com/sitemap/locations/London/W,london_trade_sitemap,2026-09-05,London A-Z trade/service sitemap.,London
Checkatrade,Water tank repair,Water tank repair,V2,https://www.checkatrade.com/sitemap/locations/London/W,london_trade_sitemap,2026-09-05,London A-Z trade/service sitemap.,London
Checkatrade,Waterproof Plasterer,Waterproof Plasterer,V2,https://www.checkatrade.com/sitemap/locations/London/W,london_trade_sitemap,2026-09-05,London A-Z trade/service sitemap.,London
Checkatrade,Weather Coatings,Weather Coatings,V2,https://www.checkatrade.com/sitemap/locations/London/W,london_trade_sitemap,2026-09-05,London A-Z trade/service sitemap.,London
Checkatrade,Website Designers,Website Designers,V2,https://www.checkatrade.com/sitemap/locations/London/W,london_trade_sitemap,2026-09-05,London A-Z trade/service sitemap.,London
Checkatrade,Weed Control,Weed Control,V2,https://www.checkatrade.com/sitemap/locations/London/W,london_trade_sitemap,2026-09-05,London A-Z trade/service sitemap.,London
Checkatrade,Welding,Welding,V2,https://www.checkatrade.com/sitemap/locations/London/W,london_trade_sitemap,2026-09-05,London A-Z trade/service sitemap.,London
Checkatrade,Welding Fabrication,Welding Fabrication,V2,https://www.checkatrade.com/sitemap/locations/London/W,london_trade_sitemap,2026-09-05,London A-Z trade/service sitemap.,London
Checkatrade,Wet Rooms,Wet Rooms,V2,https://www.checkatrade.com/sitemap/locations/London/W,london_trade_sitemap,2026-09-05,London A-Z trade/service sitemap.,London
Checkatrade,Wheel Refurbishments,Wheel Refurbishments,V2,https://www.checkatrade.com/sitemap/locations/London/W,london_trade_sitemap,2026-09-05,London A-Z trade/service sitemap.,London
Checkatrade,Wheelchairs Manual / Electric,Wheelchairs Manual / Electric,V2,https://www.checkatrade.com/sitemap/locations/London/W,london_trade_sitemap,2026-09-05,London A-Z trade/service sitemap.,London
Checkatrade,Wheelie Bin Clean,Wheelie Bin Clean,V2,https://www.checkatrade.com/sitemap/locations/London/W,london_trade_sitemap,2026-09-05,London A-Z trade/service sitemap.,London
Checkatrade,WiFi Distribution,WiFi Distribution,V2,https://www.checkatrade.com/sitemap/locations/London/W,london_trade_sitemap,2026-09-05,London A-Z trade/service sitemap.,London
Checkatrade,Wildlife management,Wildlife management,V2,https://www.checkatrade.com/sitemap/locations/London/W,london_trade_sitemap,2026-09-05,London A-Z trade/service sitemap.,London
Checkatrade,Win more work,Win more work,V1,https://join.checkatrade.com/what-you-get/,public_category_page,2026-08-22,Checkatrade public category/onboarding page.,
Checkatrade,Wind Turbines,Wind Turbines,V2,https://www.checkatrade.com/sitemap/locations/London/W,london_trade_sitemap,2026-09-05,London A-Z trade/service sitemap.,London
Checkatrade,Wind Turbines - Feed,Wind Turbines - Feed,V2,https://www.checkatrade.com/sitemap/locations/London/W,london_trade_sitemap,2026-09-05,London A-Z trade/service sitemap.,London
Checkatrade,Window Cleaner,Window Cleaner,V2,https://www.checkatrade.com/sitemap/locations/London/A,london_trade_sitemap,2026-09-05,London A-Z trade/service sitemap.,London
Checkatrade,Window Cleaners,Window Cleaners,V2,https://www.checkatrade.com/sitemap/locations/London/A,london_trade_sitemap,2026-09-05,London A-Z trade/service sitemap.,London
Checkatrade,Window Film,Window Film,V2,https://www.checkatrade.com/sitemap/locations/London/W,london_trade_sitemap,2026-09-05,London A-Z trade/service sitemap.,London
Checkatrade,Window Fitter,Window Fitter,V2,https://www.checkatrade.com/sitemap/locations/London/A,london_trade_sitemap,2026-09-05,London A-Z trade/service sitemap.,London
Checkatrade,Window Fitters,Window Fitters,V2,https://www.checkatrade.com/sitemap/locations/London/W,london_trade_sitemap,2026-09-05,London A-Z trade/service sitemap.,London
Checkatrade,Window Lock Fitting,Window Lock Fitting,V2,https://www.checkatrade.com/sitemap/locations/London/W,london_trade_sitemap,2026-09-05,London A-Z trade/service sitemap.,London
Checkatrade,Window Lock Repair,Window Lock Repair,V2,https://www.checkatrade.com/sitemap/locations/London/W,london_trade_sitemap,2026-09-05,London A-Z trade/service sitemap.,London
Checkatrade,Window Shutter Fitters,Window Shutter Fitters,V2,https://www.checkatrade.com/sitemap/locations/London/W,london_trade_sitemap,2026-09-05,London A-Z trade/service sitemap.,London
Checkatrade,Window Shutter Suppliers,Window Shutter Suppliers,V2,https://www.checkatrade.com/sitemap/locations/London/W,london_trade_sitemap,2026-09-05,London A-Z trade/service sitemap.,London
Checkatrade,Window Shutters,Window Shutters,V2,https://www.checkatrade.com/sitemap/locations/London/W,london_trade_sitemap,2026-09-05,London A-Z trade/service sitemap.,London
Checkatrade,Window Tinting,Window Tinting,V2,https://www.checkatrade.com/sitemap/locations/London/W,london_trade_sitemap,2026-09-05,London A-Z trade/service sitemap.,London
Checkatrade,Windows / Doors / Conservatories,Windows / Doors / Conservatories,V2,https://www.checkatrade.com/sitemap/locations/London/W,london_trade_sitemap,2026-09-05,London A-Z trade/service sitemap.,London
Checkatrade,Windows Supply,Windows Supply,V2,https://www.checkatrade.com/sitemap/locations/London/W,london_trade_sitemap,2026-09-05,London A-Z trade/service sitemap.,London
Checkatrade,Windows and Doors,Windows and Doors,V2,https://www.checkatrade.com/sitemap/locations/London/W,london_trade_sitemap,2026-09-05,London A-Z trade/service sitemap.,London
Checkatrade,Windscreen Repair,Windscreen Repair,V2,https://www.checkatrade.com/sitemap/locations/London/W,london_trade_sitemap,2026-09-05,London A-Z trade/service sitemap.,London
Checkatrade,Windscreen Replacement,Windscreen Replacement,V2,https://www.checkatrade.com/sitemap/locations/London/W,london_trade_sitemap,2026-09-05,London A-Z trade/service sitemap.,London
Checkatrade,Wood & Laminate Repair,Wood & Laminate Repair,V2,https://www.checkatrade.com/sitemap/locations/London/W,london_trade_sitemap,2026-09-05,London A-Z trade/service sitemap.,London
Checkatrade,Wood / Log Burning Stoves,Wood / Log Burning Stoves,V2,https://www.checkatrade.com/sitemap/locations/London/W,london_trade_sitemap,2026-09-05,London A-Z trade/service sitemap.,London
Checkatrade,Wood Flooring Installers,Wood Flooring Installers,V2,https://www.checkatrade.com/sitemap/locations/London/W,london_trade_sitemap,2026-09-05,London A-Z trade/service sitemap.,London
Checkatrade,Wood Flooring Restoration,Wood Flooring Restoration,V2,https://www.checkatrade.com/sitemap/locations/London/W,london_trade_sitemap,2026-09-05,London A-Z trade/service sitemap.,London
Checkatrade,Wood Flooring Suppliers,Wood Flooring Suppliers,V2,https://www.checkatrade.com/sitemap/locations/London/W,london_trade_sitemap,2026-09-05,London A-Z trade/service sitemap.,London
Checkatrade,Wood Merchants,Wood Merchants,V2,https://www.checkatrade.com/sitemap/locations/London/W,london_trade_sitemap,2026-09-05,London A-Z trade/service sitemap.,London
Checkatrade,Wood Turning Service,Wood Turning Service,V2,https://www.checkatrade.com/sitemap/locations/London/W,london_trade_sitemap,2026-09-05,London A-Z trade/service sitemap.,London
Checkatrade,Wooden / Timber Structures,Wooden / Timber Structures,V2,https://www.checkatrade.com/sitemap/locations/London/W,london_trade_sitemap,2026-09-05,London A-Z trade/service sitemap.,London
Checkatrade,Wooden Gates,Wooden Gates,V2,https://www.checkatrade.com/sitemap/locations/London/W,london_trade_sitemap,2026-09-05,London A-Z trade/service sitemap.,London
Checkatrade,Wooden Sash Windows Installation,Wooden Sash Windows Installation,V2,https://www.checkatrade.com/sitemap/locations/London/W,london_trade_sitemap,2026-09-05,London A-Z trade/service sitemap.,London
Checkatrade,Wooden Sash Windows Repair,Wooden Sash Windows Repair,V2,https://www.checkatrade.com/sitemap/locations/London/W,london_trade_sitemap,2026-09-05,London A-Z trade/service sitemap.,London
Checkatrade,Wooden Shutters,Wooden Shutters,V2,https://www.checkatrade.com/sitemap/locations/London/W,london_trade_sitemap,2026-09-05,London A-Z trade/service sitemap.,London
Checkatrade,Wooden Windows Stripped / Painted,Wooden Windows Stripped / Painted,V2,https://www.checkatrade.com/sitemap/locations/London/W,london_trade_sitemap,2026-09-05,London A-Z trade/service sitemap.,London
Checkatrade,Wooden floor specialist,Wooden floor specialist,V2,https://www.checkatrade.com/sitemap/locations/London/W,london_trade_sitemap,2026-09-05,London A-Z trade/service sitemap.,London
Checkatrade,Woodworm Treatment,Woodworm Treatment,V2,https://www.checkatrade.com/sitemap/locations/London/W,london_trade_sitemap,2026-09-05,London A-Z trade/service sitemap.,London
Checkatrade,Worcester Boiler Repair,Worcester Boiler Repair,V2,https://www.checkatrade.com/sitemap/locations/London/W,london_trade_sitemap,2026-09-05,London A-Z trade/service sitemap.,London
Checkatrade,Worcster Boiler Servicing,Worcster Boiler Servicing,V2,https://www.checkatrade.com/sitemap/locations/London/W,london_trade_sitemap,2026-09-05,London A-Z trade/service sitemap.,London
Checkatrade,Workshop Builders,Workshop Builders,V2,https://www.checkatrade.com/sitemap/locations/London/W,london_trade_sitemap,2026-09-05,London A-Z trade/service sitemap.,London
Checkatrade,Workshop Design / Construction,Workshop Design / Construction,V2,https://www.checkatrade.com/sitemap/locations/London/W,london_trade_sitemap,2026-09-05,London A-Z trade/service sitemap.,London
Checkatrade,Worktop & Countertop Repair,Worktop & Countertop Repair,V2,https://www.checkatrade.com/sitemap/locations/London/W,london_trade_sitemap,2026-09-05,London A-Z trade/service sitemap.,London
Checkatrade,Worktops,Worktops,V2,https://www.checkatrade.com/sitemap/locations/London/W,london_trade_sitemap,2026-09-05,London A-Z trade/service sitemap.,London
Checkatrade,Worktops - Acrylic,Worktops - Acrylic,V2,https://www.checkatrade.com/sitemap/locations/London/W,london_trade_sitemap,2026-09-05,London A-Z trade/service sitemap.,London
Checkatrade,Worktops - Glass,Worktops - Glass,V2,https://www.checkatrade.com/sitemap/locations/London/W,london_trade_sitemap,2026-09-05,London A-Z trade/service sitemap.,London
Checkatrade,Worktops - Granite,Worktops - Granite,V2,https://www.checkatrade.com/sitemap/locations/London/W,london_trade_sitemap,2026-09-05,London A-Z trade/service sitemap.,London
Checkatrade,Worktops - Laminate,Worktops - Laminate,V2,https://www.checkatrade.com/sitemap/locations/London/W,london_trade_sitemap,2026-09-05,London A-Z trade/service sitemap.,London
Checkatrade,Worktops - Marble,Worktops - Marble,V2,https://www.checkatrade.com/sitemap/locations/London/W,london_trade_sitemap,2026-09-05,London A-Z trade/service sitemap.,London
Checkatrade,Worktops - Quartz,Worktops - Quartz,V2,https://www.checkatrade.com/sitemap/locations/London/W,london_trade_sitemap,2026-09-05,London A-Z trade/service sitemap.,London
Checkatrade,Worktops - Solid Wood,Worktops - Solid Wood,V2,https://www.checkatrade.com/sitemap/locations/London/W,london_trade_sitemap,2026-09-05,London A-Z trade/service sitemap.,London
Checkatrade,Worktops - Stainless Steel,Worktops - Stainless Steel,V2,https://www.checkatrade.com/sitemap/locations/London/W,london_trade_sitemap,2026-09-05,London A-Z trade/service sitemap.,London
Checkatrade,Worldwide / International Removals,Worldwide / International Removals,V2,https://www.checkatrade.com/sitemap/locations/London/W,london_trade_sitemap,2026-09-05,London A-Z trade/service sitemap.,London
Checkatrade,Your profile shows up on Google so more customers can find and choose you!,Your profile shows up on Google so more customers can find and choose you!,V1,https://join.checkatrade.com/what-you-get/,public_category_page,2026-08-22,Checkatrade public category/onboarding page.,
Checkatrade,anti vandal painters,anti vandal painters,V2,https://www.checkatrade.com/sitemap/locations/London/A,london_trade_sitemap,2026-09-05,London A-Z trade/service sitemap.,London
Checkatrade,antique furniture restoration,antique furniture restoration,V2,https://www.checkatrade.com/sitemap/locations/London/A,london_trade_sitemap,2026-09-05,London A-Z trade/service sitemap.,London
Checkatrade,artex ceiling repair,artex ceiling repair,V2,https://www.checkatrade.com/sitemap/locations/London/A,london_trade_sitemap,2026-09-05,London A-Z trade/service sitemap.,London
Checkatrade,asbestos roof replacement,asbestos roof replacement,V2,https://www.checkatrade.com/sitemap/locations/London/A,london_trade_sitemap,2026-09-05,London A-Z trade/service sitemap.,London
Checkatrade,asphalt roofers,asphalt roofers,V2,https://www.checkatrade.com/sitemap/locations/London/A,london_trade_sitemap,2026-09-05,London A-Z trade/service sitemap.,London
Checkatrade,attic door,attic door,V2,https://www.checkatrade.com/sitemap/locations/London/A,london_trade_sitemap,2026-09-05,London A-Z trade/service sitemap.,London
Checkatrade,attic flooring,attic flooring,V2,https://www.checkatrade.com/sitemap/locations/London/A,london_trade_sitemap,2026-09-05,London A-Z trade/service sitemap.,London
Checkatrade,attic hatch,attic hatch,V2,https://www.checkatrade.com/sitemap/locations/London/A,london_trade_sitemap,2026-09-05,London A-Z trade/service sitemap.,London
Checkatrade,attic insulation,attic insulation,V2,https://www.checkatrade.com/sitemap/locations/London/A,london_trade_sitemap,2026-09-05,London A-Z trade/service sitemap.,London
Checkatrade,attic ladder,attic ladder,V2,https://www.checkatrade.com/sitemap/locations/London/A,london_trade_sitemap,2026-09-05,London A-Z trade/service sitemap.,London
Checkatrade,attic trap,attic trap,V2,https://www.checkatrade.com/sitemap/locations/London/A,london_trade_sitemap,2026-09-05,London A-Z trade/service sitemap.,London
Checkatrade,barn roof repair,barn roof repair,V2,https://www.checkatrade.com/sitemap/locations/London/B,london_trade_sitemap,2026-09-05,London A-Z trade/service sitemap.,London
Checkatrade,bath crack,bath crack,V2,https://www.checkatrade.com/sitemap/locations/London/B,london_trade_sitemap,2026-09-05,London A-Z trade/service sitemap.,London
Checkatrade,bath replacement,bath replacement,V2,https://www.checkatrade.com/sitemap/locations/London/B,london_trade_sitemap,2026-09-05,London A-Z trade/service sitemap.,London
Checkatrade,bathroom painting,bathroom painting,V2,https://www.checkatrade.com/sitemap/locations/London/B,london_trade_sitemap,2026-09-05,London A-Z trade/service sitemap.,London
Checkatrade,bathroom plumber,bathroom plumber,V2,https://www.checkatrade.com/sitemap/locations/London/B,london_trade_sitemap,2026-09-05,London A-Z trade/service sitemap.,London
Checkatrade,bathroom renovation,bathroom renovation,V2,https://www.checkatrade.com/sitemap/locations/London/B,london_trade_sitemap,2026-09-05,London A-Z trade/service sitemap.,London
Checkatrade,bathroom supplies,bathroom supplies,V2,https://www.checkatrade.com/sitemap/locations/London/B,london_trade_sitemap,2026-09-05,London A-Z trade/service sitemap.,London
Checkatrade,bathrub drain,bathrub drain,V2,https://www.checkatrade.com/sitemap/locations/London/B,london_trade_sitemap,2026-09-05,London A-Z trade/service sitemap.,London
Checkatrade,bathrub screen,bathrub screen,V2,https://www.checkatrade.com/sitemap/locations/London/B,london_trade_sitemap,2026-09-05,London A-Z trade/service sitemap.,London
Checkatrade,bathtub fitting,bathtub fitting,V2,https://www.checkatrade.com/sitemap/locations/London/B,london_trade_sitemap,2026-09-05,London A-Z trade/service sitemap.,London
Checkatrade,bathtub repair,bathtub repair,V2,https://www.checkatrade.com/sitemap/locations/London/B,london_trade_sitemap,2026-09-05,London A-Z trade/service sitemap.,London
Checkatrade,bay window roof repair,bay window roof repair,V2,https://www.checkatrade.com/sitemap/locations/London/B,london_trade_sitemap,2026-09-05,London A-Z trade/service sitemap.,London
Checkatrade,bay window roof replacement,bay window roof replacement,V2,https://www.checkatrade.com/sitemap/locations/London/B,london_trade_sitemap,2026-09-05,London A-Z trade/service sitemap.,London
Checkatrade,bed frame repair,bed frame repair,V2,https://www.checkatrade.com/sitemap/locations/London/B,london_trade_sitemap,2026-09-05,London A-Z trade/service sitemap.,London
Checkatrade,bedroom fitted wardrobes,bedroom fitted wardrobes,V2,https://www.checkatrade.com/sitemap/locations/London/B,london_trade_sitemap,2026-09-05,London A-Z trade/service sitemap.,London
Checkatrade,bespoke alcove units,bespoke alcove units,V2,https://www.checkatrade.com/sitemap/locations/London/B,london_trade_sitemap,2026-09-05,London A-Z trade/service sitemap.,London
Checkatrade,bespoke bedroom furniture,bespoke bedroom furniture,V2,https://www.checkatrade.com/sitemap/locations/London/B,london_trade_sitemap,2026-09-05,London A-Z trade/service sitemap.,London
Checkatrade,bespoke cabinet makers,bespoke cabinet makers,V2,https://www.checkatrade.com/sitemap/locations/London/B,london_trade_sitemap,2026-09-05,London A-Z trade/service sitemap.,London
Checkatrade,bespoke cupboards,bespoke cupboards,V2,https://www.checkatrade.com/sitemap/locations/London/B,london_trade_sitemap,2026-09-05,London A-Z trade/service sitemap.,London
Checkatrade,bespoke dining tables,bespoke dining tables,V2,https://www.checkatrade.com/sitemap/locations/London/B,london_trade_sitemap,2026-09-05,London A-Z trade/service sitemap.,London
Checkatrade,bespoke doors,bespoke doors,V2,https://www.checkatrade.com/sitemap/locations/London/B,london_trade_sitemap,2026-09-05,London A-Z trade/service sitemap.,London
Checkatrade,bespoke external doors,bespoke external doors,V2,https://www.checkatrade.com/sitemap/locations/London/B,london_trade_sitemap,2026-09-05,London A-Z trade/service sitemap.,London
Checkatrade,bespoke fitted furniture,bespoke fitted furniture,V2,https://www.checkatrade.com/sitemap/locations/London/B,london_trade_sitemap,2026-09-05,London A-Z trade/service sitemap.,London
Checkatrade,bespoke furniture makers,bespoke furniture makers,V2,https://www.checkatrade.com/sitemap/locations/London/B,london_trade_sitemap,2026-09-05,London A-Z trade/service sitemap.,London
Checkatrade,bespoke home office furniture,bespoke home office furniture,V2,https://www.checkatrade.com/sitemap/locations/London/B,london_trade_sitemap,2026-09-05,London A-Z trade/service sitemap.,London
Checkatrade,bespoke interior doors,bespoke interior doors,V2,https://www.checkatrade.com/sitemap/locations/London/B,london_trade_sitemap,2026-09-05,London A-Z trade/service sitemap.,London
Checkatrade,bespoke joinery,bespoke joinery,V2,https://www.checkatrade.com/sitemap/locations/London/B,london_trade_sitemap,2026-09-05,London A-Z trade/service sitemap.,London
Checkatrade,bespoke kitchen designers,bespoke kitchen designers,V2,https://www.checkatrade.com/sitemap/locations/London/B,london_trade_sitemap,2026-09-05,London A-Z trade/service sitemap.,London
Checkatrade,bespoke kitchen fitters,bespoke kitchen fitters,V2,https://www.checkatrade.com/sitemap/locations/London/B,london_trade_sitemap,2026-09-05,London A-Z trade/service sitemap.,London
Checkatrade,bespoke kitchens,bespoke kitchens,V2,https://www.checkatrade.com/sitemap/locations/London/B,london_trade_sitemap,2026-09-05,London A-Z trade/service sitemap.,London
Checkatrade,bespoke living room furniture,bespoke living room furniture,V2,https://www.checkatrade.com/sitemap/locations/London/B,london_trade_sitemap,2026-09-05,London A-Z trade/service sitemap.,London
Checkatrade,bespoke oak doors,bespoke oak doors,V2,https://www.checkatrade.com/sitemap/locations/London/B,london_trade_sitemap,2026-09-05,London A-Z trade/service sitemap.,London
Checkatrade,bespoke oak furniture,bespoke oak furniture,V2,https://www.checkatrade.com/sitemap/locations/London/B,london_trade_sitemap,2026-09-05,London A-Z trade/service sitemap.,London
Checkatrade,bespoke pergola,bespoke pergola,V2,https://www.checkatrade.com/sitemap/locations/London/B,london_trade_sitemap,2026-09-05,London A-Z trade/service sitemap.,London
Checkatrade,bespoke pine furniture,bespoke pine furniture,V2,https://www.checkatrade.com/sitemap/locations/London/B,london_trade_sitemap,2026-09-05,London A-Z trade/service sitemap.,London
Checkatrade,bespoke radiator covers,bespoke radiator covers,V2,https://www.checkatrade.com/sitemap/locations/London/B,london_trade_sitemap,2026-09-05,London A-Z trade/service sitemap.,London
Checkatrade,bespoke stable doors,bespoke stable doors,V2,https://www.checkatrade.com/sitemap/locations/London/B,london_trade_sitemap,2026-09-05,London A-Z trade/service sitemap.,London
Checkatrade,bespoke timber windows,bespoke timber windows,V2,https://www.checkatrade.com/sitemap/locations/London/B,london_trade_sitemap,2026-09-05,London A-Z trade/service sitemap.,London
Checkatrade,bespoke under stairs storage,bespoke under stairs storage,V2,https://www.checkatrade.com/sitemap/locations/London/B,london_trade_sitemap,2026-09-05,London A-Z trade/service sitemap.,London
Checkatrade,bespoke windows,bespoke windows,V2,https://www.checkatrade.com/sitemap/locations/London/B,london_trade_sitemap,2026-09-05,London A-Z trade/service sitemap.,London
Checkatrade,bespoke wooden doors,bespoke wooden doors,V2,https://www.checkatrade.com/sitemap/locations/London/B,london_trade_sitemap,2026-09-05,London A-Z trade/service sitemap.,London
Checkatrade,bespoke wooden front doors,bespoke wooden front doors,V2,https://www.checkatrade.com/sitemap/locations/London/B,london_trade_sitemap,2026-09-05,London A-Z trade/service sitemap.,London
Checkatrade,bespoke wooden windows,bespoke wooden windows,V2,https://www.checkatrade.com/sitemap/locations/London/B,london_trade_sitemap,2026-09-05,London A-Z trade/service sitemap.,London
Checkatrade,bespoke woodwork,bespoke woodwork,V2,https://www.checkatrade.com/sitemap/locations/London/B,london_trade_sitemap,2026-09-05,London A-Z trade/service sitemap.,London
Checkatrade,blocked drain plumber,blocked drain plumber,V2,https://www.checkatrade.com/sitemap/locations/London/B,london_trade_sitemap,2026-09-05,London A-Z trade/service sitemap.,London
Checkatrade,blocked loo,blocked loo,V2,https://www.checkatrade.com/sitemap/locations/London/B,london_trade_sitemap,2026-09-05,London A-Z trade/service sitemap.,London
Checkatrade,blocked toilet plumber,blocked toilet plumber,V2,https://www.checkatrade.com/sitemap/locations/London/B,london_trade_sitemap,2026-09-05,London A-Z trade/service sitemap.,London
Checkatrade,boat repairs,boat repairs,V2,https://www.checkatrade.com/sitemap/locations/London/B,london_trade_sitemap,2026-09-05,London A-Z trade/service sitemap.,London
Checkatrade,boatbuilders,boatbuilders,V2,https://www.checkatrade.com/sitemap/locations/London/B,london_trade_sitemap,2026-09-05,London A-Z trade/service sitemap.,London
Checkatrade,bookcase makers,bookcase makers,V2,https://www.checkatrade.com/sitemap/locations/London/B,london_trade_sitemap,2026-09-05,London A-Z trade/service sitemap.,London
Checkatrade,borehole,borehole,V2,https://www.checkatrade.com/sitemap/locations/London/B,london_trade_sitemap,2026-09-05,London A-Z trade/service sitemap.,London
Checkatrade,cabinet maker,cabinet maker,V2,https://www.checkatrade.com/sitemap/locations/London/C,london_trade_sitemap,2026-09-05,London A-Z trade/service sitemap.,London
Checkatrade,carport roof repair,carport roof repair,V2,https://www.checkatrade.com/sitemap/locations/London/C,london_trade_sitemap,2026-09-05,London A-Z trade/service sitemap.,London
Checkatrade,ceiling crack,ceiling crack,V2,https://www.checkatrade.com/sitemap/locations/London/C,london_trade_sitemap,2026-09-05,London A-Z trade/service sitemap.,London
Checkatrade,ceiling fan,ceiling fan,V2,https://www.checkatrade.com/sitemap/locations/London/C,london_trade_sitemap,2026-09-05,London A-Z trade/service sitemap.,London
Checkatrade,ceiling leak,ceiling leak,V2,https://www.checkatrade.com/sitemap/locations/London/C,london_trade_sitemap,2026-09-05,London A-Z trade/service sitemap.,London
Checkatrade,ceiling painters,ceiling painters,V2,https://www.checkatrade.com/sitemap/locations/London/C,london_trade_sitemap,2026-09-05,London A-Z trade/service sitemap.,London
Checkatrade,ceiling repair,ceiling repair,V2,https://www.checkatrade.com/sitemap/locations/London/C,london_trade_sitemap,2026-09-05,London A-Z trade/service sitemap.,London
Checkatrade,ceiling skimming,ceiling skimming,V2,https://www.checkatrade.com/sitemap/locations/London/C,london_trade_sitemap,2026-09-05,London A-Z trade/service sitemap.,London
Checkatrade,central heating leak detection,central heating leak detection,V2,https://www.checkatrade.com/sitemap/locations/London/C,london_trade_sitemap,2026-09-05,London A-Z trade/service sitemap.,London
Checkatrade,central heating power flush,central heating power flush,V2,https://www.checkatrade.com/sitemap/locations/London/C,london_trade_sitemap,2026-09-05,London A-Z trade/service sitemap.,London
Checkatrade,chimney and roof repair,chimney and roof repair,V2,https://www.checkatrade.com/sitemap/locations/London/C,london_trade_sitemap,2026-09-05,London A-Z trade/service sitemap.,London
Checkatrade,chimney breast removal,chimney breast removal,V2,https://www.checkatrade.com/sitemap/locations/London/C,london_trade_sitemap,2026-09-05,London A-Z trade/service sitemap.,London
Checkatrade,chimney builders,chimney builders,V2,https://www.checkatrade.com/sitemap/locations/London/C,london_trade_sitemap,2026-09-05,London A-Z trade/service sitemap.,London
Checkatrade,chimney cap installation,chimney cap installation,V2,https://www.checkatrade.com/sitemap/locations/London/C,london_trade_sitemap,2026-09-05,London A-Z trade/service sitemap.,London
Checkatrade,chimney contractors,chimney contractors,V2,https://www.checkatrade.com/sitemap/locations/London/C,london_trade_sitemap,2026-09-05,London A-Z trade/service sitemap.,London
Checkatrade,chimney cowl fitting,chimney cowl fitting,V2,https://www.checkatrade.com/sitemap/locations/London/C,london_trade_sitemap,2026-09-05,London A-Z trade/service sitemap.,London
Checkatrade,chimney flashing repair,chimney flashing repair,V2,https://www.checkatrade.com/sitemap/locations/London/C,london_trade_sitemap,2026-09-05,London A-Z trade/service sitemap.,London
Checkatrade,chimney flue installers,chimney flue installers,V2,https://www.checkatrade.com/sitemap/locations/London/C,london_trade_sitemap,2026-09-05,London A-Z trade/service sitemap.,London
Checkatrade,chimney installers,chimney installers,V2,https://www.checkatrade.com/sitemap/locations/London/C,london_trade_sitemap,2026-09-05,London A-Z trade/service sitemap.,London
Checkatrade,chimney leak repair,chimney leak repair,V2,https://www.checkatrade.com/sitemap/locations/London/C,london_trade_sitemap,2026-09-05,London A-Z trade/service sitemap.,London
Checkatrade,chimney liner installers,chimney liner installers,V2,https://www.checkatrade.com/sitemap/locations/London/C,london_trade_sitemap,2026-09-05,London A-Z trade/service sitemap.,London
Checkatrade,chimney pointing,chimney pointing,V2,https://www.checkatrade.com/sitemap/locations/London/C,london_trade_sitemap,2026-09-05,London A-Z trade/service sitemap.,London
Checkatrade,chimney rendering,chimney rendering,V2,https://www.checkatrade.com/sitemap/locations/London/C,london_trade_sitemap,2026-09-05,London A-Z trade/service sitemap.,London
Checkatrade,chimney repair companies,chimney repair companies,V2,https://www.checkatrade.com/sitemap/locations/London/C,london_trade_sitemap,2026-09-05,London A-Z trade/service sitemap.,London
Checkatrade,chimney repair specialists,chimney repair specialists,V2,https://www.checkatrade.com/sitemap/locations/London/C,london_trade_sitemap,2026-09-05,London A-Z trade/service sitemap.,London
Checkatrade,chimney replacement,chimney replacement,V2,https://www.checkatrade.com/sitemap/locations/London/C,london_trade_sitemap,2026-09-05,London A-Z trade/service sitemap.,London
Checkatrade,chimney specialist,chimney specialist,V2,https://www.checkatrade.com/sitemap/locations/London/C,london_trade_sitemap,2026-09-05,London A-Z trade/service sitemap.,London
Checkatrade,chimney stack repair,chimney stack repair,V2,https://www.checkatrade.com/sitemap/locations/London/C,london_trade_sitemap,2026-09-05,London A-Z trade/service sitemap.,London
Checkatrade,chimney sweep and repair,chimney sweep and repair,V2,https://www.checkatrade.com/sitemap/locations/London/C,london_trade_sitemap,2026-09-05,London A-Z trade/service sitemap.,London
Checkatrade,collapsed drain repair,collapsed drain repair,V2,https://www.checkatrade.com/sitemap/locations/London/C,london_trade_sitemap,2026-09-05,London A-Z trade/service sitemap.,London
Checkatrade,commercial roof replacement,commercial roof replacement,V2,https://www.checkatrade.com/sitemap/locations/London/C,london_trade_sitemap,2026-09-05,London A-Z trade/service sitemap.,London
Checkatrade,conservatory glass roof repairs,conservatory glass roof repairs,V2,https://www.checkatrade.com/sitemap/locations/London/C,london_trade_sitemap,2026-09-05,London A-Z trade/service sitemap.,London
Checkatrade,conservatory roof leak repairs,conservatory roof leak repairs,V2,https://www.checkatrade.com/sitemap/locations/London/C,london_trade_sitemap,2026-09-05,London A-Z trade/service sitemap.,London
Checkatrade,conservatory roof repair,conservatory roof repair,V2,https://www.checkatrade.com/sitemap/locations/London/C,london_trade_sitemap,2026-09-05,London A-Z trade/service sitemap.,London
Checkatrade,conservatory roof specialists,conservatory roof specialists,V2,https://www.checkatrade.com/sitemap/locations/London/C,london_trade_sitemap,2026-09-05,London A-Z trade/service sitemap.,London
Checkatrade,corrugated roofing suppliers,corrugated roofing suppliers,V2,https://www.checkatrade.com/sitemap/locations/London/C,london_trade_sitemap,2026-09-05,London A-Z trade/service sitemap.,London
Checkatrade,coving installers,coving installers,V2,https://www.checkatrade.com/sitemap/locations/London/C,london_trade_sitemap,2026-09-05,London A-Z trade/service sitemap.,London
Checkatrade,coving suppliers,coving suppliers,V2,https://www.checkatrade.com/sitemap/locations/London/C,london_trade_sitemap,2026-09-05,London A-Z trade/service sitemap.,London
Checkatrade,custom gazebo builders,custom gazebo builders,V2,https://www.checkatrade.com/sitemap/locations/London/C,london_trade_sitemap,2026-09-05,London A-Z trade/service sitemap.,London
Checkatrade,custom made internal doors,custom made internal doors,V2,https://www.checkatrade.com/sitemap/locations/London/C,london_trade_sitemap,2026-09-05,London A-Z trade/service sitemap.,London
Checkatrade,custom made wooden external doors,custom made wooden external doors,V2,https://www.checkatrade.com/sitemap/locations/London/C,london_trade_sitemap,2026-09-05,London A-Z trade/service sitemap.,London
Checkatrade,custom pergola builders,custom pergola builders,V2,https://www.checkatrade.com/sitemap/locations/London/C,london_trade_sitemap,2026-09-05,London A-Z trade/service sitemap.,London
Checkatrade,custom roof trusses,custom roof trusses,V2,https://www.checkatrade.com/sitemap/locations/London/C,london_trade_sitemap,2026-09-05,London A-Z trade/service sitemap.,London
Checkatrade,custom shed builders,custom shed builders,V2,https://www.checkatrade.com/sitemap/locations/London/C,london_trade_sitemap,2026-09-05,London A-Z trade/service sitemap.,London
Checkatrade,custom stair railing,custom stair railing,V2,https://www.checkatrade.com/sitemap/locations/London/C,london_trade_sitemap,2026-09-05,London A-Z trade/service sitemap.,London
Checkatrade,deck and gazebo builders,deck and gazebo builders,V2,https://www.checkatrade.com/sitemap/locations/London/D,london_trade_sitemap,2026-09-05,London A-Z trade/service sitemap.,London
Checkatrade,deck painters,deck painters,V2,https://www.checkatrade.com/sitemap/locations/London/D,london_trade_sitemap,2026-09-05,London A-Z trade/service sitemap.,London
Checkatrade,dishwasher draining,dishwasher draining,V2,https://www.checkatrade.com/sitemap/locations/London/D,london_trade_sitemap,2026-09-05,London A-Z trade/service sitemap.,London
Checkatrade,dishwasher plumber,dishwasher plumber,V2,https://www.checkatrade.com/sitemap/locations/London/D,london_trade_sitemap,2026-09-05,London A-Z trade/service sitemap.,London
Checkatrade,door dipping,door dipping,V2,https://www.checkatrade.com/sitemap/locations/London/D,london_trade_sitemap,2026-09-05,London A-Z trade/service sitemap.,London
Checkatrade,door joinery,door joinery,V2,https://www.checkatrade.com/sitemap/locations/London/D,london_trade_sitemap,2026-09-05,London A-Z trade/service sitemap.,London
Checkatrade,door paint stripping service,door paint stripping service,V2,https://www.checkatrade.com/sitemap/locations/London/D,london_trade_sitemap,2026-09-05,London A-Z trade/service sitemap.,London
Checkatrade,dormer installation,dormer installation,V2,https://www.checkatrade.com/sitemap/locations/London/D,london_trade_sitemap,2026-09-05,London A-Z trade/service sitemap.,London
Checkatrade,dormer window installation,dormer window installation,V2,https://www.checkatrade.com/sitemap/locations/London/D,london_trade_sitemap,2026-09-05,London A-Z trade/service sitemap.,London
Checkatrade,drain pipe repair,drain pipe repair,V2,https://www.checkatrade.com/sitemap/locations/London/D,london_trade_sitemap,2026-09-05,London A-Z trade/service sitemap.,London
Checkatrade,drain pipe replacement,drain pipe replacement,V2,https://www.checkatrade.com/sitemap/locations/London/D,london_trade_sitemap,2026-09-05,London A-Z trade/service sitemap.,London
Checkatrade,dripping tap,dripping tap,V2,https://www.checkatrade.com/sitemap/locations/London/D,london_trade_sitemap,2026-09-05,London A-Z trade/service sitemap.,London
Checkatrade,dry lining companies,dry lining companies,V2,https://www.checkatrade.com/sitemap/locations/London/D,london_trade_sitemap,2026-09-05,London A-Z trade/service sitemap.,London
Checkatrade,dry lining contractors,dry lining contractors,V2,https://www.checkatrade.com/sitemap/locations/London/D,london_trade_sitemap,2026-09-05,London A-Z trade/service sitemap.,London
Checkatrade,drywall ceiling contractors,drywall ceiling contractors,V2,https://www.checkatrade.com/sitemap/locations/London/D,london_trade_sitemap,2026-09-05,London A-Z trade/service sitemap.,London
Checkatrade,drywall installers,drywall installers,V2,https://www.checkatrade.com/sitemap/locations/London/D,london_trade_sitemap,2026-09-05,London A-Z trade/service sitemap.,London
Checkatrade,drywall repair,drywall repair,V2,https://www.checkatrade.com/sitemap/locations/London/D,london_trade_sitemap,2026-09-05,London A-Z trade/service sitemap.,London
Checkatrade,drywall replacement,drywall replacement,V2,https://www.checkatrade.com/sitemap/locations/London/D,london_trade_sitemap,2026-09-05,London A-Z trade/service sitemap.,London
Checkatrade,drywall taping,drywall taping,V2,https://www.checkatrade.com/sitemap/locations/London/D,london_trade_sitemap,2026-09-05,London A-Z trade/service sitemap.,London
Checkatrade,emergency joiners,emergency joiners,V2,https://www.checkatrade.com/sitemap/locations/London/E,london_trade_sitemap,2026-09-05,London A-Z trade/service sitemap.,London
Checkatrade,emergency plasterer,emergency plasterer,V2,https://www.checkatrade.com/sitemap/locations/London/E,london_trade_sitemap,2026-09-05,London A-Z trade/service sitemap.,London
Checkatrade,emergency plumber,emergency plumber,V2,https://www.checkatrade.com/sitemap/locations/London/E,london_trade_sitemap,2026-09-05,London A-Z trade/service sitemap.,London
Checkatrade,emergency roof leak repair,emergency roof leak repair,V2,https://www.checkatrade.com/sitemap/locations/London/E,london_trade_sitemap,2026-09-05,London A-Z trade/service sitemap.,London
Checkatrade,emergency roof repair,emergency roof repair,V2,https://www.checkatrade.com/sitemap/locations/London/E,london_trade_sitemap,2026-09-05,London A-Z trade/service sitemap.,London
Checkatrade,emergency roofer,emergency roofer,V2,https://www.checkatrade.com/sitemap/locations/London/E,london_trade_sitemap,2026-09-05,London A-Z trade/service sitemap.,London
Checkatrade,exterior house painters,exterior house painters,V2,https://www.checkatrade.com/sitemap/locations/London/E,london_trade_sitemap,2026-09-05,London A-Z trade/service sitemap.,London
Checkatrade,exterior house spray painting,exterior house spray painting,V2,https://www.checkatrade.com/sitemap/locations/London/E,london_trade_sitemap,2026-09-05,London A-Z trade/service sitemap.,London
Checkatrade,exterior painters,exterior painters,V2,https://www.checkatrade.com/sitemap/locations/London/E,london_trade_sitemap,2026-09-05,London A-Z trade/service sitemap.,London
Checkatrade,exterior window painters,exterior window painters,V2,https://www.checkatrade.com/sitemap/locations/London/E,london_trade_sitemap,2026-09-05,London A-Z trade/service sitemap.,London
Checkatrade,external decorator,external decorator,V2,https://www.checkatrade.com/sitemap/locations/London/E,london_trade_sitemap,2026-09-05,London A-Z trade/service sitemap.,London
Checkatrade,external plasterers,external plasterers,V2,https://www.checkatrade.com/sitemap/locations/London/E,london_trade_sitemap,2026-09-05,London A-Z trade/service sitemap.,London
Checkatrade,felt lap vents,felt lap vents,V2,https://www.checkatrade.com/sitemap/locations/London/F,london_trade_sitemap,2026-09-05,London A-Z trade/service sitemap.,London
Checkatrade,felt roof repairs,felt roof repairs,V2,https://www.checkatrade.com/sitemap/locations/London/F,london_trade_sitemap,2026-09-05,London A-Z trade/service sitemap.,London
Checkatrade,felt roofers,felt roofers,V2,https://www.checkatrade.com/sitemap/locations/London/F,london_trade_sitemap,2026-09-05,London A-Z trade/service sitemap.,London
Checkatrade,felt roofing contractors,felt roofing contractors,V2,https://www.checkatrade.com/sitemap/locations/London/F,london_trade_sitemap,2026-09-05,London A-Z trade/service sitemap.,London
Checkatrade,fence painting services,fence painting services,V2,https://www.checkatrade.com/sitemap/locations/London/F,london_trade_sitemap,2026-09-05,London A-Z trade/service sitemap.,London
Checkatrade,fence spraying,fence spraying,V2,https://www.checkatrade.com/sitemap/locations/London/F,london_trade_sitemap,2026-09-05,London A-Z trade/service sitemap.,London
Checkatrade,fibreglass roof installers,fibreglass roof installers,V2,https://www.checkatrade.com/sitemap/locations/London/F,london_trade_sitemap,2026-09-05,London A-Z trade/service sitemap.,London
Checkatrade,fibreglass roof repairs,fibreglass roof repairs,V2,https://www.checkatrade.com/sitemap/locations/London/F,london_trade_sitemap,2026-09-05,London A-Z trade/service sitemap.,London
Checkatrade,fibreglass roof specialist,fibreglass roof specialist,V2,https://www.checkatrade.com/sitemap/locations/London/F,london_trade_sitemap,2026-09-05,London A-Z trade/service sitemap.,London
Checkatrade,fire damage,fire damage,V2,https://www.checkatrade.com/sitemap/locations/London/F,london_trade_sitemap,2026-09-05,London A-Z trade/service sitemap.,London
Checkatrade,fitted wardrobe company,fitted wardrobe company,V2,https://www.checkatrade.com/sitemap/locations/London/F,london_trade_sitemap,2026-09-05,London A-Z trade/service sitemap.,London
Checkatrade,flat roof builders,flat roof builders,V2,https://www.checkatrade.com/sitemap/locations/London/F,london_trade_sitemap,2026-09-05,London A-Z trade/service sitemap.,London
Checkatrade,flat roof installers,flat roof installers,V2,https://www.checkatrade.com/sitemap/locations/London/F,london_trade_sitemap,2026-09-05,London A-Z trade/service sitemap.,London
Checkatrade,flat roof repair,flat roof repair,V2,https://www.checkatrade.com/sitemap/locations/London/F,london_trade_sitemap,2026-09-05,London A-Z trade/service sitemap.,London
Checkatrade,flat roof replacement,flat roof replacement,V2,https://www.checkatrade.com/sitemap/locations/London/F,london_trade_sitemap,2026-09-05,London A-Z trade/service sitemap.,London
Checkatrade,flat roof specialists,flat roof specialists,V2,https://www.checkatrade.com/sitemap/locations/London/F,london_trade_sitemap,2026-09-05,London A-Z trade/service sitemap.,London
Checkatrade,flat roofing companies,flat roofing companies,V2,https://www.checkatrade.com/sitemap/locations/London/F,london_trade_sitemap,2026-09-05,London A-Z trade/service sitemap.,London
Checkatrade,flat rubber roof repair,flat rubber roof repair,V2,https://www.checkatrade.com/sitemap/locations/London/F,london_trade_sitemap,2026-09-05,London A-Z trade/service sitemap.,London
Checkatrade,flood damage,flood damage,V2,https://www.checkatrade.com/sitemap/locations/London/F,london_trade_sitemap,2026-09-05,London A-Z trade/service sitemap.,London
Checkatrade,floor painting,floor painting,V2,https://www.checkatrade.com/sitemap/locations/London/F,london_trade_sitemap,2026-09-05,London A-Z trade/service sitemap.,London
Checkatrade,flue specialist,flue specialist,V2,https://www.checkatrade.com/sitemap/locations/London/F,london_trade_sitemap,2026-09-05,London A-Z trade/service sitemap.,London
Checkatrade,front door painters,front door painters,V2,https://www.checkatrade.com/sitemap/locations/London/F,london_trade_sitemap,2026-09-05,London A-Z trade/service sitemap.,London
Checkatrade,furniture joinery,furniture joinery,V2,https://www.checkatrade.com/sitemap/locations/London/F,london_trade_sitemap,2026-09-05,London A-Z trade/service sitemap.,London
Checkatrade,furniture painting,furniture painting,V2,https://www.checkatrade.com/sitemap/locations/London/F,london_trade_sitemap,2026-09-05,London A-Z trade/service sitemap.,London
Checkatrade,furniture refinishing,furniture refinishing,V2,https://www.checkatrade.com/sitemap/locations/London/F,london_trade_sitemap,2026-09-05,London A-Z trade/service sitemap.,London
Checkatrade,furniture refurbishing,furniture refurbishing,V2,https://www.checkatrade.com/sitemap/locations/London/F,london_trade_sitemap,2026-09-05,London A-Z trade/service sitemap.,London
Checkatrade,furniture repair,furniture repair,V2,https://www.checkatrade.com/sitemap/locations/London/F,london_trade_sitemap,2026-09-05,London A-Z trade/service sitemap.,London
Checkatrade,furniture repair services,furniture repair services,V2,https://www.checkatrade.com/sitemap/locations/London/F,london_trade_sitemap,2026-09-05,London A-Z trade/service sitemap.,London
Checkatrade,furniture spray painters,furniture spray painters,V2,https://www.checkatrade.com/sitemap/locations/London/F,london_trade_sitemap,2026-09-05,London A-Z trade/service sitemap.,London
Checkatrade,furniture stripper,furniture stripper,V2,https://www.checkatrade.com/sitemap/locations/London/F,london_trade_sitemap,2026-09-05,London A-Z trade/service sitemap.,London
Checkatrade,furniture stripping service,furniture stripping service,V2,https://www.checkatrade.com/sitemap/locations/London/F,london_trade_sitemap,2026-09-05,London A-Z trade/service sitemap.,London
Checkatrade,garage door painting,garage door painting,V2,https://www.checkatrade.com/sitemap/locations/London/G,london_trade_sitemap,2026-09-05,London A-Z trade/service sitemap.,London
Checkatrade,garage roof repairs,garage roof repairs,V2,https://www.checkatrade.com/sitemap/locations/London/G,london_trade_sitemap,2026-09-05,London A-Z trade/service sitemap.,London
Checkatrade,garage roof replacement,garage roof replacement,V2,https://www.checkatrade.com/sitemap/locations/London/G,london_trade_sitemap,2026-09-05,London A-Z trade/service sitemap.,London
Checkatrade,gas and electric cooker installation,gas and electric cooker installation,V2,https://www.checkatrade.com/sitemap/locations/London/G,london_trade_sitemap,2026-09-05,London A-Z trade/service sitemap.,London
Checkatrade,gas meter,gas meter,V2,https://www.checkatrade.com/sitemap/locations/London/G,london_trade_sitemap,2026-09-05,London A-Z trade/service sitemap.,London
Checkatrade,gas pipe fitters,gas pipe fitters,V2,https://www.checkatrade.com/sitemap/locations/London/G,london_trade_sitemap,2026-09-05,London A-Z trade/service sitemap.,London
Checkatrade,gas pipe repair,gas pipe repair,V2,https://www.checkatrade.com/sitemap/locations/London/G,london_trade_sitemap,2026-09-05,London A-Z trade/service sitemap.,London
Checkatrade,gas pipework,gas pipework,V2,https://www.checkatrade.com/sitemap/locations/London/G,london_trade_sitemap,2026-09-05,London A-Z trade/service sitemap.,London
Checkatrade,gazebo assembly service,gazebo assembly service,V2,https://www.checkatrade.com/sitemap/locations/London/G,london_trade_sitemap,2026-09-05,London A-Z trade/service sitemap.,London
Checkatrade,gazebo builders,gazebo builders,V2,https://www.checkatrade.com/sitemap/locations/London/G,london_trade_sitemap,2026-09-05,London A-Z trade/service sitemap.,London
Checkatrade,gazebo installation service,gazebo installation service,V2,https://www.checkatrade.com/sitemap/locations/London/G,london_trade_sitemap,2026-09-05,London A-Z trade/service sitemap.,London
Checkatrade,gazebo installer,gazebo installer,V2,https://www.checkatrade.com/sitemap/locations/London/G,london_trade_sitemap,2026-09-05,London A-Z trade/service sitemap.,London
Checkatrade,glass roof installers,glass roof installers,V2,https://www.checkatrade.com/sitemap/locations/London/G,london_trade_sitemap,2026-09-05,London A-Z trade/service sitemap.,London
Checkatrade,google thermostat,google thermostat,V2,https://www.checkatrade.com/sitemap/locations/London/G,london_trade_sitemap,2026-09-05,London A-Z trade/service sitemap.,London
Checkatrade,green roof companies,green roof companies,V2,https://www.checkatrade.com/sitemap/locations/London/G,london_trade_sitemap,2026-09-05,London A-Z trade/service sitemap.,London
Checkatrade,green roof installers,green roof installers,V2,https://www.checkatrade.com/sitemap/locations/London/G,london_trade_sitemap,2026-09-05,London A-Z trade/service sitemap.,London
Checkatrade,guardian roof installers,guardian roof installers,V2,https://www.checkatrade.com/sitemap/locations/London/G,london_trade_sitemap,2026-09-05,London A-Z trade/service sitemap.,London
Checkatrade,handmade kitchens,handmade kitchens,V2,https://www.checkatrade.com/sitemap/locations/London/H,london_trade_sitemap,2026-09-05,London A-Z trade/service sitemap.,London
Checkatrade,handyman roofer,handyman roofer,V2,https://www.checkatrade.com/sitemap/locations/London/H,london_trade_sitemap,2026-09-05,London A-Z trade/service sitemap.,London
Checkatrade,heritage plaster services,heritage plaster services,V2,https://www.checkatrade.com/sitemap/locations/London/H,london_trade_sitemap,2026-09-05,London A-Z trade/service sitemap.,London
Checkatrade,hive thermostat,hive thermostat,V2,https://www.checkatrade.com/sitemap/locations/London/H,london_trade_sitemap,2026-09-05,London A-Z trade/service sitemap.,London
Checkatrade,home renovation,home renovation,V2,https://www.checkatrade.com/sitemap/locations/London/H,london_trade_sitemap,2026-09-05,London A-Z trade/service sitemap.,London
Checkatrade,hot water tank,hot water tank,V2,https://www.checkatrade.com/sitemap/locations/London/H,london_trade_sitemap,2026-09-05,London A-Z trade/service sitemap.,London
Checkatrade,house renovation,house renovation,V2,https://www.checkatrade.com/sitemap/locations/London/H,london_trade_sitemap,2026-09-05,London A-Z trade/service sitemap.,London
Checkatrade,hydraulic pipe repair,hydraulic pipe repair,V2,https://www.checkatrade.com/sitemap/locations/London/H,london_trade_sitemap,2026-09-05,London A-Z trade/service sitemap.,London
Checkatrade,insulation and drywall contractors,insulation and drywall contractors,V2,https://www.checkatrade.com/sitemap/locations/London/I,london_trade_sitemap,2026-09-05,London A-Z trade/service sitemap.,London
Checkatrade,interior painters,interior painters,V2,https://www.checkatrade.com/sitemap/locations/London/I,london_trade_sitemap,2026-09-05,London A-Z trade/service sitemap.,London
Checkatrade,joiner,joiner,V2,https://www.checkatrade.com/sitemap/locations/London/J,london_trade_sitemap,2026-09-05,London A-Z trade/service sitemap.,London
Checkatrade,joinery companies,joinery companies,V2,https://www.checkatrade.com/sitemap/locations/London/J,london_trade_sitemap,2026-09-05,London A-Z trade/service sitemap.,London
Checkatrade,k rend installers,k rend installers,V2,https://www.checkatrade.com/sitemap/locations/London/K,london_trade_sitemap,2026-09-05,London A-Z trade/service sitemap.,London
Checkatrade,k rend specialists,k rend specialists,V2,https://www.checkatrade.com/sitemap/locations/London/K,london_trade_sitemap,2026-09-05,London A-Z trade/service sitemap.,London
Checkatrade,k rend suppliers,k rend suppliers,V2,https://www.checkatrade.com/sitemap/locations/London/K,london_trade_sitemap,2026-09-05,London A-Z trade/service sitemap.,London
Checkatrade,k rendering companies,k rendering companies,V2,https://www.checkatrade.com/sitemap/locations/London/K,london_trade_sitemap,2026-09-05,London A-Z trade/service sitemap.,London
Checkatrade,kitchen cabinet makers,kitchen cabinet makers,V2,https://www.checkatrade.com/sitemap/locations/London/K,london_trade_sitemap,2026-09-05,London A-Z trade/service sitemap.,London
Checkatrade,kitchen cupboard repair,kitchen cupboard repair,V2,https://www.checkatrade.com/sitemap/locations/London/K,london_trade_sitemap,2026-09-05,London A-Z trade/service sitemap.,London
Checkatrade,kitchen cupboard repairs,kitchen cupboard repairs,V2,https://www.checkatrade.com/sitemap/locations/London/K,london_trade_sitemap,2026-09-05,London A-Z trade/service sitemap.,London
Checkatrade,kitchen painters,kitchen painters,V2,https://www.checkatrade.com/sitemap/locations/London/K,london_trade_sitemap,2026-09-05,London A-Z trade/service sitemap.,London
Checkatrade,kitchen renovation,kitchen renovation,V2,https://www.checkatrade.com/sitemap/locations/London/K,london_trade_sitemap,2026-09-05,London A-Z trade/service sitemap.,London
Checkatrade,kitchen sink installation,kitchen sink installation,V2,https://www.checkatrade.com/sitemap/locations/London/K,london_trade_sitemap,2026-09-05,London A-Z trade/service sitemap.,London
Checkatrade,kitchen sink repair,kitchen sink repair,V2,https://www.checkatrade.com/sitemap/locations/London/K,london_trade_sitemap,2026-09-05,London A-Z trade/service sitemap.,London
Checkatrade,kitchen sprayers,kitchen sprayers,V2,https://www.checkatrade.com/sitemap/locations/London/K,london_trade_sitemap,2026-09-05,London A-Z trade/service sitemap.,London
Checkatrade,lead flashing repairs,lead flashing repairs,V2,https://www.checkatrade.com/sitemap/locations/London/L,london_trade_sitemap,2026-09-05,London A-Z trade/service sitemap.,London
Checkatrade,lead pipe,lead pipe,V2,https://www.checkatrade.com/sitemap/locations/London/L,london_trade_sitemap,2026-09-05,London A-Z trade/service sitemap.,London
Checkatrade,lead roofers,lead roofers,V2,https://www.checkatrade.com/sitemap/locations/London/L,london_trade_sitemap,2026-09-05,London A-Z trade/service sitemap.,London
Checkatrade,leak detection specialist,leak detection specialist,V2,https://www.checkatrade.com/sitemap/locations/London/L,london_trade_sitemap,2026-09-05,London A-Z trade/service sitemap.,London
Checkatrade,leaking conservatory roof repairs,leaking conservatory roof repairs,V2,https://www.checkatrade.com/sitemap/locations/London/L,london_trade_sitemap,2026-09-05,London A-Z trade/service sitemap.,London
Checkatrade,lean to conservatory,lean to conservatory,V2,https://www.checkatrade.com/sitemap/locations/London/L,london_trade_sitemap,2026-09-05,London A-Z trade/service sitemap.,London
Checkatrade,lean to gazebo,lean to gazebo,V2,https://www.checkatrade.com/sitemap/locations/London/L,london_trade_sitemap,2026-09-05,London A-Z trade/service sitemap.,London
Checkatrade,lean to roof,lean to roof,V2,https://www.checkatrade.com/sitemap/locations/London/L,london_trade_sitemap,2026-09-05,London A-Z trade/service sitemap.,London
Checkatrade,leka conservatory roof installers,leka conservatory roof installers,V2,https://www.checkatrade.com/sitemap/locations/London/L,london_trade_sitemap,2026-09-05,London A-Z trade/service sitemap.,London
Checkatrade,lightweight conservatory roof replacement,lightweight conservatory roof replacement,V2,https://www.checkatrade.com/sitemap/locations/London/L,london_trade_sitemap,2026-09-05,London A-Z trade/service sitemap.,London
Checkatrade,lime mortar specialists,lime mortar specialists,V2,https://www.checkatrade.com/sitemap/locations/London/L,london_trade_sitemap,2026-09-05,London A-Z trade/service sitemap.,London
Checkatrade,lime plaster suppliers,lime plaster suppliers,V2,https://www.checkatrade.com/sitemap/locations/London/L,london_trade_sitemap,2026-09-05,London A-Z trade/service sitemap.,London
Checkatrade,lime plasterer,lime plasterer,V2,https://www.checkatrade.com/sitemap/locations/London/L,london_trade_sitemap,2026-09-05,London A-Z trade/service sitemap.,London
Checkatrade,lime render specialist,lime render specialist,V2,https://www.checkatrade.com/sitemap/locations/London/L,london_trade_sitemap,2026-09-05,London A-Z trade/service sitemap.,London
Checkatrade,lime rendering,lime rendering,V2,https://www.checkatrade.com/sitemap/locations/London/L,london_trade_sitemap,2026-09-05,London A-Z trade/service sitemap.,London
Checkatrade,lime wash paint,lime wash paint,V2,https://www.checkatrade.com/sitemap/locations/London/L,london_trade_sitemap,2026-09-05,London A-Z trade/service sitemap.,London
Checkatrade,lintel installation,lintel installation,V2,https://www.checkatrade.com/sitemap/locations/London/L,london_trade_sitemap,2026-09-05,London A-Z trade/service sitemap.,London
Checkatrade,lintel repair,lintel repair,V2,https://www.checkatrade.com/sitemap/locations/London/L,london_trade_sitemap,2026-09-05,London A-Z trade/service sitemap.,London
Checkatrade,lintel replacement,lintel replacement,V2,https://www.checkatrade.com/sitemap/locations/London/L,london_trade_sitemap,2026-09-05,London A-Z trade/service sitemap.,London
Checkatrade,log cabin builders,log cabin builders,V2,https://www.checkatrade.com/sitemap/locations/London/L,london_trade_sitemap,2026-09-05,London A-Z trade/service sitemap.,London
Checkatrade,log cabin fitters,log cabin fitters,V2,https://www.checkatrade.com/sitemap/locations/London/L,london_trade_sitemap,2026-09-05,London A-Z trade/service sitemap.,London
Checkatrade,log cabin installers,log cabin installers,V2,https://www.checkatrade.com/sitemap/locations/London/L,london_trade_sitemap,2026-09-05,London A-Z trade/service sitemap.,London
Checkatrade,log cabin repair,log cabin repair,V2,https://www.checkatrade.com/sitemap/locations/London/L,london_trade_sitemap,2026-09-05,London A-Z trade/service sitemap.,London
Checkatrade,log cabin suppliers,log cabin suppliers,V2,https://www.checkatrade.com/sitemap/locations/London/L,london_trade_sitemap,2026-09-05,London A-Z trade/service sitemap.,London
Checkatrade,macerator toilet repair,macerator toilet repair,V2,https://www.checkatrade.com/sitemap/locations/London/M,london_trade_sitemap,2026-09-05,London A-Z trade/service sitemap.,London
Checkatrade,made to measure doors,made to measure doors,V2,https://www.checkatrade.com/sitemap/locations/London/M,london_trade_sitemap,2026-09-05,London A-Z trade/service sitemap.,London
Checkatrade,made to measure kitchen units,made to measure kitchen units,V2,https://www.checkatrade.com/sitemap/locations/London/M,london_trade_sitemap,2026-09-05,London A-Z trade/service sitemap.,London
Checkatrade,made to measure radiator covers,made to measure radiator covers,V2,https://www.checkatrade.com/sitemap/locations/London/M,london_trade_sitemap,2026-09-05,London A-Z trade/service sitemap.,London
Checkatrade,masonry painters,masonry painters,V2,https://www.checkatrade.com/sitemap/locations/London/M,london_trade_sitemap,2026-09-05,London A-Z trade/service sitemap.,London
Checkatrade,master thatcher,master thatcher,V2,https://www.checkatrade.com/sitemap/locations/London/M,london_trade_sitemap,2026-09-05,London A-Z trade/service sitemap.,London
Checkatrade,media wall builder,media wall builder,V2,https://www.checkatrade.com/sitemap/locations/London/M,london_trade_sitemap,2026-09-05,London A-Z trade/service sitemap.,London
Checkatrade,media wall carpenter,media wall carpenter,V2,https://www.checkatrade.com/sitemap/locations/London/M,london_trade_sitemap,2026-09-05,London A-Z trade/service sitemap.,London
Checkatrade,media wall fitters,media wall fitters,V2,https://www.checkatrade.com/sitemap/locations/London/M,london_trade_sitemap,2026-09-05,London A-Z trade/service sitemap.,London
Checkatrade,media wall installation,media wall installation,V2,https://www.checkatrade.com/sitemap/locations/London/M,london_trade_sitemap,2026-09-05,London A-Z trade/service sitemap.,London
Checkatrade,media wall specialist,media wall specialist,V2,https://www.checkatrade.com/sitemap/locations/London/M,london_trade_sitemap,2026-09-05,London A-Z trade/service sitemap.,London
Checkatrade,media wall with fireplace installation,media wall with fireplace installation,V2,https://www.checkatrade.com/sitemap/locations/London/M,london_trade_sitemap,2026-09-05,London A-Z trade/service sitemap.,London
Checkatrade,metal painting,metal painting,V2,https://www.checkatrade.com/sitemap/locations/London/M,london_trade_sitemap,2026-09-05,London A-Z trade/service sitemap.,London
Checkatrade,metal roof restoration,metal roof restoration,V2,https://www.checkatrade.com/sitemap/locations/London/M,london_trade_sitemap,2026-09-05,London A-Z trade/service sitemap.,London
Checkatrade,metal roofing companies,metal roofing companies,V2,https://www.checkatrade.com/sitemap/locations/London/M,london_trade_sitemap,2026-09-05,London A-Z trade/service sitemap.,London
Checkatrade,metal roofing contractors,metal roofing contractors,V2,https://www.checkatrade.com/sitemap/locations/London/M,london_trade_sitemap,2026-09-05,London A-Z trade/service sitemap.,London
Checkatrade,metal roofing repair contractors,metal roofing repair contractors,V2,https://www.checkatrade.com/sitemap/locations/London/M,london_trade_sitemap,2026-09-05,London A-Z trade/service sitemap.,London
Checkatrade,metal roofing suppliers,metal roofing suppliers,V2,https://www.checkatrade.com/sitemap/locations/London/M,london_trade_sitemap,2026-09-05,London A-Z trade/service sitemap.,London
Checkatrade,metal stud,metal stud,V2,https://www.checkatrade.com/sitemap/locations/London/M,london_trade_sitemap,2026-09-05,London A-Z trade/service sitemap.,London
Checkatrade,mobile furniture repair,mobile furniture repair,V2,https://www.checkatrade.com/sitemap/locations/London/M,london_trade_sitemap,2026-09-05,London A-Z trade/service sitemap.,London
Checkatrade,moling contractors,moling contractors,V2,https://www.checkatrade.com/sitemap/locations/London/M,london_trade_sitemap,2026-09-05,London A-Z trade/service sitemap.,London
Checkatrade,moling services,moling services,V2,https://www.checkatrade.com/sitemap/locations/London/M,london_trade_sitemap,2026-09-05,London A-Z trade/service sitemap.,London
Checkatrade,monocouche render suppliers,monocouche render suppliers,V2,https://www.checkatrade.com/sitemap/locations/London/M,london_trade_sitemap,2026-09-05,London A-Z trade/service sitemap.,London
Checkatrade,mural artist,mural artist,V2,https://www.checkatrade.com/sitemap/locations/London/M,london_trade_sitemap,2026-09-05,London A-Z trade/service sitemap.,London
Checkatrade,mural painter,mural painter,V2,https://www.checkatrade.com/sitemap/locations/London/M,london_trade_sitemap,2026-09-05,London A-Z trade/service sitemap.,London
Checkatrade,nest thermostat,nest thermostat,V2,https://www.checkatrade.com/sitemap/locations/London/N,london_trade_sitemap,2026-09-05,London A-Z trade/service sitemap.,London
Checkatrade,new roof,new roof,V2,https://www.checkatrade.com/sitemap/locations/London/N,london_trade_sitemap,2026-09-05,London A-Z trade/service sitemap.,London
Checkatrade,oak furniture restoration,oak furniture restoration,V2,https://www.checkatrade.com/sitemap/locations/London/O,london_trade_sitemap,2026-09-05,London A-Z trade/service sitemap.,London
Checkatrade,paint stripping,paint stripping,V2,https://www.checkatrade.com/sitemap/locations/London/P,london_trade_sitemap,2026-09-05,London A-Z trade/service sitemap.,London
Checkatrade,painting and decorating companies,painting and decorating companies,V2,https://www.checkatrade.com/sitemap/locations/London/P,london_trade_sitemap,2026-09-05,London A-Z trade/service sitemap.,London
Checkatrade,pebble dash companies,pebble dash companies,V2,https://www.checkatrade.com/sitemap/locations/London/P,london_trade_sitemap,2026-09-05,London A-Z trade/service sitemap.,London
Checkatrade,pebble dash render,pebble dash render,V2,https://www.checkatrade.com/sitemap/locations/London/P,london_trade_sitemap,2026-09-05,London A-Z trade/service sitemap.,London
Checkatrade,pebble dash repair,pebble dash repair,V2,https://www.checkatrade.com/sitemap/locations/London/P,london_trade_sitemap,2026-09-05,London A-Z trade/service sitemap.,London
Checkatrade,pebble dash suppliers,pebble dash suppliers,V2,https://www.checkatrade.com/sitemap/locations/London/P,london_trade_sitemap,2026-09-05,London A-Z trade/service sitemap.,London
Checkatrade,pebble dashing,pebble dashing,V2,https://www.checkatrade.com/sitemap/locations/London/P,london_trade_sitemap,2026-09-05,London A-Z trade/service sitemap.,London
Checkatrade,pergola builders,pergola builders,V2,https://www.checkatrade.com/sitemap/locations/London/P,london_trade_sitemap,2026-09-05,London A-Z trade/service sitemap.,London
Checkatrade,pergolas installed,pergolas installed,V2,https://www.checkatrade.com/sitemap/locations/London/P,london_trade_sitemap,2026-09-05,London A-Z trade/service sitemap.,London
Checkatrade,pine furniture restoration,pine furniture restoration,V2,https://www.checkatrade.com/sitemap/locations/London/P,london_trade_sitemap,2026-09-05,London A-Z trade/service sitemap.,London
Checkatrade,pipework,pipework,V2,https://www.checkatrade.com/sitemap/locations/London/P,london_trade_sitemap,2026-09-05,London A-Z trade/service sitemap.,London
Checkatrade,pipework connect,pipework connect,V2,https://www.checkatrade.com/sitemap/locations/London/P,london_trade_sitemap,2026-09-05,London A-Z trade/service sitemap.,London
Checkatrade,pitched roofers,pitched roofers,V2,https://www.checkatrade.com/sitemap/locations/London/P,london_trade_sitemap,2026-09-05,London A-Z trade/service sitemap.,London
Checkatrade,plaster and painter,plaster and painter,V2,https://www.checkatrade.com/sitemap/locations/London/P,london_trade_sitemap,2026-09-05,London A-Z trade/service sitemap.,London
Checkatrade,plaster ceiling repair,plaster ceiling repair,V2,https://www.checkatrade.com/sitemap/locations/London/P,london_trade_sitemap,2026-09-05,London A-Z trade/service sitemap.,London
Checkatrade,plaster coving,plaster coving,V2,https://www.checkatrade.com/sitemap/locations/London/P,london_trade_sitemap,2026-09-05,London A-Z trade/service sitemap.,London
Checkatrade,plaster repair,plaster repair,V2,https://www.checkatrade.com/sitemap/locations/London/P,london_trade_sitemap,2026-09-05,London A-Z trade/service sitemap.,London
Checkatrade,plasterboard installers,plasterboard installers,V2,https://www.checkatrade.com/sitemap/locations/London/P,london_trade_sitemap,2026-09-05,London A-Z trade/service sitemap.,London
Checkatrade,plastering firms,plastering firms,V2,https://www.checkatrade.com/sitemap/locations/London/P,london_trade_sitemap,2026-09-05,London A-Z trade/service sitemap.,London
Checkatrade,plastering services,plastering services,V2,https://www.checkatrade.com/sitemap/locations/London/P,london_trade_sitemap,2026-09-05,London A-Z trade/service sitemap.,London
Checkatrade,plumbers merchant,plumbers merchant,V2,https://www.checkatrade.com/sitemap/locations/London/P,london_trade_sitemap,2026-09-05,London A-Z trade/service sitemap.,London
Checkatrade,pole barn roof repair,pole barn roof repair,V2,https://www.checkatrade.com/sitemap/locations/London/P,london_trade_sitemap,2026-09-05,London A-Z trade/service sitemap.,London
Checkatrade,polycarbonate conservatory roof repairs,polycarbonate conservatory roof repairs,V2,https://www.checkatrade.com/sitemap/locations/London/P,london_trade_sitemap,2026-09-05,London A-Z trade/service sitemap.,London
Checkatrade,polycarbonate conservatory roof replacement,polycarbonate conservatory roof replacement,V2,https://www.checkatrade.com/sitemap/locations/London/P,london_trade_sitemap,2026-09-05,London A-Z trade/service sitemap.,London
Checkatrade,popcorn ceiling spray,popcorn ceiling spray,V2,https://www.checkatrade.com/sitemap/locations/London/P,london_trade_sitemap,2026-09-05,London A-Z trade/service sitemap.,London
Checkatrade,porch roof repair,porch roof repair,V2,https://www.checkatrade.com/sitemap/locations/London/P,london_trade_sitemap,2026-09-05,London A-Z trade/service sitemap.,London
Checkatrade,power flush companies,power flush companies,V2,https://www.checkatrade.com/sitemap/locations/London/P,london_trade_sitemap,2026-09-05,London A-Z trade/service sitemap.,London
Checkatrade,radiator cleaning,radiator cleaning,V2,https://www.checkatrade.com/sitemap/locations/London/R,london_trade_sitemap,2026-09-05,London A-Z trade/service sitemap.,London
Checkatrade,radiator fitters,radiator fitters,V2,https://www.checkatrade.com/sitemap/locations/London/R,london_trade_sitemap,2026-09-05,London A-Z trade/service sitemap.,London
Checkatrade,radiator replacement,radiator replacement,V2,https://www.checkatrade.com/sitemap/locations/London/R,london_trade_sitemap,2026-09-05,London A-Z trade/service sitemap.,London
Checkatrade,radiator restoration,radiator restoration,V2,https://www.checkatrade.com/sitemap/locations/London/R,london_trade_sitemap,2026-09-05,London A-Z trade/service sitemap.,London
Checkatrade,radiator service,radiator service,V2,https://www.checkatrade.com/sitemap/locations/London/R,london_trade_sitemap,2026-09-05,London A-Z trade/service sitemap.,London
Checkatrade,radiator specialist,radiator specialist,V2,https://www.checkatrade.com/sitemap/locations/London/R,london_trade_sitemap,2026-09-05,London A-Z trade/service sitemap.,London
Checkatrade,radiator supply and fit,radiator supply and fit,V2,https://www.checkatrade.com/sitemap/locations/London/R,london_trade_sitemap,2026-09-05,London A-Z trade/service sitemap.,London
Checkatrade,radiators suppliers,radiators suppliers,V2,https://www.checkatrade.com/sitemap/locations/London/R,london_trade_sitemap,2026-09-05,London A-Z trade/service sitemap.,London
Checkatrade,render specialist,render specialist,V2,https://www.checkatrade.com/sitemap/locations/London/R,london_trade_sitemap,2026-09-05,London A-Z trade/service sitemap.,London
Checkatrade,render supplier,render supplier,V2,https://www.checkatrade.com/sitemap/locations/London/R,london_trade_sitemap,2026-09-05,London A-Z trade/service sitemap.,London
Checkatrade,rendering companies,rendering companies,V2,https://www.checkatrade.com/sitemap/locations/London/R,london_trade_sitemap,2026-09-05,London A-Z trade/service sitemap.,London
Checkatrade,rendering repair,rendering repair,V2,https://www.checkatrade.com/sitemap/locations/London/R,london_trade_sitemap,2026-09-05,London A-Z trade/service sitemap.,London
Checkatrade,rendering services,rendering services,V2,https://www.checkatrade.com/sitemap/locations/London/R,london_trade_sitemap,2026-09-05,London A-Z trade/service sitemap.,London
Checkatrade,replace toilet,replace toilet,V2,https://www.checkatrade.com/sitemap/locations/London/R,london_trade_sitemap,2026-09-05,London A-Z trade/service sitemap.,London
Checkatrade,replacement polycarbonate conservatory roof,replacement polycarbonate conservatory roof,V2,https://www.checkatrade.com/sitemap/locations/London/R,london_trade_sitemap,2026-09-05,London A-Z trade/service sitemap.,London
Checkatrade,ridge tile repairs,ridge tile repairs,V2,https://www.checkatrade.com/sitemap/locations/London/R,london_trade_sitemap,2026-09-05,London A-Z trade/service sitemap.,London
Checkatrade,rolled steel joist installation,rolled steel joist installation,V2,https://www.checkatrade.com/sitemap/locations/London/R,london_trade_sitemap,2026-09-05,London A-Z trade/service sitemap.,London
Checkatrade,roof and gutter repairs,roof and gutter repairs,V2,https://www.checkatrade.com/sitemap/locations/London/R,london_trade_sitemap,2026-09-05,London A-Z trade/service sitemap.,London
Checkatrade,roof inspection and repair,roof inspection and repair,V2,https://www.checkatrade.com/sitemap/locations/London/R,london_trade_sitemap,2026-09-05,London A-Z trade/service sitemap.,London
Checkatrade,roof leak detection,roof leak detection,V2,https://www.checkatrade.com/sitemap/locations/London/R,london_trade_sitemap,2026-09-05,London A-Z trade/service sitemap.,London
Checkatrade,roof maintenance,roof maintenance,V2,https://www.checkatrade.com/sitemap/locations/London/R,london_trade_sitemap,2026-09-05,London A-Z trade/service sitemap.,London
Checkatrade,roof moss removal,roof moss removal,V2,https://www.checkatrade.com/sitemap/locations/London/R,london_trade_sitemap,2026-09-05,London A-Z trade/service sitemap.,London
Checkatrade,roof moss removal companies,roof moss removal companies,V2,https://www.checkatrade.com/sitemap/locations/London/R,london_trade_sitemap,2026-09-05,London A-Z trade/service sitemap.,London
Checkatrade,roof moss treatment,roof moss treatment,V2,https://www.checkatrade.com/sitemap/locations/London/R,london_trade_sitemap,2026-09-05,London A-Z trade/service sitemap.,London
Checkatrade,roof repair companies,roof repair companies,V2,https://www.checkatrade.com/sitemap/locations/London/R,london_trade_sitemap,2026-09-05,London A-Z trade/service sitemap.,London
Checkatrade,roof repair services,roof repair services,V2,https://www.checkatrade.com/sitemap/locations/London/R,london_trade_sitemap,2026-09-05,London A-Z trade/service sitemap.,London
Checkatrade,roof replacement companies,roof replacement companies,V2,https://www.checkatrade.com/sitemap/locations/London/R,london_trade_sitemap,2026-09-05,London A-Z trade/service sitemap.,London
Checkatrade,roof slate suppliers,roof slate suppliers,V2,https://www.checkatrade.com/sitemap/locations/London/R,london_trade_sitemap,2026-09-05,London A-Z trade/service sitemap.,London
Checkatrade,roof tile replacement,roof tile replacement,V2,https://www.checkatrade.com/sitemap/locations/London/R,london_trade_sitemap,2026-09-05,London A-Z trade/service sitemap.,London
Checkatrade,roof trusses,roof trusses,V2,https://www.checkatrade.com/sitemap/locations/London/R,london_trade_sitemap,2026-09-05,London A-Z trade/service sitemap.,London
Checkatrade,roof window installer,roof window installer,V2,https://www.checkatrade.com/sitemap/locations/London/R,london_trade_sitemap,2026-09-05,London A-Z trade/service sitemap.,London
Checkatrade,roof window repair,roof window repair,V2,https://www.checkatrade.com/sitemap/locations/London/R,london_trade_sitemap,2026-09-05,London A-Z trade/service sitemap.,London
Checkatrade,roofing and chimney repair,roofing and chimney repair,V2,https://www.checkatrade.com/sitemap/locations/London/R,london_trade_sitemap,2026-09-05,London A-Z trade/service sitemap.,London
Checkatrade,roofing material suppliers,roofing material suppliers,V2,https://www.checkatrade.com/sitemap/locations/London/R,london_trade_sitemap,2026-09-05,London A-Z trade/service sitemap.,London
Checkatrade,rsj installation,rsj installation,V2,https://www.checkatrade.com/sitemap/locations/London/R,london_trade_sitemap,2026-09-05,London A-Z trade/service sitemap.,London
Checkatrade,rubber roof installers,rubber roof installers,V2,https://www.checkatrade.com/sitemap/locations/London/R,london_trade_sitemap,2026-09-05,London A-Z trade/service sitemap.,London
Checkatrade,rubber roof repair,rubber roof repair,V2,https://www.checkatrade.com/sitemap/locations/London/R,london_trade_sitemap,2026-09-05,London A-Z trade/service sitemap.,London
Checkatrade,rubber roofing contractors,rubber roofing contractors,V2,https://www.checkatrade.com/sitemap/locations/London/R,london_trade_sitemap,2026-09-05,London A-Z trade/service sitemap.,London
Checkatrade,rubber roofing suppliers,rubber roofing suppliers,V2,https://www.checkatrade.com/sitemap/locations/London/R,london_trade_sitemap,2026-09-05,London A-Z trade/service sitemap.,London
Checkatrade,sagging roof repair,sagging roof repair,V2,https://www.checkatrade.com/sitemap/locations/London/S,london_trade_sitemap,2026-09-05,London A-Z trade/service sitemap.,London
Checkatrade,screeding companies,screeding companies,V2,https://www.checkatrade.com/sitemap/locations/London/S,london_trade_sitemap,2026-09-05,London A-Z trade/service sitemap.,London
Checkatrade,sewer repair,sewer repair,V2,https://www.checkatrade.com/sitemap/locations/London/S,london_trade_sitemap,2026-09-05,London A-Z trade/service sitemap.,London
Checkatrade,shed builders,shed builders,V2,https://www.checkatrade.com/sitemap/locations/London/S,london_trade_sitemap,2026-09-05,London A-Z trade/service sitemap.,London
Checkatrade,shed fitter,shed fitter,V2,https://www.checkatrade.com/sitemap/locations/London/S,london_trade_sitemap,2026-09-05,London A-Z trade/service sitemap.,London
Checkatrade,shed makers,shed makers,V2,https://www.checkatrade.com/sitemap/locations/London/S,london_trade_sitemap,2026-09-05,London A-Z trade/service sitemap.,London
Checkatrade,shed roof refelting,shed roof refelting,V2,https://www.checkatrade.com/sitemap/locations/London/S,london_trade_sitemap,2026-09-05,London A-Z trade/service sitemap.,London
Checkatrade,shed roof repairs,shed roof repairs,V2,https://www.checkatrade.com/sitemap/locations/London/S,london_trade_sitemap,2026-09-05,London A-Z trade/service sitemap.,London
Checkatrade,sheetrock contractors,sheetrock contractors,V2,https://www.checkatrade.com/sitemap/locations/London/S,london_trade_sitemap,2026-09-05,London A-Z trade/service sitemap.,London
Checkatrade,sheetrock installers,sheetrock installers,V2,https://www.checkatrade.com/sitemap/locations/London/S,london_trade_sitemap,2026-09-05,London A-Z trade/service sitemap.,London
Checkatrade,shower plumbers,shower plumbers,V2,https://www.checkatrade.com/sitemap/locations/London/S,london_trade_sitemap,2026-09-05,London A-Z trade/service sitemap.,London
Checkatrade,shower replacement,shower replacement,V2,https://www.checkatrade.com/sitemap/locations/London/S,london_trade_sitemap,2026-09-05,London A-Z trade/service sitemap.,London
Checkatrade,silicone rendering,silicone rendering,V2,https://www.checkatrade.com/sitemap/locations/London/S,london_trade_sitemap,2026-09-05,London A-Z trade/service sitemap.,London
Checkatrade,silicone sealing,silicone sealing,V2,https://www.checkatrade.com/sitemap/locations/London/S,london_trade_sitemap,2026-09-05,London A-Z trade/service sitemap.,London
Checkatrade,sink crack,sink crack,V2,https://www.checkatrade.com/sitemap/locations/London/S,london_trade_sitemap,2026-09-05,London A-Z trade/service sitemap.,London
Checkatrade,sink draining,sink draining,V2,https://www.checkatrade.com/sitemap/locations/London/S,london_trade_sitemap,2026-09-05,London A-Z trade/service sitemap.,London
Checkatrade,skim coating contractor,skim coating contractor,V2,https://www.checkatrade.com/sitemap/locations/London/S,london_trade_sitemap,2026-09-05,London A-Z trade/service sitemap.,London
Checkatrade,skirting boards,skirting boards,V2,https://www.checkatrade.com/sitemap/locations/London/S,london_trade_sitemap,2026-09-05,London A-Z trade/service sitemap.,London
Checkatrade,skirting installers,skirting installers,V2,https://www.checkatrade.com/sitemap/locations/London/S,london_trade_sitemap,2026-09-05,London A-Z trade/service sitemap.,London
Checkatrade,skylight install,skylight install,V2,https://www.checkatrade.com/sitemap/locations/London/S,london_trade_sitemap,2026-09-05,London A-Z trade/service sitemap.,London
Checkatrade,skylights for flat roofs,skylights for flat roofs,V2,https://www.checkatrade.com/sitemap/locations/London/S,london_trade_sitemap,2026-09-05,London A-Z trade/service sitemap.,London
Checkatrade,slate roof repair,slate roof repair,V2,https://www.checkatrade.com/sitemap/locations/London/S,london_trade_sitemap,2026-09-05,London A-Z trade/service sitemap.,London
Checkatrade,slate roofing contractors,slate roofing contractors,V2,https://www.checkatrade.com/sitemap/locations/London/S,london_trade_sitemap,2026-09-05,London A-Z trade/service sitemap.,London
Checkatrade,small roof repairs,small roof repairs,V2,https://www.checkatrade.com/sitemap/locations/London/S,london_trade_sitemap,2026-09-05,London A-Z trade/service sitemap.,London
Checkatrade,soil stack replacement,soil stack replacement,V2,https://www.checkatrade.com/sitemap/locations/London/S,london_trade_sitemap,2026-09-05,London A-Z trade/service sitemap.,London
Checkatrade,spalling brick repair,spalling brick repair,V2,https://www.checkatrade.com/sitemap/locations/London/S,london_trade_sitemap,2026-09-05,London A-Z trade/service sitemap.,London
Checkatrade,spray render companies,spray render companies,V2,https://www.checkatrade.com/sitemap/locations/London/S,london_trade_sitemap,2026-09-05,London A-Z trade/service sitemap.,London
Checkatrade,staircase fitters,staircase fitters,V2,https://www.checkatrade.com/sitemap/locations/London/S,london_trade_sitemap,2026-09-05,London A-Z trade/service sitemap.,London
Checkatrade,staircase joinery,staircase joinery,V2,https://www.checkatrade.com/sitemap/locations/London/S,london_trade_sitemap,2026-09-05,London A-Z trade/service sitemap.,London
Checkatrade,staircase refurbishment,staircase refurbishment,V2,https://www.checkatrade.com/sitemap/locations/London/S,london_trade_sitemap,2026-09-05,London A-Z trade/service sitemap.,London
Checkatrade,staircase repair,staircase repair,V2,https://www.checkatrade.com/sitemap/locations/London/S,london_trade_sitemap,2026-09-05,London A-Z trade/service sitemap.,London
Checkatrade,stairs made to measure,stairs made to measure,V2,https://www.checkatrade.com/sitemap/locations/London/S,london_trade_sitemap,2026-09-05,London A-Z trade/service sitemap.,London
Checkatrade,stove pipe installers,stove pipe installers,V2,https://www.checkatrade.com/sitemap/locations/London/S,london_trade_sitemap,2026-09-05,London A-Z trade/service sitemap.,London
Checkatrade,stud partition,stud partition,V2,https://www.checkatrade.com/sitemap/locations/London/S,london_trade_sitemap,2026-09-05,London A-Z trade/service sitemap.,London
Checkatrade,stud wall,stud wall,V2,https://www.checkatrade.com/sitemap/locations/London/S,london_trade_sitemap,2026-09-05,London A-Z trade/service sitemap.,London
Checkatrade,subsidence builder,subsidence builder,V2,https://www.checkatrade.com/sitemap/locations/London/S,london_trade_sitemap,2026-09-05,London A-Z trade/service sitemap.,London
Checkatrade,subsidence repair,subsidence repair,V2,https://www.checkatrade.com/sitemap/locations/London/S,london_trade_sitemap,2026-09-05,London A-Z trade/service sitemap.,London
Checkatrade,subsidence specialist,subsidence specialist,V2,https://www.checkatrade.com/sitemap/locations/London/S,london_trade_sitemap,2026-09-05,London A-Z trade/service sitemap.,London
Checkatrade,subsidence surveys,subsidence surveys,V2,https://www.checkatrade.com/sitemap/locations/London/S,london_trade_sitemap,2026-09-05,London A-Z trade/service sitemap.,London
Checkatrade,summer house,summer house,V2,https://www.checkatrade.com/sitemap/locations/London/S,london_trade_sitemap,2026-09-05,London A-Z trade/service sitemap.,London
Checkatrade,table restoration,table restoration,V2,https://www.checkatrade.com/sitemap/locations/London/T,london_trade_sitemap,2026-09-05,London A-Z trade/service sitemap.,London
Checkatrade,tap drip,tap drip,V2,https://www.checkatrade.com/sitemap/locations/London/T,london_trade_sitemap,2026-09-05,London A-Z trade/service sitemap.,London
Checkatrade,thatch roof repairs,thatch roof repairs,V2,https://www.checkatrade.com/sitemap/locations/London/T,london_trade_sitemap,2026-09-05,London A-Z trade/service sitemap.,London
Checkatrade,tile roof repair,tile roof repair,V2,https://www.checkatrade.com/sitemap/locations/London/T,london_trade_sitemap,2026-09-05,London A-Z trade/service sitemap.,London
Checkatrade,tin roof installers,tin roof installers,V2,https://www.checkatrade.com/sitemap/locations/London/T,london_trade_sitemap,2026-09-05,London A-Z trade/service sitemap.,London
Checkatrade,toilet fitting,toilet fitting,V2,https://www.checkatrade.com/sitemap/locations/London/T,london_trade_sitemap,2026-09-05,London A-Z trade/service sitemap.,London
Checkatrade,toilet flush repair,toilet flush repair,V2,https://www.checkatrade.com/sitemap/locations/London/T,london_trade_sitemap,2026-09-05,London A-Z trade/service sitemap.,London
Checkatrade,toilet installation,toilet installation,V2,https://www.checkatrade.com/sitemap/locations/London/T,london_trade_sitemap,2026-09-05,London A-Z trade/service sitemap.,London
Checkatrade,toilet plumber,toilet plumber,V2,https://www.checkatrade.com/sitemap/locations/London/T,london_trade_sitemap,2026-09-05,London A-Z trade/service sitemap.,London
Checkatrade,toilet repair,toilet repair,V2,https://www.checkatrade.com/sitemap/locations/London/T,london_trade_sitemap,2026-09-05,London A-Z trade/service sitemap.,London
Checkatrade,trv,trv,V2,https://www.checkatrade.com/sitemap/locations/London/T,london_trade_sitemap,2026-09-05,London A-Z trade/service sitemap.,London
Checkatrade,tv cabinet makers,tv cabinet makers,V2,https://www.checkatrade.com/sitemap/locations/London/T,london_trade_sitemap,2026-09-05,London A-Z trade/service sitemap.,London
Checkatrade,ufh installation,ufh installation,V2,https://www.checkatrade.com/sitemap/locations/London/U,london_trade_sitemap,2026-09-05,London A-Z trade/service sitemap.,London
Checkatrade,ufh repair,ufh repair,V2,https://www.checkatrade.com/sitemap/locations/London/U,london_trade_sitemap,2026-09-05,London A-Z trade/service sitemap.,London
Checkatrade,under stairs storage fitters,under stairs storage fitters,V2,https://www.checkatrade.com/sitemap/locations/London/U,london_trade_sitemap,2026-09-05,London A-Z trade/service sitemap.,London
Checkatrade,underfloor heating installers,underfloor heating installers,V2,https://www.checkatrade.com/sitemap/locations/London/U,london_trade_sitemap,2026-09-05,London A-Z trade/service sitemap.,London
Checkatrade,underfloor heating maintenance,underfloor heating maintenance,V2,https://www.checkatrade.com/sitemap/locations/London/U,london_trade_sitemap,2026-09-05,London A-Z trade/service sitemap.,London
Checkatrade,underfloor heating plumber,underfloor heating plumber,V2,https://www.checkatrade.com/sitemap/locations/London/U,london_trade_sitemap,2026-09-05,London A-Z trade/service sitemap.,London
Checkatrade,underfloor heating servicing,underfloor heating servicing,V2,https://www.checkatrade.com/sitemap/locations/London/U,london_trade_sitemap,2026-09-05,London A-Z trade/service sitemap.,London
Checkatrade,underfloor heating specialist,underfloor heating specialist,V2,https://www.checkatrade.com/sitemap/locations/London/U,london_trade_sitemap,2026-09-05,London A-Z trade/service sitemap.,London
Checkatrade,underfloor heating suppliers,underfloor heating suppliers,V2,https://www.checkatrade.com/sitemap/locations/London/U,london_trade_sitemap,2026-09-05,London A-Z trade/service sitemap.,London
Checkatrade,underground pipework,underground pipework,V2,https://www.checkatrade.com/sitemap/locations/London/U,london_trade_sitemap,2026-09-05,London A-Z trade/service sitemap.,London
Checkatrade,upvc conservatory roof repairs,upvc conservatory roof repairs,V2,https://www.checkatrade.com/sitemap/locations/London/U,london_trade_sitemap,2026-09-05,London A-Z trade/service sitemap.,London
Checkatrade,upvc painters,upvc painters,V2,https://www.checkatrade.com/sitemap/locations/London/U,london_trade_sitemap,2026-09-05,London A-Z trade/service sitemap.,London
Checkatrade,velux window installer,velux window installer,V2,https://www.checkatrade.com/sitemap/locations/London/V,london_trade_sitemap,2026-09-05,London A-Z trade/service sitemap.,London
Checkatrade,velux window repairs,velux window repairs,V2,https://www.checkatrade.com/sitemap/locations/London/V,london_trade_sitemap,2026-09-05,London A-Z trade/service sitemap.,London
Checkatrade,venetian plastering,venetian plastering,V2,https://www.checkatrade.com/sitemap/locations/London/V,london_trade_sitemap,2026-09-05,London A-Z trade/service sitemap.,London
Checkatrade,wall crack,wall crack,V2,https://www.checkatrade.com/sitemap/locations/London/W,london_trade_sitemap,2026-09-05,London A-Z trade/service sitemap.,London
Checkatrade,wallpaper install,wallpaper install,V2,https://www.checkatrade.com/sitemap/locations/London/W,london_trade_sitemap,2026-09-05,London A-Z trade/service sitemap.,London
Checkatrade,wardrobe doors made to measure,wardrobe doors made to measure,V2,https://www.checkatrade.com/sitemap/locations/London/W,london_trade_sitemap,2026-09-05,London A-Z trade/service sitemap.,London
Checkatrade,wardrobe repair,wardrobe repair,V2,https://www.checkatrade.com/sitemap/locations/London/W,london_trade_sitemap,2026-09-05,London A-Z trade/service sitemap.,London
Checkatrade,wardrobe repairs,wardrobe repairs,V2,https://www.checkatrade.com/sitemap/locations/London/W,london_trade_sitemap,2026-09-05,London A-Z trade/service sitemap.,London
Checkatrade,warm roof installers,warm roof installers,V2,https://www.checkatrade.com/sitemap/locations/London/W,london_trade_sitemap,2026-09-05,London A-Z trade/service sitemap.,London
Checkatrade,washing machine plumbers,washing machine plumbers,V2,https://www.checkatrade.com/sitemap/locations/London/W,london_trade_sitemap,2026-09-05,London A-Z trade/service sitemap.,London
Checkatrade,water damage,water damage,V2,https://www.checkatrade.com/sitemap/locations/London/W,london_trade_sitemap,2026-09-05,London A-Z trade/service sitemap.,London
Checkatrade,water leakage repair,water leakage repair,V2,https://www.checkatrade.com/sitemap/locations/London/W,london_trade_sitemap,2026-09-05,London A-Z trade/service sitemap.,London
Checkatrade,water main replacement,water main replacement,V2,https://www.checkatrade.com/sitemap/locations/London/W,london_trade_sitemap,2026-09-05,London A-Z trade/service sitemap.,London
Checkatrade,water meter,water meter,V2,https://www.checkatrade.com/sitemap/locations/London/W,london_trade_sitemap,2026-09-05,London A-Z trade/service sitemap.,London
Checkatrade,water pipe repair,water pipe repair,V2,https://www.checkatrade.com/sitemap/locations/London/W,london_trade_sitemap,2026-09-05,London A-Z trade/service sitemap.,London
Checkatrade,water pipe replacement,water pipe replacement,V2,https://www.checkatrade.com/sitemap/locations/London/W,london_trade_sitemap,2026-09-05,London A-Z trade/service sitemap.,London
Checkatrade,water pressure,water pressure,V2,https://www.checkatrade.com/sitemap/locations/London/W,london_trade_sitemap,2026-09-05,London A-Z trade/service sitemap.,London
Checkatrade,water pump servicing,water pump servicing,V2,https://www.checkatrade.com/sitemap/locations/London/W,london_trade_sitemap,2026-09-05,London A-Z trade/service sitemap.,London
Checkatrade,water pump specialist,water pump specialist,V2,https://www.checkatrade.com/sitemap/locations/London/W,london_trade_sitemap,2026-09-05,London A-Z trade/service sitemap.,London
Checkatrade,water tank cleaning,water tank cleaning,V2,https://www.checkatrade.com/sitemap/locations/London/W,london_trade_sitemap,2026-09-05,London A-Z trade/service sitemap.,London
Checkatrade,water tank installation,water tank installation,V2,https://www.checkatrade.com/sitemap/locations/London/W,london_trade_sitemap,2026-09-05,London A-Z trade/service sitemap.,London
Checkatrade,well pump repair,well pump repair,V2,https://www.checkatrade.com/sitemap/locations/London/W,london_trade_sitemap,2026-09-05,London A-Z trade/service sitemap.,London
Checkatrade,window joinery,window joinery,V2,https://www.checkatrade.com/sitemap/locations/London/W,london_trade_sitemap,2026-09-05,London A-Z trade/service sitemap.,London
Checkatrade,wood burner flue installers,wood burner flue installers,V2,https://www.checkatrade.com/sitemap/locations/London/W,london_trade_sitemap,2026-09-05,London A-Z trade/service sitemap.,London
Checkatrade,wood furniture repair,wood furniture repair,V2,https://www.checkatrade.com/sitemap/locations/London/W,london_trade_sitemap,2026-09-05,London A-Z trade/service sitemap.,London
Checkatrade,wood furniture restoration,wood furniture restoration,V2,https://www.checkatrade.com/sitemap/locations/London/W,london_trade_sitemap,2026-09-05,London A-Z trade/service sitemap.,London
Checkatrade,wood gazebo installation,wood gazebo installation,V2,https://www.checkatrade.com/sitemap/locations/London/W,london_trade_sitemap,2026-09-05,London A-Z trade/service sitemap.,London
Checkatrade,wood joinery,wood joinery,V2,https://www.checkatrade.com/sitemap/locations/London/W,london_trade_sitemap,2026-09-05,London A-Z trade/service sitemap.,London
Checkatrade,wood stripper,wood stripper,V2,https://www.checkatrade.com/sitemap/locations/London/W,london_trade_sitemap,2026-09-05,London A-Z trade/service sitemap.,London
Checkatrade,wood turning,wood turning,V2,https://www.checkatrade.com/sitemap/locations/London/W,london_trade_sitemap,2026-09-05,London A-Z trade/service sitemap.,London
Checkatrade,wooden chair repair,wooden chair repair,V2,https://www.checkatrade.com/sitemap/locations/London/W,london_trade_sitemap,2026-09-05,London A-Z trade/service sitemap.,London
Checkatrade,zinc roof installers,zinc roof installers,V2,https://www.checkatrade.com/sitemap/locations/London/Z,london_trade_sitemap,2026-09-05,London A-Z trade/service sitemap.,London
Fresha,Barber,Barber,V2,https://www.fresha.com/en-GB/pricing,uk_service_verticals,2026-09-05,UK public service/business verticals; broad coverage only.,London
Fresha,Eyebrow Bar,Eyebrow Bar,V2,https://www.fresha.com/en-GB/pricing,uk_service_verticals,2026-09-05,UK public service/business verticals; broad coverage only.,London
Fresha,Fitness,Fitness,V2,https://www.fresha.com/en-GB/pricing,uk_service_verticals,2026-09-05,UK public service/business verticals; broad coverage only.,London
Fresha,Hair Salon,Hair Salon,V2,https://www.fresha.com/en-GB/pricing,uk_service_verticals,2026-09-05,UK public service/business verticals; broad coverage only.,London
Fresha,Massage Salon,Massage Salon,V2,https://www.fresha.com/en-GB/pricing,uk_service_verticals,2026-09-05,UK public service/business verticals; broad coverage only.,London
Fresha,Medspa,Medspa,V2,https://www.fresha.com/en-GB/pricing,uk_service_verticals,2026-09-05,UK public service/business verticals; broad coverage only.,London
Fresha,Nail Salon,Nail Salon,V2,https://www.fresha.com/en-GB/pricing,uk_service_verticals,2026-09-05,UK public service/business verticals; broad coverage only.,London
Fresha,Personal Trainer,Personal Trainer,V2,https://www.fresha.com/en-GB/pricing,uk_service_verticals,2026-09-05,UK public service/business verticals; broad coverage only.,London
Fresha,Pet Grooming,Pet Grooming,V2,https://www.fresha.com/en-GB/pricing,uk_service_verticals,2026-09-05,UK public service/business verticals; broad coverage only.,London
Fresha,Physical Therapy,Physical Therapy,V2,https://www.fresha.com/en-GB/pricing,uk_service_verticals,2026-09-05,UK public service/business verticals; broad coverage only.,London
Fresha,Salon,Salon,V1,https://www.fresha.com/en-GB/pricing,public_service_verticals,2026-08-22,Fresha public UK service/business verticals. Detailed treatments will be added later for shortlisted verticals.,
Fresha,Spa,Spa,V2,https://www.fresha.com/en-GB/pricing,uk_service_verticals,2026-09-05,UK public service/business verticals; broad coverage only.,London
Fresha,Tanning Studio,Tanning Studio,V2,https://www.fresha.com/en-GB/pricing,uk_service_verticals,2026-09-05,UK public service/business verticals; broad coverage only.,London
Fresha,Tattooing & Piercing,Tattooing & Piercing,V2,https://www.fresha.com/en-GB/pricing,uk_service_verticals,2026-09-05,UK public service/business verticals; broad coverage only.,London
Fresha,Therapy Centre,Therapy Centre,V2,https://www.fresha.com/en-GB/pricing,uk_service_verticals,2026-09-05,UK public service/business verticals; broad coverage only.,London
Fresha,Waxing Salon,Waxing Salon,V2,https://www.fresha.com/en-GB/pricing,uk_service_verticals,2026-09-05,UK public service/business verticals; broad coverage only.,London
MyBuilder,Milton Keynes,Milton Keynes,V2,https://www.mybuilder.com/trades,trade_directory,2026-09-05,Public trades/professions page.,London
MyBuilder,Newcastle Upon Tyne,Newcastle Upon Tyne,V2,https://www.mybuilder.com/trades,trade_directory,2026-09-05,Public trades/professions page.,London
MyBuilder,Northampton,Northampton,V2,https://www.mybuilder.com/trades,trade_directory,2026-09-05,Public trades/professions page.,London
MyBuilder,Norwich,Norwich,V2,https://www.mybuilder.com/trades,trade_directory,2026-09-05,Public trades/professions page.,London
MyBuilder,Reading,Reading,V2,https://www.mybuilder.com/trades,trade_directory,2026-09-05,Public trades/professions page.,London
MyBuilder,Southampton,Southampton,V2,https://www.mybuilder.com/trades,trade_directory,2026-09-05,Public trades/professions page.,London
MyBuilder,Stockport,Stockport,V2,https://www.mybuilder.com/trades,trade_directory,2026-09-05,Public trades/professions page.,London
MyBuilder,Stoke On Trent,Stoke On Trent,V2,https://www.mybuilder.com/trades,trade_directory,2026-09-05,Public trades/professions page.,London
MyJobQuote,Aberdeen,Aberdeen,V2,https://www.myjobquote.co.uk/sitemap,public_trade_sitemap,2026-09-05,Public trade/service taxonomy from MyJobQuote.,London
MyJobQuote,Birkenhead,Birkenhead,V2,https://www.myjobquote.co.uk/sitemap,public_trade_sitemap,2026-09-05,Public trade/service taxonomy from MyJobQuote.,London
MyJobQuote,Bolton,Bolton,V2,https://www.myjobquote.co.uk/sitemap,public_trade_sitemap,2026-09-05,Public trade/service taxonomy from MyJobQuote.,London
MyJobQuote,Bournemouth,Bournemouth,V2,https://www.myjobquote.co.uk/sitemap,public_trade_sitemap,2026-09-05,Public trade/service taxonomy from MyJobQuote.,London
MyJobQuote,Chelmsford,Chelmsford,V2,https://www.myjobquote.co.uk/sitemap,public_trade_sitemap,2026-09-05,Public trade/service taxonomy from MyJobQuote.,London
MyJobQuote,Exeter,Exeter,V2,https://www.myjobquote.co.uk/sitemap,public_trade_sitemap,2026-09-05,Public trade/service taxonomy from MyJobQuote.,London
MyJobQuote,Gateshead,Gateshead,V2,https://www.myjobquote.co.uk/sitemap,public_trade_sitemap,2026-09-05,Public trade/service taxonomy from MyJobQuote.,London
MyJobQuote,Gloucester,Gloucester,V2,https://www.myjobquote.co.uk/sitemap,public_trade_sitemap,2026-09-05,Public trade/service taxonomy from MyJobQuote.,London
MyJobQuote,How to Get Started,How to Get Started,V2,https://www.myjobquote.co.uk/sitemap,public_trade_sitemap,2026-09-05,Public trade/service taxonomy from MyJobQuote.,London
MyJobQuote,Huddersfield,Huddersfield,V2,https://www.myjobquote.co.uk/sitemap,public_trade_sitemap,2026-09-05,Public trade/service taxonomy from MyJobQuote.,London
MyJobQuote,Ipswich,Ipswich,V2,https://www.myjobquote.co.uk/sitemap,public_trade_sitemap,2026-09-05,Public trade/service taxonomy from MyJobQuote.,London
MyJobQuote,Maidstone,Maidstone,V2,https://www.myjobquote.co.uk/sitemap,public_trade_sitemap,2026-09-05,Public trade/service taxonomy from MyJobQuote.,London
MyJobQuote,Middlesbrough,Middlesbrough,V2,https://www.myjobquote.co.uk/sitemap,public_trade_sitemap,2026-09-05,Public trade/service taxonomy from MyJobQuote.,London
MyJobQuote,Milton Keynes,Milton Keynes,V2,https://www.myjobquote.co.uk/sitemap,public_trade_sitemap,2026-09-05,Public trade/service taxonomy from MyJobQuote.,London
MyJobQuote,Newcastle upon Tyne,Newcastle upon Tyne,V2,https://www.myjobquote.co.uk/sitemap,public_trade_sitemap,2026-09-05,Public trade/service taxonomy from MyJobQuote.,London
MyJobQuote,Norwich,Norwich,V2,https://www.myjobquote.co.uk/sitemap,public_trade_sitemap,2026-09-05,Public trade/service taxonomy from MyJobQuote.,London
MyJobQuote,Oxford,Oxford,V2,https://www.myjobquote.co.uk/sitemap,public_trade_sitemap,2026-09-05,Public trade/service taxonomy from MyJobQuote.,London
MyJobQuote,Peterborough,Peterborough,V2,https://www.myjobquote.co.uk/sitemap,public_trade_sitemap,2026-09-05,Public trade/service taxonomy from MyJobQuote.,London
MyJobQuote,Plymouth,Plymouth,V2,https://www.myjobquote.co.uk/sitemap,public_trade_sitemap,2026-09-05,Public trade/service taxonomy from MyJobQuote.,London
MyJobQuote,Poole,Poole,V2,https://www.myjobquote.co.uk/sitemap,public_trade_sitemap,2026-09-05,Public trade/service taxonomy from MyJobQuote.,London
MyJobQuote,Reading,Reading,V2,https://www.myjobquote.co.uk/sitemap,public_trade_sitemap,2026-09-05,Public trade/service taxonomy from MyJobQuote.,London
MyJobQuote,Sale,Sale,V2,https://www.myjobquote.co.uk/sitemap,public_trade_sitemap,2026-09-05,Public trade/service taxonomy from MyJobQuote.,London
MyJobQuote,Slough,Slough,V2,https://www.myjobquote.co.uk/sitemap,public_trade_sitemap,2026-09-05,Public trade/service taxonomy from MyJobQuote.,London
MyJobQuote,Solihull,Solihull,V2,https://www.myjobquote.co.uk/sitemap,public_trade_sitemap,2026-09-05,Public trade/service taxonomy from MyJobQuote.,London
MyJobQuote,Southampton,Southampton,V2,https://www.myjobquote.co.uk/sitemap,public_trade_sitemap,2026-09-05,Public trade/service taxonomy from MyJobQuote.,London
MyJobQuote,Stoke-on-Trent,Stoke-on-Trent,V2,https://www.myjobquote.co.uk/sitemap,public_trade_sitemap,2026-09-05,Public trade/service taxonomy from MyJobQuote.,London
MyJobQuote,Sunderland,Sunderland,V2,https://www.myjobquote.co.uk/sitemap,public_trade_sitemap,2026-09-05,Public trade/service taxonomy from MyJobQuote.,London
MyJobQuote,Watford,Watford,V2,https://www.myjobquote.co.uk/sitemap,public_trade_sitemap,2026-09-05,Public trade/service taxonomy from MyJobQuote.,London
MyJobQuote,Wolverhampton,Wolverhampton,V2,https://www.myjobquote.co.uk/sitemap,public_trade_sitemap,2026-09-05,Public trade/service taxonomy from MyJobQuote.,London
MyJobQuote,York,York,V2,https://www.myjobquote.co.uk/sitemap,public_trade_sitemap,2026-09-05,Public trade/service taxonomy from MyJobQuote.,London
Rated People,Access Control / Door Entry,Access Control / Door Entry,V2,https://www.ratedpeople.com/sitemap/trades/a,alphabetical_trade_sitemap,2026-09-05,Public A-Z trade and skill sitemap.,London
Rated People,Aerial & Satellite Dish Installation,Aerial & Satellite Dish Installation,V2,https://www.ratedpeople.com/sitemap/trades/a,alphabetical_trade_sitemap,2026-09-05,Public A-Z trade and skill sitemap.,London
Rated People,Aerial Installation,Aerial Installation,V2,https://www.ratedpeople.com/sitemap/trades/a,alphabetical_trade_sitemap,2026-09-05,Public A-Z trade and skill sitemap.,London
Rated People,Affiliates,Affiliates,V2,https://www.ratedpeople.com/sitemap/trades/a,alphabetical_trade_sitemap,2026-09-05,Public A-Z trade and skill sitemap.,London
Rated People,Air Conditioning / Refrigeration,Air Conditioning / Refrigeration,V2,https://www.ratedpeople.com/sitemap/trades/a,alphabetical_trade_sitemap,2026-09-05,Public A-Z trade and skill sitemap.,London
Rated People,Angus,Angus,V2,https://www.ratedpeople.com/sitemap/trades/a,alphabetical_trade_sitemap,2026-09-05,Public A-Z trade and skill sitemap.,London
Rated People,Antrim,Antrim,V2,https://www.ratedpeople.com/sitemap/trades/a,alphabetical_trade_sitemap,2026-09-05,Public A-Z trade and skill sitemap.,London
Rated People,Argyll and Bute,Argyll and Bute,V2,https://www.ratedpeople.com/sitemap/trades/a,alphabetical_trade_sitemap,2026-09-05,Public A-Z trade and skill sitemap.,London
Rated People,Armagh,Armagh,V2,https://www.ratedpeople.com/sitemap/trades/a,alphabetical_trade_sitemap,2026-09-05,Public A-Z trade and skill sitemap.,London
Rated People,Artifical Grass / Astro Turf,Artifical Grass / Astro Turf,V2,https://www.ratedpeople.com/sitemap/trades/a,alphabetical_trade_sitemap,2026-09-05,Public A-Z trade and skill sitemap.,London
Rated People,Ask a tradesperson,Ask a tradesperson,V2,https://www.ratedpeople.com/sitemap/trades/a,alphabetical_trade_sitemap,2026-09-05,Public A-Z trade and skill sitemap.,London
Rated People,Ayrshire and Arran,Ayrshire and Arran,V2,https://www.ratedpeople.com/sitemap/trades/a,alphabetical_trade_sitemap,2026-09-05,Public A-Z trade and skill sitemap.,London
Rated People,Banffshire,Banffshire,V2,https://www.ratedpeople.com/sitemap/trades/a,alphabetical_trade_sitemap,2026-09-05,Public A-Z trade and skill sitemap.,London
Rated People,Bath Resurfacing,Bath Resurfacing,V2,https://www.ratedpeople.com/sitemap/trades/a,alphabetical_trade_sitemap,2026-09-05,Public A-Z trade and skill sitemap.,London
Rated People,Bathroom Design,Bathroom Design,V2,https://www.ratedpeople.com/sitemap/trades/a,alphabetical_trade_sitemap,2026-09-05,Public A-Z trade and skill sitemap.,London
Rated People,Bathroom Installation,Bathroom Installation,V2,https://www.ratedpeople.com/sitemap/trades/a,alphabetical_trade_sitemap,2026-09-05,Public A-Z trade and skill sitemap.,London
Rated People,Bathroom Repair,Bathroom Repair,V2,https://www.ratedpeople.com/sitemap/trades/a,alphabetical_trade_sitemap,2026-09-05,Public A-Z trade and skill sitemap.,London
Rated People,Bathroom Tiling,Bathroom Tiling,V2,https://www.ratedpeople.com/sitemap/trades/a,alphabetical_trade_sitemap,2026-09-05,Public A-Z trade and skill sitemap.,London
Rated People,Bathroom fitter,Bathroom fitter,V1,https://www.ratedpeople.com/sitemap/trades/b,alphabetical_trade_sitemap,2026-08-22,Rated People public trade-and-skill sitemap.,
Rated People,All Bathroom fitters,Bathroom fitters,V2,https://www.ratedpeople.com/sitemap/trades/a,alphabetical_trade_sitemap,2026-09-05,Public A-Z trade and skill sitemap.,London
Rated People,"Bathroom, Kitchen and WC Plumbing","Bathroom, Kitchen and WC Plumbing",V2,https://www.ratedpeople.com/sitemap/trades/a,alphabetical_trade_sitemap,2026-09-05,Public A-Z trade and skill sitemap.,London
Rated People,Bedfordshire,Bedfordshire,V2,https://www.ratedpeople.com/sitemap/trades/a,alphabetical_trade_sitemap,2026-09-05,Public A-Z trade and skill sitemap.,London
Rated People,Berkshire,Berkshire,V2,https://www.ratedpeople.com/sitemap/trades/a,alphabetical_trade_sitemap,2026-09-05,Public A-Z trade and skill sitemap.,London
Rated People,Berwickshire,Berwickshire,V2,https://www.ratedpeople.com/sitemap/trades/a,alphabetical_trade_sitemap,2026-09-05,Public A-Z trade and skill sitemap.,London
Rated People,Bespoke Furniture,Bespoke Furniture,V2,https://www.ratedpeople.com/sitemap/trades/a,alphabetical_trade_sitemap,2026-09-05,Public A-Z trade and skill sitemap.,London
Rated People,Bespoke Kitchens,Bespoke Kitchens,V2,https://www.ratedpeople.com/sitemap/trades/a,alphabetical_trade_sitemap,2026-09-05,Public A-Z trade and skill sitemap.,London
Rated People,Blacksmith / Metal worker,Blacksmith / Metal worker,V1,https://www.ratedpeople.com/sitemap/trades/b,alphabetical_trade_sitemap,2026-08-22,Rated People public trade-and-skill sitemap.,
Rated People,All Blacksmith / Metal workers,Blacksmith / Metal workers,V2,https://www.ratedpeople.com/sitemap/trades/a,alphabetical_trade_sitemap,2026-09-05,Public A-Z trade and skill sitemap.,London
Rated People,Blind / Curtain / Shutter - Installation,Blind / Curtain / Shutter - Installation,V2,https://www.ratedpeople.com/sitemap/trades/a,alphabetical_trade_sitemap,2026-09-05,Public A-Z trade and skill sitemap.,London
Rated People,Brick & Stone Cleaning,Brick & Stone Cleaning,V2,https://www.ratedpeople.com/sitemap/trades/a,alphabetical_trade_sitemap,2026-09-05,Public A-Z trade and skill sitemap.,London
Rated People,Brick / Block Paving,Brick / Block Paving,V2,https://www.ratedpeople.com/sitemap/trades/a,alphabetical_trade_sitemap,2026-09-05,Public A-Z trade and skill sitemap.,London
Rated People,Bricklayer,Bricklayer,V1,https://www.ratedpeople.com/sitemap/trades/b,alphabetical_trade_sitemap,2026-08-22,Rated People public trade-and-skill sitemap.,
Rated People,All Bricklayers,Bricklayers,V2,https://www.ratedpeople.com/sitemap/trades/a,alphabetical_trade_sitemap,2026-09-05,Public A-Z trade and skill sitemap.,London
Rated People,Buckinghamshire,Buckinghamshire,V2,https://www.ratedpeople.com/sitemap/trades/a,alphabetical_trade_sitemap,2026-09-05,Public A-Z trade and skill sitemap.,London
Rated People,Builder,Builder,V1,https://www.ratedpeople.com/sitemap/trades/b,alphabetical_trade_sitemap,2026-08-22,Rated People public trade-and-skill sitemap.,
Rated People,All Builders,Builders,V2,https://www.ratedpeople.com/sitemap/trades/a,alphabetical_trade_sitemap,2026-09-05,Public A-Z trade and skill sitemap.,London
Rated People,Built-In Furniture,Built-In Furniture,V2,https://www.ratedpeople.com/sitemap/trades/a,alphabetical_trade_sitemap,2026-09-05,Public A-Z trade and skill sitemap.,London
Rated People,Burglar Repairs,Burglar Repairs,V2,https://www.ratedpeople.com/sitemap/trades/a,alphabetical_trade_sitemap,2026-09-05,Public A-Z trade and skill sitemap.,London
Rated People,"Burglar, Security & Intruder Alarm Installation","Burglar, Security & Intruder Alarm Installation",V2,https://www.ratedpeople.com/sitemap/trades/a,alphabetical_trade_sitemap,2026-09-05,Public A-Z trade and skill sitemap.,London
Rated People,All CCTV / Satellites / Alarms,CCTV / Satellites / Alarms,V2,https://www.ratedpeople.com/sitemap/trades/a,alphabetical_trade_sitemap,2026-09-05,Public A-Z trade and skill sitemap.,London
Rated People,CCTV Installation,CCTV Installation,V2,https://www.ratedpeople.com/sitemap/trades/a,alphabetical_trade_sitemap,2026-09-05,Public A-Z trade and skill sitemap.,London
Rated People,Caithness,Caithness,V2,https://www.ratedpeople.com/sitemap/trades/a,alphabetical_trade_sitemap,2026-09-05,Public A-Z trade and skill sitemap.,London
Rated People,Cambridgeshire,Cambridgeshire,V2,https://www.ratedpeople.com/sitemap/trades/a,alphabetical_trade_sitemap,2026-09-05,Public A-Z trade and skill sitemap.,London
Rated People,Carbon Monoxide Alarms - Installation,Carbon Monoxide Alarms - Installation,V2,https://www.ratedpeople.com/sitemap/trades/a,alphabetical_trade_sitemap,2026-09-05,Public A-Z trade and skill sitemap.,London
Rated People,Carpenter / Joiner,Carpenter / Joiner,V1,https://www.ratedpeople.com/sitemap/trades/c,alphabetical_trade_sitemap,2026-08-22,Rated People public trade-and-skill sitemap.,
Rated People,All Carpenter / Joiners,Carpenter / Joiners,V2,https://www.ratedpeople.com/sitemap/trades/a,alphabetical_trade_sitemap,2026-09-05,Public A-Z trade and skill sitemap.,London
Rated People,Carpet Cleaning,Carpet Cleaning,V2,https://www.ratedpeople.com/sitemap/trades/a,alphabetical_trade_sitemap,2026-09-05,Public A-Z trade and skill sitemap.,London
Rated People,Carpet Fitters,Carpet Fitters,V2,https://www.ratedpeople.com/sitemap/trades/a,alphabetical_trade_sitemap,2026-09-05,Public A-Z trade and skill sitemap.,London
Rated People,Cat Flap - Installation,Cat Flap - Installation,V2,https://www.ratedpeople.com/sitemap/trades/a,alphabetical_trade_sitemap,2026-09-05,Public A-Z trade and skill sitemap.,London
Rated People,Cavity Wall Insulation,Cavity Wall Insulation,V2,https://www.ratedpeople.com/sitemap/trades/a,alphabetical_trade_sitemap,2026-09-05,Public A-Z trade and skill sitemap.,London
Rated People,Cellar & Basement Conversion,Cellar & Basement Conversion,V2,https://www.ratedpeople.com/sitemap/trades/a,alphabetical_trade_sitemap,2026-09-05,Public A-Z trade and skill sitemap.,London
Rated People,Cheshire,Cheshire,V2,https://www.ratedpeople.com/sitemap/trades/a,alphabetical_trade_sitemap,2026-09-05,Public A-Z trade and skill sitemap.,London
Rated People,Chimney Building / Repair,Chimney Building / Repair,V2,https://www.ratedpeople.com/sitemap/trades/a,alphabetical_trade_sitemap,2026-09-05,Public A-Z trade and skill sitemap.,London
Rated People,City of Aberdeen,City of Aberdeen,V2,https://www.ratedpeople.com/sitemap/trades/a,alphabetical_trade_sitemap,2026-09-05,Public A-Z trade and skill sitemap.,London
Rated People,City of Dundee,City of Dundee,V2,https://www.ratedpeople.com/sitemap/trades/a,alphabetical_trade_sitemap,2026-09-05,Public A-Z trade and skill sitemap.,London
Rated People,City of Edinburgh,City of Edinburgh,V2,https://www.ratedpeople.com/sitemap/trades/a,alphabetical_trade_sitemap,2026-09-05,Public A-Z trade and skill sitemap.,London
Rated People,City of Glasgow,City of Glasgow,V2,https://www.ratedpeople.com/sitemap/trades/a,alphabetical_trade_sitemap,2026-09-05,Public A-Z trade and skill sitemap.,London
Rated People,Clackmannan,Clackmannan,V2,https://www.ratedpeople.com/sitemap/trades/a,alphabetical_trade_sitemap,2026-09-05,Public A-Z trade and skill sitemap.,London
Rated People,Cladding,Cladding,V2,https://www.ratedpeople.com/sitemap/trades/a,alphabetical_trade_sitemap,2026-09-05,Public A-Z trade and skill sitemap.,London
Rated People,Cleaner,Cleaner,V1,https://www.ratedpeople.com/sitemap/trades/c,alphabetical_trade_sitemap,2026-08-22,Rated People public trade-and-skill sitemap.,
Rated People,All Cleaners,Cleaners,V2,https://www.ratedpeople.com/sitemap/trades/a,alphabetical_trade_sitemap,2026-09-05,Public A-Z trade and skill sitemap.,London
Rated People,Clwyd,Clwyd,V2,https://www.ratedpeople.com/sitemap/trades/a,alphabetical_trade_sitemap,2026-09-05,Public A-Z trade and skill sitemap.,London
Rated People,Commercial Pest Control,Commercial Pest Control,V2,https://www.ratedpeople.com/sitemap/trades/a,alphabetical_trade_sitemap,2026-09-05,Public A-Z trade and skill sitemap.,London
Rated People,Commercial Window Cleaning,Commercial Window Cleaning,V2,https://www.ratedpeople.com/sitemap/trades/a,alphabetical_trade_sitemap,2026-09-05,Public A-Z trade and skill sitemap.,London
Rated People,Complete Bathroom Refurbishment,Complete Bathroom Refurbishment,V2,https://www.ratedpeople.com/sitemap/trades/a,alphabetical_trade_sitemap,2026-09-05,Public A-Z trade and skill sitemap.,London
Rated People,Complete Kitchen Refurbishment,Complete Kitchen Refurbishment,V2,https://www.ratedpeople.com/sitemap/trades/a,alphabetical_trade_sitemap,2026-09-05,Public A-Z trade and skill sitemap.,London
Rated People,Concrete Driveway,Concrete Driveway,V2,https://www.ratedpeople.com/sitemap/trades/a,alphabetical_trade_sitemap,2026-09-05,Public A-Z trade and skill sitemap.,London
Rated People,Conservatory,Conservatory,V2,https://www.ratedpeople.com/sitemap/trades/a,alphabetical_trade_sitemap,2026-09-05,Public A-Z trade and skill sitemap.,London
Rated People,Conservatory Cleaning / Maintenance,Conservatory Cleaning / Maintenance,V2,https://www.ratedpeople.com/sitemap/trades/a,alphabetical_trade_sitemap,2026-09-05,Public A-Z trade and skill sitemap.,London
Rated People,Cornwall,Cornwall,V2,https://www.ratedpeople.com/sitemap/trades/a,alphabetical_trade_sitemap,2026-09-05,Public A-Z trade and skill sitemap.,London
Rated People,Cost guides,Cost guides,V2,https://www.ratedpeople.com/sitemap/trades/a,alphabetical_trade_sitemap,2026-09-05,Public A-Z trade and skill sitemap.,London
Rated People,Create a job,Create a job,V2,https://www.ratedpeople.com/sitemap/trades/a,alphabetical_trade_sitemap,2026-09-05,Public A-Z trade and skill sitemap.,London
Rated People,Crown Reduction,Crown Reduction,V2,https://www.ratedpeople.com/sitemap/trades/a,alphabetical_trade_sitemap,2026-09-05,Public A-Z trade and skill sitemap.,London
Rated People,Crown Thinning,Crown Thinning,V2,https://www.ratedpeople.com/sitemap/trades/a,alphabetical_trade_sitemap,2026-09-05,Public A-Z trade and skill sitemap.,London
Rated People,Cumbria,Cumbria,V2,https://www.ratedpeople.com/sitemap/trades/a,alphabetical_trade_sitemap,2026-09-05,Public A-Z trade and skill sitemap.,London
Rated People,Damp Proofing,Damp Proofing,V2,https://www.ratedpeople.com/sitemap/trades/a,alphabetical_trade_sitemap,2026-09-05,Public A-Z trade and skill sitemap.,London
Rated People,Decorative Cornicing / Plasterwork,Decorative Cornicing / Plasterwork,V2,https://www.ratedpeople.com/sitemap/trades/a,alphabetical_trade_sitemap,2026-09-05,Public A-Z trade and skill sitemap.,London
Rated People,Decorative Glazing,Decorative Glazing,V2,https://www.ratedpeople.com/sitemap/trades/a,alphabetical_trade_sitemap,2026-09-05,Public A-Z trade and skill sitemap.,London
Rated People,Decorative Ironmongery and Metalwork,Decorative Ironmongery and Metalwork,V2,https://www.ratedpeople.com/sitemap/trades/a,alphabetical_trade_sitemap,2026-09-05,Public A-Z trade and skill sitemap.,London
Rated People,Deep Cleaning - Commercial,Deep Cleaning - Commercial,V2,https://www.ratedpeople.com/sitemap/trades/a,alphabetical_trade_sitemap,2026-09-05,Public A-Z trade and skill sitemap.,London
Rated People,Deep Cleaning - Domestic,Deep Cleaning - Domestic,V2,https://www.ratedpeople.com/sitemap/trades/a,alphabetical_trade_sitemap,2026-09-05,Public A-Z trade and skill sitemap.,London
Rated People,Demolition,Demolition,V2,https://www.ratedpeople.com/sitemap/trades/a,alphabetical_trade_sitemap,2026-09-05,Public A-Z trade and skill sitemap.,London
Rated People,Derbyshire,Derbyshire,V2,https://www.ratedpeople.com/sitemap/trades/a,alphabetical_trade_sitemap,2026-09-05,Public A-Z trade and skill sitemap.,London
Rated People,Devon,Devon,V2,https://www.ratedpeople.com/sitemap/trades/a,alphabetical_trade_sitemap,2026-09-05,Public A-Z trade and skill sitemap.,London
Rated People,Digital Home Network,Digital Home Network,V2,https://www.ratedpeople.com/sitemap/trades/a,alphabetical_trade_sitemap,2026-09-05,Public A-Z trade and skill sitemap.,London
Rated People,Disability Access Installation,Disability Access Installation,V2,https://www.ratedpeople.com/sitemap/trades/a,alphabetical_trade_sitemap,2026-09-05,Public A-Z trade and skill sitemap.,London
Rated People,Disabled Access / Mobility Service,Disabled Access / Mobility Service,V2,https://www.ratedpeople.com/sitemap/trades/a,alphabetical_trade_sitemap,2026-09-05,Public A-Z trade and skill sitemap.,London
Rated People,Domestic Appliance Repair,Domestic Appliance Repair,V2,https://www.ratedpeople.com/sitemap/trades/a,alphabetical_trade_sitemap,2026-09-05,Public A-Z trade and skill sitemap.,London
Rated People,Domestic House Cleaning: One Off,Domestic House Cleaning: One Off,V2,https://www.ratedpeople.com/sitemap/trades/a,alphabetical_trade_sitemap,2026-09-05,Public A-Z trade and skill sitemap.,London
Rated People,Domestic House Cleaning: Regular,Domestic House Cleaning: Regular,V2,https://www.ratedpeople.com/sitemap/trades/a,alphabetical_trade_sitemap,2026-09-05,Public A-Z trade and skill sitemap.,London
Rated People,Door / Window Painting,Door / Window Painting,V2,https://www.ratedpeople.com/sitemap/trades/a,alphabetical_trade_sitemap,2026-09-05,Public A-Z trade and skill sitemap.,London
Rated People,Door Opening,Door Opening,V2,https://www.ratedpeople.com/sitemap/trades/a,alphabetical_trade_sitemap,2026-09-05,Public A-Z trade and skill sitemap.,London
Rated People,Door Replacement,Door Replacement,V2,https://www.ratedpeople.com/sitemap/trades/a,alphabetical_trade_sitemap,2026-09-05,Public A-Z trade and skill sitemap.,London
Rated People,Dorset,Dorset,V2,https://www.ratedpeople.com/sitemap/trades/a,alphabetical_trade_sitemap,2026-09-05,Public A-Z trade and skill sitemap.,London
Rated People,Down,Down,V2,https://www.ratedpeople.com/sitemap/trades/a,alphabetical_trade_sitemap,2026-09-05,Public A-Z trade and skill sitemap.,London
Rated People,Download on the App Store,Download on the App Store,V2,https://www.ratedpeople.com/sitemap/trades/a,alphabetical_trade_sitemap,2026-09-05,Public A-Z trade and skill sitemap.,London
Rated People,Drainage Specialist,Drainage Specialist,V1,https://www.ratedpeople.com/sitemap/trades/d,alphabetical_trade_sitemap,2026-08-22,Rated People public trade-and-skill sitemap.,
Rated People,All Drainage Specialists,Drainage Specialists,V2,https://www.ratedpeople.com/sitemap/trades/a,alphabetical_trade_sitemap,2026-09-05,Public A-Z trade and skill sitemap.,London
Rated People,Drains - Installation / Unblocking / Cleaning,Drains - Installation / Unblocking / Cleaning,V2,https://www.ratedpeople.com/sitemap/trades/a,alphabetical_trade_sitemap,2026-09-05,Public A-Z trade and skill sitemap.,London
Rated People,All Driveway pavers,Driveway pavers,V2,https://www.ratedpeople.com/sitemap/trades/a,alphabetical_trade_sitemap,2026-09-05,Public A-Z trade and skill sitemap.,London
Rated People,Dry Lining & Plasterboard - Installation,Dry Lining & Plasterboard - Installation,V2,https://www.ratedpeople.com/sitemap/trades/a,alphabetical_trade_sitemap,2026-09-05,Public A-Z trade and skill sitemap.,London
Rated People,Dry Lining & Plasterboard - Repair,Dry Lining & Plasterboard - Repair,V2,https://www.ratedpeople.com/sitemap/trades/a,alphabetical_trade_sitemap,2026-09-05,Public A-Z trade and skill sitemap.,London
Rated People,Dumfries,Dumfries,V2,https://www.ratedpeople.com/sitemap/trades/a,alphabetical_trade_sitemap,2026-09-05,Public A-Z trade and skill sitemap.,London
Rated People,Dunbartonshire,Dunbartonshire,V2,https://www.ratedpeople.com/sitemap/trades/a,alphabetical_trade_sitemap,2026-09-05,Public A-Z trade and skill sitemap.,London
Rated People,Durham,Durham,V2,https://www.ratedpeople.com/sitemap/trades/a,alphabetical_trade_sitemap,2026-09-05,Public A-Z trade and skill sitemap.,London
Rated People,Dyfed,Dyfed,V2,https://www.ratedpeople.com/sitemap/trades/a,alphabetical_trade_sitemap,2026-09-05,Public A-Z trade and skill sitemap.,London
Rated People,East Lothian,East Lothian,V2,https://www.ratedpeople.com/sitemap/trades/a,alphabetical_trade_sitemap,2026-09-05,Public A-Z trade and skill sitemap.,London
Rated People,East Riding of Yorkshire,East Riding of Yorkshire,V2,https://www.ratedpeople.com/sitemap/trades/a,alphabetical_trade_sitemap,2026-09-05,Public A-Z trade and skill sitemap.,London
Rated People,East Sussex,East Sussex,V2,https://www.ratedpeople.com/sitemap/trades/a,alphabetical_trade_sitemap,2026-09-05,Public A-Z trade and skill sitemap.,London
Rated People,Electric Boiler - Installation,Electric Boiler - Installation,V2,https://www.ratedpeople.com/sitemap/trades/a,alphabetical_trade_sitemap,2026-09-05,Public A-Z trade and skill sitemap.,London
Rated People,Electric Boiler - Repair,Electric Boiler - Repair,V2,https://www.ratedpeople.com/sitemap/trades/a,alphabetical_trade_sitemap,2026-09-05,Public A-Z trade and skill sitemap.,London
Rated People,Electric Boiler - Service,Electric Boiler - Service,V2,https://www.ratedpeople.com/sitemap/trades/a,alphabetical_trade_sitemap,2026-09-05,Public A-Z trade and skill sitemap.,London
Rated People,Electric Car Charging Point Installation,Electric Car Charging Point Installation,V2,https://www.ratedpeople.com/sitemap/trades/a,alphabetical_trade_sitemap,2026-09-05,Public A-Z trade and skill sitemap.,London
Rated People,Electric Oven / Hob - Installation,Electric Oven / Hob - Installation,V2,https://www.ratedpeople.com/sitemap/trades/a,alphabetical_trade_sitemap,2026-09-05,Public A-Z trade and skill sitemap.,London
Rated People,Electric Underfloor Heating,Electric Underfloor Heating,V2,https://www.ratedpeople.com/sitemap/trades/a,alphabetical_trade_sitemap,2026-09-05,Public A-Z trade and skill sitemap.,London
Rated People,Electrical Inspection Condition Report,Electrical Inspection Condition Report,V2,https://www.ratedpeople.com/sitemap/trades/a,alphabetical_trade_sitemap,2026-09-05,Public A-Z trade and skill sitemap.,London
Rated People,Electrical Installation / Testing,Electrical Installation / Testing,V2,https://www.ratedpeople.com/sitemap/trades/a,alphabetical_trade_sitemap,2026-09-05,Public A-Z trade and skill sitemap.,London
Rated People,Electrician,Electrician,V1,https://www.ratedpeople.com/sitemap/trades/e,alphabetical_trade_sitemap,2026-08-22,Rated People public trade-and-skill sitemap.,
Rated People,All Electricians,Electricians,V2,https://www.ratedpeople.com/sitemap/trades/a,alphabetical_trade_sitemap,2026-09-05,Public A-Z trade and skill sitemap.,London
Rated People,Emergency / 24 Hour Locksmith,Emergency / 24 Hour Locksmith,V2,https://www.ratedpeople.com/sitemap/trades/a,alphabetical_trade_sitemap,2026-09-05,Public A-Z trade and skill sitemap.,London
Rated People,Emergency / 24 Hour Plumber,Emergency / 24 Hour Plumber,V2,https://www.ratedpeople.com/sitemap/trades/a,alphabetical_trade_sitemap,2026-09-05,Public A-Z trade and skill sitemap.,London
Rated People,Emergency Electrician,Emergency Electrician,V2,https://www.ratedpeople.com/sitemap/trades/a,alphabetical_trade_sitemap,2026-09-05,Public A-Z trade and skill sitemap.,London
Rated People,End of Tenancy Cleaning,End of Tenancy Cleaning,V2,https://www.ratedpeople.com/sitemap/trades/a,alphabetical_trade_sitemap,2026-09-05,Public A-Z trade and skill sitemap.,London
Rated People,Essex,Essex,V2,https://www.ratedpeople.com/sitemap/trades/a,alphabetical_trade_sitemap,2026-09-05,Public A-Z trade and skill sitemap.,London
Rated People,External Lighting,External Lighting,V2,https://www.ratedpeople.com/sitemap/trades/a,alphabetical_trade_sitemap,2026-09-05,Public A-Z trade and skill sitemap.,London
Rated People,External Rendering,External Rendering,V2,https://www.ratedpeople.com/sitemap/trades/a,alphabetical_trade_sitemap,2026-09-05,Public A-Z trade and skill sitemap.,London
Rated People,External Tiling,External Tiling,V2,https://www.ratedpeople.com/sitemap/trades/a,alphabetical_trade_sitemap,2026-09-05,Public A-Z trade and skill sitemap.,London
Rated People,External Wall Insulation,External Wall Insulation,V2,https://www.ratedpeople.com/sitemap/trades/a,alphabetical_trade_sitemap,2026-09-05,Public A-Z trade and skill sitemap.,London
Rated People,External Wall Painting,External Wall Painting,V2,https://www.ratedpeople.com/sitemap/trades/a,alphabetical_trade_sitemap,2026-09-05,Public A-Z trade and skill sitemap.,London
Rated People,Fermanagh,Fermanagh,V2,https://www.ratedpeople.com/sitemap/trades/a,alphabetical_trade_sitemap,2026-09-05,Public A-Z trade and skill sitemap.,London
Rated People,Fife,Fife,V2,https://www.ratedpeople.com/sitemap/trades/a,alphabetical_trade_sitemap,2026-09-05,Public A-Z trade and skill sitemap.,London
Rated People,Find a tradesperson,Find a tradesperson,V2,https://www.ratedpeople.com/sitemap/trades/a,alphabetical_trade_sitemap,2026-09-05,Public A-Z trade and skill sitemap.,London
Rated People,Fire Alarm Installation,Fire Alarm Installation,V2,https://www.ratedpeople.com/sitemap/trades/a,alphabetical_trade_sitemap,2026-09-05,Public A-Z trade and skill sitemap.,London
Rated People,Fireplace,Fireplace,V2,https://www.ratedpeople.com/sitemap/trades/a,alphabetical_trade_sitemap,2026-09-05,Public A-Z trade and skill sitemap.,London
Rated People,Fitted Bedrooms / Wardrobes,Fitted Bedrooms / Wardrobes,V2,https://www.ratedpeople.com/sitemap/trades/a,alphabetical_trade_sitemap,2026-09-05,Public A-Z trade and skill sitemap.,London
Rated People,Fitted Kitchens,Fitted Kitchens,V2,https://www.ratedpeople.com/sitemap/trades/a,alphabetical_trade_sitemap,2026-09-05,Public A-Z trade and skill sitemap.,London
Rated People,Flat Pack Furniture Assembly,Flat Pack Furniture Assembly,V2,https://www.ratedpeople.com/sitemap/trades/a,alphabetical_trade_sitemap,2026-09-05,Public A-Z trade and skill sitemap.,London
Rated People,Flat Roof - Installation / Repair,Flat Roof - Installation / Repair,V2,https://www.ratedpeople.com/sitemap/trades/a,alphabetical_trade_sitemap,2026-09-05,Public A-Z trade and skill sitemap.,London
Rated People,Floor Sanding & Finishing,Floor Sanding & Finishing,V2,https://www.ratedpeople.com/sitemap/trades/a,alphabetical_trade_sitemap,2026-09-05,Public A-Z trade and skill sitemap.,London
Rated People,Floor Tiling,Floor Tiling,V2,https://www.ratedpeople.com/sitemap/trades/a,alphabetical_trade_sitemap,2026-09-05,Public A-Z trade and skill sitemap.,London
Rated People,All Floor fitters,Floor fitters,V2,https://www.ratedpeople.com/sitemap/trades/a,alphabetical_trade_sitemap,2026-09-05,Public A-Z trade and skill sitemap.,London
Rated People,For tradespeople,For tradespeople,V2,https://www.ratedpeople.com/sitemap/trades/a,alphabetical_trade_sitemap,2026-09-05,Public A-Z trade and skill sitemap.,London
Rated People,Garage Conversion,Garage Conversion,V2,https://www.ratedpeople.com/sitemap/trades/a,alphabetical_trade_sitemap,2026-09-05,Public A-Z trade and skill sitemap.,London
Rated People,Garage Doors - Installation / Repair,Garage Doors - Installation / Repair,V2,https://www.ratedpeople.com/sitemap/trades/a,alphabetical_trade_sitemap,2026-09-05,Public A-Z trade and skill sitemap.,London
Rated People,Garden Clearance,Garden Clearance,V2,https://www.ratedpeople.com/sitemap/trades/a,alphabetical_trade_sitemap,2026-09-05,Public A-Z trade and skill sitemap.,London
Rated People,Garden Design,Garden Design,V2,https://www.ratedpeople.com/sitemap/trades/a,alphabetical_trade_sitemap,2026-09-05,Public A-Z trade and skill sitemap.,London
Rated People,Garden Maintenance,Garden Maintenance,V2,https://www.ratedpeople.com/sitemap/trades/a,alphabetical_trade_sitemap,2026-09-05,Public A-Z trade and skill sitemap.,London
Rated People,Garden Office / Studio Construction,Garden Office / Studio Construction,V2,https://www.ratedpeople.com/sitemap/trades/a,alphabetical_trade_sitemap,2026-09-05,Public A-Z trade and skill sitemap.,London
Rated People,Garden Shed / Playhouse,Garden Shed / Playhouse,V2,https://www.ratedpeople.com/sitemap/trades/a,alphabetical_trade_sitemap,2026-09-05,Public A-Z trade and skill sitemap.,London
Rated People,Garden Wall,Garden Wall,V2,https://www.ratedpeople.com/sitemap/trades/a,alphabetical_trade_sitemap,2026-09-05,Public A-Z trade and skill sitemap.,London
Rated People,All Gardener / Landscape gardeners,Gardener / Landscape gardeners,V2,https://www.ratedpeople.com/sitemap/trades/a,alphabetical_trade_sitemap,2026-09-05,Public A-Z trade and skill sitemap.,London
Rated People,Gas / Heating engineer,Gas / Heating engineer,V1,https://www.ratedpeople.com/sitemap/trades/g,alphabetical_trade_sitemap,2026-08-22,Rated People public trade-and-skill sitemap.,
Rated People,All Gas / Heating engineers,Gas / Heating engineers,V2,https://www.ratedpeople.com/sitemap/trades/a,alphabetical_trade_sitemap,2026-09-05,Public A-Z trade and skill sitemap.,London
Rated People,Gas Boiler - Installation,Gas Boiler - Installation,V2,https://www.ratedpeople.com/sitemap/trades/a,alphabetical_trade_sitemap,2026-09-05,Public A-Z trade and skill sitemap.,London
Rated People,Gas Boiler - Repair,Gas Boiler - Repair,V2,https://www.ratedpeople.com/sitemap/trades/a,alphabetical_trade_sitemap,2026-09-05,Public A-Z trade and skill sitemap.,London
Rated People,Gas Boiler - Service,Gas Boiler - Service,V2,https://www.ratedpeople.com/sitemap/trades/a,alphabetical_trade_sitemap,2026-09-05,Public A-Z trade and skill sitemap.,London
Rated People,Gas Cooker / Hob - Installation,Gas Cooker / Hob - Installation,V2,https://www.ratedpeople.com/sitemap/trades/a,alphabetical_trade_sitemap,2026-09-05,Public A-Z trade and skill sitemap.,London
Rated People,Gas Cooker / Hob - Repair,Gas Cooker / Hob - Repair,V2,https://www.ratedpeople.com/sitemap/trades/a,alphabetical_trade_sitemap,2026-09-05,Public A-Z trade and skill sitemap.,London
Rated People,Gas Fire,Gas Fire,V2,https://www.ratedpeople.com/sitemap/trades/a,alphabetical_trade_sitemap,2026-09-05,Public A-Z trade and skill sitemap.,London
Rated People,General Fitted Furniture,General Fitted Furniture,V2,https://www.ratedpeople.com/sitemap/trades/a,alphabetical_trade_sitemap,2026-09-05,Public A-Z trade and skill sitemap.,London
Rated People,Get it on Google Play,Get it on Google Play,V2,https://www.ratedpeople.com/sitemap/trades/a,alphabetical_trade_sitemap,2026-09-05,Public A-Z trade and skill sitemap.,London
Rated People,Gloucestershire,Gloucestershire,V2,https://www.ratedpeople.com/sitemap/trades/a,alphabetical_trade_sitemap,2026-09-05,Public A-Z trade and skill sitemap.,London
Rated People,Greater Manchester,Greater Manchester,V2,https://www.ratedpeople.com/sitemap/trades/a,alphabetical_trade_sitemap,2026-09-05,Public A-Z trade and skill sitemap.,London
Rated People,Groundwork / Foundations,Groundwork / Foundations,V2,https://www.ratedpeople.com/sitemap/trades/a,alphabetical_trade_sitemap,2026-09-05,Public A-Z trade and skill sitemap.,London
Rated People,Guttering and Rainwater Pipe,Guttering and Rainwater Pipe,V2,https://www.ratedpeople.com/sitemap/trades/a,alphabetical_trade_sitemap,2026-09-05,Public A-Z trade and skill sitemap.,London
Rated People,Gwent,Gwent,V2,https://www.ratedpeople.com/sitemap/trades/a,alphabetical_trade_sitemap,2026-09-05,Public A-Z trade and skill sitemap.,London
Rated People,Gwynedd,Gwynedd,V2,https://www.ratedpeople.com/sitemap/trades/a,alphabetical_trade_sitemap,2026-09-05,Public A-Z trade and skill sitemap.,London
Rated People,Hampshire,Hampshire,V2,https://www.ratedpeople.com/sitemap/trades/a,alphabetical_trade_sitemap,2026-09-05,Public A-Z trade and skill sitemap.,London
Rated People,Handyperson,Handyperson,V1,https://www.ratedpeople.com/sitemap/trades/h,alphabetical_trade_sitemap,2026-08-22,Rated People public trade-and-skill sitemap.,
Rated People,All Handypersons,Handypersons,V2,https://www.ratedpeople.com/sitemap/trades/a,alphabetical_trade_sitemap,2026-09-05,Public A-Z trade and skill sitemap.,London
Rated People,Heat Pump (Air source/ Ground Source),Heat Pump (Air source/ Ground Source),V2,https://www.ratedpeople.com/sitemap/trades/a,alphabetical_trade_sitemap,2026-09-05,Public A-Z trade and skill sitemap.,London
Rated People,Help & FAQs,Help & FAQs,V2,https://www.ratedpeople.com/sitemap/trades/a,alphabetical_trade_sitemap,2026-09-05,Public A-Z trade and skill sitemap.,London
Rated People,Herefordshire,Herefordshire,V2,https://www.ratedpeople.com/sitemap/trades/a,alphabetical_trade_sitemap,2026-09-05,Public A-Z trade and skill sitemap.,London
Rated People,Hertfordshire,Hertfordshire,V2,https://www.ratedpeople.com/sitemap/trades/a,alphabetical_trade_sitemap,2026-09-05,Public A-Z trade and skill sitemap.,London
Rated People,Home Improvements,Home Improvements,V2,https://www.ratedpeople.com/sitemap/trades/a,alphabetical_trade_sitemap,2026-09-05,Public A-Z trade and skill sitemap.,London
Rated People,Home Maintenance / Repair,Home Maintenance / Repair,V2,https://www.ratedpeople.com/sitemap/trades/a,alphabetical_trade_sitemap,2026-09-05,Public A-Z trade and skill sitemap.,London
Rated People,Homeowner advice centre,Homeowner advice centre,V2,https://www.ratedpeople.com/sitemap/trades/a,alphabetical_trade_sitemap,2026-09-05,Public A-Z trade and skill sitemap.,London
Rated People,Hot Tub Installation / Repair,Hot Tub Installation / Repair,V2,https://www.ratedpeople.com/sitemap/trades/a,alphabetical_trade_sitemap,2026-09-05,Public A-Z trade and skill sitemap.,London
Rated People,Hot Water Tank/Appliance Tank Thermostats,Hot Water Tank/Appliance Tank Thermostats,V2,https://www.ratedpeople.com/sitemap/trades/a,alphabetical_trade_sitemap,2026-09-05,Public A-Z trade and skill sitemap.,London
Rated People,House Clearance,House Clearance,V2,https://www.ratedpeople.com/sitemap/trades/a,alphabetical_trade_sitemap,2026-09-05,Public A-Z trade and skill sitemap.,London
Rated People,House Extension,House Extension,V2,https://www.ratedpeople.com/sitemap/trades/a,alphabetical_trade_sitemap,2026-09-05,Public A-Z trade and skill sitemap.,London
Rated People,House Removals,House Removals,V2,https://www.ratedpeople.com/sitemap/trades/a,alphabetical_trade_sitemap,2026-09-05,Public A-Z trade and skill sitemap.,London
Rated People,Inspiration centre,Inspiration centre,V2,https://www.ratedpeople.com/sitemap/trades/a,alphabetical_trade_sitemap,2026-09-05,Public A-Z trade and skill sitemap.,London
Rated People,Internal Lighting,Internal Lighting,V2,https://www.ratedpeople.com/sitemap/trades/a,alphabetical_trade_sitemap,2026-09-05,Public A-Z trade and skill sitemap.,London
Rated People,Internal Painting & Decorating,Internal Painting & Decorating,V2,https://www.ratedpeople.com/sitemap/trades/a,alphabetical_trade_sitemap,2026-09-05,Public A-Z trade and skill sitemap.,London
Rated People,Internal Rendering,Internal Rendering,V2,https://www.ratedpeople.com/sitemap/trades/a,alphabetical_trade_sitemap,2026-09-05,Public A-Z trade and skill sitemap.,London
Rated People,Inverness,Inverness,V2,https://www.ratedpeople.com/sitemap/trades/a,alphabetical_trade_sitemap,2026-09-05,Public A-Z trade and skill sitemap.,London
Rated People,Isle of Wight,Isle of Wight,V2,https://www.ratedpeople.com/sitemap/trades/a,alphabetical_trade_sitemap,2026-09-05,Public A-Z trade and skill sitemap.,London
Rated People,Jet / Power Washing,Jet / Power Washing,V2,https://www.ratedpeople.com/sitemap/trades/a,alphabetical_trade_sitemap,2026-09-05,Public A-Z trade and skill sitemap.,London
Rated People,Kent,Kent,V2,https://www.ratedpeople.com/sitemap/trades/a,alphabetical_trade_sitemap,2026-09-05,Public A-Z trade and skill sitemap.,London
Rated People,Kincardineshire,Kincardineshire,V2,https://www.ratedpeople.com/sitemap/trades/a,alphabetical_trade_sitemap,2026-09-05,Public A-Z trade and skill sitemap.,London
Rated People,Kitchen Design / Installation,Kitchen Design / Installation,V2,https://www.ratedpeople.com/sitemap/trades/a,alphabetical_trade_sitemap,2026-09-05,Public A-Z trade and skill sitemap.,London
Rated People,Kitchen Specialist,Kitchen Specialist,V1,https://www.ratedpeople.com/sitemap/trades/k,alphabetical_trade_sitemap,2026-08-22,Rated People public trade-and-skill sitemap.,
Rated People,All Kitchen Specialists,Kitchen Specialists,V2,https://www.ratedpeople.com/sitemap/trades/a,alphabetical_trade_sitemap,2026-09-05,Public A-Z trade and skill sitemap.,London
Rated People,Kitchen Tiling,Kitchen Tiling,V2,https://www.ratedpeople.com/sitemap/trades/a,alphabetical_trade_sitemap,2026-09-05,Public A-Z trade and skill sitemap.,London
Rated People,Kitchen Worktops - Stone,Kitchen Worktops - Stone,V2,https://www.ratedpeople.com/sitemap/trades/a,alphabetical_trade_sitemap,2026-09-05,Public A-Z trade and skill sitemap.,London
Rated People,Laminate / Wooden Kitchen Worktops,Laminate / Wooden Kitchen Worktops,V2,https://www.ratedpeople.com/sitemap/trades/a,alphabetical_trade_sitemap,2026-09-05,Public A-Z trade and skill sitemap.,London
Rated People,Laminate Flooring,Laminate Flooring,V2,https://www.ratedpeople.com/sitemap/trades/a,alphabetical_trade_sitemap,2026-09-05,Public A-Z trade and skill sitemap.,London
Rated People,Lanarkshire,Lanarkshire,V2,https://www.ratedpeople.com/sitemap/trades/a,alphabetical_trade_sitemap,2026-09-05,Public A-Z trade and skill sitemap.,London
Rated People,Lancashire,Lancashire,V2,https://www.ratedpeople.com/sitemap/trades/a,alphabetical_trade_sitemap,2026-09-05,Public A-Z trade and skill sitemap.,London
Rated People,Landlord Reports / Safety Checks,Landlord Reports / Safety Checks,V2,https://www.ratedpeople.com/sitemap/trades/a,alphabetical_trade_sitemap,2026-09-05,Public A-Z trade and skill sitemap.,London
Rated People,Landscaping,Landscaping,V2,https://www.ratedpeople.com/sitemap/trades/a,alphabetical_trade_sitemap,2026-09-05,Public A-Z trade and skill sitemap.,London
Rated People,Lawn Care Services - Grass Cutting / Turfing / Seeding,Lawn Care Services - Grass Cutting / Turfing / Seeding,V2,https://www.ratedpeople.com/sitemap/trades/a,alphabetical_trade_sitemap,2026-09-05,Public A-Z trade and skill sitemap.,London
Rated People,Leadwork,Leadwork,V2,https://www.ratedpeople.com/sitemap/trades/a,alphabetical_trade_sitemap,2026-09-05,Public A-Z trade and skill sitemap.,London
Rated People,Leicestershire,Leicestershire,V2,https://www.ratedpeople.com/sitemap/trades/a,alphabetical_trade_sitemap,2026-09-05,Public A-Z trade and skill sitemap.,London
Rated People,Lincolnshire,Lincolnshire,V2,https://www.ratedpeople.com/sitemap/trades/a,alphabetical_trade_sitemap,2026-09-05,Public A-Z trade and skill sitemap.,London
Rated People,Linoleum Flooring,Linoleum Flooring,V2,https://www.ratedpeople.com/sitemap/trades/a,alphabetical_trade_sitemap,2026-09-05,Public A-Z trade and skill sitemap.,London
Rated People,Lock Fitting / Repair,Lock Fitting / Repair,V2,https://www.ratedpeople.com/sitemap/trades/a,alphabetical_trade_sitemap,2026-09-05,Public A-Z trade and skill sitemap.,London
Rated People,Locksmith,Locksmith,V1,https://www.ratedpeople.com/sitemap/trades/l,alphabetical_trade_sitemap,2026-08-22,Rated People public trade-and-skill sitemap.,
Rated People,All Locksmiths,Locksmiths,V2,https://www.ratedpeople.com/sitemap/trades/a,alphabetical_trade_sitemap,2026-09-05,Public A-Z trade and skill sitemap.,London
Rated People,Loft Conversion,Loft Conversion,V2,https://www.ratedpeople.com/sitemap/trades/a,alphabetical_trade_sitemap,2026-09-05,Public A-Z trade and skill sitemap.,London
Rated People,Loft Conversion Specialist,Loft Conversion Specialist,V1,https://www.ratedpeople.com/sitemap/trades/l,alphabetical_trade_sitemap,2026-08-22,Rated People public trade-and-skill sitemap.,
Rated People,All Loft Conversion Specialists,Loft Conversion Specialists,V2,https://www.ratedpeople.com/sitemap/trades/a,alphabetical_trade_sitemap,2026-09-05,Public A-Z trade and skill sitemap.,London
Rated People,Log Cabins / Timber Framed Building,Log Cabins / Timber Framed Building,V2,https://www.ratedpeople.com/sitemap/trades/a,alphabetical_trade_sitemap,2026-09-05,Public A-Z trade and skill sitemap.,London
Rated People,Londonderry,Londonderry,V2,https://www.ratedpeople.com/sitemap/trades/a,alphabetical_trade_sitemap,2026-09-05,Public A-Z trade and skill sitemap.,London
Rated People,Man/Woman with a Van,Man/Woman with a Van,V2,https://www.ratedpeople.com/sitemap/trades/a,alphabetical_trade_sitemap,2026-09-05,Public A-Z trade and skill sitemap.,London
Rated People,Merseyside,Merseyside,V2,https://www.ratedpeople.com/sitemap/trades/a,alphabetical_trade_sitemap,2026-09-05,Public A-Z trade and skill sitemap.,London
Rated People,Metal Kitchen Worktops,Metal Kitchen Worktops,V2,https://www.ratedpeople.com/sitemap/trades/a,alphabetical_trade_sitemap,2026-09-05,Public A-Z trade and skill sitemap.,London
Rated People,Metal Staircases,Metal Staircases,V2,https://www.ratedpeople.com/sitemap/trades/a,alphabetical_trade_sitemap,2026-09-05,Public A-Z trade and skill sitemap.,London
Rated People,Mid Glamorgan,Mid Glamorgan,V2,https://www.ratedpeople.com/sitemap/trades/a,alphabetical_trade_sitemap,2026-09-05,Public A-Z trade and skill sitemap.,London
Rated People,Midlothian,Midlothian,V2,https://www.ratedpeople.com/sitemap/trades/a,alphabetical_trade_sitemap,2026-09-05,Public A-Z trade and skill sitemap.,London
Rated People,Moray,Moray,V2,https://www.ratedpeople.com/sitemap/trades/a,alphabetical_trade_sitemap,2026-09-05,Public A-Z trade and skill sitemap.,London
Rated People,Mould / Damp Control,Mould / Damp Control,V2,https://www.ratedpeople.com/sitemap/trades/a,alphabetical_trade_sitemap,2026-09-05,Public A-Z trade and skill sitemap.,London
Rated People,Nairn,Nairn,V2,https://www.ratedpeople.com/sitemap/trades/a,alphabetical_trade_sitemap,2026-09-05,Public A-Z trade and skill sitemap.,London
Rated People,Norfolk,Norfolk,V2,https://www.ratedpeople.com/sitemap/trades/a,alphabetical_trade_sitemap,2026-09-05,Public A-Z trade and skill sitemap.,London
Rated People,North Yorkshire,North Yorkshire,V2,https://www.ratedpeople.com/sitemap/trades/a,alphabetical_trade_sitemap,2026-09-05,Public A-Z trade and skill sitemap.,London
Rated People,Northamptonshire,Northamptonshire,V2,https://www.ratedpeople.com/sitemap/trades/a,alphabetical_trade_sitemap,2026-09-05,Public A-Z trade and skill sitemap.,London
Rated People,Northumberland,Northumberland,V2,https://www.ratedpeople.com/sitemap/trades/a,alphabetical_trade_sitemap,2026-09-05,Public A-Z trade and skill sitemap.,London
Rated People,Nottinghamshire,Nottinghamshire,V2,https://www.ratedpeople.com/sitemap/trades/a,alphabetical_trade_sitemap,2026-09-05,Public A-Z trade and skill sitemap.,London
Rated People,Office / Commercial Cleaning,Office / Commercial Cleaning,V2,https://www.ratedpeople.com/sitemap/trades/a,alphabetical_trade_sitemap,2026-09-05,Public A-Z trade and skill sitemap.,London
Rated People,Oil-Fired Boiler,Oil-Fired Boiler,V2,https://www.ratedpeople.com/sitemap/trades/a,alphabetical_trade_sitemap,2026-09-05,Public A-Z trade and skill sitemap.,London
Rated People,Orkney,Orkney,V2,https://www.ratedpeople.com/sitemap/trades/a,alphabetical_trade_sitemap,2026-09-05,Public A-Z trade and skill sitemap.,London
Rated People,Oven Cleaning,Oven Cleaning,V2,https://www.ratedpeople.com/sitemap/trades/a,alphabetical_trade_sitemap,2026-09-05,Public A-Z trade and skill sitemap.,London
Rated People,Oxfordshire,Oxfordshire,V2,https://www.ratedpeople.com/sitemap/trades/a,alphabetical_trade_sitemap,2026-09-05,Public A-Z trade and skill sitemap.,London
Rated People,Painter and decorator,Painter and decorator,V1,https://www.ratedpeople.com/sitemap/trades/p,alphabetical_trade_sitemap,2026-08-22,Rated People public trade-and-skill sitemap.,
Rated People,All Painter and decorators,Painter and decorators,V2,https://www.ratedpeople.com/sitemap/trades/a,alphabetical_trade_sitemap,2026-09-05,Public A-Z trade and skill sitemap.,London
Rated People,Partition Wall,Partition Wall,V2,https://www.ratedpeople.com/sitemap/trades/a,alphabetical_trade_sitemap,2026-09-05,Public A-Z trade and skill sitemap.,London
Rated People,Pebble Dashing,Pebble Dashing,V2,https://www.ratedpeople.com/sitemap/trades/a,alphabetical_trade_sitemap,2026-09-05,Public A-Z trade and skill sitemap.,London
Rated People,Period / Listed Building Works,Period / Listed Building Works,V2,https://www.ratedpeople.com/sitemap/trades/a,alphabetical_trade_sitemap,2026-09-05,Public A-Z trade and skill sitemap.,London
Rated People,Period Restoration,Period Restoration,V2,https://www.ratedpeople.com/sitemap/trades/a,alphabetical_trade_sitemap,2026-09-05,Public A-Z trade and skill sitemap.,London
Rated People,Perspex / Protective Screens,Perspex / Protective Screens,V2,https://www.ratedpeople.com/sitemap/trades/a,alphabetical_trade_sitemap,2026-09-05,Public A-Z trade and skill sitemap.,London
Rated People,Perth and Kinross,Perth and Kinross,V2,https://www.ratedpeople.com/sitemap/trades/a,alphabetical_trade_sitemap,2026-09-05,Public A-Z trade and skill sitemap.,London
Rated People,Pest Control,Pest Control,V1,https://www.ratedpeople.com/sitemap/trades/p,alphabetical_trade_sitemap,2026-08-22,Rated People public trade-and-skill sitemap.,
Rated People,All Pest Controlers,Pest Controlers,V2,https://www.ratedpeople.com/sitemap/trades/a,alphabetical_trade_sitemap,2026-09-05,Public A-Z trade and skill sitemap.,London
Rated People,Pizza Oven,Pizza Oven,V2,https://www.ratedpeople.com/sitemap/trades/a,alphabetical_trade_sitemap,2026-09-05,Public A-Z trade and skill sitemap.,London
Rated People,Planting,Planting,V2,https://www.ratedpeople.com/sitemap/trades/a,alphabetical_trade_sitemap,2026-09-05,Public A-Z trade and skill sitemap.,London
Rated People,Plaster Skimming,Plaster Skimming,V2,https://www.ratedpeople.com/sitemap/trades/a,alphabetical_trade_sitemap,2026-09-05,Public A-Z trade and skill sitemap.,London
Rated People,Plasterer / Renderer,Plasterer / Renderer,V1,https://www.ratedpeople.com/sitemap/trades/p,alphabetical_trade_sitemap,2026-08-22,Rated People public trade-and-skill sitemap.,
Rated People,All Plasterer / Renderers,Plasterer / Renderers,V2,https://www.ratedpeople.com/sitemap/trades/a,alphabetical_trade_sitemap,2026-09-05,Public A-Z trade and skill sitemap.,London
Rated People,Plastic / Rubber Flooring,Plastic / Rubber Flooring,V2,https://www.ratedpeople.com/sitemap/trades/a,alphabetical_trade_sitemap,2026-09-05,Public A-Z trade and skill sitemap.,London
Rated People,Plumber,Plumber,V1,https://www.ratedpeople.com/sitemap/trades/p,alphabetical_trade_sitemap,2026-08-22,Rated People public trade-and-skill sitemap.,
Rated People,All Plumbers,Plumbers,V2,https://www.ratedpeople.com/sitemap/trades/a,alphabetical_trade_sitemap,2026-09-05,Public A-Z trade and skill sitemap.,London
Rated People,Plumbing Repair & Maintenance,Plumbing Repair & Maintenance,V2,https://www.ratedpeople.com/sitemap/trades/a,alphabetical_trade_sitemap,2026-09-05,Public A-Z trade and skill sitemap.,London
Rated People,Pointing / Repointing,Pointing / Repointing,V2,https://www.ratedpeople.com/sitemap/trades/a,alphabetical_trade_sitemap,2026-09-05,Public A-Z trade and skill sitemap.,London
Rated People,Polished / Other Plaster Finish,Polished / Other Plaster Finish,V2,https://www.ratedpeople.com/sitemap/trades/a,alphabetical_trade_sitemap,2026-09-05,Public A-Z trade and skill sitemap.,London
Rated People,Polished Concrete,Polished Concrete,V2,https://www.ratedpeople.com/sitemap/trades/a,alphabetical_trade_sitemap,2026-09-05,Public A-Z trade and skill sitemap.,London
Rated People,Pond & Water Feature,Pond & Water Feature,V2,https://www.ratedpeople.com/sitemap/trades/a,alphabetical_trade_sitemap,2026-09-05,Public A-Z trade and skill sitemap.,London
Rated People,Porch / Canopy,Porch / Canopy,V2,https://www.ratedpeople.com/sitemap/trades/a,alphabetical_trade_sitemap,2026-09-05,Public A-Z trade and skill sitemap.,London
Rated People,Post Construction Cleaning,Post Construction Cleaning,V2,https://www.ratedpeople.com/sitemap/trades/a,alphabetical_trade_sitemap,2026-09-05,Public A-Z trade and skill sitemap.,London
Rated People,Post a job,Post a job,V2,https://www.ratedpeople.com/sitemap/trades/a,alphabetical_trade_sitemap,2026-09-05,Public A-Z trade and skill sitemap.,London
Rated People,Power Showers and Pump,Power Showers and Pump,V2,https://www.ratedpeople.com/sitemap/trades/a,alphabetical_trade_sitemap,2026-09-05,Public A-Z trade and skill sitemap.,London
Rated People,Powys,Powys,V2,https://www.ratedpeople.com/sitemap/trades/a,alphabetical_trade_sitemap,2026-09-05,Public A-Z trade and skill sitemap.,London
Rated People,Radiator,Radiator,V2,https://www.ratedpeople.com/sitemap/trades/a,alphabetical_trade_sitemap,2026-09-05,Public A-Z trade and skill sitemap.,London
Rated People,Radiator Covers,Radiator Covers,V2,https://www.ratedpeople.com/sitemap/trades/a,alphabetical_trade_sitemap,2026-09-05,Public A-Z trade and skill sitemap.,London
Rated People,Rated Group,Rated Group,V2,https://www.ratedpeople.com/sitemap/trades/a,alphabetical_trade_sitemap,2026-09-05,Public A-Z trade and skill sitemap.,London
Rated People,All Removal Services,Removal Services,V2,https://www.ratedpeople.com/sitemap/trades/a,alphabetical_trade_sitemap,2026-09-05,Public A-Z trade and skill sitemap.,London
Rated People,Renewable Energy Specialist,Renewable Energy Specialist,V1,https://www.ratedpeople.com/sitemap/trades/r,alphabetical_trade_sitemap,2026-08-22,Rated People public trade-and-skill sitemap.,
Rated People,All Renewable Energy Specialists,Renewable Energy Specialists,V2,https://www.ratedpeople.com/sitemap/trades/a,alphabetical_trade_sitemap,2026-09-05,Public A-Z trade and skill sitemap.,London
Rated People,Renfrewshire,Renfrewshire,V2,https://www.ratedpeople.com/sitemap/trades/a,alphabetical_trade_sitemap,2026-09-05,Public A-Z trade and skill sitemap.,London
Rated People,Repeat Garden Maintenance,Repeat Garden Maintenance,V2,https://www.ratedpeople.com/sitemap/trades/a,alphabetical_trade_sitemap,2026-09-05,Public A-Z trade and skill sitemap.,London
Rated People,Repeat Wheelie Bin Clean,Repeat Wheelie Bin Clean,V2,https://www.ratedpeople.com/sitemap/trades/a,alphabetical_trade_sitemap,2026-09-05,Public A-Z trade and skill sitemap.,London
Rated People,Residential Pest Control,Residential Pest Control,V2,https://www.ratedpeople.com/sitemap/trades/a,alphabetical_trade_sitemap,2026-09-05,Public A-Z trade and skill sitemap.,London
Rated People,Resin Driveway,Resin Driveway,V2,https://www.ratedpeople.com/sitemap/trades/a,alphabetical_trade_sitemap,2026-09-05,Public A-Z trade and skill sitemap.,London
Rated People,Roller Shutters - Installation / Repair,Roller Shutters - Installation / Repair,V2,https://www.ratedpeople.com/sitemap/trades/a,alphabetical_trade_sitemap,2026-09-05,Public A-Z trade and skill sitemap.,London
Rated People,Roof Cleaning,Roof Cleaning,V2,https://www.ratedpeople.com/sitemap/trades/a,alphabetical_trade_sitemap,2026-09-05,Public A-Z trade and skill sitemap.,London
Rated People,Roof Insulation,Roof Insulation,V2,https://www.ratedpeople.com/sitemap/trades/a,alphabetical_trade_sitemap,2026-09-05,Public A-Z trade and skill sitemap.,London
Rated People,Roofer,Roofer,V1,https://www.ratedpeople.com/sitemap/trades/r,alphabetical_trade_sitemap,2026-08-22,Rated People public trade-and-skill sitemap.,
Rated People,All Roofers,Roofers,V2,https://www.ratedpeople.com/sitemap/trades/a,alphabetical_trade_sitemap,2026-09-05,Public A-Z trade and skill sitemap.,London
Rated People,Ross and Cromarty,Ross and Cromarty,V2,https://www.ratedpeople.com/sitemap/trades/a,alphabetical_trade_sitemap,2026-09-05,Public A-Z trade and skill sitemap.,London
Rated People,Roxburgh- Ettrick and Lauderdale,Roxburgh- Ettrick and Lauderdale,V2,https://www.ratedpeople.com/sitemap/trades/a,alphabetical_trade_sitemap,2026-09-05,Public A-Z trade and skill sitemap.,London
Rated People,Rutland,Rutland,V2,https://www.ratedpeople.com/sitemap/trades/a,alphabetical_trade_sitemap,2026-09-05,Public A-Z trade and skill sitemap.,London
Rated People,Scaffolding,Scaffolding,V2,https://www.ratedpeople.com/sitemap/trades/a,alphabetical_trade_sitemap,2026-09-05,Public A-Z trade and skill sitemap.,London
Rated People,Screeding,Screeding,V2,https://www.ratedpeople.com/sitemap/trades/a,alphabetical_trade_sitemap,2026-09-05,Public A-Z trade and skill sitemap.,London
Rated People,Security Fencing,Security Fencing,V2,https://www.ratedpeople.com/sitemap/trades/a,alphabetical_trade_sitemap,2026-09-05,Public A-Z trade and skill sitemap.,London
Rated People,Security Gates & Bollard,Security Gates & Bollard,V2,https://www.ratedpeople.com/sitemap/trades/a,alphabetical_trade_sitemap,2026-09-05,Public A-Z trade and skill sitemap.,London
Rated People,Security Grill,Security Grill,V2,https://www.ratedpeople.com/sitemap/trades/a,alphabetical_trade_sitemap,2026-09-05,Public A-Z trade and skill sitemap.,London
Rated People,All Security systems / Alarms,Security systems / Alarms,V2,https://www.ratedpeople.com/sitemap/trades/a,alphabetical_trade_sitemap,2026-09-05,Public A-Z trade and skill sitemap.,London
Rated People,Septic Tanks - Installation / Emptying / Cleaning,Septic Tanks - Installation / Emptying / Cleaning,V2,https://www.ratedpeople.com/sitemap/trades/a,alphabetical_trade_sitemap,2026-09-05,Public A-Z trade and skill sitemap.,London
Rated People,Shetland,Shetland,V2,https://www.ratedpeople.com/sitemap/trades/a,alphabetical_trade_sitemap,2026-09-05,Public A-Z trade and skill sitemap.,London
Rated People,Shropshire,Shropshire,V2,https://www.ratedpeople.com/sitemap/trades/a,alphabetical_trade_sitemap,2026-09-05,Public A-Z trade and skill sitemap.,London
Rated People,Single / Double Glazing,Single / Double Glazing,V2,https://www.ratedpeople.com/sitemap/trades/a,alphabetical_trade_sitemap,2026-09-05,Public A-Z trade and skill sitemap.,London
Rated People,Skirting Board Installation,Skirting Board Installation,V2,https://www.ratedpeople.com/sitemap/trades/a,alphabetical_trade_sitemap,2026-09-05,Public A-Z trade and skill sitemap.,London
Rated People,Slate & Tiled Roof,Slate & Tiled Roof,V2,https://www.ratedpeople.com/sitemap/trades/a,alphabetical_trade_sitemap,2026-09-05,Public A-Z trade and skill sitemap.,London
Rated People,Smoke Alarm - Installation,Smoke Alarm - Installation,V2,https://www.ratedpeople.com/sitemap/trades/a,alphabetical_trade_sitemap,2026-09-05,Public A-Z trade and skill sitemap.,London
Rated People,Soil Irrigation / Drainage,Soil Irrigation / Drainage,V2,https://www.ratedpeople.com/sitemap/trades/a,alphabetical_trade_sitemap,2026-09-05,Public A-Z trade and skill sitemap.,London
Rated People,Solar Panel Cleaning & Repair,Solar Panel Cleaning & Repair,V2,https://www.ratedpeople.com/sitemap/trades/a,alphabetical_trade_sitemap,2026-09-05,Public A-Z trade and skill sitemap.,London
Rated People,Solar Panel Installation,Solar Panel Installation,V2,https://www.ratedpeople.com/sitemap/trades/a,alphabetical_trade_sitemap,2026-09-05,Public A-Z trade and skill sitemap.,London
Rated People,Solid Wood Flooring,Solid Wood Flooring,V2,https://www.ratedpeople.com/sitemap/trades/a,alphabetical_trade_sitemap,2026-09-05,Public A-Z trade and skill sitemap.,London
Rated People,Somerset,Somerset,V2,https://www.ratedpeople.com/sitemap/trades/a,alphabetical_trade_sitemap,2026-09-05,Public A-Z trade and skill sitemap.,London
Rated People,Sound & Audio Visual Installation,Sound & Audio Visual Installation,V2,https://www.ratedpeople.com/sitemap/trades/a,alphabetical_trade_sitemap,2026-09-05,Public A-Z trade and skill sitemap.,London
Rated People,Sound Proofing,Sound Proofing,V2,https://www.ratedpeople.com/sitemap/trades/a,alphabetical_trade_sitemap,2026-09-05,Public A-Z trade and skill sitemap.,London
Rated People,South Glamorgan,South Glamorgan,V2,https://www.ratedpeople.com/sitemap/trades/a,alphabetical_trade_sitemap,2026-09-05,Public A-Z trade and skill sitemap.,London
Rated People,South Yorkshire,South Yorkshire,V2,https://www.ratedpeople.com/sitemap/trades/a,alphabetical_trade_sitemap,2026-09-05,Public A-Z trade and skill sitemap.,London
Rated People,Specialist Removals,Specialist Removals,V2,https://www.ratedpeople.com/sitemap/trades/a,alphabetical_trade_sitemap,2026-09-05,Public A-Z trade and skill sitemap.,London
Rated People,Specialist Tradesperson,Specialist Tradesperson,V1,https://www.ratedpeople.com/sitemap/trades/s,alphabetical_trade_sitemap,2026-08-22,Rated People public trade-and-skill sitemap.,
Rated People,All Specialist Tradespersons,Specialist Tradespersons,V2,https://www.ratedpeople.com/sitemap/trades/a,alphabetical_trade_sitemap,2026-09-05,Public A-Z trade and skill sitemap.,London
Rated People,Sprinkler System,Sprinkler System,V2,https://www.ratedpeople.com/sitemap/trades/a,alphabetical_trade_sitemap,2026-09-05,Public A-Z trade and skill sitemap.,London
Rated People,Staffordshire,Staffordshire,V2,https://www.ratedpeople.com/sitemap/trades/a,alphabetical_trade_sitemap,2026-09-05,Public A-Z trade and skill sitemap.,London
Rated People,Standard Coving,Standard Coving,V2,https://www.ratedpeople.com/sitemap/trades/a,alphabetical_trade_sitemap,2026-09-05,Public A-Z trade and skill sitemap.,London
Rated People,Steel Fabrication / Structural steelwork,Steel Fabrication / Structural steelwork,V2,https://www.ratedpeople.com/sitemap/trades/a,alphabetical_trade_sitemap,2026-09-05,Public A-Z trade and skill sitemap.,London
Rated People,Stirling and Falkirk,Stirling and Falkirk,V2,https://www.ratedpeople.com/sitemap/trades/a,alphabetical_trade_sitemap,2026-09-05,Public A-Z trade and skill sitemap.,London
Rated People,Stone / Concrete Paving,Stone / Concrete Paving,V2,https://www.ratedpeople.com/sitemap/trades/a,alphabetical_trade_sitemap,2026-09-05,Public A-Z trade and skill sitemap.,London
Rated People,Stonework / Stone Cladding,Stonework / Stone Cladding,V2,https://www.ratedpeople.com/sitemap/trades/a,alphabetical_trade_sitemap,2026-09-05,Public A-Z trade and skill sitemap.,London
Rated People,Stoneworker / Stonemason,Stoneworker / Stonemason,V1,https://www.ratedpeople.com/sitemap/trades/s,alphabetical_trade_sitemap,2026-08-22,Rated People public trade-and-skill sitemap.,
Rated People,All Stoneworker / Stonemasons,Stoneworker / Stonemasons,V2,https://www.ratedpeople.com/sitemap/trades/a,alphabetical_trade_sitemap,2026-09-05,Public A-Z trade and skill sitemap.,London
Rated People,Storage,Storage,V2,https://www.ratedpeople.com/sitemap/trades/a,alphabetical_trade_sitemap,2026-09-05,Public A-Z trade and skill sitemap.,London
Rated People,Stored Gas,Stored Gas,V2,https://www.ratedpeople.com/sitemap/trades/a,alphabetical_trade_sitemap,2026-09-05,Public A-Z trade and skill sitemap.,London
Rated People,Stored Oil,Stored Oil,V2,https://www.ratedpeople.com/sitemap/trades/a,alphabetical_trade_sitemap,2026-09-05,Public A-Z trade and skill sitemap.,London
Rated People,Stump Grinding,Stump Grinding,V2,https://www.ratedpeople.com/sitemap/trades/a,alphabetical_trade_sitemap,2026-09-05,Public A-Z trade and skill sitemap.,London
Rated People,Suffolk,Suffolk,V2,https://www.ratedpeople.com/sitemap/trades/a,alphabetical_trade_sitemap,2026-09-05,Public A-Z trade and skill sitemap.,London
Rated People,Surrey,Surrey,V2,https://www.ratedpeople.com/sitemap/trades/a,alphabetical_trade_sitemap,2026-09-05,Public A-Z trade and skill sitemap.,London
Rated People,Suspended Ceiling,Suspended Ceiling,V2,https://www.ratedpeople.com/sitemap/trades/a,alphabetical_trade_sitemap,2026-09-05,Public A-Z trade and skill sitemap.,London
Rated People,Sutherland,Sutherland,V2,https://www.ratedpeople.com/sitemap/trades/a,alphabetical_trade_sitemap,2026-09-05,Public A-Z trade and skill sitemap.,London
Rated People,Swimming Pool Design,Swimming Pool Design,V2,https://www.ratedpeople.com/sitemap/trades/a,alphabetical_trade_sitemap,2026-09-05,Public A-Z trade and skill sitemap.,London
Rated People,Swimming Pool Installation,Swimming Pool Installation,V2,https://www.ratedpeople.com/sitemap/trades/a,alphabetical_trade_sitemap,2026-09-05,Public A-Z trade and skill sitemap.,London
Rated People,Swimming Pool Maintenance,Swimming Pool Maintenance,V2,https://www.ratedpeople.com/sitemap/trades/a,alphabetical_trade_sitemap,2026-09-05,Public A-Z trade and skill sitemap.,London
Rated People,Swimming Pool Specialist,Swimming Pool Specialist,V1,https://www.ratedpeople.com/sitemap/trades/s,alphabetical_trade_sitemap,2026-08-22,Rated People public trade-and-skill sitemap.,
Rated People,All Swimming Pool Specialists,Swimming Pool Specialists,V2,https://www.ratedpeople.com/sitemap/trades/a,alphabetical_trade_sitemap,2026-09-05,Public A-Z trade and skill sitemap.,London
Rated People,Tarmac Driveway,Tarmac Driveway,V2,https://www.ratedpeople.com/sitemap/trades/a,alphabetical_trade_sitemap,2026-09-05,Public A-Z trade and skill sitemap.,London
Rated People,Terms of Use,Terms of Use,V2,https://www.ratedpeople.com/sitemap/trades/a,alphabetical_trade_sitemap,2026-09-05,Public A-Z trade and skill sitemap.,London
Rated People,Testimonials,Testimonials,V2,https://www.ratedpeople.com/sitemap/trades/a,alphabetical_trade_sitemap,2026-09-05,Public A-Z trade and skill sitemap.,London
Rated People,Thatched Roof,Thatched Roof,V2,https://www.ratedpeople.com/sitemap/trades/a,alphabetical_trade_sitemap,2026-09-05,Public A-Z trade and skill sitemap.,London
Rated People,The Stewartry of Kirkcudbright,The Stewartry of Kirkcudbright,V2,https://www.ratedpeople.com/sitemap/trades/a,alphabetical_trade_sitemap,2026-09-05,Public A-Z trade and skill sitemap.,London
Rated People,Thermal Insulation,Thermal Insulation,V2,https://www.ratedpeople.com/sitemap/trades/a,alphabetical_trade_sitemap,2026-09-05,Public A-Z trade and skill sitemap.,London
Rated People,Tiler,Tiler,V1,https://www.ratedpeople.com/sitemap/trades/t,alphabetical_trade_sitemap,2026-08-22,Rated People public trade-and-skill sitemap.,
Rated People,All Tilers,Tilers,V2,https://www.ratedpeople.com/sitemap/trades/a,alphabetical_trade_sitemap,2026-09-05,Public A-Z trade and skill sitemap.,London
Rated People,"Timber Preservation, Woodworm & Rot","Timber Preservation, Woodworm & Rot",V2,https://www.ratedpeople.com/sitemap/trades/a,alphabetical_trade_sitemap,2026-09-05,Public A-Z trade and skill sitemap.,London
Rated People,Trade advice centre,Trade advice centre,V2,https://www.ratedpeople.com/sitemap/trades/a,alphabetical_trade_sitemap,2026-09-05,Public A-Z trade and skill sitemap.,London
Rated People,Tradesperson sign up,Tradesperson sign up,V2,https://www.ratedpeople.com/sitemap/trades/a,alphabetical_trade_sitemap,2026-09-05,Public A-Z trade and skill sitemap.,London
Rated People,Traditional Craftsperson,Traditional Craftsperson,V1,https://www.ratedpeople.com/sitemap/trades/t,alphabetical_trade_sitemap,2026-08-22,Rated People public trade-and-skill sitemap.,
Rated People,All Traditional Craftspersons,Traditional Craftspersons,V2,https://www.ratedpeople.com/sitemap/trades/a,alphabetical_trade_sitemap,2026-09-05,Public A-Z trade and skill sitemap.,London
Rated People,Tree Felling,Tree Felling,V2,https://www.ratedpeople.com/sitemap/trades/a,alphabetical_trade_sitemap,2026-09-05,Public A-Z trade and skill sitemap.,London
Rated People,Tree Surgeon,Tree Surgeon,V1,https://www.ratedpeople.com/sitemap/trades/t,alphabetical_trade_sitemap,2026-08-22,Rated People public trade-and-skill sitemap.,
Rated People,All Tree Surgeons,Tree Surgeons,V2,https://www.ratedpeople.com/sitemap/trades/a,alphabetical_trade_sitemap,2026-09-05,Public A-Z trade and skill sitemap.,London
Rated People,Tree Surgery / Consultancy,Tree Surgery / Consultancy,V2,https://www.ratedpeople.com/sitemap/trades/a,alphabetical_trade_sitemap,2026-09-05,Public A-Z trade and skill sitemap.,London
Rated People,Trends report,Trends report,V2,https://www.ratedpeople.com/sitemap/trades/a,alphabetical_trade_sitemap,2026-09-05,Public A-Z trade and skill sitemap.,London
Rated People,Tweeddale,Tweeddale,V2,https://www.ratedpeople.com/sitemap/trades/a,alphabetical_trade_sitemap,2026-09-05,Public A-Z trade and skill sitemap.,London
Rated People,Tyne & Wear,Tyne & Wear,V2,https://www.ratedpeople.com/sitemap/trades/a,alphabetical_trade_sitemap,2026-09-05,Public A-Z trade and skill sitemap.,London
Rated People,Tyrone,Tyrone,V2,https://www.ratedpeople.com/sitemap/trades/a,alphabetical_trade_sitemap,2026-09-05,Public A-Z trade and skill sitemap.,London
Rated People,Underfloor Insulation,Underfloor Insulation,V2,https://www.ratedpeople.com/sitemap/trades/a,alphabetical_trade_sitemap,2026-09-05,Public A-Z trade and skill sitemap.,London
Rated People,Underpinning / Piling / Foundations,Underpinning / Piling / Foundations,V2,https://www.ratedpeople.com/sitemap/trades/a,alphabetical_trade_sitemap,2026-09-05,Public A-Z trade and skill sitemap.,London
Rated People,User agreement,User agreement,V2,https://www.ratedpeople.com/sitemap/trades/a,alphabetical_trade_sitemap,2026-09-05,Public A-Z trade and skill sitemap.,London
Rated People,Velux / Skylight Window,Velux / Skylight Window,V2,https://www.ratedpeople.com/sitemap/trades/a,alphabetical_trade_sitemap,2026-09-05,Public A-Z trade and skill sitemap.,London
Rated People,Vinyl Flooring,Vinyl Flooring,V2,https://www.ratedpeople.com/sitemap/trades/a,alphabetical_trade_sitemap,2026-09-05,Public A-Z trade and skill sitemap.,London
Rated People,Wall Murals / Paint Effects,Wall Murals / Paint Effects,V2,https://www.ratedpeople.com/sitemap/trades/a,alphabetical_trade_sitemap,2026-09-05,Public A-Z trade and skill sitemap.,London
Rated People,Wall Tiling,Wall Tiling,V2,https://www.ratedpeople.com/sitemap/trades/a,alphabetical_trade_sitemap,2026-09-05,Public A-Z trade and skill sitemap.,London
Rated People,Warwickshire,Warwickshire,V2,https://www.ratedpeople.com/sitemap/trades/a,alphabetical_trade_sitemap,2026-09-05,Public A-Z trade and skill sitemap.,London
Rated People,Waste Removal,Waste Removal,V2,https://www.ratedpeople.com/sitemap/trades/a,alphabetical_trade_sitemap,2026-09-05,Public A-Z trade and skill sitemap.,London
Rated People,Water Tanks and Immersion Heater,Water Tanks and Immersion Heater,V2,https://www.ratedpeople.com/sitemap/trades/a,alphabetical_trade_sitemap,2026-09-05,Public A-Z trade and skill sitemap.,London
Rated People,Water Underfloor Heating,Water Underfloor Heating,V2,https://www.ratedpeople.com/sitemap/trades/a,alphabetical_trade_sitemap,2026-09-05,Public A-Z trade and skill sitemap.,London
Rated People,West Glamorgan,West Glamorgan,V2,https://www.ratedpeople.com/sitemap/trades/a,alphabetical_trade_sitemap,2026-09-05,Public A-Z trade and skill sitemap.,London
Rated People,West Lothian,West Lothian,V2,https://www.ratedpeople.com/sitemap/trades/a,alphabetical_trade_sitemap,2026-09-05,Public A-Z trade and skill sitemap.,London
Rated People,West Midlands,West Midlands,V2,https://www.ratedpeople.com/sitemap/trades/a,alphabetical_trade_sitemap,2026-09-05,Public A-Z trade and skill sitemap.,London
Rated People,West Sussex,West Sussex,V2,https://www.ratedpeople.com/sitemap/trades/a,alphabetical_trade_sitemap,2026-09-05,Public A-Z trade and skill sitemap.,London
Rated People,West Yorkshire,West Yorkshire,V2,https://www.ratedpeople.com/sitemap/trades/a,alphabetical_trade_sitemap,2026-09-05,Public A-Z trade and skill sitemap.,London
Rated People,Western Isles,Western Isles,V2,https://www.ratedpeople.com/sitemap/trades/a,alphabetical_trade_sitemap,2026-09-05,Public A-Z trade and skill sitemap.,London
Rated People,Wet Room Installation,Wet Room Installation,V2,https://www.ratedpeople.com/sitemap/trades/a,alphabetical_trade_sitemap,2026-09-05,Public A-Z trade and skill sitemap.,London
Rated People,Whole Internal Refurbishment,Whole Internal Refurbishment,V2,https://www.ratedpeople.com/sitemap/trades/a,alphabetical_trade_sitemap,2026-09-05,Public A-Z trade and skill sitemap.,London
Rated People,Wigtown,Wigtown,V2,https://www.ratedpeople.com/sitemap/trades/a,alphabetical_trade_sitemap,2026-09-05,Public A-Z trade and skill sitemap.,London
Rated People,Wiltshire,Wiltshire,V2,https://www.ratedpeople.com/sitemap/trades/a,alphabetical_trade_sitemap,2026-09-05,Public A-Z trade and skill sitemap.,London
Rated People,Window Cleaning,Window Cleaning,V2,https://www.ratedpeople.com/sitemap/trades/a,alphabetical_trade_sitemap,2026-09-05,Public A-Z trade and skill sitemap.,London
Rated People,Window fitter / Conservatory installer,Window fitter / Conservatory installer,V1,https://www.ratedpeople.com/sitemap/trades/w,alphabetical_trade_sitemap,2026-08-22,Rated People public trade-and-skill sitemap.,
Rated People,All Window fitter / Conservatory installers,Window fitter / Conservatory installers,V2,https://www.ratedpeople.com/sitemap/trades/a,alphabetical_trade_sitemap,2026-09-05,Public A-Z trade and skill sitemap.,London
Rated People,Wood Floor Sanding / Staining,Wood Floor Sanding / Staining,V2,https://www.ratedpeople.com/sitemap/trades/a,alphabetical_trade_sitemap,2026-09-05,Public A-Z trade and skill sitemap.,London
Rated People,Wooden / Metal / Wire Fences,Wooden / Metal / Wire Fences,V2,https://www.ratedpeople.com/sitemap/trades/a,alphabetical_trade_sitemap,2026-09-05,Public A-Z trade and skill sitemap.,London
Rated People,Wooden / Metal Gates,Wooden / Metal Gates,V2,https://www.ratedpeople.com/sitemap/trades/a,alphabetical_trade_sitemap,2026-09-05,Public A-Z trade and skill sitemap.,London
Rated People,Wooden Casement Window,Wooden Casement Window,V2,https://www.ratedpeople.com/sitemap/trades/a,alphabetical_trade_sitemap,2026-09-05,Public A-Z trade and skill sitemap.,London
Rated People,Wooden Cladding /Fascias/ Soffits,Wooden Cladding /Fascias/ Soffits,V2,https://www.ratedpeople.com/sitemap/trades/a,alphabetical_trade_sitemap,2026-09-05,Public A-Z trade and skill sitemap.,London
Rated People,Wooden Decking,Wooden Decking,V2,https://www.ratedpeople.com/sitemap/trades/a,alphabetical_trade_sitemap,2026-09-05,Public A-Z trade and skill sitemap.,London
Rated People,Wooden Doors - External,Wooden Doors - External,V2,https://www.ratedpeople.com/sitemap/trades/a,alphabetical_trade_sitemap,2026-09-05,Public A-Z trade and skill sitemap.,London
Rated People,Wooden Doors - Internal,Wooden Doors - Internal,V2,https://www.ratedpeople.com/sitemap/trades/a,alphabetical_trade_sitemap,2026-09-05,Public A-Z trade and skill sitemap.,London
Rated People,Wooden Sash Window,Wooden Sash Window,V2,https://www.ratedpeople.com/sitemap/trades/a,alphabetical_trade_sitemap,2026-09-05,Public A-Z trade and skill sitemap.,London
Rated People,Wooden Shutter,Wooden Shutter,V2,https://www.ratedpeople.com/sitemap/trades/a,alphabetical_trade_sitemap,2026-09-05,Public A-Z trade and skill sitemap.,London
Rated People,Wooden Staircases,Wooden Staircases,V2,https://www.ratedpeople.com/sitemap/trades/a,alphabetical_trade_sitemap,2026-09-05,Public A-Z trade and skill sitemap.,London
Rated People,Worcestershire,Worcestershire,V2,https://www.ratedpeople.com/sitemap/trades/a,alphabetical_trade_sitemap,2026-09-05,Public A-Z trade and skill sitemap.,London
Rated People,Zinc / Metal Roof,Zinc / Metal Roof,V2,https://www.ratedpeople.com/sitemap/trades/a,alphabetical_trade_sitemap,2026-09-05,Public A-Z trade and skill sitemap.,London
Rated People,uPVC Fascias / Soffits / Cladding,uPVC Fascias / Soffits / Cladding,V2,https://www.ratedpeople.com/sitemap/trades/a,alphabetical_trade_sitemap,2026-09-05,Public A-Z trade and skill sitemap.,London
Rated People,uPVC Windows & Door,uPVC Windows & Door,V2,https://www.ratedpeople.com/sitemap/trades/a,alphabetical_trade_sitemap,2026-09-05,Public A-Z trade and skill sitemap.,London
Treatwell,Body exfoliation,Body exfoliation,V2,https://www.treatwell.co.uk/,treatment_taxonomy,2026-09-05,Public treatment-category links from UK marketplace.,London
Treatwell,Fade buzz,Fade buzz,V2,https://www.treatwell.co.uk/,treatment_taxonomy,2026-09-05,Public treatment-category links from UK marketplace.,London
Treatwell,Glasgow Area,Glasgow Area,V1,https://www.treatwell.co.uk/,public_treatment_taxonomy,2026-08-22,Treatwell public treatment-family and treatment-menu links.,
Treatwell,Greater Manchester,Greater Manchester,V1,https://www.treatwell.co.uk/,public_treatment_taxonomy,2026-08-22,Treatwell public treatment-family and treatment-menu links.,
Treatwell,Hairdressers,Hairdressers,V2,https://www.treatwell.co.uk/,treatment_taxonomy,2026-09-05,Public treatment-category links from UK marketplace.,London
Treatwell,Heart layers,Heart layers,V2,https://www.treatwell.co.uk/,treatment_taxonomy,2026-09-05,Public treatment-category links from UK marketplace.,London
Treatwell,Hydrating Facial,Hydrating Facial,V2,https://www.treatwell.co.uk/,treatment_taxonomy,2026-09-05,Public treatment-category links from UK marketplace.,London
Treatwell,Jelly pedi,Jelly pedi,V2,https://www.treatwell.co.uk/,treatment_taxonomy,2026-09-05,Public treatment-category links from UK marketplace.,London
Treatwell,Lived-in blonde,Lived-in blonde,V2,https://www.treatwell.co.uk/,treatment_taxonomy,2026-09-05,Public treatment-category links from UK marketplace.,London
Treatwell,Lothians,Lothians,V1,https://www.treatwell.co.uk/,public_treatment_taxonomy,2026-08-22,Treatwell public treatment-family and treatment-menu links.,
Treatwell,Men's,Men's,V2,https://www.treatwell.co.uk/,treatment_taxonomy,2026-09-05,Public treatment-category links from UK marketplace.,London
Treatwell,Nail Salons,Nail Salons,V2,https://www.treatwell.co.uk/,treatment_taxonomy,2026-09-05,Public treatment-category links from UK marketplace.,London
Treatwell,North West,North West,V1,https://www.treatwell.co.uk/,public_treatment_taxonomy,2026-08-22,Treatwell public treatment-family and treatment-menu links.,
Treatwell,Strathclyde,Strathclyde,V1,https://www.treatwell.co.uk/,public_treatment_taxonomy,2026-08-22,Treatwell public treatment-family and treatment-menu links.,
Treatwell,Stripey nails,Stripey nails,V2,https://www.treatwell.co.uk/,treatment_taxonomy,2026-09-05,Public treatment-category links from UK marketplace.,London
Treatwell,United Kingdom,United Kingdom,V1,https://www.treatwell.co.uk/,public_treatment_taxonomy,2026-08-22,Treatwell public treatment-family and treatment-menu links.,
Yell,Accountants,Accountants,V1,https://www.yell.com/,public_category_taxonomy,2026-08-22,Public Yell category labels available from its pages. Not claimed to represent Yell's complete internal classification.,
Yell,Architects,Architects,V1,https://www.yell.com/,public_category_taxonomy,2026-08-22,Public Yell category labels available from its pages. Not claimed to represent Yell's complete internal classification.,
Yell,Barbers,Barbers,V1,https://www.yell.com/,public_category_taxonomy,2026-08-22,Public Yell category labels available from its pages. Not claimed to represent Yell's complete internal classification.,
Yell,Beauty salons,Beauty salons,V1,https://www.yell.com/,public_category_taxonomy,2026-08-22,Public Yell category labels available from its pages. Not claimed to represent Yell's complete internal classification.,
Yell,Body massage,Body massage,V1,https://www.yell.com/,public_category_taxonomy,2026-08-22,Public Yell category labels available from its pages. Not claimed to represent Yell's complete internal classification.,
Yell,Builders,Builders,V1,https://www.yell.com/,public_category_taxonomy,2026-08-22,Public Yell category labels available from its pages. Not claimed to represent Yell's complete internal classification.,
Yell,Building surveyors,Building surveyors,V1,https://www.yell.com/,public_category_taxonomy,2026-08-22,Public Yell category labels available from its pages. Not claimed to represent Yell's complete internal classification.,
Yell,Cafes & Coffee Shops,Cafes & Coffee Shops,V1,https://www.yell.com/,public_category_taxonomy,2026-08-22,Public Yell category labels available from its pages. Not claimed to represent Yell's complete internal classification.,
Yell,Car Body Repairs,Car Body Repairs,V1,https://www.yell.com/,public_category_taxonomy,2026-08-22,Public Yell category labels available from its pages. Not claimed to represent Yell's complete internal classification.,
Yell,Carpenters & Joiners,Carpenters & Joiners,V1,https://www.yell.com/,public_category_taxonomy,2026-08-22,Public Yell category labels available from its pages. Not claimed to represent Yell's complete internal classification.,
Yell,Charity Shops,Charity Shops,V1,https://www.yell.com/,public_category_taxonomy,2026-08-22,Public Yell category labels available from its pages. Not claimed to represent Yell's complete internal classification.,
Yell,Chinese Takeaways,Chinese Takeaways,V1,https://www.yell.com/,public_category_taxonomy,2026-08-22,Public Yell category labels available from its pages. Not claimed to represent Yell's complete internal classification.,
Yell,Chiropodists and podiatrists,Chiropodists and podiatrists,V1,https://www.yell.com/,public_category_taxonomy,2026-08-22,Public Yell category labels available from its pages. Not claimed to represent Yell's complete internal classification.,
Yell,Day Nurseries,Day Nurseries,V1,https://www.yell.com/,public_category_taxonomy,2026-08-22,Public Yell category labels available from its pages. Not claimed to represent Yell's complete internal classification.,
Yell,Dentists,Dentists,V1,https://www.yell.com/,public_category_taxonomy,2026-08-22,Public Yell category labels available from its pages. Not claimed to represent Yell's complete internal classification.,
Yell,Discover,Discover,V1,https://www.yell.com/,public_category_taxonomy,2026-08-22,Public Yell category labels available from its pages. Not claimed to represent Yell's complete internal classification.,
Yell,Doctors (medical Practitioners),Doctors (medical Practitioners),V1,https://www.yell.com/,public_category_taxonomy,2026-08-22,Public Yell category labels available from its pages. Not claimed to represent Yell's complete internal classification.,
Yell,Dog Boarding,Dog Boarding,V1,https://www.yell.com/,public_category_taxonomy,2026-08-22,Public Yell category labels available from its pages. Not claimed to represent Yell's complete internal classification.,
Yell,Domestic cleaners,Domestic cleaners,V1,https://www.yell.com/,public_category_taxonomy,2026-08-22,Public Yell category labels available from its pages. Not claimed to represent Yell's complete internal classification.,
Yell,Driving instructors,Driving instructors,V1,https://www.yell.com/,public_category_taxonomy,2026-08-22,Public Yell category labels available from its pages. Not claimed to represent Yell's complete internal classification.,
Yell,Dry Cleaners,Dry Cleaners,V1,https://www.yell.com/,public_category_taxonomy,2026-08-22,Public Yell category labels available from its pages. Not claimed to represent Yell's complete internal classification.,
Yell,Electricians,Electricians,V1,https://www.yell.com/,public_category_taxonomy,2026-08-22,Public Yell category labels available from its pages. Not claimed to represent Yell's complete internal classification.,
Yell,Estate agents,Estate agents,V1,https://www.yell.com/,public_category_taxonomy,2026-08-22,Public Yell category labels available from its pages. Not claimed to represent Yell's complete internal classification.,
Yell,Farmers,Farmers,V1,https://www.yell.com/,public_category_taxonomy,2026-08-22,Public Yell category labels available from its pages. Not claimed to represent Yell's complete internal classification.,
Yell,Fencing contractors,Fencing contractors,V1,https://www.yell.com/,public_category_taxonomy,2026-08-22,Public Yell category labels available from its pages. Not claimed to represent Yell's complete internal classification.,
Yell,Financial advisers,Financial advisers,V1,https://www.yell.com/,public_category_taxonomy,2026-08-22,Public Yell category labels available from its pages. Not claimed to represent Yell's complete internal classification.,
Yell,Florists,Florists,V1,https://www.yell.com/,public_category_taxonomy,2026-08-22,Public Yell category labels available from its pages. Not claimed to represent Yell's complete internal classification.,
Yell,Furniture Shops,Furniture Shops,V1,https://www.yell.com/,public_category_taxonomy,2026-08-22,Public Yell category labels available from its pages. Not claimed to represent Yell's complete internal classification.,
Yell,Garage services,Garage services,V1,https://www.yell.com/,public_category_taxonomy,2026-08-22,Public Yell category labels available from its pages. Not claimed to represent Yell's complete internal classification.,
Yell,Gardeners,Gardeners,V1,https://www.yell.com/,public_category_taxonomy,2026-08-22,Public Yell category labels available from its pages. Not claimed to represent Yell's complete internal classification.,
Yell,Gas Engineers,Gas Engineers,V1,https://www.yell.com/,public_category_taxonomy,2026-08-22,Public Yell category labels available from its pages. Not claimed to represent Yell's complete internal classification.,
Yell,Hairdressers,Hairdressers,V1,https://www.yell.com/,public_category_taxonomy,2026-08-22,Public Yell category labels available from its pages. Not claimed to represent Yell's complete internal classification.,
Yell,Handyman services,Handyman services,V1,https://www.yell.com/,public_category_taxonomy,2026-08-22,Public Yell category labels available from its pages. Not claimed to represent Yell's complete internal classification.,
Yell,Hotels,Hotels,V1,https://www.yell.com/,public_category_taxonomy,2026-08-22,Public Yell category labels available from its pages. Not claimed to represent Yell's complete internal classification.,
Yell,Indian Restaurants,Indian Restaurants,V1,https://www.yell.com/,public_category_taxonomy,2026-08-22,Public Yell category labels available from its pages. Not claimed to represent Yell's complete internal classification.,
Yell,Locksmiths,Locksmiths,V1,https://www.yell.com/,public_category_taxonomy,2026-08-22,Public Yell category labels available from its pages. Not claimed to represent Yell's complete internal classification.,
Yell,Mobile Hairdressers,Mobile Hairdressers,V1,https://www.yell.com/,public_category_taxonomy,2026-08-22,Public Yell category labels available from its pages. Not claimed to represent Yell's complete internal classification.,
Yell,Mobile car valeting,Mobile car valeting,V1,https://www.yell.com/,public_category_taxonomy,2026-08-22,Public Yell category labels available from its pages. Not claimed to represent Yell's complete internal classification.,
Yell,Mobile mechanics,Mobile mechanics,V1,https://www.yell.com/,public_category_taxonomy,2026-08-22,Public Yell category labels available from its pages. Not claimed to represent Yell's complete internal classification.,
Yell,Mortgages,Mortgages,V1,https://www.yell.com/,public_category_taxonomy,2026-08-22,Public Yell category labels available from its pages. Not claimed to represent Yell's complete internal classification.,
Yell,Mot Testing,Mot Testing,V1,https://www.yell.com/,public_category_taxonomy,2026-08-22,Public Yell category labels available from its pages. Not claimed to represent Yell's complete internal classification.,
Yell,Newsagents,Newsagents,V1,https://www.yell.com/,public_category_taxonomy,2026-08-22,Public Yell category labels available from its pages. Not claimed to represent Yell's complete internal classification.,
Yell,Painters & Decorators,Painters & Decorators,V1,https://www.yell.com/,public_category_taxonomy,2026-08-22,Public Yell category labels available from its pages. Not claimed to represent Yell's complete internal classification.,
Yell,Painters and decorators,Painters and decorators,V1,https://www.yell.com/,public_category_taxonomy,2026-08-22,Public Yell category labels available from its pages. Not claimed to represent Yell's complete internal classification.,
Yell,Pet grooming,Pet grooming,V1,https://www.yell.com/,public_category_taxonomy,2026-08-22,Public Yell category labels available from its pages. Not claimed to represent Yell's complete internal classification.,
Yell,Pharmacies,Pharmacies,V1,https://www.yell.com/,public_category_taxonomy,2026-08-22,Public Yell category labels available from its pages. Not claimed to represent Yell's complete internal classification.,
Yell,Plumbers,Plumbers,V1,https://www.yell.com/,public_category_taxonomy,2026-08-22,Public Yell category labels available from its pages. Not claimed to represent Yell's complete internal classification.,
Yell,Popular Locations,Popular Locations,V1,https://www.yell.com/,public_category_taxonomy,2026-08-22,Public Yell category labels available from its pages. Not claimed to represent Yell's complete internal classification.,
Yell,Pubs,Pubs,V1,https://www.yell.com/,public_category_taxonomy,2026-08-22,Public Yell category labels available from its pages. Not claimed to represent Yell's complete internal classification.,
Yell,Roofers,Roofers,V1,https://www.yell.com/,public_category_taxonomy,2026-08-22,Public Yell category labels available from its pages. Not claimed to represent Yell's complete internal classification.,
Yell,Skip Hire,Skip Hire,V1,https://www.yell.com/,public_category_taxonomy,2026-08-22,Public Yell category labels available from its pages. Not claimed to represent Yell's complete internal classification.,
Yell,Solicitors,Solicitors,V1,https://www.yell.com/,public_category_taxonomy,2026-08-22,Public Yell category labels available from its pages. Not claimed to represent Yell's complete internal classification.,
Yell,Supermarkets,Supermarkets,V1,https://www.yell.com/,public_category_taxonomy,2026-08-22,Public Yell category labels available from its pages. Not claimed to represent Yell's complete internal classification.,
Yell,Takeaway Food,Takeaway Food,V1,https://www.yell.com/,public_category_taxonomy,2026-08-22,Public Yell category labels available from its pages. Not claimed to represent Yell's complete internal classification.,
Yell,Taxis & Private Hire Vehicles,Taxis & Private Hire Vehicles,V1,https://www.yell.com/,public_category_taxonomy,2026-08-22,Public Yell category labels available from its pages. Not claimed to represent Yell's complete internal classification.,
Yell,Taxis and private hire vehicles,Taxis and private hire vehicles,V1,https://www.yell.com/,public_category_taxonomy,2026-08-22,Public Yell category labels available from its pages. Not claimed to represent Yell's complete internal classification.,
Yell,Tyres,Tyres,V1,https://www.yell.com/,public_category_taxonomy,2026-08-22,Public Yell category labels available from its pages. Not claimed to represent Yell's complete internal classification.,
Yell,Vets,Vets,V1,https://www.yell.com/,public_category_taxonomy,2026-08-22,Public Yell category labels available from its pages. Not claimed to represent Yell's complete internal classification.,
Yell,Washing machine repairs,Washing machine repairs,V1,https://www.yell.com/,public_category_taxonomy,2026-08-22,Public Yell category labels available from its pages. Not claimed to represent Yell's complete internal classification.,
Yell,Window cleaners,Window cleaners,V1,https://www.yell.com/,public_category_taxonomy,2026-08-22,Public Yell category labels available from its pages. Not claimed to represent Yell's complete internal classification.,
