platform,raw_service_original,raw_service,canonical_service,service_family,source_version,source_url,source_type,collection_date,coverage_note,geography_scope
Airtasker,Accounting,Accounting,Accounting,Other / Unmapped,V2,https://www.airtasker.com/uk/services/,all_services_page,2026-09-05,Airtasker UK service taxonomy.,London
Airtasker,Accounting Tutor,Accounting Tutor,Tutoring & Lessons,Education & Lessons,V2,https://www.airtasker.com/uk/services/,all_services_page,2026-09-05,Airtasker UK service taxonomy.,London
Airtasker,Acrylic Worktop Installation,Acrylic Worktop Installation,Kitchen Services,Home & Trades,V2,https://www.airtasker.com/uk/services/,all_services_page,2026-09-05,Airtasker UK service taxonomy.,London
Airtasker,Acting Lessons,Acting Lessons,Tutoring & Lessons,Education & Lessons,V2,https://www.airtasker.com/uk/services/,all_services_page,2026-09-05,Airtasker UK service taxonomy.,London
Airtasker,Acupuncture,Acupuncture,Acupuncture,Other / Unmapped,V2,https://www.airtasker.com/uk/services/,all_services_page,2026-09-05,Airtasker UK service taxonomy.,London
Airtasker,Admin,Admin,Admin,Other / Unmapped,V2,https://www.airtasker.com/uk/services/,all_services_page,2026-09-05,Airtasker UK service taxonomy.,London
Airtasker,Adobe Photoshop Designer,Adobe Photoshop Designer,Adobe Photoshop Designer,Other / Unmapped,V2,https://www.airtasker.com/uk/services/,all_services_page,2026-09-05,Airtasker UK service taxonomy.,London
Airtasker,Adult Swimming Lessons,Adult Swimming Lessons,Tutoring & Lessons,Education & Lessons,V2,https://www.airtasker.com/uk/services/,all_services_page,2026-09-05,Airtasker UK service taxonomy.,London
Airtasker,Advertising,Advertising,Advertising,Other / Unmapped,V2,https://www.airtasker.com/uk/services/,all_services_page,2026-09-05,Airtasker UK service taxonomy.,London
Airtasker,Aerial and Drone Photographers,Aerial and Drone Photographers,Aerial & Satellite Services,Home & Trades,V2,https://www.airtasker.com/uk/services/,all_services_page,2026-09-05,Airtasker UK service taxonomy.,London
Airtasker,Aerobics Classes,Aerobics Classes,Aerobics Classes,Other / Unmapped,V2,https://www.airtasker.com/uk/services/,all_services_page,2026-09-05,Airtasker UK service taxonomy.,London
Airtasker,Afro Barbers,Afro Barbers,Hair & Barber Services,Beauty & Wellness,V2,https://www.airtasker.com/uk/services/,all_services_page,2026-09-05,Airtasker UK service taxonomy.,London
Airtasker,After Builders Cleaning,After Builders Cleaning,Building & Construction,Home & Trades,V2,https://www.airtasker.com/uk/services/,all_services_page,2026-09-05,Airtasker UK service taxonomy.,London
Airtasker,After School Care & Pick Up,After School Care & Pick Up,After School Care & Pick Up,Other / Unmapped,V2,https://www.airtasker.com/uk/services/,all_services_page,2026-09-05,Airtasker UK service taxonomy.,London
Airtasker,Aged Care,Aged Care,Aged Care,Other / Unmapped,V2,https://www.airtasker.com/uk/services/,all_services_page,2026-09-05,Airtasker UK service taxonomy.,London
Airtasker,Air Source Heat Pump Installation & Repairs,Air Source Heat Pump Installation & Repairs,Air Source Heat Pump Installation & Repairs,Other / Unmapped,V2,https://www.airtasker.com/uk/services/,all_services_page,2026-09-05,Airtasker UK service taxonomy.,London
Airtasker,Airbnb Cleaning,Airbnb Cleaning,Cleaning,Cleaning & Household,V2,https://www.airtasker.com/uk/services/,all_services_page,2026-09-05,Airtasker UK service taxonomy.,London
Airtasker,Aircon Cleaning,Aircon Cleaning,Cleaning,Cleaning & Household,V2,https://www.airtasker.com/uk/services/,all_services_page,2026-09-05,Airtasker UK service taxonomy.,London
Airtasker,Aircon Installation,Aircon Installation,Aircon Installation,Other / Unmapped,V2,https://www.airtasker.com/uk/services/,all_services_page,2026-09-05,Airtasker UK service taxonomy.,London
Airtasker,Aircon Repair,Aircon Repair,Aircon Repair,Other / Unmapped,V2,https://www.airtasker.com/uk/services/,all_services_page,2026-09-05,Airtasker UK service taxonomy.,London
Airtasker,Alarm Servicing,Alarm Servicing,Security Systems,Home & Trades,V2,https://www.airtasker.com/uk/services/,all_services_page,2026-09-05,Airtasker UK service taxonomy.,London
Airtasker,Alcohol Counselling,Alcohol Counselling,Therapy & Counselling,Health & Fitness,V2,https://www.airtasker.com/uk/services/,all_services_page,2026-09-05,Airtasker UK service taxonomy.,London
Airtasker,Aldi Grocery Delivery,Aldi Grocery Delivery,Aldi Grocery Delivery,Other / Unmapped,V2,https://www.airtasker.com/uk/services/,all_services_page,2026-09-05,Airtasker UK service taxonomy.,London
Airtasker,Alfa Romeo Service,Alfa Romeo Service,Alfa Romeo Service,Other / Unmapped,V2,https://www.airtasker.com/uk/services/,all_services_page,2026-09-05,Airtasker UK service taxonomy.,London
Airtasker,Alloy Wheel Repair,Alloy Wheel Repair,Alloy Wheel Repair,Other / Unmapped,V2,https://www.airtasker.com/uk/services/,all_services_page,2026-09-05,Airtasker UK service taxonomy.,London
Airtasker,Alterations,Alterations,Alterations,Other / Unmapped,V2,https://www.airtasker.com/uk/services/,all_services_page,2026-09-05,Airtasker UK service taxonomy.,London
Airtasker,Alternator Repair,Alternator Repair,Alternator Repair,Other / Unmapped,V2,https://www.airtasker.com/uk/services/,all_services_page,2026-09-05,Airtasker UK service taxonomy.,London
Airtasker,Alternator Replacement,Alternator Replacement,Alternator Replacement,Other / Unmapped,V2,https://www.airtasker.com/uk/services/,all_services_page,2026-09-05,Airtasker UK service taxonomy.,London
Airtasker,Aluminium Fencing,Aluminium Fencing,Fencing & Gates,Home & Trades,V2,https://www.airtasker.com/uk/services/,all_services_page,2026-09-05,Airtasker UK service taxonomy.,London
Airtasker,Aluminium Gutters,Aluminium Gutters,Roofing & Guttering,Home & Trades,V2,https://www.airtasker.com/uk/services/,all_services_page,2026-09-05,Airtasker UK service taxonomy.,London
Airtasker,Amplifier Repair,Amplifier Repair,Amplifier Repair,Other / Unmapped,V2,https://www.airtasker.com/uk/services/,all_services_page,2026-09-05,Airtasker UK service taxonomy.,London
Airtasker,Android App Development,Android App Development,Android App Development,Other / Unmapped,V2,https://www.airtasker.com/uk/services/,all_services_page,2026-09-05,Airtasker UK service taxonomy.,London
Airtasker,Anger Management Therapy,Anger Management Therapy,Therapy & Counselling,Health & Fitness,V2,https://www.airtasker.com/uk/services/,all_services_page,2026-09-05,Airtasker UK service taxonomy.,London
Airtasker,Antenna Installation,Antenna Installation,Antenna Installation,Other / Unmapped,V2,https://www.airtasker.com/uk/services/,all_services_page,2026-09-05,Airtasker UK service taxonomy.,London
Airtasker,Anxiety Counselling,Anxiety Counselling,Therapy & Counselling,Health & Fitness,V2,https://www.airtasker.com/uk/services/,all_services_page,2026-09-05,Airtasker UK service taxonomy.,London
Airtasker,Apartment Cleaning,Apartment Cleaning,Cleaning,Cleaning & Household,V2,https://www.airtasker.com/uk/services/,all_services_page,2026-09-05,Airtasker UK service taxonomy.,London
Airtasker,Apartment Painting,Apartment Painting,Painting & Decorating,Home & Trades,V2,https://www.airtasker.com/uk/services/,all_services_page,2026-09-05,Airtasker UK service taxonomy.,London
Airtasker,App Development,App Development,App Development,Other / Unmapped,V2,https://www.airtasker.com/uk/services/,all_services_page,2026-09-05,Airtasker UK service taxonomy.,London
Airtasker,Apple Help,Apple Help,Apple Help,Other / Unmapped,V2,https://www.airtasker.com/uk/services/,all_services_page,2026-09-05,Airtasker UK service taxonomy.,London
Airtasker,Apple Mac Repairs,Apple Mac Repairs,Apple Mac Repairs,Other / Unmapped,V2,https://www.airtasker.com/uk/services/,all_services_page,2026-09-05,Airtasker UK service taxonomy.,London
Airtasker,Apple TV Setup,Apple TV Setup,Apple TV Setup,Other / Unmapped,V2,https://www.airtasker.com/uk/services/,all_services_page,2026-09-05,Airtasker UK service taxonomy.,London
Airtasker,Appliance Installation,Appliance Installation,Appliance Installation,Other / Unmapped,V2,https://www.airtasker.com/uk/services/,all_services_page,2026-09-05,Airtasker UK service taxonomy.,London
Airtasker,Appliance Removal and Disposal,Appliance Removal and Disposal,Removals & Moving,Cleaning & Household,V2,https://www.airtasker.com/uk/services/,all_services_page,2026-09-05,Airtasker UK service taxonomy.,London
Airtasker,Appliance Removals,Appliance Removals,Removals & Moving,Cleaning & Household,V2,https://www.airtasker.com/uk/services/,all_services_page,2026-09-05,Airtasker UK service taxonomy.,London
Airtasker,Appliance Repair,Appliance Repair,Appliance Repair,Repair Services,V2,https://www.airtasker.com/uk/services/,all_services_page,2026-09-05,Airtasker UK service taxonomy.,London
Airtasker,Appliances,Appliances,Appliances,Other / Unmapped,V2,https://www.airtasker.com/uk/services/,all_services_page,2026-09-05,Airtasker UK service taxonomy.,London
Airtasker,Aquarium Maintenance,Aquarium Maintenance,Aquarium Maintenance,Other / Unmapped,V2,https://www.airtasker.com/uk/services/,all_services_page,2026-09-05,Airtasker UK service taxonomy.,London
Airtasker,Arabic Lessons,Arabic Lessons,Tutoring & Lessons,Education & Lessons,V2,https://www.airtasker.com/uk/services/,all_services_page,2026-09-05,Airtasker UK service taxonomy.,London
Airtasker,Arborist,Arborist,Arborist,Other / Unmapped,V2,https://www.airtasker.com/uk/services/,all_services_page,2026-09-05,Airtasker UK service taxonomy.,London
Airtasker,Archery Lessons,Archery Lessons,Tutoring & Lessons,Education & Lessons,V2,https://www.airtasker.com/uk/services/,all_services_page,2026-09-05,Airtasker UK service taxonomy.,London
Airtasker,Architects,Architects,Architectural Services,Professional Services,V2,https://www.airtasker.com/uk/services/,all_services_page,2026-09-05,Airtasker UK service taxonomy.,London
Airtasker,Architectural Rendering & Visualisation,Architectural Rendering & Visualisation,Plastering & Rendering,Home & Trades,V2,https://www.airtasker.com/uk/services/,all_services_page,2026-09-05,Airtasker UK service taxonomy.,London
Airtasker,Argos Furniture Assembly,Argos Furniture Assembly,Furniture Assembly,Repair Services,V2,https://www.airtasker.com/uk/services/,all_services_page,2026-09-05,Airtasker UK service taxonomy.,London
Airtasker,Art Removals,Art Removals,Removals & Moving,Cleaning & Household,V2,https://www.airtasker.com/uk/services/,all_services_page,2026-09-05,Airtasker UK service taxonomy.,London
Airtasker,Art Therapy,Art Therapy,Therapy & Counselling,Health & Fitness,V2,https://www.airtasker.com/uk/services/,all_services_page,2026-09-05,Airtasker UK service taxonomy.,London
Airtasker,Art Tutor,Art Tutor,Tutoring & Lessons,Education & Lessons,V2,https://www.airtasker.com/uk/services/,all_services_page,2026-09-05,Airtasker UK service taxonomy.,London
Airtasker,Article Writing,Article Writing,Article Writing,Other / Unmapped,V2,https://www.airtasker.com/uk/services/,all_services_page,2026-09-05,Airtasker UK service taxonomy.,London
Airtasker,Artisan Baker,Artisan Baker,Artisan Baker,Other / Unmapped,V2,https://www.airtasker.com/uk/services/,all_services_page,2026-09-05,Airtasker UK service taxonomy.,London
Airtasker,Asbestos Removal,Asbestos Removal,Removals & Moving,Cleaning & Household,V2,https://www.airtasker.com/uk/services/,all_services_page,2026-09-05,Airtasker UK service taxonomy.,London
Airtasker,Assembly,Assembly,Furniture Assembly,Repair Services,V2,https://www.airtasker.com/uk/services/,all_services_page,2026-09-05,Airtasker UK service taxonomy.,London
Airtasker,At Home Personal Training,At Home Personal Training,At Home Personal Training,Other / Unmapped,V2,https://www.airtasker.com/uk/services/,all_services_page,2026-09-05,Airtasker UK service taxonomy.,London
Airtasker,Attic Cleaning,Attic Cleaning,Cleaning,Cleaning & Household,V2,https://www.airtasker.com/uk/services/,all_services_page,2026-09-05,Airtasker UK service taxonomy.,London
Airtasker,Attic Ladder Installation,Attic Ladder Installation,Attic Ladder Installation,Other / Unmapped,V2,https://www.airtasker.com/uk/services/,all_services_page,2026-09-05,Airtasker UK service taxonomy.,London
Airtasker,Audi Service,Audi Service,Audi Service,Other / Unmapped,V2,https://www.airtasker.com/uk/services/,all_services_page,2026-09-05,Airtasker UK service taxonomy.,London
Airtasker,Audio Visual,Audio Visual,Audio Visual,Other / Unmapped,V2,https://www.airtasker.com/uk/services/,all_services_page,2026-09-05,Airtasker UK service taxonomy.,London
Airtasker,Auto Electrician,Auto Electrician,Electrical Services,Home & Trades,V2,https://www.airtasker.com/uk/services/,all_services_page,2026-09-05,Airtasker UK service taxonomy.,London
Airtasker,Auto Electricians,Auto Electricians,Electrical Services,Home & Trades,V2,https://www.airtasker.com/uk/services/,all_services_page,2026-09-05,Airtasker UK service taxonomy.,London
Airtasker,AutoCAD Designer,AutoCAD Designer,AutoCAD Designer,Other / Unmapped,V2,https://www.airtasker.com/uk/services/,all_services_page,2026-09-05,Airtasker UK service taxonomy.,London
Airtasker,Awning,Awning,Awning,Other / Unmapped,V2,https://www.airtasker.com/uk/services/,all_services_page,2026-09-05,Airtasker UK service taxonomy.,London
Airtasker,Awning Repair,Awning Repair,Awning Repair,Other / Unmapped,V2,https://www.airtasker.com/uk/services/,all_services_page,2026-09-05,Airtasker UK service taxonomy.,London
Airtasker,BBQ Assembly,BBQ Assembly,Furniture Assembly,Repair Services,V2,https://www.airtasker.com/uk/services/,all_services_page,2026-09-05,Airtasker UK service taxonomy.,London
Airtasker,BBQ Catering & Help,BBQ Catering & Help,Catering,Events & Creative,V2,https://www.airtasker.com/uk/services/,all_services_page,2026-09-05,Airtasker UK service taxonomy.,London
Airtasker,BBQ Cleaning,BBQ Cleaning,Cleaning,Cleaning & Household,V2,https://www.airtasker.com/uk/services/,all_services_page,2026-09-05,Airtasker UK service taxonomy.,London
Airtasker,BBQ Delivery,BBQ Delivery,BBQ Delivery,Other / Unmapped,V2,https://www.airtasker.com/uk/services/,all_services_page,2026-09-05,Airtasker UK service taxonomy.,London
Airtasker,BBQ Repair,BBQ Repair,BBQ Repair,Other / Unmapped,V2,https://www.airtasker.com/uk/services/,all_services_page,2026-09-05,Airtasker UK service taxonomy.,London
Airtasker,BMW Service,BMW Service,BMW Service,Other / Unmapped,V2,https://www.airtasker.com/uk/services/,all_services_page,2026-09-05,Airtasker UK service taxonomy.,London
Airtasker,Baby Gift Delivery,Baby Gift Delivery,Baby Gift Delivery,Other / Unmapped,V2,https://www.airtasker.com/uk/services/,all_services_page,2026-09-05,Airtasker UK service taxonomy.,London
Airtasker,Baby Proofing,Baby Proofing,Baby Proofing,Other / Unmapped,V2,https://www.airtasker.com/uk/services/,all_services_page,2026-09-05,Airtasker UK service taxonomy.,London
Airtasker,Babysitter,Babysitter,Babysitter,Other / Unmapped,V2,https://www.airtasker.com/uk/services/,all_services_page,2026-09-05,Airtasker UK service taxonomy.,London
Airtasker,Backhoeing,Backhoeing,Backhoeing,Other / Unmapped,V2,https://www.airtasker.com/uk/services/,all_services_page,2026-09-05,Airtasker UK service taxonomy.,London
Airtasker,Bagpipe Lessons,Bagpipe Lessons,Tutoring & Lessons,Education & Lessons,V2,https://www.airtasker.com/uk/services/,all_services_page,2026-09-05,Airtasker UK service taxonomy.,London
Airtasker,Bagpiper,Bagpiper,Bagpiper,Other / Unmapped,V2,https://www.airtasker.com/uk/services/,all_services_page,2026-09-05,Airtasker UK service taxonomy.,London
Airtasker,Bakers,Bakers,Bakers,Other / Unmapped,V2,https://www.airtasker.com/uk/services/,all_services_page,2026-09-05,Airtasker UK service taxonomy.,London
Airtasker,Baking Lessons,Baking Lessons,Tutoring & Lessons,Education & Lessons,V2,https://www.airtasker.com/uk/services/,all_services_page,2026-09-05,Airtasker UK service taxonomy.,London
Airtasker,Balcony Cleaning,Balcony Cleaning,Cleaning,Cleaning & Household,V2,https://www.airtasker.com/uk/services/,all_services_page,2026-09-05,Airtasker UK service taxonomy.,London
Airtasker,Ballet Lessons,Ballet Lessons,Tutoring & Lessons,Education & Lessons,V2,https://www.airtasker.com/uk/services/,all_services_page,2026-09-05,Airtasker UK service taxonomy.,London
Airtasker,Balloon Artist,Balloon Artist,Balloon Artist,Other / Unmapped,V2,https://www.airtasker.com/uk/services/,all_services_page,2026-09-05,Airtasker UK service taxonomy.,London
Airtasker,Balloon Decorators,Balloon Decorators,Painting & Decorating,Home & Trades,V2,https://www.airtasker.com/uk/services/,all_services_page,2026-09-05,Airtasker UK service taxonomy.,London
Airtasker,Balloon Delivery,Balloon Delivery,Balloon Delivery,Other / Unmapped,V2,https://www.airtasker.com/uk/services/,all_services_page,2026-09-05,Airtasker UK service taxonomy.,London
Airtasker,Ballroom Dance Lessons,Ballroom Dance Lessons,Tutoring & Lessons,Education & Lessons,V2,https://www.airtasker.com/uk/services/,all_services_page,2026-09-05,Airtasker UK service taxonomy.,London
Airtasker,Balustrading,Balustrading,Balustrading,Other / Unmapped,V2,https://www.airtasker.com/uk/services/,all_services_page,2026-09-05,Airtasker UK service taxonomy.,London
Airtasker,Bamboo Fencing,Bamboo Fencing,Fencing & Gates,Home & Trades,V2,https://www.airtasker.com/uk/services/,all_services_page,2026-09-05,Airtasker UK service taxonomy.,London
Airtasker,Bamboo Flooring,Bamboo Flooring,Flooring,Home & Trades,V2,https://www.airtasker.com/uk/services/,all_services_page,2026-09-05,Airtasker UK service taxonomy.,London
Airtasker,Band Hire,Band Hire,Band Hire,Other / Unmapped,V2,https://www.airtasker.com/uk/services/,all_services_page,2026-09-05,Airtasker UK service taxonomy.,London
Airtasker,Banjo Lessons,Banjo Lessons,Tutoring & Lessons,Education & Lessons,V2,https://www.airtasker.com/uk/services/,all_services_page,2026-09-05,Airtasker UK service taxonomy.,London
Airtasker,Barber,Barber,Hair & Barber Services,Beauty & Wellness,V2,https://www.airtasker.com/uk/services/,all_services_page,2026-09-05,Airtasker UK service taxonomy.,London
Airtasker,Barbers,Barbers,Hair & Barber Services,Beauty & Wellness,V2,https://www.airtasker.com/uk/services/,all_services_page,2026-09-05,Airtasker UK service taxonomy.,London
Airtasker,Barista,Barista,Barista,Other / Unmapped,V2,https://www.airtasker.com/uk/services/,all_services_page,2026-09-05,Airtasker UK service taxonomy.,London
Airtasker,Bartending,Bartending,Bartending,Other / Unmapped,V2,https://www.airtasker.com/uk/services/,all_services_page,2026-09-05,Airtasker UK service taxonomy.,London
Airtasker,Basement Conversion,Basement Conversion,Basement Conversion,Other / Unmapped,V2,https://www.airtasker.com/uk/services/,all_services_page,2026-09-05,Airtasker UK service taxonomy.,London
Airtasker,Basement Painting,Basement Painting,Painting & Decorating,Home & Trades,V2,https://www.airtasker.com/uk/services/,all_services_page,2026-09-05,Airtasker UK service taxonomy.,London
Airtasker,Basketball Hoop System Assembly,Basketball Hoop System Assembly,Furniture Assembly,Repair Services,V2,https://www.airtasker.com/uk/services/,all_services_page,2026-09-05,Airtasker UK service taxonomy.,London
Airtasker,Basketball Training,Basketball Training,Basketball Training,Other / Unmapped,V2,https://www.airtasker.com/uk/services/,all_services_page,2026-09-05,Airtasker UK service taxonomy.,London
Airtasker,Bass Guitar Lessons,Bass Guitar Lessons,Tutoring & Lessons,Education & Lessons,V2,https://www.airtasker.com/uk/services/,all_services_page,2026-09-05,Airtasker UK service taxonomy.,London
Airtasker,Bath resurfacing,Bath resurfacing,Bath resurfacing,Other / Unmapped,V2,https://www.airtasker.com/uk/services/,all_services_page,2026-09-05,Airtasker UK service taxonomy.,London
Airtasker,Bathroom Cabinet Maker,Bathroom Cabinet Maker,Bathroom Services,Home & Trades,V2,https://www.airtasker.com/uk/services/,all_services_page,2026-09-05,Airtasker UK service taxonomy.,London
Airtasker,Bathroom Carpet Fitting,Bathroom Carpet Fitting,Flooring,Home & Trades,V2,https://www.airtasker.com/uk/services/,all_services_page,2026-09-05,Airtasker UK service taxonomy.,London
Airtasker,Bathroom Cladding,Bathroom Cladding,Bathroom Services,Home & Trades,V2,https://www.airtasker.com/uk/services/,all_services_page,2026-09-05,Airtasker UK service taxonomy.,London
Airtasker,Bathroom Designers,Bathroom Designers,Bathroom Services,Home & Trades,V2,https://www.airtasker.com/uk/services/,all_services_page,2026-09-05,Airtasker UK service taxonomy.,London
Airtasker,Bathroom Flooring,Bathroom Flooring,Flooring,Home & Trades,V2,https://www.airtasker.com/uk/services/,all_services_page,2026-09-05,Airtasker UK service taxonomy.,London
Airtasker,Bathroom Renovation,Bathroom Renovation,Bathroom Services,Home & Trades,V2,https://www.airtasker.com/uk/services/,all_services_page,2026-09-05,Airtasker UK service taxonomy.,London
Airtasker,Baxi Boiler Repair,Baxi Boiler Repair,Heating & Boiler Services,Home & Trades,V2,https://www.airtasker.com/uk/services/,all_services_page,2026-09-05,Airtasker UK service taxonomy.,London
Airtasker,Beard Grooming,Beard Grooming,Beard Grooming,Other / Unmapped,V2,https://www.airtasker.com/uk/services/,all_services_page,2026-09-05,Airtasker UK service taxonomy.,London
Airtasker,Beautician,Beautician,Beauty & Skincare,Beauty & Wellness,V2,https://www.airtasker.com/uk/services/,all_services_page,2026-09-05,Airtasker UK service taxonomy.,London
Airtasker,Beauticians,Beauticians,Beauty & Skincare,Beauty & Wellness,V2,https://www.airtasker.com/uk/services/,all_services_page,2026-09-05,Airtasker UK service taxonomy.,London
Airtasker,Bed Bug Removal,Bed Bug Removal,Removals & Moving,Cleaning & Household,V2,https://www.airtasker.com/uk/services/,all_services_page,2026-09-05,Airtasker UK service taxonomy.,London
Airtasker,Bed Repairs,Bed Repairs,Bed Repairs,Other / Unmapped,V2,https://www.airtasker.com/uk/services/,all_services_page,2026-09-05,Airtasker UK service taxonomy.,London
Airtasker,Belly Dancer,Belly Dancer,Belly Dancer,Other / Unmapped,V2,https://www.airtasker.com/uk/services/,all_services_page,2026-09-05,Airtasker UK service taxonomy.,London
Airtasker,Belly Dancing Lessons,Belly Dancing Lessons,Tutoring & Lessons,Education & Lessons,V2,https://www.airtasker.com/uk/services/,all_services_page,2026-09-05,Airtasker UK service taxonomy.,London
Airtasker,Ben and Jerry's Delivery,Ben and Jerry's Delivery,Ben and Jerry's Delivery,Other / Unmapped,V2,https://www.airtasker.com/uk/services/,all_services_page,2026-09-05,Airtasker UK service taxonomy.,London
Airtasker,Bereavement & Grief Counselling,Bereavement & Grief Counselling,Therapy & Counselling,Health & Fitness,V2,https://www.airtasker.com/uk/services/,all_services_page,2026-09-05,Airtasker UK service taxonomy.,London
Airtasker,Bespoke Furniture,Bespoke Furniture,Bespoke Furniture,Other / Unmapped,V2,https://www.airtasker.com/uk/services/,all_services_page,2026-09-05,Airtasker UK service taxonomy.,London
Airtasker,Bicycle Assembly,Bicycle Assembly,Furniture Assembly,Repair Services,V2,https://www.airtasker.com/uk/services/,all_services_page,2026-09-05,Airtasker UK service taxonomy.,London
Airtasker,Bicycle Courier,Bicycle Courier,Bicycle Courier,Other / Unmapped,V2,https://www.airtasker.com/uk/services/,all_services_page,2026-09-05,Airtasker UK service taxonomy.,London
Airtasker,Bicycle Service,Bicycle Service,Bicycle Service,Other / Unmapped,V2,https://www.airtasker.com/uk/services/,all_services_page,2026-09-05,Airtasker UK service taxonomy.,London
Airtasker,Bicycle Tyre Repair,Bicycle Tyre Repair,Tyre Services,Automotive,V2,https://www.airtasker.com/uk/services/,all_services_page,2026-09-05,Airtasker UK service taxonomy.,London
Airtasker,Bifold Door Repair,Bifold Door Repair,Doors & Door Services,Home & Trades,V2,https://www.airtasker.com/uk/services/,all_services_page,2026-09-05,Airtasker UK service taxonomy.,London
Airtasker,Bike Frame Painting Service,Bike Frame Painting Service,Painting & Decorating,Home & Trades,V2,https://www.airtasker.com/uk/services/,all_services_page,2026-09-05,Airtasker UK service taxonomy.,London
Airtasker,Bike Hanging,Bike Hanging,Bike Hanging,Other / Unmapped,V2,https://www.airtasker.com/uk/services/,all_services_page,2026-09-05,Airtasker UK service taxonomy.,London
Airtasker,Bike Lessons,Bike Lessons,Tutoring & Lessons,Education & Lessons,V2,https://www.airtasker.com/uk/services/,all_services_page,2026-09-05,Airtasker UK service taxonomy.,London
Airtasker,Bikram Yoga,Bikram Yoga,Yoga,Health & Fitness,V2,https://www.airtasker.com/uk/services/,all_services_page,2026-09-05,Airtasker UK service taxonomy.,London
Airtasker,Biology Tutor,Biology Tutor,Tutoring & Lessons,Education & Lessons,V2,https://www.airtasker.com/uk/services/,all_services_page,2026-09-05,Airtasker UK service taxonomy.,London
Airtasker,Biomass Boiler Service,Biomass Boiler Service,Heating & Boiler Services,Home & Trades,V2,https://www.airtasker.com/uk/services/,all_services_page,2026-09-05,Airtasker UK service taxonomy.,London
Airtasker,Bird Control,Bird Control,Bird Control,Other / Unmapped,V2,https://www.airtasker.com/uk/services/,all_services_page,2026-09-05,Airtasker UK service taxonomy.,London
Airtasker,Bird Sitting,Bird Sitting,Bird Sitting,Other / Unmapped,V2,https://www.airtasker.com/uk/services/,all_services_page,2026-09-05,Airtasker UK service taxonomy.,London
Airtasker,Birmingham to Edinburgh Removals,Birmingham to Edinburgh Removals,Removals & Moving,Cleaning & Household,V2,https://www.airtasker.com/uk/services/,all_services_page,2026-09-05,Airtasker UK service taxonomy.,London
Airtasker,Birthday Balloon Delivery,Birthday Balloon Delivery,Birthday Balloon Delivery,Other / Unmapped,V2,https://www.airtasker.com/uk/services/,all_services_page,2026-09-05,Airtasker UK service taxonomy.,London
Airtasker,Birthday Decorators,Birthday Decorators,Painting & Decorating,Home & Trades,V2,https://www.airtasker.com/uk/services/,all_services_page,2026-09-05,Airtasker UK service taxonomy.,London
Airtasker,Birthday Gift Delivery,Birthday Gift Delivery,Birthday Gift Delivery,Other / Unmapped,V2,https://www.airtasker.com/uk/services/,all_services_page,2026-09-05,Airtasker UK service taxonomy.,London
Airtasker,Birthday Grams,Birthday Grams,Birthday Grams,Other / Unmapped,V2,https://www.airtasker.com/uk/services/,all_services_page,2026-09-05,Airtasker UK service taxonomy.,London
Airtasker,Birthday Photographer,Birthday Photographer,Photography,Events & Creative,V2,https://www.airtasker.com/uk/services/,all_services_page,2026-09-05,Airtasker UK service taxonomy.,London
Airtasker,Blacksmithing,Blacksmithing,Blacksmithing,Other / Unmapped,V2,https://www.airtasker.com/uk/services/,all_services_page,2026-09-05,Airtasker UK service taxonomy.,London
Airtasker,Blind Cleaning,Blind Cleaning,Cleaning,Cleaning & Household,V2,https://www.airtasker.com/uk/services/,all_services_page,2026-09-05,Airtasker UK service taxonomy.,London
Airtasker,Blind Repairs,Blind Repairs,Blind Repairs,Other / Unmapped,V2,https://www.airtasker.com/uk/services/,all_services_page,2026-09-05,Airtasker UK service taxonomy.,London
Airtasker,Blog Writing,Blog Writing,Blog Writing,Other / Unmapped,V2,https://www.airtasker.com/uk/services/,all_services_page,2026-09-05,Airtasker UK service taxonomy.,London
Airtasker,Blow Dry,Blow Dry,Blow Dry,Other / Unmapped,V2,https://www.airtasker.com/uk/services/,all_services_page,2026-09-05,Airtasker UK service taxonomy.,London
Airtasker,Board-Up Service,Board-Up Service,Board-Up Service,Other / Unmapped,V2,https://www.airtasker.com/uk/services/,all_services_page,2026-09-05,Airtasker UK service taxonomy.,London
Airtasker,Boat Transport,Boat Transport,Boat Transport,Other / Unmapped,V2,https://www.airtasker.com/uk/services/,all_services_page,2026-09-05,Airtasker UK service taxonomy.,London
Airtasker,Body Piercing,Body Piercing,Tattoo & Piercing,Beauty & Wellness,V2,https://www.airtasker.com/uk/services/,all_services_page,2026-09-05,Airtasker UK service taxonomy.,London
Airtasker,Bootcamp Training,Bootcamp Training,Bootcamp Training,Other / Unmapped,V2,https://www.airtasker.com/uk/services/,all_services_page,2026-09-05,Airtasker UK service taxonomy.,London
Airtasker,Boring Excavation,Boring Excavation,Boring Excavation,Other / Unmapped,V2,https://www.airtasker.com/uk/services/,all_services_page,2026-09-05,Airtasker UK service taxonomy.,London
Airtasker,Bosch Appliance Repair,Bosch Appliance Repair,Appliance Repair,Repair Services,V2,https://www.airtasker.com/uk/services/,all_services_page,2026-09-05,Airtasker UK service taxonomy.,London
Airtasker,Boxing Instructor,Boxing Instructor,Boxing Instructor,Other / Unmapped,V2,https://www.airtasker.com/uk/services/,all_services_page,2026-09-05,Airtasker UK service taxonomy.,London
Airtasker,Brake Pad Replacement,Brake Pad Replacement,Brake Pad Replacement,Other / Unmapped,V2,https://www.airtasker.com/uk/services/,all_services_page,2026-09-05,Airtasker UK service taxonomy.,London
Airtasker,Brake Repair,Brake Repair,Brake Repair,Other / Unmapped,V2,https://www.airtasker.com/uk/services/,all_services_page,2026-09-05,Airtasker UK service taxonomy.,London
Airtasker,Branding Designer,Branding Designer,Branding Designer,Other / Unmapped,V2,https://www.airtasker.com/uk/services/,all_services_page,2026-09-05,Airtasker UK service taxonomy.,London
Airtasker,Bread Delivery,Bread Delivery,Bread Delivery,Other / Unmapped,V2,https://www.airtasker.com/uk/services/,all_services_page,2026-09-05,Airtasker UK service taxonomy.,London
Airtasker,Breakfast Takeaway & Delivery,Breakfast Takeaway & Delivery,Breakfast Takeaway & Delivery,Other / Unmapped,V2,https://www.airtasker.com/uk/services/,all_services_page,2026-09-05,Airtasker UK service taxonomy.,London
Airtasker,Brick Cleaning,Brick Cleaning,Building & Construction,Home & Trades,V2,https://www.airtasker.com/uk/services/,all_services_page,2026-09-05,Airtasker UK service taxonomy.,London
Airtasker,Brick Paving,Brick Paving,Building & Construction,Home & Trades,V2,https://www.airtasker.com/uk/services/,all_services_page,2026-09-05,Airtasker UK service taxonomy.,London
Airtasker,Brick Repair,Brick Repair,Building & Construction,Home & Trades,V2,https://www.airtasker.com/uk/services/,all_services_page,2026-09-05,Airtasker UK service taxonomy.,London
Airtasker,Brick Rubble Removal,Brick Rubble Removal,Building & Construction,Home & Trades,V2,https://www.airtasker.com/uk/services/,all_services_page,2026-09-05,Airtasker UK service taxonomy.,London
Airtasker,Bricklayer,Bricklayer,Building & Construction,Home & Trades,V2,https://www.airtasker.com/uk/services/,all_services_page,2026-09-05,Airtasker UK service taxonomy.,London
Airtasker,Brownie Delivery,Brownie Delivery,Beauty & Skincare,Beauty & Wellness,V2,https://www.airtasker.com/uk/services/,all_services_page,2026-09-05,Airtasker UK service taxonomy.,London
Airtasker,Budgeting Help,Budgeting Help,Budgeting Help,Other / Unmapped,V2,https://www.airtasker.com/uk/services/,all_services_page,2026-09-05,Airtasker UK service taxonomy.,London
Airtasker,Buffet Catering,Buffet Catering,Catering,Events & Creative,V2,https://www.airtasker.com/uk/services/,all_services_page,2026-09-05,Airtasker UK service taxonomy.,London
Airtasker,Building & Construction,Building & Construction,Building & Construction,Home & Trades,V2,https://www.airtasker.com/uk/services/,all_services_page,2026-09-05,Airtasker UK service taxonomy.,London
Airtasker,Building Consultant,Building Consultant,Building & Construction,Home & Trades,V2,https://www.airtasker.com/uk/services/,all_services_page,2026-09-05,Airtasker UK service taxonomy.,London
Airtasker,Building Contractors,Building Contractors,Building & Construction,Home & Trades,V2,https://www.airtasker.com/uk/services/,all_services_page,2026-09-05,Airtasker UK service taxonomy.,London
Airtasker,Building Designers,Building Designers,Building & Construction,Home & Trades,V2,https://www.airtasker.com/uk/services/,all_services_page,2026-09-05,Airtasker UK service taxonomy.,London
Airtasker,Building Restoration,Building Restoration,Building & Construction,Home & Trades,V2,https://www.airtasker.com/uk/services/,all_services_page,2026-09-05,Airtasker UK service taxonomy.,London
Airtasker,Building Surveyor,Building Surveyor,Building & Construction,Home & Trades,V2,https://www.airtasker.com/uk/services/,all_services_page,2026-09-05,Airtasker UK service taxonomy.,London
Airtasker,Built,Built,Built,Other / Unmapped,V2,https://www.airtasker.com/uk/services/,all_services_page,2026-09-05,Airtasker UK service taxonomy.,London
Airtasker,Bulky Waste Collection,Bulky Waste Collection,Bulky Waste Collection,Other / Unmapped,V2,https://www.airtasker.com/uk/services/,all_services_page,2026-09-05,Airtasker UK service taxonomy.,London
Airtasker,Burger King Delivery,Burger King Delivery,Burger King Delivery,Other / Unmapped,V2,https://www.airtasker.com/uk/services/,all_services_page,2026-09-05,Airtasker UK service taxonomy.,London
Airtasker,Burger Takeaway,Burger Takeaway,Burger Takeaway,Other / Unmapped,V2,https://www.airtasker.com/uk/services/,all_services_page,2026-09-05,Airtasker UK service taxonomy.,London
Airtasker,Burglar Alarm Installation,Burglar Alarm Installation,Security Systems,Home & Trades,V2,https://www.airtasker.com/uk/services/,all_services_page,2026-09-05,Airtasker UK service taxonomy.,London
Airtasker,Business Advisory,Business Advisory,Business Advisory,Other / Unmapped,V2,https://www.airtasker.com/uk/services/,all_services_page,2026-09-05,Airtasker UK service taxonomy.,London
Airtasker,Business Coach,Business Coach,Business Coach,Other / Unmapped,V2,https://www.airtasker.com/uk/services/,all_services_page,2026-09-05,Airtasker UK service taxonomy.,London
Airtasker,Business Consultant,Business Consultant,Business Consultant,Other / Unmapped,V2,https://www.airtasker.com/uk/services/,all_services_page,2026-09-05,Airtasker UK service taxonomy.,London
Airtasker,CAD Designer,CAD Designer,CAD Designer,Other / Unmapped,V2,https://www.airtasker.com/uk/services/,all_services_page,2026-09-05,Airtasker UK service taxonomy.,London
Airtasker,CCTV Installation,CCTV Installation,Security Systems,Home & Trades,V2,https://www.airtasker.com/uk/services/,all_services_page,2026-09-05,Airtasker UK service taxonomy.,London
Airtasker,CPR Training,CPR Training,CPR Training,Other / Unmapped,V2,https://www.airtasker.com/uk/services/,all_services_page,2026-09-05,Airtasker UK service taxonomy.,London
Airtasker,Cabinet Design,Cabinet Design,Cabinet Design,Other / Unmapped,V2,https://www.airtasker.com/uk/services/,all_services_page,2026-09-05,Airtasker UK service taxonomy.,London
Airtasker,Cabinet Installation,Cabinet Installation,Cabinet Installation,Other / Unmapped,V2,https://www.airtasker.com/uk/services/,all_services_page,2026-09-05,Airtasker UK service taxonomy.,London
Airtasker,Cabinet Making,Cabinet Making,Cabinet Making,Other / Unmapped,V2,https://www.airtasker.com/uk/services/,all_services_page,2026-09-05,Airtasker UK service taxonomy.,London
Airtasker,Cake Decorators,Cake Decorators,Painting & Decorating,Home & Trades,V2,https://www.airtasker.com/uk/services/,all_services_page,2026-09-05,Airtasker UK service taxonomy.,London
Airtasker,Cake Delivery,Cake Delivery,Cake Delivery,Other / Unmapped,V2,https://www.airtasker.com/uk/services/,all_services_page,2026-09-05,Airtasker UK service taxonomy.,London
Airtasker,Cake Toppers,Cake Toppers,Cake Toppers,Other / Unmapped,V2,https://www.airtasker.com/uk/services/,all_services_page,2026-09-05,Airtasker UK service taxonomy.,London
Airtasker,Calligraphy Tutor,Calligraphy Tutor,Tutoring & Lessons,Education & Lessons,V2,https://www.airtasker.com/uk/services/,all_services_page,2026-09-05,Airtasker UK service taxonomy.,London
Airtasker,Cambelt Change,Cambelt Change,Cambelt Change,Other / Unmapped,V2,https://www.airtasker.com/uk/services/,all_services_page,2026-09-05,Airtasker UK service taxonomy.,London
Airtasker,Car Accident Repair,Car Accident Repair,Car Accident Repair,Other / Unmapped,V2,https://www.airtasker.com/uk/services/,all_services_page,2026-09-05,Airtasker UK service taxonomy.,London
Airtasker,Car Air Conditioning Service,Car Air Conditioning Service,Air Conditioning & Ventilation,Home & Trades,V2,https://www.airtasker.com/uk/services/,all_services_page,2026-09-05,Airtasker UK service taxonomy.,London
Airtasker,Car Aircon Regas,Car Aircon Regas,Car Aircon Regas,Other / Unmapped,V2,https://www.airtasker.com/uk/services/,all_services_page,2026-09-05,Airtasker UK service taxonomy.,London
Airtasker,Car Aircon Repair,Car Aircon Repair,Car Aircon Repair,Other / Unmapped,V2,https://www.airtasker.com/uk/services/,all_services_page,2026-09-05,Airtasker UK service taxonomy.,London
Airtasker,Car Alarm System Repair,Car Alarm System Repair,Security Systems,Home & Trades,V2,https://www.airtasker.com/uk/services/,all_services_page,2026-09-05,Airtasker UK service taxonomy.,London
Airtasker,Car Battery Replacement,Car Battery Replacement,Car Battery Replacement,Other / Unmapped,V2,https://www.airtasker.com/uk/services/,all_services_page,2026-09-05,Airtasker UK service taxonomy.,London
Airtasker,Car Body Repair,Car Body Repair,Car Body Repair,Other / Unmapped,V2,https://www.airtasker.com/uk/services/,all_services_page,2026-09-05,Airtasker UK service taxonomy.,London
Airtasker,Car Body Work,Car Body Work,Car Body Work,Other / Unmapped,V2,https://www.airtasker.com/uk/services/,all_services_page,2026-09-05,Airtasker UK service taxonomy.,London
Airtasker,Car Bumper Repair,Car Bumper Repair,Car Bumper Repair,Other / Unmapped,V2,https://www.airtasker.com/uk/services/,all_services_page,2026-09-05,Airtasker UK service taxonomy.,London
Airtasker,Car CD Player Installation,Car CD Player Installation,Car CD Player Installation,Other / Unmapped,V2,https://www.airtasker.com/uk/services/,all_services_page,2026-09-05,Airtasker UK service taxonomy.,London
Airtasker,Car Cleaning,Car Cleaning,Cleaning,Cleaning & Household,V2,https://www.airtasker.com/uk/services/,all_services_page,2026-09-05,Airtasker UK service taxonomy.,London
Airtasker,Car Delivery Service,Car Delivery Service,Car Delivery Service,Other / Unmapped,V2,https://www.airtasker.com/uk/services/,all_services_page,2026-09-05,Airtasker UK service taxonomy.,London
Airtasker,Car Detailing,Car Detailing,Car Cleaning & Detailing,Automotive,V2,https://www.airtasker.com/uk/services/,all_services_page,2026-09-05,Airtasker UK service taxonomy.,London
Airtasker,Car Diagnostics,Car Diagnostics,Car Diagnostics,Other / Unmapped,V2,https://www.airtasker.com/uk/services/,all_services_page,2026-09-05,Airtasker UK service taxonomy.,London
Airtasker,Car Electrical Repair,Car Electrical Repair,Electrical Services,Home & Trades,V2,https://www.airtasker.com/uk/services/,all_services_page,2026-09-05,Airtasker UK service taxonomy.,London
Airtasker,Car Engine Steam Cleaning,Car Engine Steam Cleaning,Cleaning,Cleaning & Household,V2,https://www.airtasker.com/uk/services/,all_services_page,2026-09-05,Airtasker UK service taxonomy.,London
Airtasker,Car Glass Repair,Car Glass Repair,Windows & Glazing,Home & Trades,V2,https://www.airtasker.com/uk/services/,all_services_page,2026-09-05,Airtasker UK service taxonomy.,London
Airtasker,Car Inspection,Car Inspection,Car Inspection,Other / Unmapped,V2,https://www.airtasker.com/uk/services/,all_services_page,2026-09-05,Airtasker UK service taxonomy.,London
Airtasker,Car Interior Cleaning,Car Interior Cleaning,Cleaning,Cleaning & Household,V2,https://www.airtasker.com/uk/services/,all_services_page,2026-09-05,Airtasker UK service taxonomy.,London
Airtasker,Car Key Repair,Car Key Repair,Car Key Repair,Other / Unmapped,V2,https://www.airtasker.com/uk/services/,all_services_page,2026-09-05,Airtasker UK service taxonomy.,London
Airtasker,Car Key Replacement,Car Key Replacement,Car Key Replacement,Other / Unmapped,V2,https://www.airtasker.com/uk/services/,all_services_page,2026-09-05,Airtasker UK service taxonomy.,London
Airtasker,Car Keyless Entry System Installation,Car Keyless Entry System Installation,Car Keyless Entry System Installation,Other / Unmapped,V2,https://www.airtasker.com/uk/services/,all_services_page,2026-09-05,Airtasker UK service taxonomy.,London
Airtasker,Car Paint Repair,Car Paint Repair,Painting & Decorating,Home & Trades,V2,https://www.airtasker.com/uk/services/,all_services_page,2026-09-05,Airtasker UK service taxonomy.,London
Airtasker,Car Painting,Car Painting,Painting & Decorating,Home & Trades,V2,https://www.airtasker.com/uk/services/,all_services_page,2026-09-05,Airtasker UK service taxonomy.,London
Airtasker,Car Repair,Car Repair,Vehicle Repair,Automotive,V2,https://www.airtasker.com/uk/services/,all_services_page,2026-09-05,Airtasker UK service taxonomy.,London
Airtasker,Car Respray,Car Respray,Car Respray,Other / Unmapped,V2,https://www.airtasker.com/uk/services/,all_services_page,2026-09-05,Airtasker UK service taxonomy.,London
Airtasker,Car Restoration,Car Restoration,Car Restoration,Other / Unmapped,V2,https://www.airtasker.com/uk/services/,all_services_page,2026-09-05,Airtasker UK service taxonomy.,London
Airtasker,Car Roof Lining Repair,Car Roof Lining Repair,Roofing & Guttering,Home & Trades,V2,https://www.airtasker.com/uk/services/,all_services_page,2026-09-05,Airtasker UK service taxonomy.,London
Airtasker,Car Scratch Repair,Car Scratch Repair,Car Scratch Repair,Other / Unmapped,V2,https://www.airtasker.com/uk/services/,all_services_page,2026-09-05,Airtasker UK service taxonomy.,London
Airtasker,Car Seat Repair,Car Seat Repair,Car Seat Repair,Other / Unmapped,V2,https://www.airtasker.com/uk/services/,all_services_page,2026-09-05,Airtasker UK service taxonomy.,London
Airtasker,Car Service,Car Service,Car Service,Other / Unmapped,V2,https://www.airtasker.com/uk/services/,all_services_page,2026-09-05,Airtasker UK service taxonomy.,London
Airtasker,Car Servicing and MOT,Car Servicing and MOT,Car Servicing and MOT,Other / Unmapped,V2,https://www.airtasker.com/uk/services/,all_services_page,2026-09-05,Airtasker UK service taxonomy.,London
Airtasker,Car Speaker Installation,Car Speaker Installation,Car Speaker Installation,Other / Unmapped,V2,https://www.airtasker.com/uk/services/,all_services_page,2026-09-05,Airtasker UK service taxonomy.,London
Airtasker,Car Stereo Installation,Car Stereo Installation,Car Stereo Installation,Other / Unmapped,V2,https://www.airtasker.com/uk/services/,all_services_page,2026-09-05,Airtasker UK service taxonomy.,London
Airtasker,Car Upholstery Repair,Car Upholstery Repair,Furniture Repair,Repair Services,V2,https://www.airtasker.com/uk/services/,all_services_page,2026-09-05,Airtasker UK service taxonomy.,London
Airtasker,Car Valet,Car Valet,Car Valet,Other / Unmapped,V2,https://www.airtasker.com/uk/services/,all_services_page,2026-09-05,Airtasker UK service taxonomy.,London
Airtasker,Car Wash,Car Wash,Car Cleaning & Detailing,Automotive,V2,https://www.airtasker.com/uk/services/,all_services_page,2026-09-05,Airtasker UK service taxonomy.,London
Airtasker,Car Welding,Car Welding,Car Welding,Other / Unmapped,V2,https://www.airtasker.com/uk/services/,all_services_page,2026-09-05,Airtasker UK service taxonomy.,London
Airtasker,Car Window Repair,Car Window Repair,Windows & Glazing,Home & Trades,V2,https://www.airtasker.com/uk/services/,all_services_page,2026-09-05,Airtasker UK service taxonomy.,London
Airtasker,Car Window Replacement,Car Window Replacement,Windows & Glazing,Home & Trades,V2,https://www.airtasker.com/uk/services/,all_services_page,2026-09-05,Airtasker UK service taxonomy.,London
Airtasker,Car Window Tinting,Car Window Tinting,Windows & Glazing,Home & Trades,V2,https://www.airtasker.com/uk/services/,all_services_page,2026-09-05,Airtasker UK service taxonomy.,London
Airtasker,Car Wrapping,Car Wrapping,Car Wrapping,Other / Unmapped,V2,https://www.airtasker.com/uk/services/,all_services_page,2026-09-05,Airtasker UK service taxonomy.,London
Airtasker,Caravan Transport,Caravan Transport,Caravan Transport,Other / Unmapped,V2,https://www.airtasker.com/uk/services/,all_services_page,2026-09-05,Airtasker UK service taxonomy.,London
Airtasker,Carbon Bike Repair,Carbon Bike Repair,Carbon Bike Repair,Other / Unmapped,V2,https://www.airtasker.com/uk/services/,all_services_page,2026-09-05,Airtasker UK service taxonomy.,London
Airtasker,Carburetor Tuning,Carburetor Tuning,Carburetor Tuning,Other / Unmapped,V2,https://www.airtasker.com/uk/services/,all_services_page,2026-09-05,Airtasker UK service taxonomy.,London
Airtasker,Career Coach,Career Coach,Career Coach,Other / Unmapped,V2,https://www.airtasker.com/uk/services/,all_services_page,2026-09-05,Airtasker UK service taxonomy.,London
Airtasker,Carpentry,Carpentry,Carpentry & Joinery,Home & Trades,V2,https://www.airtasker.com/uk/services/,all_services_page,2026-09-05,Airtasker UK service taxonomy.,London
Airtasker,Carpet Cleaning,Carpet Cleaning,Cleaning,Cleaning & Household,V2,https://www.airtasker.com/uk/services/,all_services_page,2026-09-05,Airtasker UK service taxonomy.,London
Airtasker,Carpet Laying & Installation,Carpet Laying & Installation,Carpet Laying & Installation,Other / Unmapped,V2,https://www.airtasker.com/uk/services/,all_services_page,2026-09-05,Airtasker UK service taxonomy.,London
Airtasker,Case Study Writing,Case Study Writing,Case Study Writing,Other / Unmapped,V2,https://www.airtasker.com/uk/services/,all_services_page,2026-09-05,Airtasker UK service taxonomy.,London
Airtasker,Cat Boarding,Cat Boarding,Cat Boarding,Other / Unmapped,V2,https://www.airtasker.com/uk/services/,all_services_page,2026-09-05,Airtasker UK service taxonomy.,London
Airtasker,Cat Care,Cat Care,Cat Care,Other / Unmapped,V2,https://www.airtasker.com/uk/services/,all_services_page,2026-09-05,Airtasker UK service taxonomy.,London
Airtasker,Cat Door Installation,Cat Door Installation,Doors & Door Services,Home & Trades,V2,https://www.airtasker.com/uk/services/,all_services_page,2026-09-05,Airtasker UK service taxonomy.,London
Airtasker,Cat Flap Fitter,Cat Flap Fitter,Cat Flap Fitter,Other / Unmapped,V2,https://www.airtasker.com/uk/services/,all_services_page,2026-09-05,Airtasker UK service taxonomy.,London
Airtasker,Cat Grooming,Cat Grooming,Cat Grooming,Other / Unmapped,V2,https://www.airtasker.com/uk/services/,all_services_page,2026-09-05,Airtasker UK service taxonomy.,London
Airtasker,Cat Sitting,Cat Sitting,Pet Sitting,Pet Services,V2,https://www.airtasker.com/uk/services/,all_services_page,2026-09-05,Airtasker UK service taxonomy.,London
Airtasker,Cat Training,Cat Training,Cat Training,Other / Unmapped,V2,https://www.airtasker.com/uk/services/,all_services_page,2026-09-05,Airtasker UK service taxonomy.,London
Airtasker,Catalogue Delivery,Catalogue Delivery,Catalogue Delivery,Other / Unmapped,V2,https://www.airtasker.com/uk/services/,all_services_page,2026-09-05,Airtasker UK service taxonomy.,London
Airtasker,Catering,Catering,Catering,Events & Creative,V2,https://www.airtasker.com/uk/services/,all_services_page,2026-09-05,Airtasker UK service taxonomy.,London
Airtasker,Cavity Wall Insulation,Cavity Wall Insulation,Insulation,Home & Trades,V2,https://www.airtasker.com/uk/services/,all_services_page,2026-09-05,Airtasker UK service taxonomy.,London
Airtasker,Ceiling Cladding,Ceiling Cladding,Ceiling Cladding,Other / Unmapped,V2,https://www.airtasker.com/uk/services/,all_services_page,2026-09-05,Airtasker UK service taxonomy.,London
Airtasker,Ceiling Cleaning,Ceiling Cleaning,Cleaning,Cleaning & Household,V2,https://www.airtasker.com/uk/services/,all_services_page,2026-09-05,Airtasker UK service taxonomy.,London
Airtasker,Ceiling Fan Installation,Ceiling Fan Installation,Ceiling Fan Installation,Other / Unmapped,V2,https://www.airtasker.com/uk/services/,all_services_page,2026-09-05,Airtasker UK service taxonomy.,London
Airtasker,Ceiling Fan Repair,Ceiling Fan Repair,Ceiling Fan Repair,Other / Unmapped,V2,https://www.airtasker.com/uk/services/,all_services_page,2026-09-05,Airtasker UK service taxonomy.,London
Airtasker,Celebration Cakes,Celebration Cakes,Celebration Cakes,Other / Unmapped,V2,https://www.airtasker.com/uk/services/,all_services_page,2026-09-05,Airtasker UK service taxonomy.,London
Airtasker,Cellar & Basement Clearance,Cellar & Basement Clearance,Cellar & Basement Clearance,Other / Unmapped,V2,https://www.airtasker.com/uk/services/,all_services_page,2026-09-05,Airtasker UK service taxonomy.,London
Airtasker,Cello Lessons,Cello Lessons,Tutoring & Lessons,Education & Lessons,V2,https://www.airtasker.com/uk/services/,all_services_page,2026-09-05,Airtasker UK service taxonomy.,London
Airtasker,Central Heating,Central Heating,Heating & Boiler Services,Home & Trades,V2,https://www.airtasker.com/uk/services/,all_services_page,2026-09-05,Airtasker UK service taxonomy.,London
Airtasker,Central Locking Installation,Central Locking Installation,Central Locking Installation,Other / Unmapped,V2,https://www.airtasker.com/uk/services/,all_services_page,2026-09-05,Airtasker UK service taxonomy.,London
Airtasker,Chain Link Fencing,Chain Link Fencing,Fencing & Gates,Home & Trades,V2,https://www.airtasker.com/uk/services/,all_services_page,2026-09-05,Airtasker UK service taxonomy.,London
Airtasker,Chainsaw Service & Repair,Chainsaw Service & Repair,Chainsaw Service & Repair,Other / Unmapped,V2,https://www.airtasker.com/uk/services/,all_services_page,2026-09-05,Airtasker UK service taxonomy.,London
Airtasker,Chainsawing,Chainsawing,Chainsawing,Other / Unmapped,V2,https://www.airtasker.com/uk/services/,all_services_page,2026-09-05,Airtasker UK service taxonomy.,London
Airtasker,Chair Repair,Chair Repair,Chair Repair,Other / Unmapped,V2,https://www.airtasker.com/uk/services/,all_services_page,2026-09-05,Airtasker UK service taxonomy.,London
Airtasker,Chandelier Installation,Chandelier Installation,Chandelier Installation,Other / Unmapped,V2,https://www.airtasker.com/uk/services/,all_services_page,2026-09-05,Airtasker UK service taxonomy.,London
Airtasker,Chef,Chef,Chef,Other / Unmapped,V2,https://www.airtasker.com/uk/services/,all_services_page,2026-09-05,Airtasker UK service taxonomy.,London
Airtasker,Chemistry Tutor,Chemistry Tutor,Tutoring & Lessons,Education & Lessons,V2,https://www.airtasker.com/uk/services/,all_services_page,2026-09-05,Airtasker UK service taxonomy.,London
Airtasker,Chess Lessons,Chess Lessons,Tutoring & Lessons,Education & Lessons,V2,https://www.airtasker.com/uk/services/,all_services_page,2026-09-05,Airtasker UK service taxonomy.,London
Airtasker,Chicken Runs,Chicken Runs,Chicken Runs,Other / Unmapped,V2,https://www.airtasker.com/uk/services/,all_services_page,2026-09-05,Airtasker UK service taxonomy.,London
Airtasker,Chicken Takeaway,Chicken Takeaway,Chicken Takeaway,Other / Unmapped,V2,https://www.airtasker.com/uk/services/,all_services_page,2026-09-05,Airtasker UK service taxonomy.,London
Airtasker,Child Counselling,Child Counselling,Therapy & Counselling,Health & Fitness,V2,https://www.airtasker.com/uk/services/,all_services_page,2026-09-05,Airtasker UK service taxonomy.,London
Airtasker,Childcare & Safety,Childcare & Safety,Childcare & Safety,Other / Unmapped,V2,https://www.airtasker.com/uk/services/,all_services_page,2026-09-05,Airtasker UK service taxonomy.,London
Airtasker,Childminders,Childminders,Childminders,Other / Unmapped,V2,https://www.airtasker.com/uk/services/,all_services_page,2026-09-05,Airtasker UK service taxonomy.,London
Airtasker,Chimney Repair,Chimney Repair,Chimney Repair,Other / Unmapped,V2,https://www.airtasker.com/uk/services/,all_services_page,2026-09-05,Airtasker UK service taxonomy.,London
Airtasker,Chimney Services,Chimney Services,Chimney Services,Other / Unmapped,V2,https://www.airtasker.com/uk/services/,all_services_page,2026-09-05,Airtasker UK service taxonomy.,London
Airtasker,Chimney Sweep,Chimney Sweep,Chimney Sweep,Other / Unmapped,V2,https://www.airtasker.com/uk/services/,all_services_page,2026-09-05,Airtasker UK service taxonomy.,London
Airtasker,Chinese Takeaway,Chinese Takeaway,Chinese Takeaway,Other / Unmapped,V2,https://www.airtasker.com/uk/services/,all_services_page,2026-09-05,Airtasker UK service taxonomy.,London
Airtasker,Chinese Tutor,Chinese Tutor,Tutoring & Lessons,Education & Lessons,V2,https://www.airtasker.com/uk/services/,all_services_page,2026-09-05,Airtasker UK service taxonomy.,London
Airtasker,Chisel Sharpening,Chisel Sharpening,Chisel Sharpening,Other / Unmapped,V2,https://www.airtasker.com/uk/services/,all_services_page,2026-09-05,Airtasker UK service taxonomy.,London
Airtasker,Chocolate Delivery,Chocolate Delivery,Chocolate Delivery,Other / Unmapped,V2,https://www.airtasker.com/uk/services/,all_services_page,2026-09-05,Airtasker UK service taxonomy.,London
Airtasker,Christian Counselling,Christian Counselling,Therapy & Counselling,Health & Fitness,V2,https://www.airtasker.com/uk/services/,all_services_page,2026-09-05,Airtasker UK service taxonomy.,London
Airtasker,Christmas Decorating,Christmas Decorating,Painting & Decorating,Home & Trades,V2,https://www.airtasker.com/uk/services/,all_services_page,2026-09-05,Airtasker UK service taxonomy.,London
Airtasker,Christmas Gift Delivery,Christmas Gift Delivery,Christmas Gift Delivery,Other / Unmapped,V2,https://www.airtasker.com/uk/services/,all_services_page,2026-09-05,Airtasker UK service taxonomy.,London
Airtasker,Christmas Light Installations,Christmas Light Installations,Christmas Light Installations,Other / Unmapped,V2,https://www.airtasker.com/uk/services/,all_services_page,2026-09-05,Airtasker UK service taxonomy.,London
Airtasker,Christmas Tree Delivery,Christmas Tree Delivery,Christmas Tree Delivery,Other / Unmapped,V2,https://www.airtasker.com/uk/services/,all_services_page,2026-09-05,Airtasker UK service taxonomy.,London
Airtasker,Christmas Tree Disposal,Christmas Tree Disposal,Christmas Tree Disposal,Other / Unmapped,V2,https://www.airtasker.com/uk/services/,all_services_page,2026-09-05,Airtasker UK service taxonomy.,London
Airtasker,Circuit Board Repair,Circuit Board Repair,Circuit Board Repair,Other / Unmapped,V2,https://www.airtasker.com/uk/services/,all_services_page,2026-09-05,Airtasker UK service taxonomy.,London
Airtasker,Cladding,Cladding,Cladding,Other / Unmapped,V2,https://www.airtasker.com/uk/services/,all_services_page,2026-09-05,Airtasker UK service taxonomy.,London
Airtasker,Cladding Cleaning,Cladding Cleaning,Cleaning,Cleaning & Household,V2,https://www.airtasker.com/uk/services/,all_services_page,2026-09-05,Airtasker UK service taxonomy.,London
Airtasker,Cladding Repairs,Cladding Repairs,Cladding Repairs,Other / Unmapped,V2,https://www.airtasker.com/uk/services/,all_services_page,2026-09-05,Airtasker UK service taxonomy.,London
Airtasker,Cladding Replacement,Cladding Replacement,Cladding Replacement,Other / Unmapped,V2,https://www.airtasker.com/uk/services/,all_services_page,2026-09-05,Airtasker UK service taxonomy.,London
Airtasker,Clarinet Lessons,Clarinet Lessons,Tutoring & Lessons,Education & Lessons,V2,https://www.airtasker.com/uk/services/,all_services_page,2026-09-05,Airtasker UK service taxonomy.,London
Airtasker,Cleaning,Cleaning,Cleaning,Cleaning & Household,V2,https://www.airtasker.com/uk/services/,all_services_page,2026-09-05,Airtasker UK service taxonomy.,London
Airtasker,Cleaning Services,Cleaning Services,Cleaning,Cleaning & Household,V2,https://www.airtasker.com/uk/services/,all_services_page,2026-09-05,Airtasker UK service taxonomy.,London
Airtasker,Clearance Services,Clearance Services,Clearance Services,Other / Unmapped,V2,https://www.airtasker.com/uk/services/,all_services_page,2026-09-05,Airtasker UK service taxonomy.,London
Airtasker,Climbing Frame Installer,Climbing Frame Installer,Climbing Frame Installer,Other / Unmapped,V2,https://www.airtasker.com/uk/services/,all_services_page,2026-09-05,Airtasker UK service taxonomy.,London
Airtasker,Clock Repair,Clock Repair,Locksmith,Home & Trades,V2,https://www.airtasker.com/uk/services/,all_services_page,2026-09-05,Airtasker UK service taxonomy.,London
Airtasker,Clothesline Installation,Clothesline Installation,Clothesline Installation,Other / Unmapped,V2,https://www.airtasker.com/uk/services/,all_services_page,2026-09-05,Airtasker UK service taxonomy.,London
Airtasker,Clothing Repair,Clothing Repair,Clothing Repair,Other / Unmapped,V2,https://www.airtasker.com/uk/services/,all_services_page,2026-09-05,Airtasker UK service taxonomy.,London
Airtasker,Clown,Clown,Clown,Other / Unmapped,V2,https://www.airtasker.com/uk/services/,all_services_page,2026-09-05,Airtasker UK service taxonomy.,London
Airtasker,Clutch Replacement,Clutch Replacement,Clutch Replacement,Other / Unmapped,V2,https://www.airtasker.com/uk/services/,all_services_page,2026-09-05,Airtasker UK service taxonomy.,London
Airtasker,Coaching,Coaching,Coaching,Other / Unmapped,V2,https://www.airtasker.com/uk/services/,all_services_page,2026-09-05,Airtasker UK service taxonomy.,London
Airtasker,Coat Repair,Coat Repair,Coat Repair,Other / Unmapped,V2,https://www.airtasker.com/uk/services/,all_services_page,2026-09-05,Airtasker UK service taxonomy.,London
Airtasker,Coding Tutor,Coding Tutor,Tutoring & Lessons,Education & Lessons,V2,https://www.airtasker.com/uk/services/,all_services_page,2026-09-05,Airtasker UK service taxonomy.,London
Airtasker,Coffee Catering,Coffee Catering,Catering,Events & Creative,V2,https://www.airtasker.com/uk/services/,all_services_page,2026-09-05,Airtasker UK service taxonomy.,London
Airtasker,Coffee Delivery,Coffee Delivery,Coffee Delivery,Other / Unmapped,V2,https://www.airtasker.com/uk/services/,all_services_page,2026-09-05,Airtasker UK service taxonomy.,London
Airtasker,Coffee Machine Repairs,Coffee Machine Repairs,Coffee Machine Repairs,Other / Unmapped,V2,https://www.airtasker.com/uk/services/,all_services_page,2026-09-05,Airtasker UK service taxonomy.,London
Airtasker,Coffee Shop Designers,Coffee Shop Designers,Coffee Shop Designers,Other / Unmapped,V2,https://www.airtasker.com/uk/services/,all_services_page,2026-09-05,Airtasker UK service taxonomy.,London
Airtasker,Coffee Table Repair,Coffee Table Repair,Coffee Table Repair,Other / Unmapped,V2,https://www.airtasker.com/uk/services/,all_services_page,2026-09-05,Airtasker UK service taxonomy.,London
Airtasker,Cognitive Behavioural Therapy,Cognitive Behavioural Therapy,Therapy & Counselling,Health & Fitness,V2,https://www.airtasker.com/uk/services/,all_services_page,2026-09-05,Airtasker UK service taxonomy.,London
Airtasker,Combi Boiler Repair,Combi Boiler Repair,Heating & Boiler Services,Home & Trades,V2,https://www.airtasker.com/uk/services/,all_services_page,2026-09-05,Airtasker UK service taxonomy.,London
Airtasker,Comedians,Comedians,Comedians,Other / Unmapped,V2,https://www.airtasker.com/uk/services/,all_services_page,2026-09-05,Airtasker UK service taxonomy.,London
Airtasker,Commercial Cleaning,Commercial Cleaning,Cleaning,Cleaning & Household,V2,https://www.airtasker.com/uk/services/,all_services_page,2026-09-05,Airtasker UK service taxonomy.,London
Airtasker,Commercial Kitchen Cleaning,Commercial Kitchen Cleaning,Kitchen Services,Home & Trades,V2,https://www.airtasker.com/uk/services/,all_services_page,2026-09-05,Airtasker UK service taxonomy.,London
Airtasker,Commercial Landscaping,Commercial Landscaping,Gardening & Landscaping,Home & Trades,V2,https://www.airtasker.com/uk/services/,all_services_page,2026-09-05,Airtasker UK service taxonomy.,London
Airtasker,Commercial Laundry,Commercial Laundry,Commercial Laundry,Other / Unmapped,V2,https://www.airtasker.com/uk/services/,all_services_page,2026-09-05,Airtasker UK service taxonomy.,London
Airtasker,Commercial Painting,Commercial Painting,Painting & Decorating,Home & Trades,V2,https://www.airtasker.com/uk/services/,all_services_page,2026-09-05,Airtasker UK service taxonomy.,London
Airtasker,Commercial Photographer,Commercial Photographer,Photography,Events & Creative,V2,https://www.airtasker.com/uk/services/,all_services_page,2026-09-05,Airtasker UK service taxonomy.,London
Airtasker,Commercial Roofing,Commercial Roofing,Roofing & Guttering,Home & Trades,V2,https://www.airtasker.com/uk/services/,all_services_page,2026-09-05,Airtasker UK service taxonomy.,London
Airtasker,Commercial Waste Collection,Commercial Waste Collection,Commercial Waste Collection,Other / Unmapped,V2,https://www.airtasker.com/uk/services/,all_services_page,2026-09-05,Airtasker UK service taxonomy.,London
Airtasker,Commercial Window Cleaning,Commercial Window Cleaning,Windows & Glazing,Home & Trades,V2,https://www.airtasker.com/uk/services/,all_services_page,2026-09-05,Airtasker UK service taxonomy.,London
Airtasker,Computer Hardware,Computer Hardware,Computer Hardware,Other / Unmapped,V2,https://www.airtasker.com/uk/services/,all_services_page,2026-09-05,Airtasker UK service taxonomy.,London
Airtasker,Computer Repairs,Computer Repairs,Computer Repair,Repair Services,V2,https://www.airtasker.com/uk/services/,all_services_page,2026-09-05,Airtasker UK service taxonomy.,London
Airtasker,Computer Science Tutor,Computer Science Tutor,Tutoring & Lessons,Education & Lessons,V2,https://www.airtasker.com/uk/services/,all_services_page,2026-09-05,Airtasker UK service taxonomy.,London
Airtasker,Computer Support,Computer Support,Computer Support,Other / Unmapped,V2,https://www.airtasker.com/uk/services/,all_services_page,2026-09-05,Airtasker UK service taxonomy.,London
Airtasker,Computer Training,Computer Training,Computer Training,Other / Unmapped,V2,https://www.airtasker.com/uk/services/,all_services_page,2026-09-05,Airtasker UK service taxonomy.,London
Airtasker,Computer Upgrades,Computer Upgrades,Computer Upgrades,Other / Unmapped,V2,https://www.airtasker.com/uk/services/,all_services_page,2026-09-05,Airtasker UK service taxonomy.,London
Airtasker,Computers & IT,Computers & IT,Computers & IT,Other / Unmapped,V2,https://www.airtasker.com/uk/services/,all_services_page,2026-09-05,Airtasker UK service taxonomy.,London
Airtasker,Concert Photographer,Concert Photographer,Photography,Events & Creative,V2,https://www.airtasker.com/uk/services/,all_services_page,2026-09-05,Airtasker UK service taxonomy.,London
Airtasker,Concrete Cutting,Concrete Cutting,Concrete Cutting,Other / Unmapped,V2,https://www.airtasker.com/uk/services/,all_services_page,2026-09-05,Airtasker UK service taxonomy.,London
Airtasker,Concrete Delivery,Concrete Delivery,Concrete Delivery,Other / Unmapped,V2,https://www.airtasker.com/uk/services/,all_services_page,2026-09-05,Airtasker UK service taxonomy.,London
Airtasker,Concrete Floor Cleaning,Concrete Floor Cleaning,Flooring,Home & Trades,V2,https://www.airtasker.com/uk/services/,all_services_page,2026-09-05,Airtasker UK service taxonomy.,London
Airtasker,Concrete Floor Polishing,Concrete Floor Polishing,Flooring,Home & Trades,V2,https://www.airtasker.com/uk/services/,all_services_page,2026-09-05,Airtasker UK service taxonomy.,London
Airtasker,Concrete Flooring,Concrete Flooring,Flooring,Home & Trades,V2,https://www.airtasker.com/uk/services/,all_services_page,2026-09-05,Airtasker UK service taxonomy.,London
Airtasker,Concrete Repair,Concrete Repair,Concrete Repair,Other / Unmapped,V2,https://www.airtasker.com/uk/services/,all_services_page,2026-09-05,Airtasker UK service taxonomy.,London
Airtasker,Concrete Resurfacing,Concrete Resurfacing,Concrete Resurfacing,Other / Unmapped,V2,https://www.airtasker.com/uk/services/,all_services_page,2026-09-05,Airtasker UK service taxonomy.,London
Airtasker,Concreting,Concreting,Concreting,Other / Unmapped,V2,https://www.airtasker.com/uk/services/,all_services_page,2026-09-05,Airtasker UK service taxonomy.,London
Airtasker,Conservatory Blinds Installation,Conservatory Blinds Installation,Conservatory Blinds Installation,Other / Unmapped,V2,https://www.airtasker.com/uk/services/,all_services_page,2026-09-05,Airtasker UK service taxonomy.,London
Airtasker,Conservatory Cleaning,Conservatory Cleaning,Cleaning,Cleaning & Household,V2,https://www.airtasker.com/uk/services/,all_services_page,2026-09-05,Airtasker UK service taxonomy.,London
Airtasker,Conservatory Extension,Conservatory Extension,Building & Construction,Home & Trades,V2,https://www.airtasker.com/uk/services/,all_services_page,2026-09-05,Airtasker UK service taxonomy.,London
Airtasker,Conservatory Insulation,Conservatory Insulation,Insulation,Home & Trades,V2,https://www.airtasker.com/uk/services/,all_services_page,2026-09-05,Airtasker UK service taxonomy.,London
Airtasker,Conservatory Repairs,Conservatory Repairs,Conservatory Repairs,Other / Unmapped,V2,https://www.airtasker.com/uk/services/,all_services_page,2026-09-05,Airtasker UK service taxonomy.,London
Airtasker,Conservatory Roof Replacement,Conservatory Roof Replacement,Roofing & Guttering,Home & Trades,V2,https://www.airtasker.com/uk/services/,all_services_page,2026-09-05,Airtasker UK service taxonomy.,London
Airtasker,Console Repair,Console Repair,Console Repair,Other / Unmapped,V2,https://www.airtasker.com/uk/services/,all_services_page,2026-09-05,Airtasker UK service taxonomy.,London
Airtasker,Content Creation,Content Creation,Content Creation,Other / Unmapped,V2,https://www.airtasker.com/uk/services/,all_services_page,2026-09-05,Airtasker UK service taxonomy.,London
Airtasker,Cooker Hood Installation & Repair,Cooker Hood Installation & Repair,Cooker Hood Installation & Repair,Other / Unmapped,V2,https://www.airtasker.com/uk/services/,all_services_page,2026-09-05,Airtasker UK service taxonomy.,London
Airtasker,Cooking,Cooking,Cooking,Other / Unmapped,V2,https://www.airtasker.com/uk/services/,all_services_page,2026-09-05,Airtasker UK service taxonomy.,London
Airtasker,Cooking Lessons,Cooking Lessons,Tutoring & Lessons,Education & Lessons,V2,https://www.airtasker.com/uk/services/,all_services_page,2026-09-05,Airtasker UK service taxonomy.,London
Airtasker,Cooktop Installation,Cooktop Installation,Cooktop Installation,Other / Unmapped,V2,https://www.airtasker.com/uk/services/,all_services_page,2026-09-05,Airtasker UK service taxonomy.,London
Airtasker,Copywriting,Copywriting,Copywriting,Other / Unmapped,V2,https://www.airtasker.com/uk/services/,all_services_page,2026-09-05,Airtasker UK service taxonomy.,London
Airtasker,Cork Flooring,Cork Flooring,Flooring,Home & Trades,V2,https://www.airtasker.com/uk/services/,all_services_page,2026-09-05,Airtasker UK service taxonomy.,London
Airtasker,Cornice Repair,Cornice Repair,Cornice Repair,Other / Unmapped,V2,https://www.airtasker.com/uk/services/,all_services_page,2026-09-05,Airtasker UK service taxonomy.,London
Airtasker,Corporate Photographers,Corporate Photographers,Photography,Events & Creative,V2,https://www.airtasker.com/uk/services/,all_services_page,2026-09-05,Airtasker UK service taxonomy.,London
Airtasker,Costa Coffee Delivery,Costa Coffee Delivery,Costa Coffee Delivery,Other / Unmapped,V2,https://www.airtasker.com/uk/services/,all_services_page,2026-09-05,Airtasker UK service taxonomy.,London
Airtasker,Costume Maker,Costume Maker,Costume Maker,Other / Unmapped,V2,https://www.airtasker.com/uk/services/,all_services_page,2026-09-05,Airtasker UK service taxonomy.,London
Airtasker,Couch Cleaning,Couch Cleaning,Cleaning,Cleaning & Household,V2,https://www.airtasker.com/uk/services/,all_services_page,2026-09-05,Airtasker UK service taxonomy.,London
Airtasker,Counselling & Therapy,Counselling & Therapy,Therapy & Counselling,Health & Fitness,V2,https://www.airtasker.com/uk/services/,all_services_page,2026-09-05,Airtasker UK service taxonomy.,London
Airtasker,Couple Photoshoots,Couple Photoshoots,Couple Photoshoots,Other / Unmapped,V2,https://www.airtasker.com/uk/services/,all_services_page,2026-09-05,Airtasker UK service taxonomy.,London
Airtasker,Courier Services,Courier Services,Courier Services,Other / Unmapped,V2,https://www.airtasker.com/uk/services/,all_services_page,2026-09-05,Airtasker UK service taxonomy.,London
Airtasker,Creative Writer,Creative Writer,Creative Writer,Other / Unmapped,V2,https://www.airtasker.com/uk/services/,all_services_page,2026-09-05,Airtasker UK service taxonomy.,London
Airtasker,Cube Storage Assembly,Cube Storage Assembly,Furniture Assembly,Repair Services,V2,https://www.airtasker.com/uk/services/,all_services_page,2026-09-05,Airtasker UK service taxonomy.,London
Airtasker,Curly Hair Specialists,Curly Hair Specialists,Curly Hair Specialists,Other / Unmapped,V2,https://www.airtasker.com/uk/services/,all_services_page,2026-09-05,Airtasker UK service taxonomy.,London
Airtasker,Curtain Cleaning,Curtain Cleaning,Cleaning,Cleaning & Household,V2,https://www.airtasker.com/uk/services/,all_services_page,2026-09-05,Airtasker UK service taxonomy.,London
Airtasker,Curtain Dry Cleaning,Curtain Dry Cleaning,Cleaning,Cleaning & Household,V2,https://www.airtasker.com/uk/services/,all_services_page,2026-09-05,Airtasker UK service taxonomy.,London
Airtasker,Curtain Rod Installation,Curtain Rod Installation,Curtain Rod Installation,Other / Unmapped,V2,https://www.airtasker.com/uk/services/,all_services_page,2026-09-05,Airtasker UK service taxonomy.,London
Airtasker,Curtains & Blinds Fitters,Curtains & Blinds Fitters,Curtains & Blinds Fitters,Other / Unmapped,V2,https://www.airtasker.com/uk/services/,all_services_page,2026-09-05,Airtasker UK service taxonomy.,London
Airtasker,Custom Birthday Cakes,Custom Birthday Cakes,Custom Birthday Cakes,Other / Unmapped,V2,https://www.airtasker.com/uk/services/,all_services_page,2026-09-05,Airtasker UK service taxonomy.,London
Airtasker,Custom Cakes,Custom Cakes,Custom Cakes,Other / Unmapped,V2,https://www.airtasker.com/uk/services/,all_services_page,2026-09-05,Airtasker UK service taxonomy.,London
Airtasker,Custom Shelving,Custom Shelving,Custom Shelving,Other / Unmapped,V2,https://www.airtasker.com/uk/services/,all_services_page,2026-09-05,Airtasker UK service taxonomy.,London
Airtasker,Cycling Training,Cycling Training,Cycling Training,Other / Unmapped,V2,https://www.airtasker.com/uk/services/,all_services_page,2026-09-05,Airtasker UK service taxonomy.,London
Airtasker,DBT Therapy,DBT Therapy,Therapy & Counselling,Health & Fitness,V2,https://www.airtasker.com/uk/services/,all_services_page,2026-09-05,Airtasker UK service taxonomy.,London
Airtasker,DJ,DJ,DJ Services,Events & Creative,V2,https://www.airtasker.com/uk/services/,all_services_page,2026-09-05,Airtasker UK service taxonomy.,London
Airtasker,Damp Proofing,Damp Proofing,Damp & Waterproofing,Home & Trades,V2,https://www.airtasker.com/uk/services/,all_services_page,2026-09-05,Airtasker UK service taxonomy.,London
Airtasker,Damp Surveyor,Damp Surveyor,Damp & Waterproofing,Home & Trades,V2,https://www.airtasker.com/uk/services/,all_services_page,2026-09-05,Airtasker UK service taxonomy.,London
Airtasker,Dance Lessons,Dance Lessons,Tutoring & Lessons,Education & Lessons,V2,https://www.airtasker.com/uk/services/,all_services_page,2026-09-05,Airtasker UK service taxonomy.,London
Airtasker,Dancer,Dancer,Dancer,Other / Unmapped,V2,https://www.airtasker.com/uk/services/,all_services_page,2026-09-05,Airtasker UK service taxonomy.,London
Airtasker,Dash Cam Installation,Dash Cam Installation,Dash Cam Installation,Other / Unmapped,V2,https://www.airtasker.com/uk/services/,all_services_page,2026-09-05,Airtasker UK service taxonomy.,London
Airtasker,Data Cable Installation,Data Cable Installation,Data Cable Installation,Other / Unmapped,V2,https://www.airtasker.com/uk/services/,all_services_page,2026-09-05,Airtasker UK service taxonomy.,London
Airtasker,Data Entry,Data Entry,Data Entry,Other / Unmapped,V2,https://www.airtasker.com/uk/services/,all_services_page,2026-09-05,Airtasker UK service taxonomy.,London
Airtasker,Data Recovery,Data Recovery,Data Recovery,Other / Unmapped,V2,https://www.airtasker.com/uk/services/,all_services_page,2026-09-05,Airtasker UK service taxonomy.,London
Airtasker,Database Developer,Database Developer,Database Developer,Other / Unmapped,V2,https://www.airtasker.com/uk/services/,all_services_page,2026-09-05,Airtasker UK service taxonomy.,London
Airtasker,Deck Repair,Deck Repair,Deck Repair,Other / Unmapped,V2,https://www.airtasker.com/uk/services/,all_services_page,2026-09-05,Airtasker UK service taxonomy.,London
Airtasker,Deck Sealing,Deck Sealing,Deck Sealing,Other / Unmapped,V2,https://www.airtasker.com/uk/services/,all_services_page,2026-09-05,Airtasker UK service taxonomy.,London
Airtasker,Deck Staining,Deck Staining,Deck Staining,Other / Unmapped,V2,https://www.airtasker.com/uk/services/,all_services_page,2026-09-05,Airtasker UK service taxonomy.,London
Airtasker,Decking,Decking,Decking,Other / Unmapped,V2,https://www.airtasker.com/uk/services/,all_services_page,2026-09-05,Airtasker UK service taxonomy.,London
Airtasker,Decluttering,Decluttering,Decluttering,Other / Unmapped,V2,https://www.airtasker.com/uk/services/,all_services_page,2026-09-05,Airtasker UK service taxonomy.,London
Airtasker,Delivery,Delivery,Delivery,Other / Unmapped,V2,https://www.airtasker.com/uk/services/,all_services_page,2026-09-05,Airtasker UK service taxonomy.,London
Airtasker,Demolition,Demolition,Demolition,Home & Trades,V2,https://www.airtasker.com/uk/services/,all_services_page,2026-09-05,Airtasker UK service taxonomy.,London
Airtasker,Depression Counselling,Depression Counselling,Therapy & Counselling,Health & Fitness,V2,https://www.airtasker.com/uk/services/,all_services_page,2026-09-05,Airtasker UK service taxonomy.,London
Airtasker,Design,Design,Design,Other / Unmapped,V2,https://www.airtasker.com/uk/services/,all_services_page,2026-09-05,Airtasker UK service taxonomy.,London
Airtasker,Dessert Catering,Dessert Catering,Catering,Events & Creative,V2,https://www.airtasker.com/uk/services/,all_services_page,2026-09-05,Airtasker UK service taxonomy.,London
Airtasker,Dessert Delivery,Dessert Delivery,Dessert Delivery,Other / Unmapped,V2,https://www.airtasker.com/uk/services/,all_services_page,2026-09-05,Airtasker UK service taxonomy.,London
Airtasker,Destination Wedding Photographer,Destination Wedding Photographer,Photography,Events & Creative,V2,https://www.airtasker.com/uk/services/,all_services_page,2026-09-05,Airtasker UK service taxonomy.,London
Airtasker,Dietitian,Dietitian,Dietitian,Other / Unmapped,V2,https://www.airtasker.com/uk/services/,all_services_page,2026-09-05,Airtasker UK service taxonomy.,London
Airtasker,Digital Design,Digital Design,Digital Design,Other / Unmapped,V2,https://www.airtasker.com/uk/services/,all_services_page,2026-09-05,Airtasker UK service taxonomy.,London
Airtasker,Dining Chair Repair,Dining Chair Repair,Dining Chair Repair,Other / Unmapped,V2,https://www.airtasker.com/uk/services/,all_services_page,2026-09-05,Airtasker UK service taxonomy.,London
Airtasker,Dining Room Painting,Dining Room Painting,Painting & Decorating,Home & Trades,V2,https://www.airtasker.com/uk/services/,all_services_page,2026-09-05,Airtasker UK service taxonomy.,London
Airtasker,Dinner Delivery,Dinner Delivery,Dinner Delivery,Other / Unmapped,V2,https://www.airtasker.com/uk/services/,all_services_page,2026-09-05,Airtasker UK service taxonomy.,London
Airtasker,Disassembly,Disassembly,Furniture Assembly,Repair Services,V2,https://www.airtasker.com/uk/services/,all_services_page,2026-09-05,Airtasker UK service taxonomy.,London
Airtasker,Dishwasher Not Draining,Dishwasher Not Draining,Dishwasher Not Draining,Other / Unmapped,V2,https://www.airtasker.com/uk/services/,all_services_page,2026-09-05,Airtasker UK service taxonomy.,London
Airtasker,Dishwasher Removal,Dishwasher Removal,Removals & Moving,Cleaning & Household,V2,https://www.airtasker.com/uk/services/,all_services_page,2026-09-05,Airtasker UK service taxonomy.,London
Airtasker,Dishwasher Repair,Dishwasher Repair,Appliance Repair,Repair Services,V2,https://www.airtasker.com/uk/services/,all_services_page,2026-09-05,Airtasker UK service taxonomy.,London
Airtasker,Diving Lessons,Diving Lessons,Tutoring & Lessons,Education & Lessons,V2,https://www.airtasker.com/uk/services/,all_services_page,2026-09-05,Airtasker UK service taxonomy.,London
Airtasker,Divorce Counselling,Divorce Counselling,Therapy & Counselling,Health & Fitness,V2,https://www.airtasker.com/uk/services/,all_services_page,2026-09-05,Airtasker UK service taxonomy.,London
Airtasker,Document Filing,Document Filing,Document Filing,Other / Unmapped,V2,https://www.airtasker.com/uk/services/,all_services_page,2026-09-05,Airtasker UK service taxonomy.,London
Airtasker,Documentary Wedding Photographer,Documentary Wedding Photographer,Photography,Events & Creative,V2,https://www.airtasker.com/uk/services/,all_services_page,2026-09-05,Airtasker UK service taxonomy.,London
Airtasker,Dog Boarding,Dog Boarding,Dog Boarding,Other / Unmapped,V2,https://www.airtasker.com/uk/services/,all_services_page,2026-09-05,Airtasker UK service taxonomy.,London
Airtasker,Dog Care,Dog Care,Dog Care,Other / Unmapped,V2,https://www.airtasker.com/uk/services/,all_services_page,2026-09-05,Airtasker UK service taxonomy.,London
Airtasker,Dog Day Care,Dog Day Care,Dog Day Care,Other / Unmapped,V2,https://www.airtasker.com/uk/services/,all_services_page,2026-09-05,Airtasker UK service taxonomy.,London
Airtasker,Dog Door Installation,Dog Door Installation,Doors & Door Services,Home & Trades,V2,https://www.airtasker.com/uk/services/,all_services_page,2026-09-05,Airtasker UK service taxonomy.,London
Airtasker,Dog Food Delivery,Dog Food Delivery,Dog Food Delivery,Other / Unmapped,V2,https://www.airtasker.com/uk/services/,all_services_page,2026-09-05,Airtasker UK service taxonomy.,London
Airtasker,Dog Grooming,Dog Grooming,Pet Grooming,Pet Services,V2,https://www.airtasker.com/uk/services/,all_services_page,2026-09-05,Airtasker UK service taxonomy.,London
Airtasker,Dog House Builder,Dog House Builder,Building & Construction,Home & Trades,V2,https://www.airtasker.com/uk/services/,all_services_page,2026-09-05,Airtasker UK service taxonomy.,London
Airtasker,Dog Sitting,Dog Sitting,Pet Sitting,Pet Services,V2,https://www.airtasker.com/uk/services/,all_services_page,2026-09-05,Airtasker UK service taxonomy.,London
Airtasker,Dog Training,Dog Training,Pet Training,Pet Services,V2,https://www.airtasker.com/uk/services/,all_services_page,2026-09-05,Airtasker UK service taxonomy.,London
Airtasker,Dog Walking,Dog Walking,Dog Walking,Pet Services,V2,https://www.airtasker.com/uk/services/,all_services_page,2026-09-05,Airtasker UK service taxonomy.,London
Airtasker,Dog Wash,Dog Wash,Dog Wash,Other / Unmapped,V2,https://www.airtasker.com/uk/services/,all_services_page,2026-09-05,Airtasker UK service taxonomy.,London
Airtasker,Donut Delivery,Donut Delivery,Donut Delivery,Other / Unmapped,V2,https://www.airtasker.com/uk/services/,all_services_page,2026-09-05,Airtasker UK service taxonomy.,London
Airtasker,Door Frame Fitting,Door Frame Fitting,Doors & Door Services,Home & Trades,V2,https://www.airtasker.com/uk/services/,all_services_page,2026-09-05,Airtasker UK service taxonomy.,London
Airtasker,Door Frame Installation,Door Frame Installation,Doors & Door Services,Home & Trades,V2,https://www.airtasker.com/uk/services/,all_services_page,2026-09-05,Airtasker UK service taxonomy.,London
Airtasker,Door Handle Fitting & Repair,Door Handle Fitting & Repair,Doors & Door Services,Home & Trades,V2,https://www.airtasker.com/uk/services/,all_services_page,2026-09-05,Airtasker UK service taxonomy.,London
Airtasker,Door Hanging,Door Hanging,Doors & Door Services,Home & Trades,V2,https://www.airtasker.com/uk/services/,all_services_page,2026-09-05,Airtasker UK service taxonomy.,London
Airtasker,Door Installation,Door Installation,Doors & Door Services,Home & Trades,V2,https://www.airtasker.com/uk/services/,all_services_page,2026-09-05,Airtasker UK service taxonomy.,London
Airtasker,Door Knob Installation,Door Knob Installation,Doors & Door Services,Home & Trades,V2,https://www.airtasker.com/uk/services/,all_services_page,2026-09-05,Airtasker UK service taxonomy.,London
Airtasker,Door Repair,Door Repair,Doors & Door Services,Home & Trades,V2,https://www.airtasker.com/uk/services/,all_services_page,2026-09-05,Airtasker UK service taxonomy.,London
Airtasker,Double Glazing,Double Glazing,Windows & Glazing,Home & Trades,V2,https://www.airtasker.com/uk/services/,all_services_page,2026-09-05,Airtasker UK service taxonomy.,London
Airtasker,Double Glazing Replacement,Double Glazing Replacement,Windows & Glazing,Home & Trades,V2,https://www.airtasker.com/uk/services/,all_services_page,2026-09-05,Airtasker UK service taxonomy.,London
Airtasker,Downlights Installation,Downlights Installation,Downlights Installation,Other / Unmapped,V2,https://www.airtasker.com/uk/services/,all_services_page,2026-09-05,Airtasker UK service taxonomy.,London
Airtasker,Downpipe Installation & Repair,Downpipe Installation & Repair,Downpipe Installation & Repair,Other / Unmapped,V2,https://www.airtasker.com/uk/services/,all_services_page,2026-09-05,Airtasker UK service taxonomy.,London
Airtasker,Drafting,Drafting,Drafting,Other / Unmapped,V2,https://www.airtasker.com/uk/services/,all_services_page,2026-09-05,Airtasker UK service taxonomy.,London
Airtasker,Draftsman,Draftsman,Draftsman,Other / Unmapped,V2,https://www.airtasker.com/uk/services/,all_services_page,2026-09-05,Airtasker UK service taxonomy.,London
Airtasker,Drain Cleaning,Drain Cleaning,Cleaning,Cleaning & Household,V2,https://www.airtasker.com/uk/services/,all_services_page,2026-09-05,Airtasker UK service taxonomy.,London
Airtasker,Draught Proofing,Draught Proofing,Draught Proofing,Other / Unmapped,V2,https://www.airtasker.com/uk/services/,all_services_page,2026-09-05,Airtasker UK service taxonomy.,London
Airtasker,Drawing,Drawing,Drawing,Other / Unmapped,V2,https://www.airtasker.com/uk/services/,all_services_page,2026-09-05,Airtasker UK service taxonomy.,London
Airtasker,Drawing Lessons,Drawing Lessons,Tutoring & Lessons,Education & Lessons,V2,https://www.airtasker.com/uk/services/,all_services_page,2026-09-05,Airtasker UK service taxonomy.,London
Airtasker,Dressmakers,Dressmakers,Dressmakers,Other / Unmapped,V2,https://www.airtasker.com/uk/services/,all_services_page,2026-09-05,Airtasker UK service taxonomy.,London
Airtasker,Dried Flower Delivery,Dried Flower Delivery,Dried Flower Delivery,Other / Unmapped,V2,https://www.airtasker.com/uk/services/,all_services_page,2026-09-05,Airtasker UK service taxonomy.,London
Airtasker,Drip Irrigation Systems,Drip Irrigation Systems,Drip Irrigation Systems,Other / Unmapped,V2,https://www.airtasker.com/uk/services/,all_services_page,2026-09-05,Airtasker UK service taxonomy.,London
Airtasker,Driveway Cleaning,Driveway Cleaning,Driveways & Paving,Home & Trades,V2,https://www.airtasker.com/uk/services/,all_services_page,2026-09-05,Airtasker UK service taxonomy.,London
Airtasker,Driveway Repair,Driveway Repair,Driveways & Paving,Home & Trades,V2,https://www.airtasker.com/uk/services/,all_services_page,2026-09-05,Airtasker UK service taxonomy.,London
Airtasker,Driveway Sealing,Driveway Sealing,Driveways & Paving,Home & Trades,V2,https://www.airtasker.com/uk/services/,all_services_page,2026-09-05,Airtasker UK service taxonomy.,London
Airtasker,Driving,Driving,Driving,Other / Unmapped,V2,https://www.airtasker.com/uk/services/,all_services_page,2026-09-05,Airtasker UK service taxonomy.,London
Airtasker,Driving Lessons,Driving Lessons,Tutoring & Lessons,Education & Lessons,V2,https://www.airtasker.com/uk/services/,all_services_page,2026-09-05,Airtasker UK service taxonomy.,London
Airtasker,Drone Repair,Drone Repair,Drone Repair,Other / Unmapped,V2,https://www.airtasker.com/uk/services/,all_services_page,2026-09-05,Airtasker UK service taxonomy.,London
Airtasker,Drone Training,Drone Training,Drone Training,Other / Unmapped,V2,https://www.airtasker.com/uk/services/,all_services_page,2026-09-05,Airtasker UK service taxonomy.,London
Airtasker,Drum Lessons,Drum Lessons,Tutoring & Lessons,Education & Lessons,V2,https://www.airtasker.com/uk/services/,all_services_page,2026-09-05,Airtasker UK service taxonomy.,London
Airtasker,Dry Carpet Cleaning,Dry Carpet Cleaning,Cleaning,Cleaning & Household,V2,https://www.airtasker.com/uk/services/,all_services_page,2026-09-05,Airtasker UK service taxonomy.,London
Airtasker,Dry Rot Treatment,Dry Rot Treatment,Dry Rot Treatment,Other / Unmapped,V2,https://www.airtasker.com/uk/services/,all_services_page,2026-09-05,Airtasker UK service taxonomy.,London
Airtasker,Dryer Installation,Dryer Installation,Dryer Installation,Other / Unmapped,V2,https://www.airtasker.com/uk/services/,all_services_page,2026-09-05,Airtasker UK service taxonomy.,London
Airtasker,Dryer Repair,Dryer Repair,Dryer Repair,Other / Unmapped,V2,https://www.airtasker.com/uk/services/,all_services_page,2026-09-05,Airtasker UK service taxonomy.,London
Airtasker,Drywall Repair & Patch,Drywall Repair & Patch,Drywall Repair & Patch,Other / Unmapped,V2,https://www.airtasker.com/uk/services/,all_services_page,2026-09-05,Airtasker UK service taxonomy.,London
Airtasker,Duct Cleaning,Duct Cleaning,Cleaning,Cleaning & Household,V2,https://www.airtasker.com/uk/services/,all_services_page,2026-09-05,Airtasker UK service taxonomy.,London
Airtasker,Dunelm Furniture Assembly,Dunelm Furniture Assembly,Furniture Assembly,Repair Services,V2,https://www.airtasker.com/uk/services/,all_services_page,2026-09-05,Airtasker UK service taxonomy.,London
Airtasker,Dusting,Dusting,Dusting,Other / Unmapped,V2,https://www.airtasker.com/uk/services/,all_services_page,2026-09-05,Airtasker UK service taxonomy.,London
Airtasker,Dutch Lessons,Dutch Lessons,Tutoring & Lessons,Education & Lessons,V2,https://www.airtasker.com/uk/services/,all_services_page,2026-09-05,Airtasker UK service taxonomy.,London
Airtasker,Duvet Dry Cleaning,Duvet Dry Cleaning,Cleaning,Cleaning & Household,V2,https://www.airtasker.com/uk/services/,all_services_page,2026-09-05,Airtasker UK service taxonomy.,London
Airtasker,Dyson Wall Mounting,Dyson Wall Mounting,Dyson Wall Mounting,Other / Unmapped,V2,https://www.airtasker.com/uk/services/,all_services_page,2026-09-05,Airtasker UK service taxonomy.,London
Airtasker,EMDR Therapy,EMDR Therapy,Therapy & Counselling,Health & Fitness,V2,https://www.airtasker.com/uk/services/,all_services_page,2026-09-05,Airtasker UK service taxonomy.,London
Airtasker,EPDM Roofing,EPDM Roofing,Roofing & Guttering,Home & Trades,V2,https://www.airtasker.com/uk/services/,all_services_page,2026-09-05,Airtasker UK service taxonomy.,London
Airtasker,EV Services,EV Services,EV Services,Other / Unmapped,V2,https://www.airtasker.com/uk/services/,all_services_page,2026-09-05,Airtasker UK service taxonomy.,London
Airtasker,Ear Piercing,Ear Piercing,Tattoo & Piercing,Beauty & Wellness,V2,https://www.airtasker.com/uk/services/,all_services_page,2026-09-05,Airtasker UK service taxonomy.,London
Airtasker,Earthmoving Contractors,Earthmoving Contractors,Removals & Moving,Cleaning & Household,V2,https://www.airtasker.com/uk/services/,all_services_page,2026-09-05,Airtasker UK service taxonomy.,London
Airtasker,Eating Disorder Therapy,Eating Disorder Therapy,Therapy & Counselling,Health & Fitness,V2,https://www.airtasker.com/uk/services/,all_services_page,2026-09-05,Airtasker UK service taxonomy.,London
Airtasker,Economics Tutor,Economics Tutor,Tutoring & Lessons,Education & Lessons,V2,https://www.airtasker.com/uk/services/,all_services_page,2026-09-05,Airtasker UK service taxonomy.,London
Airtasker,Edinburgh to Aberdeen Removals,Edinburgh to Aberdeen Removals,Removals & Moving,Cleaning & Household,V2,https://www.airtasker.com/uk/services/,all_services_page,2026-09-05,Airtasker UK service taxonomy.,London
Airtasker,Edinburgh to Cambridge Removals,Edinburgh to Cambridge Removals,Removals & Moving,Cleaning & Household,V2,https://www.airtasker.com/uk/services/,all_services_page,2026-09-05,Airtasker UK service taxonomy.,London
Airtasker,Edinburgh to Croydon Removals,Edinburgh to Croydon Removals,Removals & Moving,Cleaning & Household,V2,https://www.airtasker.com/uk/services/,all_services_page,2026-09-05,Airtasker UK service taxonomy.,London
Airtasker,Edinburgh to Dover Removals,Edinburgh to Dover Removals,Removals & Moving,Cleaning & Household,V2,https://www.airtasker.com/uk/services/,all_services_page,2026-09-05,Airtasker UK service taxonomy.,London
Airtasker,Edinburgh to Dundee Removals,Edinburgh to Dundee Removals,Removals & Moving,Cleaning & Household,V2,https://www.airtasker.com/uk/services/,all_services_page,2026-09-05,Airtasker UK service taxonomy.,London
Airtasker,Edinburgh to Glasgow Removals,Edinburgh to Glasgow Removals,Removals & Moving,Cleaning & Household,V2,https://www.airtasker.com/uk/services/,all_services_page,2026-09-05,Airtasker UK service taxonomy.,London
Airtasker,Edinburgh to Leeds Removals,Edinburgh to Leeds Removals,Removals & Moving,Cleaning & Household,V2,https://www.airtasker.com/uk/services/,all_services_page,2026-09-05,Airtasker UK service taxonomy.,London
Airtasker,Edinburgh to Liverpool Removals,Edinburgh to Liverpool Removals,Removals & Moving,Cleaning & Household,V2,https://www.airtasker.com/uk/services/,all_services_page,2026-09-05,Airtasker UK service taxonomy.,London
Airtasker,Edinburgh to Newcastle Removals,Edinburgh to Newcastle Removals,Removals & Moving,Cleaning & Household,V2,https://www.airtasker.com/uk/services/,all_services_page,2026-09-05,Airtasker UK service taxonomy.,London
Airtasker,Electric Bike Repair,Electric Bike Repair,Electrical Services,Home & Trades,V2,https://www.airtasker.com/uk/services/,all_services_page,2026-09-05,Airtasker UK service taxonomy.,London
Airtasker,Electric Boiler Installation & Repairs,Electric Boiler Installation & Repairs,Electrical Services,Home & Trades,V2,https://www.airtasker.com/uk/services/,all_services_page,2026-09-05,Airtasker UK service taxonomy.,London
Airtasker,Electric Car Service,Electric Car Service,Electrical Services,Home & Trades,V2,https://www.airtasker.com/uk/services/,all_services_page,2026-09-05,Airtasker UK service taxonomy.,London
Airtasker,Electric Cooker Installation and Repair,Electric Cooker Installation and Repair,Electrical Services,Home & Trades,V2,https://www.airtasker.com/uk/services/,all_services_page,2026-09-05,Airtasker UK service taxonomy.,London
Airtasker,Electric Guitar Lessons,Electric Guitar Lessons,Electrical Services,Home & Trades,V2,https://www.airtasker.com/uk/services/,all_services_page,2026-09-05,Airtasker UK service taxonomy.,London
Airtasker,Electric Scooter Repair,Electric Scooter Repair,Electrical Services,Home & Trades,V2,https://www.airtasker.com/uk/services/,all_services_page,2026-09-05,Airtasker UK service taxonomy.,London
Airtasker,Electric Shower Installation,Electric Shower Installation,Electrical Services,Home & Trades,V2,https://www.airtasker.com/uk/services/,all_services_page,2026-09-05,Airtasker UK service taxonomy.,London
Airtasker,Electrical Inspection and Testing,Electrical Inspection and Testing,Electrical Services,Home & Trades,V2,https://www.airtasker.com/uk/services/,all_services_page,2026-09-05,Airtasker UK service taxonomy.,London
Airtasker,Electrical Installation,Electrical Installation,Electrical Services,Home & Trades,V2,https://www.airtasker.com/uk/services/,all_services_page,2026-09-05,Airtasker UK service taxonomy.,London
Airtasker,Electrical Rewiring,Electrical Rewiring,Electrical Services,Home & Trades,V2,https://www.airtasker.com/uk/services/,all_services_page,2026-09-05,Airtasker UK service taxonomy.,London
Airtasker,Electricians,Electricians,Electrical Services,Home & Trades,V2,https://www.airtasker.com/uk/services/,all_services_page,2026-09-05,Airtasker UK service taxonomy.,London
Airtasker,Electronic Repair,Electronic Repair,Electronic Repair,Other / Unmapped,V2,https://www.airtasker.com/uk/services/,all_services_page,2026-09-05,Airtasker UK service taxonomy.,London
Airtasker,Elocution Lessons,Elocution Lessons,Tutoring & Lessons,Education & Lessons,V2,https://www.airtasker.com/uk/services/,all_services_page,2026-09-05,Airtasker UK service taxonomy.,London
Airtasker,Email Setup,Email Setup,Email Setup,Other / Unmapped,V2,https://www.airtasker.com/uk/services/,all_services_page,2026-09-05,Airtasker UK service taxonomy.,London
Airtasker,Embroidery Services,Embroidery Services,Embroidery Services,Other / Unmapped,V2,https://www.airtasker.com/uk/services/,all_services_page,2026-09-05,Airtasker UK service taxonomy.,London
Airtasker,Emergency Glazing,Emergency Glazing,Emergency Glazing,Other / Unmapped,V2,https://www.airtasker.com/uk/services/,all_services_page,2026-09-05,Airtasker UK service taxonomy.,London
Airtasker,Emergency Locksmith,Emergency Locksmith,Locksmith,Home & Trades,V2,https://www.airtasker.com/uk/services/,all_services_page,2026-09-05,Airtasker UK service taxonomy.,London
Airtasker,End of Lease Cleaning,End of Lease Cleaning,Cleaning,Cleaning & Household,V2,https://www.airtasker.com/uk/services/,all_services_page,2026-09-05,Airtasker UK service taxonomy.,London
Airtasker,End of Tenancy Cleaning,End of Tenancy Cleaning,Cleaning,Cleaning & Household,V2,https://www.airtasker.com/uk/services/,all_services_page,2026-09-05,Airtasker UK service taxonomy.,London
Airtasker,Engagement Photographer,Engagement Photographer,Photography,Events & Creative,V2,https://www.airtasker.com/uk/services/,all_services_page,2026-09-05,Airtasker UK service taxonomy.,London
Airtasker,Engine Rebuild,Engine Rebuild,Engine Rebuild,Other / Unmapped,V2,https://www.airtasker.com/uk/services/,all_services_page,2026-09-05,Airtasker UK service taxonomy.,London
Airtasker,Engine Replacement,Engine Replacement,Engine Replacement,Other / Unmapped,V2,https://www.airtasker.com/uk/services/,all_services_page,2026-09-05,Airtasker UK service taxonomy.,London
Airtasker,English Tutor,English Tutor,Tutoring & Lessons,Education & Lessons,V2,https://www.airtasker.com/uk/services/,all_services_page,2026-09-05,Airtasker UK service taxonomy.,London
Airtasker,Engraving,Engraving,Engraving,Other / Unmapped,V2,https://www.airtasker.com/uk/services/,all_services_page,2026-09-05,Airtasker UK service taxonomy.,London
Airtasker,Entertainment,Entertainment,Entertainment,Other / Unmapped,V2,https://www.airtasker.com/uk/services/,all_services_page,2026-09-05,Airtasker UK service taxonomy.,London
Airtasker,Environment Science Tutor,Environment Science Tutor,Tutoring & Lessons,Education & Lessons,V2,https://www.airtasker.com/uk/services/,all_services_page,2026-09-05,Airtasker UK service taxonomy.,London
Airtasker,Epoxy Floor Coating,Epoxy Floor Coating,Flooring,Home & Trades,V2,https://www.airtasker.com/uk/services/,all_services_page,2026-09-05,Airtasker UK service taxonomy.,London
Airtasker,Equestrian Fencing,Equestrian Fencing,Fencing & Gates,Home & Trades,V2,https://www.airtasker.com/uk/services/,all_services_page,2026-09-05,Airtasker UK service taxonomy.,London
Airtasker,Errand Runners,Errand Runners,Errand Runners,Other / Unmapped,V2,https://www.airtasker.com/uk/services/,all_services_page,2026-09-05,Airtasker UK service taxonomy.,London
Airtasker,Esol Tutor,Esol Tutor,Tutoring & Lessons,Education & Lessons,V2,https://www.airtasker.com/uk/services/,all_services_page,2026-09-05,Airtasker UK service taxonomy.,London
Airtasker,Event Decorator,Event Decorator,Painting & Decorating,Home & Trades,V2,https://www.airtasker.com/uk/services/,all_services_page,2026-09-05,Airtasker UK service taxonomy.,London
Airtasker,Event Photographers,Event Photographers,Photography,Events & Creative,V2,https://www.airtasker.com/uk/services/,all_services_page,2026-09-05,Airtasker UK service taxonomy.,London
Airtasker,Event Security,Event Security,Security Systems,Home & Trades,V2,https://www.airtasker.com/uk/services/,all_services_page,2026-09-05,Airtasker UK service taxonomy.,London
Airtasker,Event Setup & Cleaning,Event Setup & Cleaning,Cleaning,Cleaning & Household,V2,https://www.airtasker.com/uk/services/,all_services_page,2026-09-05,Airtasker UK service taxonomy.,London
Airtasker,Event Staff,Event Staff,Event Staff,Other / Unmapped,V2,https://www.airtasker.com/uk/services/,all_services_page,2026-09-05,Airtasker UK service taxonomy.,London
Airtasker,Events,Events,Events,Other / Unmapped,V2,https://www.airtasker.com/uk/services/,all_services_page,2026-09-05,Airtasker UK service taxonomy.,London
Airtasker,Executive Coach,Executive Coach,Executive Coach,Other / Unmapped,V2,https://www.airtasker.com/uk/services/,all_services_page,2026-09-05,Airtasker UK service taxonomy.,London
Airtasker,Exercise Bike Assembly,Exercise Bike Assembly,Furniture Assembly,Repair Services,V2,https://www.airtasker.com/uk/services/,all_services_page,2026-09-05,Airtasker UK service taxonomy.,London
Airtasker,Exhaust Repair,Exhaust Repair,Exhaust Repair,Other / Unmapped,V2,https://www.airtasker.com/uk/services/,all_services_page,2026-09-05,Airtasker UK service taxonomy.,London
Airtasker,Exterior Painting,Exterior Painting,Painting & Decorating,Home & Trades,V2,https://www.airtasker.com/uk/services/,all_services_page,2026-09-05,Airtasker UK service taxonomy.,London
Airtasker,Exterior Wall Cleaning,Exterior Wall Cleaning,Cleaning,Cleaning & Household,V2,https://www.airtasker.com/uk/services/,all_services_page,2026-09-05,Airtasker UK service taxonomy.,London
Airtasker,Extractor Fan Installation,Extractor Fan Installation,Extractor Fan Installation,Other / Unmapped,V2,https://www.airtasker.com/uk/services/,all_services_page,2026-09-05,Airtasker UK service taxonomy.,London
Airtasker,Eyebrow Microblading,Eyebrow Microblading,Beauty & Skincare,Beauty & Wellness,V2,https://www.airtasker.com/uk/services/,all_services_page,2026-09-05,Airtasker UK service taxonomy.,London
Airtasker,Eyebrow Threading,Eyebrow Threading,Beauty & Skincare,Beauty & Wellness,V2,https://www.airtasker.com/uk/services/,all_services_page,2026-09-05,Airtasker UK service taxonomy.,London
Airtasker,Eyebrow Waxing,Eyebrow Waxing,Hair Removal,Beauty & Wellness,V2,https://www.airtasker.com/uk/services/,all_services_page,2026-09-05,Airtasker UK service taxonomy.,London
Airtasker,Eyelash Extensions,Eyelash Extensions,Building & Construction,Home & Trades,V2,https://www.airtasker.com/uk/services/,all_services_page,2026-09-05,Airtasker UK service taxonomy.,London
Airtasker,Eyelash Lift and Tint,Eyelash Lift and Tint,Beauty & Skincare,Beauty & Wellness,V2,https://www.airtasker.com/uk/services/,all_services_page,2026-09-05,Airtasker UK service taxonomy.,London
Airtasker,Eyelash Perming,Eyelash Perming,Beauty & Skincare,Beauty & Wellness,V2,https://www.airtasker.com/uk/services/,all_services_page,2026-09-05,Airtasker UK service taxonomy.,London
Airtasker,Face Painting,Face Painting,Painting & Decorating,Home & Trades,V2,https://www.airtasker.com/uk/services/,all_services_page,2026-09-05,Airtasker UK service taxonomy.,London
Airtasker,Face Piercing,Face Piercing,Tattoo & Piercing,Beauty & Wellness,V2,https://www.airtasker.com/uk/services/,all_services_page,2026-09-05,Airtasker UK service taxonomy.,London
Airtasker,Facebook Marketing,Facebook Marketing,Marketing Services,Professional Services,V2,https://www.airtasker.com/uk/services/,all_services_page,2026-09-05,Airtasker UK service taxonomy.,London
Airtasker,Facial Hair Removal,Facial Hair Removal,Removals & Moving,Cleaning & Household,V2,https://www.airtasker.com/uk/services/,all_services_page,2026-09-05,Airtasker UK service taxonomy.,London
Airtasker,Family Photoshoots,Family Photoshoots,Family Photoshoots,Other / Unmapped,V2,https://www.airtasker.com/uk/services/,all_services_page,2026-09-05,Airtasker UK service taxonomy.,London
Airtasker,Family Therapy,Family Therapy,Therapy & Counselling,Health & Fitness,V2,https://www.airtasker.com/uk/services/,all_services_page,2026-09-05,Airtasker UK service taxonomy.,London
Airtasker,Fan Belt Replacement,Fan Belt Replacement,Fan Belt Replacement,Other / Unmapped,V2,https://www.airtasker.com/uk/services/,all_services_page,2026-09-05,Airtasker UK service taxonomy.,London
Airtasker,Fascias and Guttering,Fascias and Guttering,Roofing & Guttering,Home & Trades,V2,https://www.airtasker.com/uk/services/,all_services_page,2026-09-05,Airtasker UK service taxonomy.,London
Airtasker,Fashion Photographer,Fashion Photographer,Photography,Events & Creative,V2,https://www.airtasker.com/uk/services/,all_services_page,2026-09-05,Airtasker UK service taxonomy.,London
Airtasker,Fast Food Delivery,Fast Food Delivery,Fast Food Delivery,Other / Unmapped,V2,https://www.airtasker.com/uk/services/,all_services_page,2026-09-05,Airtasker UK service taxonomy.,London
Airtasker,Father's Day Gift Delivery,Father's Day Gift Delivery,Father's Day Gift Delivery,Other / Unmapped,V2,https://www.airtasker.com/uk/services/,all_services_page,2026-09-05,Airtasker UK service taxonomy.,London
Airtasker,Felt Roofing,Felt Roofing,Roofing & Guttering,Home & Trades,V2,https://www.airtasker.com/uk/services/,all_services_page,2026-09-05,Airtasker UK service taxonomy.,London
Airtasker,Female Personal Training,Female Personal Training,Female Personal Training,Other / Unmapped,V2,https://www.airtasker.com/uk/services/,all_services_page,2026-09-05,Airtasker UK service taxonomy.,London
Airtasker,Fence Installation,Fence Installation,Fencing & Gates,Home & Trades,V2,https://www.airtasker.com/uk/services/,all_services_page,2026-09-05,Airtasker UK service taxonomy.,London
Airtasker,Fence Painting,Fence Painting,Painting & Decorating,Home & Trades,V2,https://www.airtasker.com/uk/services/,all_services_page,2026-09-05,Airtasker UK service taxonomy.,London
Airtasker,Fence Repair,Fence Repair,Fencing & Gates,Home & Trades,V2,https://www.airtasker.com/uk/services/,all_services_page,2026-09-05,Airtasker UK service taxonomy.,London
Airtasker,Fence Staining,Fence Staining,Fencing & Gates,Home & Trades,V2,https://www.airtasker.com/uk/services/,all_services_page,2026-09-05,Airtasker UK service taxonomy.,London
Airtasker,Fencing,Fencing,Fencing & Gates,Home & Trades,V2,https://www.airtasker.com/uk/services/,all_services_page,2026-09-05,Airtasker UK service taxonomy.,London
Airtasker,Fencing Lessons,Fencing Lessons,Fencing & Gates,Home & Trades,V2,https://www.airtasker.com/uk/services/,all_services_page,2026-09-05,Airtasker UK service taxonomy.,London
Airtasker,Fiat Service,Fiat Service,Fiat Service,Other / Unmapped,V2,https://www.airtasker.com/uk/services/,all_services_page,2026-09-05,Airtasker UK service taxonomy.,London
Airtasker,Fibreglass Roofing,Fibreglass Roofing,Roofing & Guttering,Home & Trades,V2,https://www.airtasker.com/uk/services/,all_services_page,2026-09-05,Airtasker UK service taxonomy.,London
Airtasker,File Conversion Help,File Conversion Help,File Conversion Help,Other / Unmapped,V2,https://www.airtasker.com/uk/services/,all_services_page,2026-09-05,Airtasker UK service taxonomy.,London
Airtasker,Financial Advisor,Financial Advisor,Financial Advisor,Other / Unmapped,V2,https://www.airtasker.com/uk/services/,all_services_page,2026-09-05,Airtasker UK service taxonomy.,London
Airtasker,Financial Modelling,Financial Modelling,Financial Modelling,Other / Unmapped,V2,https://www.airtasker.com/uk/services/,all_services_page,2026-09-05,Airtasker UK service taxonomy.,London
Airtasker,Financial Planning,Financial Planning,Financial Planning,Other / Unmapped,V2,https://www.airtasker.com/uk/services/,all_services_page,2026-09-05,Airtasker UK service taxonomy.,London
Airtasker,Financial Reporting,Financial Reporting,Financial Reporting,Other / Unmapped,V2,https://www.airtasker.com/uk/services/,all_services_page,2026-09-05,Airtasker UK service taxonomy.,London
Airtasker,Fire Alarm Installation,Fire Alarm Installation,Security Systems,Home & Trades,V2,https://www.airtasker.com/uk/services/,all_services_page,2026-09-05,Airtasker UK service taxonomy.,London
Airtasker,Fire Damage,Fire Damage,Fire Damage,Other / Unmapped,V2,https://www.airtasker.com/uk/services/,all_services_page,2026-09-05,Airtasker UK service taxonomy.,London
Airtasker,Fire Door Installation,Fire Door Installation,Doors & Door Services,Home & Trades,V2,https://www.airtasker.com/uk/services/,all_services_page,2026-09-05,Airtasker UK service taxonomy.,London
Airtasker,Fire Risk Assessment Service,Fire Risk Assessment Service,Fire Risk Assessment Service,Other / Unmapped,V2,https://www.airtasker.com/uk/services/,all_services_page,2026-09-05,Airtasker UK service taxonomy.,London
Airtasker,Fireplace Installation,Fireplace Installation,Fireplace Installation,Other / Unmapped,V2,https://www.airtasker.com/uk/services/,all_services_page,2026-09-05,Airtasker UK service taxonomy.,London
Airtasker,First Aid Training,First Aid Training,First Aid Training,Other / Unmapped,V2,https://www.airtasker.com/uk/services/,all_services_page,2026-09-05,Airtasker UK service taxonomy.,London
Airtasker,Fish & Chips Takeaway,Fish & Chips Takeaway,Fish & Chips Takeaway,Other / Unmapped,V2,https://www.airtasker.com/uk/services/,all_services_page,2026-09-05,Airtasker UK service taxonomy.,London
Airtasker,Fish Tank Cleaning,Fish Tank Cleaning,Cleaning,Cleaning & Household,V2,https://www.airtasker.com/uk/services/,all_services_page,2026-09-05,Airtasker UK service taxonomy.,London
Airtasker,Fish Tank Repair,Fish Tank Repair,Fish Tank Repair,Other / Unmapped,V2,https://www.airtasker.com/uk/services/,all_services_page,2026-09-05,Airtasker UK service taxonomy.,London
Airtasker,Fishing Lessons,Fishing Lessons,Tutoring & Lessons,Education & Lessons,V2,https://www.airtasker.com/uk/services/,all_services_page,2026-09-05,Airtasker UK service taxonomy.,London
Airtasker,Fitness,Fitness,Fitness & Personal Training,Health & Fitness,V2,https://www.airtasker.com/uk/services/,all_services_page,2026-09-05,Airtasker UK service taxonomy.,London
Airtasker,Fitness Equipment Installation,Fitness Equipment Installation,Fitness & Personal Training,Health & Fitness,V2,https://www.airtasker.com/uk/services/,all_services_page,2026-09-05,Airtasker UK service taxonomy.,London
Airtasker,Flat Clearance,Flat Clearance,Flat Clearance,Other / Unmapped,V2,https://www.airtasker.com/uk/services/,all_services_page,2026-09-05,Airtasker UK service taxonomy.,London
Airtasker,Flat Roofing,Flat Roofing,Roofing & Guttering,Home & Trades,V2,https://www.airtasker.com/uk/services/,all_services_page,2026-09-05,Airtasker UK service taxonomy.,London
Airtasker,Flea Exterminator,Flea Exterminator,Flea Exterminator,Other / Unmapped,V2,https://www.airtasker.com/uk/services/,all_services_page,2026-09-05,Airtasker UK service taxonomy.,London
Airtasker,Floating Flooring,Floating Flooring,Flooring,Home & Trades,V2,https://www.airtasker.com/uk/services/,all_services_page,2026-09-05,Airtasker UK service taxonomy.,London
Airtasker,Floor Planning,Floor Planning,Flooring,Home & Trades,V2,https://www.airtasker.com/uk/services/,all_services_page,2026-09-05,Airtasker UK service taxonomy.,London
Airtasker,Floor Repair,Floor Repair,Flooring,Home & Trades,V2,https://www.airtasker.com/uk/services/,all_services_page,2026-09-05,Airtasker UK service taxonomy.,London
Airtasker,Floor Sanding,Floor Sanding,Flooring,Home & Trades,V2,https://www.airtasker.com/uk/services/,all_services_page,2026-09-05,Airtasker UK service taxonomy.,London
Airtasker,Floorboards,Floorboards,Flooring,Home & Trades,V2,https://www.airtasker.com/uk/services/,all_services_page,2026-09-05,Airtasker UK service taxonomy.,London
Airtasker,Flooring,Flooring,Flooring,Home & Trades,V2,https://www.airtasker.com/uk/services/,all_services_page,2026-09-05,Airtasker UK service taxonomy.,London
Airtasker,Florist,Florist,Florist,Other / Unmapped,V2,https://www.airtasker.com/uk/services/,all_services_page,2026-09-05,Airtasker UK service taxonomy.,London
Airtasker,Flower & Balloon Delivery,Flower & Balloon Delivery,Flower & Balloon Delivery,Other / Unmapped,V2,https://www.airtasker.com/uk/services/,all_services_page,2026-09-05,Airtasker UK service taxonomy.,London
Airtasker,Flower Arrangements,Flower Arrangements,Flower Arrangements,Other / Unmapped,V2,https://www.airtasker.com/uk/services/,all_services_page,2026-09-05,Airtasker UK service taxonomy.,London
Airtasker,Flower Delivery,Flower Delivery,Flower Delivery,Other / Unmapped,V2,https://www.airtasker.com/uk/services/,all_services_page,2026-09-05,Airtasker UK service taxonomy.,London
Airtasker,Flower Wall,Flower Wall,Flower Wall,Other / Unmapped,V2,https://www.airtasker.com/uk/services/,all_services_page,2026-09-05,Airtasker UK service taxonomy.,London
Airtasker,Flute Lessons,Flute Lessons,Tutoring & Lessons,Education & Lessons,V2,https://www.airtasker.com/uk/services/,all_services_page,2026-09-05,Airtasker UK service taxonomy.,London
Airtasker,Flyer Design,Flyer Design,Flyer Design,Other / Unmapped,V2,https://www.airtasker.com/uk/services/,all_services_page,2026-09-05,Airtasker UK service taxonomy.,London
Airtasker,Flying Lessons,Flying Lessons,Tutoring & Lessons,Education & Lessons,V2,https://www.airtasker.com/uk/services/,all_services_page,2026-09-05,Airtasker UK service taxonomy.,London
Airtasker,Flyscreen Installation,Flyscreen Installation,Flyscreen Installation,Other / Unmapped,V2,https://www.airtasker.com/uk/services/,all_services_page,2026-09-05,Airtasker UK service taxonomy.,London
Airtasker,Food Delivery,Food Delivery,Food Delivery,Other / Unmapped,V2,https://www.airtasker.com/uk/services/,all_services_page,2026-09-05,Airtasker UK service taxonomy.,London
Airtasker,Food Waste Disposal,Food Waste Disposal,Food Waste Disposal,Other / Unmapped,V2,https://www.airtasker.com/uk/services/,all_services_page,2026-09-05,Airtasker UK service taxonomy.,London
Airtasker,Football Lessons,Football Lessons,Tutoring & Lessons,Education & Lessons,V2,https://www.airtasker.com/uk/services/,all_services_page,2026-09-05,Airtasker UK service taxonomy.,London
Airtasker,Ford Service,Ford Service,Ford Service,Other / Unmapped,V2,https://www.airtasker.com/uk/services/,all_services_page,2026-09-05,Airtasker UK service taxonomy.,London
Airtasker,Fragile Removals,Fragile Removals,Removals & Moving,Cleaning & Household,V2,https://www.airtasker.com/uk/services/,all_services_page,2026-09-05,Airtasker UK service taxonomy.,London
Airtasker,Freezer Installation,Freezer Installation,Freezer Installation,Other / Unmapped,V2,https://www.airtasker.com/uk/services/,all_services_page,2026-09-05,Airtasker UK service taxonomy.,London
Airtasker,Freezer Repair,Freezer Repair,Freezer Repair,Other / Unmapped,V2,https://www.airtasker.com/uk/services/,all_services_page,2026-09-05,Airtasker UK service taxonomy.,London
Airtasker,French Baker,French Baker,French Baker,Other / Unmapped,V2,https://www.airtasker.com/uk/services/,all_services_page,2026-09-05,Airtasker UK service taxonomy.,London
Airtasker,French Polishing,French Polishing,French Polishing,Other / Unmapped,V2,https://www.airtasker.com/uk/services/,all_services_page,2026-09-05,Airtasker UK service taxonomy.,London
Airtasker,French Tutor,French Tutor,Tutoring & Lessons,Education & Lessons,V2,https://www.airtasker.com/uk/services/,all_services_page,2026-09-05,Airtasker UK service taxonomy.,London
Airtasker,Fresh Food Delivery,Fresh Food Delivery,Fresh Food Delivery,Other / Unmapped,V2,https://www.airtasker.com/uk/services/,all_services_page,2026-09-05,Airtasker UK service taxonomy.,London
Airtasker,Fridge Cleaning,Fridge Cleaning,Cleaning,Cleaning & Household,V2,https://www.airtasker.com/uk/services/,all_services_page,2026-09-05,Airtasker UK service taxonomy.,London
Airtasker,Fridge Removal and Disposal,Fridge Removal and Disposal,Removals & Moving,Cleaning & Household,V2,https://www.airtasker.com/uk/services/,all_services_page,2026-09-05,Airtasker UK service taxonomy.,London
Airtasker,Fridge Removals,Fridge Removals,Removals & Moving,Cleaning & Household,V2,https://www.airtasker.com/uk/services/,all_services_page,2026-09-05,Airtasker UK service taxonomy.,London
Airtasker,Fridge Repair & Installation,Fridge Repair & Installation,Appliance Repair,Repair Services,V2,https://www.airtasker.com/uk/services/,all_services_page,2026-09-05,Airtasker UK service taxonomy.,London
Airtasker,Fruit Delivery,Fruit Delivery,Fruit Delivery,Other / Unmapped,V2,https://www.airtasker.com/uk/services/,all_services_page,2026-09-05,Airtasker UK service taxonomy.,London
Airtasker,Fuel Injection Repair,Fuel Injection Repair,Fuel Injection Repair,Other / Unmapped,V2,https://www.airtasker.com/uk/services/,all_services_page,2026-09-05,Airtasker UK service taxonomy.,London
Airtasker,Fuel Pump Replacement,Fuel Pump Replacement,Fuel Pump Replacement,Other / Unmapped,V2,https://www.airtasker.com/uk/services/,all_services_page,2026-09-05,Airtasker UK service taxonomy.,London
Airtasker,Full English Breakfast Delivery,Full English Breakfast Delivery,Full English Breakfast Delivery,Other / Unmapped,V2,https://www.airtasker.com/uk/services/,all_services_page,2026-09-05,Airtasker UK service taxonomy.,London
Airtasker,Furniture Assembly,Furniture Assembly,Furniture Assembly,Repair Services,V2,https://www.airtasker.com/uk/services/,all_services_page,2026-09-05,Airtasker UK service taxonomy.,London
Airtasker,Furniture Delivery,Furniture Delivery,Furniture Delivery,Other / Unmapped,V2,https://www.airtasker.com/uk/services/,all_services_page,2026-09-05,Airtasker UK service taxonomy.,London
Airtasker,Furniture Disassembly,Furniture Disassembly,Furniture Assembly,Repair Services,V2,https://www.airtasker.com/uk/services/,all_services_page,2026-09-05,Airtasker UK service taxonomy.,London
Airtasker,Furniture Makers,Furniture Makers,Furniture Makers,Other / Unmapped,V2,https://www.airtasker.com/uk/services/,all_services_page,2026-09-05,Airtasker UK service taxonomy.,London
Airtasker,Furniture Painting,Furniture Painting,Painting & Decorating,Home & Trades,V2,https://www.airtasker.com/uk/services/,all_services_page,2026-09-05,Airtasker UK service taxonomy.,London
Airtasker,Furniture Removals,Furniture Removals,Removals & Moving,Cleaning & Household,V2,https://www.airtasker.com/uk/services/,all_services_page,2026-09-05,Airtasker UK service taxonomy.,London
Airtasker,Furniture Repair,Furniture Repair,Furniture Repair,Repair Services,V2,https://www.airtasker.com/uk/services/,all_services_page,2026-09-05,Airtasker UK service taxonomy.,London
Airtasker,GHD Repair,GHD Repair,GHD Repair,Other / Unmapped,V2,https://www.airtasker.com/uk/services/,all_services_page,2026-09-05,Airtasker UK service taxonomy.,London
Airtasker,GMAT Tutor,GMAT Tutor,Tutoring & Lessons,Education & Lessons,V2,https://www.airtasker.com/uk/services/,all_services_page,2026-09-05,Airtasker UK service taxonomy.,London
Airtasker,GSCE Tutor,GSCE Tutor,Tutoring & Lessons,Education & Lessons,V2,https://www.airtasker.com/uk/services/,all_services_page,2026-09-05,Airtasker UK service taxonomy.,London
Airtasker,Garage Clearance,Garage Clearance,Garage Clearance,Other / Unmapped,V2,https://www.airtasker.com/uk/services/,all_services_page,2026-09-05,Airtasker UK service taxonomy.,London
Airtasker,Garage Conversion,Garage Conversion,Garage Conversion,Other / Unmapped,V2,https://www.airtasker.com/uk/services/,all_services_page,2026-09-05,Airtasker UK service taxonomy.,London
Airtasker,Garage Door Installation,Garage Door Installation,Doors & Door Services,Home & Trades,V2,https://www.airtasker.com/uk/services/,all_services_page,2026-09-05,Airtasker UK service taxonomy.,London
Airtasker,Garage Door Repair,Garage Door Repair,Doors & Door Services,Home & Trades,V2,https://www.airtasker.com/uk/services/,all_services_page,2026-09-05,Airtasker UK service taxonomy.,London
Airtasker,Garage Roof Replacement,Garage Roof Replacement,Roofing & Guttering,Home & Trades,V2,https://www.airtasker.com/uk/services/,all_services_page,2026-09-05,Airtasker UK service taxonomy.,London
Airtasker,Garden Centre Delivery,Garden Centre Delivery,Gardening & Landscaping,Home & Trades,V2,https://www.airtasker.com/uk/services/,all_services_page,2026-09-05,Airtasker UK service taxonomy.,London
Airtasker,Garden Clearance,Garden Clearance,Gardening & Landscaping,Home & Trades,V2,https://www.airtasker.com/uk/services/,all_services_page,2026-09-05,Airtasker UK service taxonomy.,London
Airtasker,Garden Designers,Garden Designers,Gardening & Landscaping,Home & Trades,V2,https://www.airtasker.com/uk/services/,all_services_page,2026-09-05,Airtasker UK service taxonomy.,London
Airtasker,Garden Edging,Garden Edging,Gardening & Landscaping,Home & Trades,V2,https://www.airtasker.com/uk/services/,all_services_page,2026-09-05,Airtasker UK service taxonomy.,London
Airtasker,Garden Machinery Servicing,Garden Machinery Servicing,Gardening & Landscaping,Home & Trades,V2,https://www.airtasker.com/uk/services/,all_services_page,2026-09-05,Airtasker UK service taxonomy.,London
Airtasker,Garden Planting,Garden Planting,Gardening & Landscaping,Home & Trades,V2,https://www.airtasker.com/uk/services/,all_services_page,2026-09-05,Airtasker UK service taxonomy.,London
Airtasker,Garden Pond Maintenance,Garden Pond Maintenance,Gardening & Landscaping,Home & Trades,V2,https://www.airtasker.com/uk/services/,all_services_page,2026-09-05,Airtasker UK service taxonomy.,London
Airtasker,Garden Seat Installation,Garden Seat Installation,Gardening & Landscaping,Home & Trades,V2,https://www.airtasker.com/uk/services/,all_services_page,2026-09-05,Airtasker UK service taxonomy.,London
Airtasker,Garden Shed Installation & Repair,Garden Shed Installation & Repair,Gardening & Landscaping,Home & Trades,V2,https://www.airtasker.com/uk/services/,all_services_page,2026-09-05,Airtasker UK service taxonomy.,London
Airtasker,Garden Tidy Up,Garden Tidy Up,Gardening & Landscaping,Home & Trades,V2,https://www.airtasker.com/uk/services/,all_services_page,2026-09-05,Airtasker UK service taxonomy.,London
Airtasker,Garden Tool Repair,Garden Tool Repair,Gardening & Landscaping,Home & Trades,V2,https://www.airtasker.com/uk/services/,all_services_page,2026-09-05,Airtasker UK service taxonomy.,London
Airtasker,Garden Tool Sharpening,Garden Tool Sharpening,Gardening & Landscaping,Home & Trades,V2,https://www.airtasker.com/uk/services/,all_services_page,2026-09-05,Airtasker UK service taxonomy.,London
Airtasker,Garden Waste Collection,Garden Waste Collection,Gardening & Landscaping,Home & Trades,V2,https://www.airtasker.com/uk/services/,all_services_page,2026-09-05,Airtasker UK service taxonomy.,London
Airtasker,Gardening,Gardening,Gardening & Landscaping,Home & Trades,V2,https://www.airtasker.com/uk/services/,all_services_page,2026-09-05,Airtasker UK service taxonomy.,London
Airtasker,Gardening Services,Gardening Services,Gardening & Landscaping,Home & Trades,V2,https://www.airtasker.com/uk/services/,all_services_page,2026-09-05,Airtasker UK service taxonomy.,London
Airtasker,Gas Boiler Services,Gas Boiler Services,Heating & Boiler Services,Home & Trades,V2,https://www.airtasker.com/uk/services/,all_services_page,2026-09-05,Airtasker UK service taxonomy.,London
Airtasker,Gas Burner Repair,Gas Burner Repair,Gas Burner Repair,Other / Unmapped,V2,https://www.airtasker.com/uk/services/,all_services_page,2026-09-05,Airtasker UK service taxonomy.,London
Airtasker,Gas Fitters,Gas Fitters,Gas Fitters,Other / Unmapped,V2,https://www.airtasker.com/uk/services/,all_services_page,2026-09-05,Airtasker UK service taxonomy.,London
Airtasker,Gas Hob Repair,Gas Hob Repair,Gas Hob Repair,Other / Unmapped,V2,https://www.airtasker.com/uk/services/,all_services_page,2026-09-05,Airtasker UK service taxonomy.,London
Airtasker,Gas Oven Repair and Installation,Gas Oven Repair and Installation,Appliance Repair,Repair Services,V2,https://www.airtasker.com/uk/services/,all_services_page,2026-09-05,Airtasker UK service taxonomy.,London
Airtasker,Gas Stove Installation & Repair,Gas Stove Installation & Repair,Gas Stove Installation & Repair,Other / Unmapped,V2,https://www.airtasker.com/uk/services/,all_services_page,2026-09-05,Airtasker UK service taxonomy.,London
Airtasker,Gate Installation,Gate Installation,Fencing & Gates,Home & Trades,V2,https://www.airtasker.com/uk/services/,all_services_page,2026-09-05,Airtasker UK service taxonomy.,London
Airtasker,Gazebo Installation & Repair,Gazebo Installation & Repair,Gazebo Installation & Repair,Other / Unmapped,V2,https://www.airtasker.com/uk/services/,all_services_page,2026-09-05,Airtasker UK service taxonomy.,London
Airtasker,Gearbox Repair,Gearbox Repair,Gearbox Repair,Other / Unmapped,V2,https://www.airtasker.com/uk/services/,all_services_page,2026-09-05,Airtasker UK service taxonomy.,London
Airtasker,General Contractors,General Contractors,General Contractors,Other / Unmapped,V2,https://www.airtasker.com/uk/services/,all_services_page,2026-09-05,Airtasker UK service taxonomy.,London
Airtasker,General Labour,General Labour,General Labour,Other / Unmapped,V2,https://www.airtasker.com/uk/services/,all_services_page,2026-09-05,Airtasker UK service taxonomy.,London
Airtasker,Generator Repair,Generator Repair,Generator Repair,Other / Unmapped,V2,https://www.airtasker.com/uk/services/,all_services_page,2026-09-05,Airtasker UK service taxonomy.,London
Airtasker,German Tutor,German Tutor,Tutoring & Lessons,Education & Lessons,V2,https://www.airtasker.com/uk/services/,all_services_page,2026-09-05,Airtasker UK service taxonomy.,London
Airtasker,Ghostwriting,Ghostwriting,Ghostwriting,Other / Unmapped,V2,https://www.airtasker.com/uk/services/,all_services_page,2026-09-05,Airtasker UK service taxonomy.,London
Airtasker,Gift Basket Delivery,Gift Basket Delivery,Gift Basket Delivery,Other / Unmapped,V2,https://www.airtasker.com/uk/services/,all_services_page,2026-09-05,Airtasker UK service taxonomy.,London
Airtasker,Gift Delivery,Gift Delivery,Gift Delivery,Other / Unmapped,V2,https://www.airtasker.com/uk/services/,all_services_page,2026-09-05,Airtasker UK service taxonomy.,London
Airtasker,Gift Wrapping,Gift Wrapping,Gift Wrapping,Other / Unmapped,V2,https://www.airtasker.com/uk/services/,all_services_page,2026-09-05,Airtasker UK service taxonomy.,London
Airtasker,Glass Cutting,Glass Cutting,Glass Cutting,Other / Unmapped,V2,https://www.airtasker.com/uk/services/,all_services_page,2026-09-05,Airtasker UK service taxonomy.,London
Airtasker,Glass Fencing,Glass Fencing,Fencing & Gates,Home & Trades,V2,https://www.airtasker.com/uk/services/,all_services_page,2026-09-05,Airtasker UK service taxonomy.,London
Airtasker,Glass Repair,Glass Repair,Windows & Glazing,Home & Trades,V2,https://www.airtasker.com/uk/services/,all_services_page,2026-09-05,Airtasker UK service taxonomy.,London
Airtasker,Glaziers,Glaziers,Windows & Glazing,Home & Trades,V2,https://www.airtasker.com/uk/services/,all_services_page,2026-09-05,Airtasker UK service taxonomy.,London
Airtasker,Glow Plug Replacement,Glow Plug Replacement,Glow Plug Replacement,Other / Unmapped,V2,https://www.airtasker.com/uk/services/,all_services_page,2026-09-05,Airtasker UK service taxonomy.,London
Airtasker,Gluten Free Baker,Gluten Free Baker,Gluten Free Baker,Other / Unmapped,V2,https://www.airtasker.com/uk/services/,all_services_page,2026-09-05,Airtasker UK service taxonomy.,London
Airtasker,Gluten Free Cake Delivery,Gluten Free Cake Delivery,Gluten Free Cake Delivery,Other / Unmapped,V2,https://www.airtasker.com/uk/services/,all_services_page,2026-09-05,Airtasker UK service taxonomy.,London
Airtasker,Gluten Free Takeaway,Gluten Free Takeaway,Gluten Free Takeaway,Other / Unmapped,V2,https://www.airtasker.com/uk/services/,all_services_page,2026-09-05,Airtasker UK service taxonomy.,London
Airtasker,Golf Lessons,Golf Lessons,Tutoring & Lessons,Education & Lessons,V2,https://www.airtasker.com/uk/services/,all_services_page,2026-09-05,Airtasker UK service taxonomy.,London
Airtasker,Google Analytics,Google Analytics,Google Analytics,Other / Unmapped,V2,https://www.airtasker.com/uk/services/,all_services_page,2026-09-05,Airtasker UK service taxonomy.,London
Airtasker,Graffiti Removal,Graffiti Removal,Removals & Moving,Cleaning & Household,V2,https://www.airtasker.com/uk/services/,all_services_page,2026-09-05,Airtasker UK service taxonomy.,London
Airtasker,Graphic Designer,Graphic Designer,Graphic Designer,Other / Unmapped,V2,https://www.airtasker.com/uk/services/,all_services_page,2026-09-05,Airtasker UK service taxonomy.,London
Airtasker,Greek Baker,Greek Baker,Greek Baker,Other / Unmapped,V2,https://www.airtasker.com/uk/services/,all_services_page,2026-09-05,Airtasker UK service taxonomy.,London
Airtasker,Greek Takeaway,Greek Takeaway,Greek Takeaway,Other / Unmapped,V2,https://www.airtasker.com/uk/services/,all_services_page,2026-09-05,Airtasker UK service taxonomy.,London
Airtasker,Green Waste Collection,Green Waste Collection,Green Waste Collection,Other / Unmapped,V2,https://www.airtasker.com/uk/services/,all_services_page,2026-09-05,Airtasker UK service taxonomy.,London
Airtasker,Grocery Delivery,Grocery Delivery,Grocery Delivery,Other / Unmapped,V2,https://www.airtasker.com/uk/services/,all_services_page,2026-09-05,Airtasker UK service taxonomy.,London
Airtasker,Group Therapy,Group Therapy,Therapy & Counselling,Health & Fitness,V2,https://www.airtasker.com/uk/services/,all_services_page,2026-09-05,Airtasker UK service taxonomy.,London
Airtasker,Guitar Lessons,Guitar Lessons,Tutoring & Lessons,Education & Lessons,V2,https://www.airtasker.com/uk/services/,all_services_page,2026-09-05,Airtasker UK service taxonomy.,London
Airtasker,Gutter Cleaning,Gutter Cleaning,Roofing & Guttering,Home & Trades,V2,https://www.airtasker.com/uk/services/,all_services_page,2026-09-05,Airtasker UK service taxonomy.,London
Airtasker,Gutter Guard Installation,Gutter Guard Installation,Roofing & Guttering,Home & Trades,V2,https://www.airtasker.com/uk/services/,all_services_page,2026-09-05,Airtasker UK service taxonomy.,London
Airtasker,Gutter Repair,Gutter Repair,Roofing & Guttering,Home & Trades,V2,https://www.airtasker.com/uk/services/,all_services_page,2026-09-05,Airtasker UK service taxonomy.,London
Airtasker,Gym Buddy,Gym Buddy,Gym Buddy,Other / Unmapped,V2,https://www.airtasker.com/uk/services/,all_services_page,2026-09-05,Airtasker UK service taxonomy.,London
Airtasker,Gym Equipment Removals,Gym Equipment Removals,Removals & Moving,Cleaning & Household,V2,https://www.airtasker.com/uk/services/,all_services_page,2026-09-05,Airtasker UK service taxonomy.,London
Airtasker,Gymnastics Lessons,Gymnastics Lessons,Tutoring & Lessons,Education & Lessons,V2,https://www.airtasker.com/uk/services/,all_services_page,2026-09-05,Airtasker UK service taxonomy.,London
Airtasker,HIIT Training,HIIT Training,HIIT Training,Other / Unmapped,V2,https://www.airtasker.com/uk/services/,all_services_page,2026-09-05,Airtasker UK service taxonomy.,London
Airtasker,HR Services,HR Services,HR Services,Other / Unmapped,V2,https://www.airtasker.com/uk/services/,all_services_page,2026-09-05,Airtasker UK service taxonomy.,London
Airtasker,Habitat Furniture Assembly,Habitat Furniture Assembly,Furniture Assembly,Repair Services,V2,https://www.airtasker.com/uk/services/,all_services_page,2026-09-05,Airtasker UK service taxonomy.,London
Airtasker,Hair Braiding,Hair Braiding,Hair Braiding,Other / Unmapped,V2,https://www.airtasker.com/uk/services/,all_services_page,2026-09-05,Airtasker UK service taxonomy.,London
Airtasker,Hair Removal,Hair Removal,Removals & Moving,Cleaning & Household,V2,https://www.airtasker.com/uk/services/,all_services_page,2026-09-05,Airtasker UK service taxonomy.,London
Airtasker,Hair Stylist,Hair Stylist,Hair & Barber Services,Beauty & Wellness,V2,https://www.airtasker.com/uk/services/,all_services_page,2026-09-05,Airtasker UK service taxonomy.,London
Airtasker,Haircut and Trimming,Haircut and Trimming,Hair & Barber Services,Beauty & Wellness,V2,https://www.airtasker.com/uk/services/,all_services_page,2026-09-05,Airtasker UK service taxonomy.,London
Airtasker,Hairdressers,Hairdressers,Hair & Barber Services,Beauty & Wellness,V2,https://www.airtasker.com/uk/services/,all_services_page,2026-09-05,Airtasker UK service taxonomy.,London
Airtasker,Halal Takeaway,Halal Takeaway,Halal Takeaway,Other / Unmapped,V2,https://www.airtasker.com/uk/services/,all_services_page,2026-09-05,Airtasker UK service taxonomy.,London
Airtasker,Halloween Face Painter,Halloween Face Painter,Painting & Decorating,Home & Trades,V2,https://www.airtasker.com/uk/services/,all_services_page,2026-09-05,Airtasker UK service taxonomy.,London
Airtasker,Hand Therapy,Hand Therapy,Therapy & Counselling,Health & Fitness,V2,https://www.airtasker.com/uk/services/,all_services_page,2026-09-05,Airtasker UK service taxonomy.,London
Airtasker,Handyman,Handyman,Handyman,Home & Trades,V2,https://www.airtasker.com/uk/services/,all_services_page,2026-09-05,Airtasker UK service taxonomy.,London
Airtasker,Handyman Services,Handyman Services,Handyman,Home & Trades,V2,https://www.airtasker.com/uk/services/,all_services_page,2026-09-05,Airtasker UK service taxonomy.,London
Airtasker,Hard Landscaping,Hard Landscaping,Gardening & Landscaping,Home & Trades,V2,https://www.airtasker.com/uk/services/,all_services_page,2026-09-05,Airtasker UK service taxonomy.,London
Airtasker,Hardwood Flooring,Hardwood Flooring,Flooring,Home & Trades,V2,https://www.airtasker.com/uk/services/,all_services_page,2026-09-05,Airtasker UK service taxonomy.,London
Airtasker,Harmonica Lessons,Harmonica Lessons,Tutoring & Lessons,Education & Lessons,V2,https://www.airtasker.com/uk/services/,all_services_page,2026-09-05,Airtasker UK service taxonomy.,London
Airtasker,Head Gasket Repair,Head Gasket Repair,Head Gasket Repair,Other / Unmapped,V2,https://www.airtasker.com/uk/services/,all_services_page,2026-09-05,Airtasker UK service taxonomy.,London
Airtasker,Head Unit Installation,Head Unit Installation,Head Unit Installation,Other / Unmapped,V2,https://www.airtasker.com/uk/services/,all_services_page,2026-09-05,Airtasker UK service taxonomy.,London
Airtasker,Headlight Bulb Replacement,Headlight Bulb Replacement,Headlight Bulb Replacement,Other / Unmapped,V2,https://www.airtasker.com/uk/services/,all_services_page,2026-09-05,Airtasker UK service taxonomy.,London
Airtasker,Headphone Repair,Headphone Repair,Headphone Repair,Other / Unmapped,V2,https://www.airtasker.com/uk/services/,all_services_page,2026-09-05,Airtasker UK service taxonomy.,London
Airtasker,Healthy Takeaway,Healthy Takeaway,Healthy Takeaway,Other / Unmapped,V2,https://www.airtasker.com/uk/services/,all_services_page,2026-09-05,Airtasker UK service taxonomy.,London
Airtasker,Heated Floor Installation,Heated Floor Installation,Flooring,Home & Trades,V2,https://www.airtasker.com/uk/services/,all_services_page,2026-09-05,Airtasker UK service taxonomy.,London
Airtasker,Heating & Cooling,Heating & Cooling,Heating & Cooling,Other / Unmapped,V2,https://www.airtasker.com/uk/services/,all_services_page,2026-09-05,Airtasker UK service taxonomy.,London
Airtasker,Heavy Lifting,Heavy Lifting,Heavy Lifting,Other / Unmapped,V2,https://www.airtasker.com/uk/services/,all_services_page,2026-09-05,Airtasker UK service taxonomy.,London
Airtasker,Hedge Planting,Hedge Planting,Gardening & Landscaping,Home & Trades,V2,https://www.airtasker.com/uk/services/,all_services_page,2026-09-05,Airtasker UK service taxonomy.,London
Airtasker,Hedging,Hedging,Hedging,Other / Unmapped,V2,https://www.airtasker.com/uk/services/,all_services_page,2026-09-05,Airtasker UK service taxonomy.,London
Airtasker,Henna Tattoo,Henna Tattoo,Tattoo & Piercing,Beauty & Wellness,V2,https://www.airtasker.com/uk/services/,all_services_page,2026-09-05,Airtasker UK service taxonomy.,London
Airtasker,Hifi Repair,Hifi Repair,Hifi Repair,Other / Unmapped,V2,https://www.airtasker.com/uk/services/,all_services_page,2026-09-05,Airtasker UK service taxonomy.,London
Airtasker,High Pressure Cleaning,High Pressure Cleaning,Cleaning,Cleaning & Household,V2,https://www.airtasker.com/uk/services/,all_services_page,2026-09-05,Airtasker UK service taxonomy.,London
Airtasker,History Tutor,History Tutor,Tutoring & Lessons,Education & Lessons,V2,https://www.airtasker.com/uk/services/,all_services_page,2026-09-05,Airtasker UK service taxonomy.,London
Airtasker,Hob Installation,Hob Installation,Hob Installation,Other / Unmapped,V2,https://www.airtasker.com/uk/services/,all_services_page,2026-09-05,Airtasker UK service taxonomy.,London
Airtasker,Home & Lifestyle,Home & Lifestyle,Home & Lifestyle,Other / Unmapped,V2,https://www.airtasker.com/uk/services/,all_services_page,2026-09-05,Airtasker UK service taxonomy.,London
Airtasker,Home Automation and Security,Home Automation and Security,Security Systems,Home & Trades,V2,https://www.airtasker.com/uk/services/,all_services_page,2026-09-05,Airtasker UK service taxonomy.,London
Airtasker,Home Bar Designers,Home Bar Designers,Home Bar Designers,Other / Unmapped,V2,https://www.airtasker.com/uk/services/,all_services_page,2026-09-05,Airtasker UK service taxonomy.,London
Airtasker,Home Care,Home Care,Home Care,Other / Unmapped,V2,https://www.airtasker.com/uk/services/,all_services_page,2026-09-05,Airtasker UK service taxonomy.,London
Airtasker,Home Chef,Home Chef,Home Chef,Other / Unmapped,V2,https://www.airtasker.com/uk/services/,all_services_page,2026-09-05,Airtasker UK service taxonomy.,London
Airtasker,Home Cinema Design,Home Cinema Design,Home Cinema Design,Other / Unmapped,V2,https://www.airtasker.com/uk/services/,all_services_page,2026-09-05,Airtasker UK service taxonomy.,London
Airtasker,Home Cooking,Home Cooking,Home Cooking,Other / Unmapped,V2,https://www.airtasker.com/uk/services/,all_services_page,2026-09-05,Airtasker UK service taxonomy.,London
Airtasker,Home Gym Assembly,Home Gym Assembly,Furniture Assembly,Repair Services,V2,https://www.airtasker.com/uk/services/,all_services_page,2026-09-05,Airtasker UK service taxonomy.,London
Airtasker,Home Network Setup,Home Network Setup,Home Network Setup,Other / Unmapped,V2,https://www.airtasker.com/uk/services/,all_services_page,2026-09-05,Airtasker UK service taxonomy.,London
Airtasker,Home Organiser,Home Organiser,Home Organiser,Other / Unmapped,V2,https://www.airtasker.com/uk/services/,all_services_page,2026-09-05,Airtasker UK service taxonomy.,London
Airtasker,Home Stagers,Home Stagers,Home Stagers,Other / Unmapped,V2,https://www.airtasker.com/uk/services/,all_services_page,2026-09-05,Airtasker UK service taxonomy.,London
Airtasker,Home Theatre,Home Theatre,Home Theatre,Other / Unmapped,V2,https://www.airtasker.com/uk/services/,all_services_page,2026-09-05,Airtasker UK service taxonomy.,London
Airtasker,Homeopathy,Homeopathy,Homeopathy,Other / Unmapped,V2,https://www.airtasker.com/uk/services/,all_services_page,2026-09-05,Airtasker UK service taxonomy.,London
Airtasker,Honda Service,Honda Service,Honda Service,Other / Unmapped,V2,https://www.airtasker.com/uk/services/,all_services_page,2026-09-05,Airtasker UK service taxonomy.,London
Airtasker,Horse Riding Lessons,Horse Riding Lessons,Tutoring & Lessons,Education & Lessons,V2,https://www.airtasker.com/uk/services/,all_services_page,2026-09-05,Airtasker UK service taxonomy.,London
Airtasker,Hot Tub Cleaning,Hot Tub Cleaning,Cleaning,Cleaning & Household,V2,https://www.airtasker.com/uk/services/,all_services_page,2026-09-05,Airtasker UK service taxonomy.,London
Airtasker,Hot Tub Maintenance,Hot Tub Maintenance,Hot Tub Maintenance,Other / Unmapped,V2,https://www.airtasker.com/uk/services/,all_services_page,2026-09-05,Airtasker UK service taxonomy.,London
Airtasker,Hot Tub Removal and Disposal,Hot Tub Removal and Disposal,Removals & Moving,Cleaning & Household,V2,https://www.airtasker.com/uk/services/,all_services_page,2026-09-05,Airtasker UK service taxonomy.,London
Airtasker,Hot Tub Removals,Hot Tub Removals,Removals & Moving,Cleaning & Household,V2,https://www.airtasker.com/uk/services/,all_services_page,2026-09-05,Airtasker UK service taxonomy.,London
Airtasker,Hot Tub Repair,Hot Tub Repair,Hot Tub Repair,Other / Unmapped,V2,https://www.airtasker.com/uk/services/,all_services_page,2026-09-05,Airtasker UK service taxonomy.,London
Airtasker,Hot Water System Installation & Repair,Hot Water System Installation & Repair,Hot Water System Installation & Repair,Other / Unmapped,V2,https://www.airtasker.com/uk/services/,all_services_page,2026-09-05,Airtasker UK service taxonomy.,London
Airtasker,House Cleaning,House Cleaning,Cleaning,Cleaning & Household,V2,https://www.airtasker.com/uk/services/,all_services_page,2026-09-05,Airtasker UK service taxonomy.,London
Airtasker,House Clearance,House Clearance,House Clearance,Other / Unmapped,V2,https://www.airtasker.com/uk/services/,all_services_page,2026-09-05,Airtasker UK service taxonomy.,London
Airtasker,House Extensions,House Extensions,Building & Construction,Home & Trades,V2,https://www.airtasker.com/uk/services/,all_services_page,2026-09-05,Airtasker UK service taxonomy.,London
Airtasker,House Painters,House Painters,Painting & Decorating,Home & Trades,V2,https://www.airtasker.com/uk/services/,all_services_page,2026-09-05,Airtasker UK service taxonomy.,London
Airtasker,House Removals,House Removals,Removals & Moving,Cleaning & Household,V2,https://www.airtasker.com/uk/services/,all_services_page,2026-09-05,Airtasker UK service taxonomy.,London
Airtasker,House Renovation,House Renovation,House Renovation,Other / Unmapped,V2,https://www.airtasker.com/uk/services/,all_services_page,2026-09-05,Airtasker UK service taxonomy.,London
Airtasker,House Sitters,House Sitters,House Sitters,Other / Unmapped,V2,https://www.airtasker.com/uk/services/,all_services_page,2026-09-05,Airtasker UK service taxonomy.,London
Airtasker,House Surveyor,House Surveyor,Surveying,Professional Services,V2,https://www.airtasker.com/uk/services/,all_services_page,2026-09-05,Airtasker UK service taxonomy.,London
Airtasker,Household Waste Disposal,Household Waste Disposal,Household Waste Disposal,Other / Unmapped,V2,https://www.airtasker.com/uk/services/,all_services_page,2026-09-05,Airtasker UK service taxonomy.,London
Airtasker,Housekeepers,Housekeepers,Housekeepers,Other / Unmapped,V2,https://www.airtasker.com/uk/services/,all_services_page,2026-09-05,Airtasker UK service taxonomy.,London
Airtasker,Hyundai Service,Hyundai Service,Hyundai Service,Other / Unmapped,V2,https://www.airtasker.com/uk/services/,all_services_page,2026-09-05,Airtasker UK service taxonomy.,London
Airtasker,IKEA Assembly,IKEA Assembly,Furniture Assembly,Repair Services,V2,https://www.airtasker.com/uk/services/,all_services_page,2026-09-05,Airtasker UK service taxonomy.,London
Airtasker,IKEA Delivery,IKEA Delivery,IKEA Delivery,Other / Unmapped,V2,https://www.airtasker.com/uk/services/,all_services_page,2026-09-05,Airtasker UK service taxonomy.,London
Airtasker,IT Support,IT Support,IT Support,Other / Unmapped,V2,https://www.airtasker.com/uk/services/,all_services_page,2026-09-05,Airtasker UK service taxonomy.,London
Airtasker,Ice Cream Cake Delivery,Ice Cream Cake Delivery,Ice Cream Cake Delivery,Other / Unmapped,V2,https://www.airtasker.com/uk/services/,all_services_page,2026-09-05,Airtasker UK service taxonomy.,London
Airtasker,Ice Cream Delivery,Ice Cream Delivery,Ice Cream Delivery,Other / Unmapped,V2,https://www.airtasker.com/uk/services/,all_services_page,2026-09-05,Airtasker UK service taxonomy.,London
Airtasker,Ice Machine Repair & Installation,Ice Machine Repair & Installation,Ice Machine Repair & Installation,Other / Unmapped,V2,https://www.airtasker.com/uk/services/,all_services_page,2026-09-05,Airtasker UK service taxonomy.,London
Airtasker,Ice Skating Lessons,Ice Skating Lessons,Tutoring & Lessons,Education & Lessons,V2,https://www.airtasker.com/uk/services/,all_services_page,2026-09-05,Airtasker UK service taxonomy.,London
Airtasker,Ignition Systems Repair,Ignition Systems Repair,Ignition Systems Repair,Other / Unmapped,V2,https://www.airtasker.com/uk/services/,all_services_page,2026-09-05,Airtasker UK service taxonomy.,London
Airtasker,Illustrators,Illustrators,Illustrators,Other / Unmapped,V2,https://www.airtasker.com/uk/services/,all_services_page,2026-09-05,Airtasker UK service taxonomy.,London
Airtasker,Imprinted Concrete Driveway Services,Imprinted Concrete Driveway Services,Driveways & Paving,Home & Trades,V2,https://www.airtasker.com/uk/services/,all_services_page,2026-09-05,Airtasker UK service taxonomy.,London
Airtasker,Indian Takeaway,Indian Takeaway,Indian Takeaway,Other / Unmapped,V2,https://www.airtasker.com/uk/services/,all_services_page,2026-09-05,Airtasker UK service taxonomy.,London
Airtasker,Inflated Helium Balloons Delivery,Inflated Helium Balloons Delivery,Inflated Helium Balloons Delivery,Other / Unmapped,V2,https://www.airtasker.com/uk/services/,all_services_page,2026-09-05,Airtasker UK service taxonomy.,London
Airtasker,Instagram Marketing,Instagram Marketing,Marketing Services,Professional Services,V2,https://www.airtasker.com/uk/services/,all_services_page,2026-09-05,Airtasker UK service taxonomy.,London
Airtasker,Insulation,Insulation,Insulation,Home & Trades,V2,https://www.airtasker.com/uk/services/,all_services_page,2026-09-05,Airtasker UK service taxonomy.,London
Airtasker,Interior Architects,Interior Architects,Architectural Services,Professional Services,V2,https://www.airtasker.com/uk/services/,all_services_page,2026-09-05,Airtasker UK service taxonomy.,London
Airtasker,Interior Designer,Interior Designer,Interior Design,Professional Services,V2,https://www.airtasker.com/uk/services/,all_services_page,2026-09-05,Airtasker UK service taxonomy.,London
Airtasker,Interior Lighting Designers,Interior Lighting Designers,Electrical Services,Home & Trades,V2,https://www.airtasker.com/uk/services/,all_services_page,2026-09-05,Airtasker UK service taxonomy.,London
Airtasker,Interior Painting,Interior Painting,Painting & Decorating,Home & Trades,V2,https://www.airtasker.com/uk/services/,all_services_page,2026-09-05,Airtasker UK service taxonomy.,London
Airtasker,Interior Wall Cladding,Interior Wall Cladding,Interior Wall Cladding,Other / Unmapped,V2,https://www.airtasker.com/uk/services/,all_services_page,2026-09-05,Airtasker UK service taxonomy.,London
Airtasker,Internal Door Installation,Internal Door Installation,Doors & Door Services,Home & Trades,V2,https://www.airtasker.com/uk/services/,all_services_page,2026-09-05,Airtasker UK service taxonomy.,London
Airtasker,Internet Help,Internet Help,Internet Help,Other / Unmapped,V2,https://www.airtasker.com/uk/services/,all_services_page,2026-09-05,Airtasker UK service taxonomy.,London
Airtasker,Inversion Table Assembly,Inversion Table Assembly,Furniture Assembly,Repair Services,V2,https://www.airtasker.com/uk/services/,all_services_page,2026-09-05,Airtasker UK service taxonomy.,London
Airtasker,Irish Dance Lessons,Irish Dance Lessons,Tutoring & Lessons,Education & Lessons,V2,https://www.airtasker.com/uk/services/,all_services_page,2026-09-05,Airtasker UK service taxonomy.,London
Airtasker,Iron Fencing,Iron Fencing,Fencing & Gates,Home & Trades,V2,https://www.airtasker.com/uk/services/,all_services_page,2026-09-05,Airtasker UK service taxonomy.,London
Airtasker,Ironing Service,Ironing Service,Ironing Service,Other / Unmapped,V2,https://www.airtasker.com/uk/services/,all_services_page,2026-09-05,Airtasker UK service taxonomy.,London
Airtasker,Irrigation Repair,Irrigation Repair,Irrigation Repair,Other / Unmapped,V2,https://www.airtasker.com/uk/services/,all_services_page,2026-09-05,Airtasker UK service taxonomy.,London
Airtasker,Italian Takeaway,Italian Takeaway,Italian Takeaway,Other / Unmapped,V2,https://www.airtasker.com/uk/services/,all_services_page,2026-09-05,Airtasker UK service taxonomy.,London
Airtasker,Italian Tutor,Italian Tutor,Tutoring & Lessons,Education & Lessons,V2,https://www.airtasker.com/uk/services/,all_services_page,2026-09-05,Airtasker UK service taxonomy.,London
Airtasker,Jaguar Service,Jaguar Service,Jaguar Service,Other / Unmapped,V2,https://www.airtasker.com/uk/services/,all_services_page,2026-09-05,Airtasker UK service taxonomy.,London
Airtasker,Jamaican Takeaway,Jamaican Takeaway,Jamaican Takeaway,Other / Unmapped,V2,https://www.airtasker.com/uk/services/,all_services_page,2026-09-05,Airtasker UK service taxonomy.,London
Airtasker,Janitorial Services,Janitorial Services,Janitorial Services,Other / Unmapped,V2,https://www.airtasker.com/uk/services/,all_services_page,2026-09-05,Airtasker UK service taxonomy.,London
Airtasker,Japanese Baker,Japanese Baker,Japanese Baker,Other / Unmapped,V2,https://www.airtasker.com/uk/services/,all_services_page,2026-09-05,Airtasker UK service taxonomy.,London
Airtasker,Japanese Takeaway,Japanese Takeaway,Japanese Takeaway,Other / Unmapped,V2,https://www.airtasker.com/uk/services/,all_services_page,2026-09-05,Airtasker UK service taxonomy.,London
Airtasker,Japanese Tutor,Japanese Tutor,Tutoring & Lessons,Education & Lessons,V2,https://www.airtasker.com/uk/services/,all_services_page,2026-09-05,Airtasker UK service taxonomy.,London
Airtasker,Java Developer,Java Developer,Java Developer,Other / Unmapped,V2,https://www.airtasker.com/uk/services/,all_services_page,2026-09-05,Airtasker UK service taxonomy.,London
Airtasker,Jeep Service,Jeep Service,Jeep Service,Other / Unmapped,V2,https://www.airtasker.com/uk/services/,all_services_page,2026-09-05,Airtasker UK service taxonomy.,London
Airtasker,Jiu Jitsu Classes,Jiu Jitsu Classes,Jiu Jitsu Classes,Other / Unmapped,V2,https://www.airtasker.com/uk/services/,all_services_page,2026-09-05,Airtasker UK service taxonomy.,London
Airtasker,Jollibee Delivery,Jollibee Delivery,Jollibee Delivery,Other / Unmapped,V2,https://www.airtasker.com/uk/services/,all_services_page,2026-09-05,Airtasker UK service taxonomy.,London
Airtasker,Journalist,Journalist,Journalist,Other / Unmapped,V2,https://www.airtasker.com/uk/services/,all_services_page,2026-09-05,Airtasker UK service taxonomy.,London
Airtasker,Judo Classes,Judo Classes,Judo Classes,Other / Unmapped,V2,https://www.airtasker.com/uk/services/,all_services_page,2026-09-05,Airtasker UK service taxonomy.,London
Airtasker,Jugglers,Jugglers,Jugglers,Other / Unmapped,V2,https://www.airtasker.com/uk/services/,all_services_page,2026-09-05,Airtasker UK service taxonomy.,London
Airtasker,Juice Delivery,Juice Delivery,Juice Delivery,Other / Unmapped,V2,https://www.airtasker.com/uk/services/,all_services_page,2026-09-05,Airtasker UK service taxonomy.,London
Airtasker,KFC Delivery,KFC Delivery,KFC Delivery,Other / Unmapped,V2,https://www.airtasker.com/uk/services/,all_services_page,2026-09-05,Airtasker UK service taxonomy.,London
Airtasker,Karate Lessons,Karate Lessons,Tutoring & Lessons,Education & Lessons,V2,https://www.airtasker.com/uk/services/,all_services_page,2026-09-05,Airtasker UK service taxonomy.,London
Airtasker,Kayak Lessons,Kayak Lessons,Tutoring & Lessons,Education & Lessons,V2,https://www.airtasker.com/uk/services/,all_services_page,2026-09-05,Airtasker UK service taxonomy.,London
Airtasker,Kebab Delivery,Kebab Delivery,Kebab Delivery,Other / Unmapped,V2,https://www.airtasker.com/uk/services/,all_services_page,2026-09-05,Airtasker UK service taxonomy.,London
Airtasker,Keto Baker,Keto Baker,Keto Baker,Other / Unmapped,V2,https://www.airtasker.com/uk/services/,all_services_page,2026-09-05,Airtasker UK service taxonomy.,London
Airtasker,Keto Meal Prep,Keto Meal Prep,Keto Meal Prep,Other / Unmapped,V2,https://www.airtasker.com/uk/services/,all_services_page,2026-09-05,Airtasker UK service taxonomy.,London
Airtasker,Key Cutting,Key Cutting,Key Cutting,Other / Unmapped,V2,https://www.airtasker.com/uk/services/,all_services_page,2026-09-05,Airtasker UK service taxonomy.,London
Airtasker,Keyboard Lessons,Keyboard Lessons,Tutoring & Lessons,Education & Lessons,V2,https://www.airtasker.com/uk/services/,all_services_page,2026-09-05,Airtasker UK service taxonomy.,London
Airtasker,Kia Service,Kia Service,Kia Service,Other / Unmapped,V2,https://www.airtasker.com/uk/services/,all_services_page,2026-09-05,Airtasker UK service taxonomy.,London
Airtasker,Kickboxing Training,Kickboxing Training,Kickboxing Training,Other / Unmapped,V2,https://www.airtasker.com/uk/services/,all_services_page,2026-09-05,Airtasker UK service taxonomy.,London
Airtasker,Kids Bike Assembly,Kids Bike Assembly,Furniture Assembly,Repair Services,V2,https://www.airtasker.com/uk/services/,all_services_page,2026-09-05,Airtasker UK service taxonomy.,London
Airtasker,Kids Haircut,Kids Haircut,Hair & Barber Services,Beauty & Wellness,V2,https://www.airtasker.com/uk/services/,all_services_page,2026-09-05,Airtasker UK service taxonomy.,London
Airtasker,Kids Swimming Lessons,Kids Swimming Lessons,Tutoring & Lessons,Education & Lessons,V2,https://www.airtasker.com/uk/services/,all_services_page,2026-09-05,Airtasker UK service taxonomy.,London
Airtasker,Kitchen Assistant,Kitchen Assistant,Kitchen Services,Home & Trades,V2,https://www.airtasker.com/uk/services/,all_services_page,2026-09-05,Airtasker UK service taxonomy.,London
Airtasker,Kitchen Cabinet Maker,Kitchen Cabinet Maker,Kitchen Services,Home & Trades,V2,https://www.airtasker.com/uk/services/,all_services_page,2026-09-05,Airtasker UK service taxonomy.,London
Airtasker,Kitchen Cabinet Painting,Kitchen Cabinet Painting,Painting & Decorating,Home & Trades,V2,https://www.airtasker.com/uk/services/,all_services_page,2026-09-05,Airtasker UK service taxonomy.,London
Airtasker,Kitchen Cupboard Repair,Kitchen Cupboard Repair,Kitchen Services,Home & Trades,V2,https://www.airtasker.com/uk/services/,all_services_page,2026-09-05,Airtasker UK service taxonomy.,London
Airtasker,Kitchen Designers,Kitchen Designers,Kitchen Services,Home & Trades,V2,https://www.airtasker.com/uk/services/,all_services_page,2026-09-05,Airtasker UK service taxonomy.,London
Airtasker,Kitchen Drawer Repair,Kitchen Drawer Repair,Kitchen Services,Home & Trades,V2,https://www.airtasker.com/uk/services/,all_services_page,2026-09-05,Airtasker UK service taxonomy.,London
Airtasker,Kitchen Installation,Kitchen Installation,Kitchen Services,Home & Trades,V2,https://www.airtasker.com/uk/services/,all_services_page,2026-09-05,Airtasker UK service taxonomy.,London
Airtasker,Kitchen Renovation,Kitchen Renovation,Kitchen Services,Home & Trades,V2,https://www.airtasker.com/uk/services/,all_services_page,2026-09-05,Airtasker UK service taxonomy.,London
Airtasker,Kitchen Sink Installation,Kitchen Sink Installation,Kitchen Services,Home & Trades,V2,https://www.airtasker.com/uk/services/,all_services_page,2026-09-05,Airtasker UK service taxonomy.,London
Airtasker,Kitchen Waste Disposal,Kitchen Waste Disposal,Kitchen Services,Home & Trades,V2,https://www.airtasker.com/uk/services/,all_services_page,2026-09-05,Airtasker UK service taxonomy.,London
Airtasker,Kitesurfing Lessons,Kitesurfing Lessons,Tutoring & Lessons,Education & Lessons,V2,https://www.airtasker.com/uk/services/,all_services_page,2026-09-05,Airtasker UK service taxonomy.,London
Airtasker,Korean Lessons,Korean Lessons,Tutoring & Lessons,Education & Lessons,V2,https://www.airtasker.com/uk/services/,all_services_page,2026-09-05,Airtasker UK service taxonomy.,London
Airtasker,Korean Takeaway,Korean Takeaway,Korean Takeaway,Other / Unmapped,V2,https://www.airtasker.com/uk/services/,all_services_page,2026-09-05,Airtasker UK service taxonomy.,London
Airtasker,Krispy Kreme Delivery,Krispy Kreme Delivery,Krispy Kreme Delivery,Other / Unmapped,V2,https://www.airtasker.com/uk/services/,all_services_page,2026-09-05,Airtasker UK service taxonomy.,London
Airtasker,LCD Screen Repair,LCD Screen Repair,LCD Screen Repair,Other / Unmapped,V2,https://www.airtasker.com/uk/services/,all_services_page,2026-09-05,Airtasker UK service taxonomy.,London
Airtasker,LED Lights Installation,LED Lights Installation,LED Lights Installation,Other / Unmapped,V2,https://www.airtasker.com/uk/services/,all_services_page,2026-09-05,Airtasker UK service taxonomy.,London
Airtasker,LG TV Repair & Setup,LG TV Repair & Setup,LG TV Repair & Setup,Other / Unmapped,V2,https://www.airtasker.com/uk/services/,all_services_page,2026-09-05,Airtasker UK service taxonomy.,London
Airtasker,LPG Engineer,LPG Engineer,LPG Engineer,Other / Unmapped,V2,https://www.airtasker.com/uk/services/,all_services_page,2026-09-05,Airtasker UK service taxonomy.,London
Airtasker,Ladies' Bikini Waxing,Ladies' Bikini Waxing,Hair Removal,Beauty & Wellness,V2,https://www.airtasker.com/uk/services/,all_services_page,2026-09-05,Airtasker UK service taxonomy.,London
Airtasker,Laminate Flooring,Laminate Flooring,Flooring,Home & Trades,V2,https://www.airtasker.com/uk/services/,all_services_page,2026-09-05,Airtasker UK service taxonomy.,London
Airtasker,Lamp Repairs,Lamp Repairs,Lamp Repairs,Other / Unmapped,V2,https://www.airtasker.com/uk/services/,all_services_page,2026-09-05,Airtasker UK service taxonomy.,London
Airtasker,Land Clearing,Land Clearing,Land Clearing,Other / Unmapped,V2,https://www.airtasker.com/uk/services/,all_services_page,2026-09-05,Airtasker UK service taxonomy.,London
Airtasker,Land Rover Service,Land Rover Service,Land Rover Service,Other / Unmapped,V2,https://www.airtasker.com/uk/services/,all_services_page,2026-09-05,Airtasker UK service taxonomy.,London
Airtasker,Land Surveyor,Land Surveyor,Surveying,Professional Services,V2,https://www.airtasker.com/uk/services/,all_services_page,2026-09-05,Airtasker UK service taxonomy.,London
Airtasker,Landscape Contractors,Landscape Contractors,Gardening & Landscaping,Home & Trades,V2,https://www.airtasker.com/uk/services/,all_services_page,2026-09-05,Airtasker UK service taxonomy.,London
Airtasker,Landscape Designers,Landscape Designers,Gardening & Landscaping,Home & Trades,V2,https://www.airtasker.com/uk/services/,all_services_page,2026-09-05,Airtasker UK service taxonomy.,London
Airtasker,Landscape Lighting,Landscape Lighting,Electrical Services,Home & Trades,V2,https://www.airtasker.com/uk/services/,all_services_page,2026-09-05,Airtasker UK service taxonomy.,London
Airtasker,Landscaping,Landscaping,Gardening & Landscaping,Home & Trades,V2,https://www.airtasker.com/uk/services/,all_services_page,2026-09-05,Airtasker UK service taxonomy.,London
Airtasker,Language Tutor,Language Tutor,Tutoring & Lessons,Education & Lessons,V2,https://www.airtasker.com/uk/services/,all_services_page,2026-09-05,Airtasker UK service taxonomy.,London
Airtasker,Laptop Repair,Laptop Repair,Computer Repair,Repair Services,V2,https://www.airtasker.com/uk/services/,all_services_page,2026-09-05,Airtasker UK service taxonomy.,London
Airtasker,Laundry,Laundry,Laundry,Other / Unmapped,V2,https://www.airtasker.com/uk/services/,all_services_page,2026-09-05,Airtasker UK service taxonomy.,London
Airtasker,Laundry Services,Laundry Services,Laundry Services,Other / Unmapped,V2,https://www.airtasker.com/uk/services/,all_services_page,2026-09-05,Airtasker UK service taxonomy.,London
Airtasker,Lawn Aeration,Lawn Aeration,Gardening & Landscaping,Home & Trades,V2,https://www.airtasker.com/uk/services/,all_services_page,2026-09-05,Airtasker UK service taxonomy.,London
Airtasker,Lawn Care,Lawn Care,Gardening & Landscaping,Home & Trades,V2,https://www.airtasker.com/uk/services/,all_services_page,2026-09-05,Airtasker UK service taxonomy.,London
Airtasker,Lawn Care & Maintenance,Lawn Care & Maintenance,Gardening & Landscaping,Home & Trades,V2,https://www.airtasker.com/uk/services/,all_services_page,2026-09-05,Airtasker UK service taxonomy.,London
Airtasker,Lawn Fertilisation,Lawn Fertilisation,Gardening & Landscaping,Home & Trades,V2,https://www.airtasker.com/uk/services/,all_services_page,2026-09-05,Airtasker UK service taxonomy.,London
Airtasker,Lawn Mower Blade Sharpening,Lawn Mower Blade Sharpening,Gardening & Landscaping,Home & Trades,V2,https://www.airtasker.com/uk/services/,all_services_page,2026-09-05,Airtasker UK service taxonomy.,London
Airtasker,Lawn Mower Repair,Lawn Mower Repair,Gardening & Landscaping,Home & Trades,V2,https://www.airtasker.com/uk/services/,all_services_page,2026-09-05,Airtasker UK service taxonomy.,London
Airtasker,Lawn Mowing,Lawn Mowing,Gardening & Landscaping,Home & Trades,V2,https://www.airtasker.com/uk/services/,all_services_page,2026-09-05,Airtasker UK service taxonomy.,London
Airtasker,Lawn Repair,Lawn Repair,Gardening & Landscaping,Home & Trades,V2,https://www.airtasker.com/uk/services/,all_services_page,2026-09-05,Airtasker UK service taxonomy.,London
Airtasker,Lawn Seeding,Lawn Seeding,Gardening & Landscaping,Home & Trades,V2,https://www.airtasker.com/uk/services/,all_services_page,2026-09-05,Airtasker UK service taxonomy.,London
Airtasker,Lawn Treatment,Lawn Treatment,Gardening & Landscaping,Home & Trades,V2,https://www.airtasker.com/uk/services/,all_services_page,2026-09-05,Airtasker UK service taxonomy.,London
Airtasker,Leaded Glass Repair,Leaded Glass Repair,Windows & Glazing,Home & Trades,V2,https://www.airtasker.com/uk/services/,all_services_page,2026-09-05,Airtasker UK service taxonomy.,London
Airtasker,Leaftlet Distribution,Leaftlet Distribution,Leaftlet Distribution,Other / Unmapped,V2,https://www.airtasker.com/uk/services/,all_services_page,2026-09-05,Airtasker UK service taxonomy.,London
Airtasker,Leak Detection,Leak Detection,Leak Detection,Other / Unmapped,V2,https://www.airtasker.com/uk/services/,all_services_page,2026-09-05,Airtasker UK service taxonomy.,London
Airtasker,Leather Car Seat Restoration,Leather Car Seat Restoration,Leather Car Seat Restoration,Other / Unmapped,V2,https://www.airtasker.com/uk/services/,all_services_page,2026-09-05,Airtasker UK service taxonomy.,London
Airtasker,Leather Cleaning,Leather Cleaning,Cleaning,Cleaning & Household,V2,https://www.airtasker.com/uk/services/,all_services_page,2026-09-05,Airtasker UK service taxonomy.,London
Airtasker,Leather Furniture Repair,Leather Furniture Repair,Furniture Repair,Repair Services,V2,https://www.airtasker.com/uk/services/,all_services_page,2026-09-05,Airtasker UK service taxonomy.,London
Airtasker,Leeds to London Removals,Leeds to London Removals,Removals & Moving,Cleaning & Household,V2,https://www.airtasker.com/uk/services/,all_services_page,2026-09-05,Airtasker UK service taxonomy.,London
Airtasker,Legal Services,Legal Services,Legal Services,Professional Services,V2,https://www.airtasker.com/uk/services/,all_services_page,2026-09-05,Airtasker UK service taxonomy.,London
Airtasker,Lessons,Lessons,Tutoring & Lessons,Education & Lessons,V2,https://www.airtasker.com/uk/services/,all_services_page,2026-09-05,Airtasker UK service taxonomy.,London
Airtasker,Letterbox Replacement,Letterbox Replacement,Letterbox Replacement,Other / Unmapped,V2,https://www.airtasker.com/uk/services/,all_services_page,2026-09-05,Airtasker UK service taxonomy.,London
Airtasker,Levelling,Levelling,Levelling,Other / Unmapped,V2,https://www.airtasker.com/uk/services/,all_services_page,2026-09-05,Airtasker UK service taxonomy.,London
Airtasker,Lexus Service,Lexus Service,Lexus Service,Other / Unmapped,V2,https://www.airtasker.com/uk/services/,all_services_page,2026-09-05,Airtasker UK service taxonomy.,London
Airtasker,Life Coach,Life Coach,Life Coach,Other / Unmapped,V2,https://www.airtasker.com/uk/services/,all_services_page,2026-09-05,Airtasker UK service taxonomy.,London
Airtasker,Light Installation,Light Installation,Light Installation,Other / Unmapped,V2,https://www.airtasker.com/uk/services/,all_services_page,2026-09-05,Airtasker UK service taxonomy.,London
Airtasker,Light Repair,Light Repair,Light Repair,Other / Unmapped,V2,https://www.airtasker.com/uk/services/,all_services_page,2026-09-05,Airtasker UK service taxonomy.,London
Airtasker,Lime Plastering,Lime Plastering,Plastering & Rendering,Home & Trades,V2,https://www.airtasker.com/uk/services/,all_services_page,2026-09-05,Airtasker UK service taxonomy.,London
Airtasker,Line Dancing Lessons,Line Dancing Lessons,Tutoring & Lessons,Education & Lessons,V2,https://www.airtasker.com/uk/services/,all_services_page,2026-09-05,Airtasker UK service taxonomy.,London
Airtasker,LinkedIn Profile Writing,LinkedIn Profile Writing,LinkedIn Profile Writing,Other / Unmapped,V2,https://www.airtasker.com/uk/services/,all_services_page,2026-09-05,Airtasker UK service taxonomy.,London
Airtasker,Linoleum Flooring,Linoleum Flooring,Flooring,Home & Trades,V2,https://www.airtasker.com/uk/services/,all_services_page,2026-09-05,Airtasker UK service taxonomy.,London
Airtasker,Littlehampton to Rustington Removals,Littlehampton to Rustington Removals,Removals & Moving,Cleaning & Household,V2,https://www.airtasker.com/uk/services/,all_services_page,2026-09-05,Airtasker UK service taxonomy.,London
Airtasker,Local Mobile Mechanic,Local Mobile Mechanic,Vehicle Repair,Automotive,V2,https://www.airtasker.com/uk/services/,all_services_page,2026-09-05,Airtasker UK service taxonomy.,London
Airtasker,Lock Installation,Lock Installation,Locksmith,Home & Trades,V2,https://www.airtasker.com/uk/services/,all_services_page,2026-09-05,Airtasker UK service taxonomy.,London
Airtasker,Lock Replacement,Lock Replacement,Lock Replacement,Other / Unmapped,V2,https://www.airtasker.com/uk/services/,all_services_page,2026-09-05,Airtasker UK service taxonomy.,London
Airtasker,Locksmith,Locksmith,Locksmith,Home & Trades,V2,https://www.airtasker.com/uk/services/,all_services_page,2026-09-05,Airtasker UK service taxonomy.,London
Airtasker,Loft Conversion,Loft Conversion,Loft Conversion,Other / Unmapped,V2,https://www.airtasker.com/uk/services/,all_services_page,2026-09-05,Airtasker UK service taxonomy.,London
Airtasker,Loft Insulation,Loft Insulation,Insulation,Home & Trades,V2,https://www.airtasker.com/uk/services/,all_services_page,2026-09-05,Airtasker UK service taxonomy.,London
Airtasker,Loft Ladder Installation,Loft Ladder Installation,Loft Ladder Installation,Other / Unmapped,V2,https://www.airtasker.com/uk/services/,all_services_page,2026-09-05,Airtasker UK service taxonomy.,London
Airtasker,Loft and Attic Clearance,Loft and Attic Clearance,Loft and Attic Clearance,Other / Unmapped,V2,https://www.airtasker.com/uk/services/,all_services_page,2026-09-05,Airtasker UK service taxonomy.,London
Airtasker,Logo Design,Logo Design,Logo Design,Other / Unmapped,V2,https://www.airtasker.com/uk/services/,all_services_page,2026-09-05,Airtasker UK service taxonomy.,London
Airtasker,London to Belfast Removals,London to Belfast Removals,Removals & Moving,Cleaning & Household,V2,https://www.airtasker.com/uk/services/,all_services_page,2026-09-05,Airtasker UK service taxonomy.,London
Airtasker,London to Birmingham Removals,London to Birmingham Removals,Removals & Moving,Cleaning & Household,V2,https://www.airtasker.com/uk/services/,all_services_page,2026-09-05,Airtasker UK service taxonomy.,London
Airtasker,London to Brighton Removals,London to Brighton Removals,Removals & Moving,Cleaning & Household,V2,https://www.airtasker.com/uk/services/,all_services_page,2026-09-05,Airtasker UK service taxonomy.,London
Airtasker,London to Bristol Removals,London to Bristol Removals,Removals & Moving,Cleaning & Household,V2,https://www.airtasker.com/uk/services/,all_services_page,2026-09-05,Airtasker UK service taxonomy.,London
Airtasker,London to Edinburgh Removals,London to Edinburgh Removals,Removals & Moving,Cleaning & Household,V2,https://www.airtasker.com/uk/services/,all_services_page,2026-09-05,Airtasker UK service taxonomy.,London
Airtasker,London to Exeter Removals,London to Exeter Removals,Removals & Moving,Cleaning & Household,V2,https://www.airtasker.com/uk/services/,all_services_page,2026-09-05,Airtasker UK service taxonomy.,London
Airtasker,London to Glasgow Removals,London to Glasgow Removals,Removals & Moving,Cleaning & Household,V2,https://www.airtasker.com/uk/services/,all_services_page,2026-09-05,Airtasker UK service taxonomy.,London
Airtasker,London to Liverpool Removals,London to Liverpool Removals,Removals & Moving,Cleaning & Household,V2,https://www.airtasker.com/uk/services/,all_services_page,2026-09-05,Airtasker UK service taxonomy.,London
Airtasker,London to Manchester Removals,London to Manchester Removals,Removals & Moving,Cleaning & Household,V2,https://www.airtasker.com/uk/services/,all_services_page,2026-09-05,Airtasker UK service taxonomy.,London
Airtasker,Long Distance Removals,Long Distance Removals,Removals & Moving,Cleaning & Household,V2,https://www.airtasker.com/uk/services/,all_services_page,2026-09-05,Airtasker UK service taxonomy.,London
Airtasker,Lounge Repair,Lounge Repair,Lounge Repair,Other / Unmapped,V2,https://www.airtasker.com/uk/services/,all_services_page,2026-09-05,Airtasker UK service taxonomy.,London
Airtasker,Lunch Delivery,Lunch Delivery,Lunch Delivery,Other / Unmapped,V2,https://www.airtasker.com/uk/services/,all_services_page,2026-09-05,Airtasker UK service taxonomy.,London
Airtasker,MDF Cutting,MDF Cutting,MDF Cutting,Other / Unmapped,V2,https://www.airtasker.com/uk/services/,all_services_page,2026-09-05,Airtasker UK service taxonomy.,London
Airtasker,MDF Installation,MDF Installation,MDF Installation,Other / Unmapped,V2,https://www.airtasker.com/uk/services/,all_services_page,2026-09-05,Airtasker UK service taxonomy.,London
Airtasker,MMA Training,MMA Training,MMA Training,Other / Unmapped,V2,https://www.airtasker.com/uk/services/,all_services_page,2026-09-05,Airtasker UK service taxonomy.,London
Airtasker,Macbook Air Repair,Macbook Air Repair,Macbook Air Repair,Other / Unmapped,V2,https://www.airtasker.com/uk/services/,all_services_page,2026-09-05,Airtasker UK service taxonomy.,London
Airtasker,Macbook Repairs,Macbook Repairs,Macbook Repairs,Other / Unmapped,V2,https://www.airtasker.com/uk/services/,all_services_page,2026-09-05,Airtasker UK service taxonomy.,London
Airtasker,Magento Developer,Magento Developer,Magento Developer,Other / Unmapped,V2,https://www.airtasker.com/uk/services/,all_services_page,2026-09-05,Airtasker UK service taxonomy.,London
Airtasker,Magician,Magician,Magician,Other / Unmapped,V2,https://www.airtasker.com/uk/services/,all_services_page,2026-09-05,Airtasker UK service taxonomy.,London
Airtasker,Makeup Artist,Makeup Artist,Makeup Artist,Other / Unmapped,V2,https://www.airtasker.com/uk/services/,all_services_page,2026-09-05,Airtasker UK service taxonomy.,London
Airtasker,Makeup Tutor,Makeup Tutor,Tutoring & Lessons,Education & Lessons,V2,https://www.airtasker.com/uk/services/,all_services_page,2026-09-05,Airtasker UK service taxonomy.,London
Airtasker,Malware Removal,Malware Removal,Removals & Moving,Cleaning & Household,V2,https://www.airtasker.com/uk/services/,all_services_page,2026-09-05,Airtasker UK service taxonomy.,London
Airtasker,Man With a Van,Man With a Van,Man With a Van,Other / Unmapped,V2,https://www.airtasker.com/uk/services/,all_services_page,2026-09-05,Airtasker UK service taxonomy.,London
Airtasker,Mandarin Tutor,Mandarin Tutor,Tutoring & Lessons,Education & Lessons,V2,https://www.airtasker.com/uk/services/,all_services_page,2026-09-05,Airtasker UK service taxonomy.,London
Airtasker,Mandolin Lessons,Mandolin Lessons,Tutoring & Lessons,Education & Lessons,V2,https://www.airtasker.com/uk/services/,all_services_page,2026-09-05,Airtasker UK service taxonomy.,London
Airtasker,Manicure,Manicure,Nail Services,Beauty & Wellness,V2,https://www.airtasker.com/uk/services/,all_services_page,2026-09-05,Airtasker UK service taxonomy.,London
Airtasker,Marble Floor Cleaning,Marble Floor Cleaning,Flooring,Home & Trades,V2,https://www.airtasker.com/uk/services/,all_services_page,2026-09-05,Airtasker UK service taxonomy.,London
Airtasker,Marble Flooring,Marble Flooring,Flooring,Home & Trades,V2,https://www.airtasker.com/uk/services/,all_services_page,2026-09-05,Airtasker UK service taxonomy.,London
Airtasker,Market Research,Market Research,Market Research,Other / Unmapped,V2,https://www.airtasker.com/uk/services/,all_services_page,2026-09-05,Airtasker UK service taxonomy.,London
Airtasker,Marketing,Marketing,Marketing Services,Professional Services,V2,https://www.airtasker.com/uk/services/,all_services_page,2026-09-05,Airtasker UK service taxonomy.,London
Airtasker,Marriage Counselling,Marriage Counselling,Therapy & Counselling,Health & Fitness,V2,https://www.airtasker.com/uk/services/,all_services_page,2026-09-05,Airtasker UK service taxonomy.,London
Airtasker,Martial Arts,Martial Arts,Martial Arts,Other / Unmapped,V2,https://www.airtasker.com/uk/services/,all_services_page,2026-09-05,Airtasker UK service taxonomy.,London
Airtasker,Maternity Nurse,Maternity Nurse,Maternity Nurse,Other / Unmapped,V2,https://www.airtasker.com/uk/services/,all_services_page,2026-09-05,Airtasker UK service taxonomy.,London
Airtasker,Maths Tutor,Maths Tutor,Tutoring & Lessons,Education & Lessons,V2,https://www.airtasker.com/uk/services/,all_services_page,2026-09-05,Airtasker UK service taxonomy.,London
Airtasker,Mattress Cleaning,Mattress Cleaning,Cleaning,Cleaning & Household,V2,https://www.airtasker.com/uk/services/,all_services_page,2026-09-05,Airtasker UK service taxonomy.,London
Airtasker,Mattress Removal,Mattress Removal,Removals & Moving,Cleaning & Household,V2,https://www.airtasker.com/uk/services/,all_services_page,2026-09-05,Airtasker UK service taxonomy.,London
Airtasker,Mazda Service,Mazda Service,Mazda Service,Other / Unmapped,V2,https://www.airtasker.com/uk/services/,all_services_page,2026-09-05,Airtasker UK service taxonomy.,London
Airtasker,McDonalds Delivery,McDonalds Delivery,McDonalds Delivery,Other / Unmapped,V2,https://www.airtasker.com/uk/services/,all_services_page,2026-09-05,Airtasker UK service taxonomy.,London
Airtasker,Meal Delivery,Meal Delivery,Meal Delivery,Other / Unmapped,V2,https://www.airtasker.com/uk/services/,all_services_page,2026-09-05,Airtasker UK service taxonomy.,London
Airtasker,Meal Preparation & Planning,Meal Preparation & Planning,Meal Preparation & Planning,Other / Unmapped,V2,https://www.airtasker.com/uk/services/,all_services_page,2026-09-05,Airtasker UK service taxonomy.,London
Airtasker,Meat Delivery,Meat Delivery,Meat Delivery,Other / Unmapped,V2,https://www.airtasker.com/uk/services/,all_services_page,2026-09-05,Airtasker UK service taxonomy.,London
Airtasker,Mechanic,Mechanic,Vehicle Repair,Automotive,V2,https://www.airtasker.com/uk/services/,all_services_page,2026-09-05,Airtasker UK service taxonomy.,London
Airtasker,Medal Mounting,Medal Mounting,Medal Mounting,Other / Unmapped,V2,https://www.airtasker.com/uk/services/,all_services_page,2026-09-05,Airtasker UK service taxonomy.,London
Airtasker,Men's Tailoring,Men's Tailoring,Men's Tailoring,Other / Unmapped,V2,https://www.airtasker.com/uk/services/,all_services_page,2026-09-05,Airtasker UK service taxonomy.,London
Airtasker,Mental Health Services,Mental Health Services,Mental Health Services,Other / Unmapped,V2,https://www.airtasker.com/uk/services/,all_services_page,2026-09-05,Airtasker UK service taxonomy.,London
Airtasker,Metal Gate Repair,Metal Gate Repair,Fencing & Gates,Home & Trades,V2,https://www.airtasker.com/uk/services/,all_services_page,2026-09-05,Airtasker UK service taxonomy.,London
Airtasker,Metal Roofing,Metal Roofing,Roofing & Guttering,Home & Trades,V2,https://www.airtasker.com/uk/services/,all_services_page,2026-09-05,Airtasker UK service taxonomy.,London
Airtasker,Metalworks,Metalworks,Metalworks,Other / Unmapped,V2,https://www.airtasker.com/uk/services/,all_services_page,2026-09-05,Airtasker UK service taxonomy.,London
Airtasker,Mexican Takeaway,Mexican Takeaway,Mexican Takeaway,Other / Unmapped,V2,https://www.airtasker.com/uk/services/,all_services_page,2026-09-05,Airtasker UK service taxonomy.,London
Airtasker,Mice Control,Mice Control,Mice Control,Other / Unmapped,V2,https://www.airtasker.com/uk/services/,all_services_page,2026-09-05,Airtasker UK service taxonomy.,London
Airtasker,Microsoft Excel Help,Microsoft Excel Help,Microsoft Excel Help,Other / Unmapped,V2,https://www.airtasker.com/uk/services/,all_services_page,2026-09-05,Airtasker UK service taxonomy.,London
Airtasker,Microsoft Help,Microsoft Help,Microsoft Help,Other / Unmapped,V2,https://www.airtasker.com/uk/services/,all_services_page,2026-09-05,Airtasker UK service taxonomy.,London
Airtasker,Microsoft Powerpoint Help,Microsoft Powerpoint Help,Microsoft Powerpoint Help,Other / Unmapped,V2,https://www.airtasker.com/uk/services/,all_services_page,2026-09-05,Airtasker UK service taxonomy.,London
Airtasker,Microsoft Windows Help,Microsoft Windows Help,Windows & Glazing,Home & Trades,V2,https://www.airtasker.com/uk/services/,all_services_page,2026-09-05,Airtasker UK service taxonomy.,London
Airtasker,Microsoft Word Help,Microsoft Word Help,Microsoft Word Help,Other / Unmapped,V2,https://www.airtasker.com/uk/services/,all_services_page,2026-09-05,Airtasker UK service taxonomy.,London
Airtasker,Microwave Repair,Microwave Repair,Microwave Repair,Other / Unmapped,V2,https://www.airtasker.com/uk/services/,all_services_page,2026-09-05,Airtasker UK service taxonomy.,London
Airtasker,Milk Delivery,Milk Delivery,Milk Delivery,Other / Unmapped,V2,https://www.airtasker.com/uk/services/,all_services_page,2026-09-05,Airtasker UK service taxonomy.,London
Airtasker,Mime Artist,Mime Artist,Mime Artist,Other / Unmapped,V2,https://www.airtasker.com/uk/services/,all_services_page,2026-09-05,Airtasker UK service taxonomy.,London
Airtasker,Mini Service,Mini Service,Mini Service,Other / Unmapped,V2,https://www.airtasker.com/uk/services/,all_services_page,2026-09-05,Airtasker UK service taxonomy.,London
Airtasker,Mira Shower Repair,Mira Shower Repair,Bathroom Services,Home & Trades,V2,https://www.airtasker.com/uk/services/,all_services_page,2026-09-05,Airtasker UK service taxonomy.,London
Airtasker,Mirror Cutting,Mirror Cutting,Mirror Cutting,Other / Unmapped,V2,https://www.airtasker.com/uk/services/,all_services_page,2026-09-05,Airtasker UK service taxonomy.,London
Airtasker,Mirror Hanging,Mirror Hanging,Mirror Hanging,Other / Unmapped,V2,https://www.airtasker.com/uk/services/,all_services_page,2026-09-05,Airtasker UK service taxonomy.,London
Airtasker,Mirror Repair,Mirror Repair,Mirror Repair,Other / Unmapped,V2,https://www.airtasker.com/uk/services/,all_services_page,2026-09-05,Airtasker UK service taxonomy.,London
Airtasker,Misted Double Glazing,Misted Double Glazing,Windows & Glazing,Home & Trades,V2,https://www.airtasker.com/uk/services/,all_services_page,2026-09-05,Airtasker UK service taxonomy.,London
Airtasker,Mobile Alloy Wheel Repair,Mobile Alloy Wheel Repair,Mobile Alloy Wheel Repair,Other / Unmapped,V2,https://www.airtasker.com/uk/services/,all_services_page,2026-09-05,Airtasker UK service taxonomy.,London
Airtasker,Mobile App Development,Mobile App Development,Mobile App Development,Other / Unmapped,V2,https://www.airtasker.com/uk/services/,all_services_page,2026-09-05,Airtasker UK service taxonomy.,London
Airtasker,Mobile Auto Electrician,Mobile Auto Electrician,Electrical Services,Home & Trades,V2,https://www.airtasker.com/uk/services/,all_services_page,2026-09-05,Airtasker UK service taxonomy.,London
Airtasker,Mobile Barbers,Mobile Barbers,Hair & Barber Services,Beauty & Wellness,V2,https://www.airtasker.com/uk/services/,all_services_page,2026-09-05,Airtasker UK service taxonomy.,London
Airtasker,Mobile Bicycle Repair,Mobile Bicycle Repair,Mobile Bicycle Repair,Other / Unmapped,V2,https://www.airtasker.com/uk/services/,all_services_page,2026-09-05,Airtasker UK service taxonomy.,London
Airtasker,Mobile Bike Repair,Mobile Bike Repair,Mobile Bike Repair,Other / Unmapped,V2,https://www.airtasker.com/uk/services/,all_services_page,2026-09-05,Airtasker UK service taxonomy.,London
Airtasker,Mobile Car Airconditioning Service,Mobile Car Airconditioning Service,Mobile Car Airconditioning Service,Other / Unmapped,V2,https://www.airtasker.com/uk/services/,all_services_page,2026-09-05,Airtasker UK service taxonomy.,London
Airtasker,Mobile Car Battery Replacement,Mobile Car Battery Replacement,Mobile Car Battery Replacement,Other / Unmapped,V2,https://www.airtasker.com/uk/services/,all_services_page,2026-09-05,Airtasker UK service taxonomy.,London
Airtasker,Mobile Car Dent Repair,Mobile Car Dent Repair,Mobile Car Dent Repair,Other / Unmapped,V2,https://www.airtasker.com/uk/services/,all_services_page,2026-09-05,Airtasker UK service taxonomy.,London
Airtasker,Mobile Car Detailing,Mobile Car Detailing,Car Cleaning & Detailing,Automotive,V2,https://www.airtasker.com/uk/services/,all_services_page,2026-09-05,Airtasker UK service taxonomy.,London
Airtasker,Mobile Car Diagnostics,Mobile Car Diagnostics,Mobile Car Diagnostics,Other / Unmapped,V2,https://www.airtasker.com/uk/services/,all_services_page,2026-09-05,Airtasker UK service taxonomy.,London
Airtasker,Mobile Car Valet,Mobile Car Valet,Mobile Car Valet,Other / Unmapped,V2,https://www.airtasker.com/uk/services/,all_services_page,2026-09-05,Airtasker UK service taxonomy.,London
Airtasker,Mobile Dog Grooming,Mobile Dog Grooming,Pet Grooming,Pet Services,V2,https://www.airtasker.com/uk/services/,all_services_page,2026-09-05,Airtasker UK service taxonomy.,London
Airtasker,Mobile Dog Wash,Mobile Dog Wash,Mobile Dog Wash,Other / Unmapped,V2,https://www.airtasker.com/uk/services/,all_services_page,2026-09-05,Airtasker UK service taxonomy.,London
Airtasker,Mobile Hairdressers,Mobile Hairdressers,Hair & Barber Services,Beauty & Wellness,V2,https://www.airtasker.com/uk/services/,all_services_page,2026-09-05,Airtasker UK service taxonomy.,London
Airtasker,Mobile Locksmith,Mobile Locksmith,Locksmith,Home & Trades,V2,https://www.airtasker.com/uk/services/,all_services_page,2026-09-05,Airtasker UK service taxonomy.,London
Airtasker,Mobile Mechanic,Mobile Mechanic,Vehicle Repair,Automotive,V2,https://www.airtasker.com/uk/services/,all_services_page,2026-09-05,Airtasker UK service taxonomy.,London
Airtasker,Mobile Motorcycle Mechanic,Mobile Motorcycle Mechanic,Vehicle Repair,Automotive,V2,https://www.airtasker.com/uk/services/,all_services_page,2026-09-05,Airtasker UK service taxonomy.,London
Airtasker,Mobile Pet Services,Mobile Pet Services,Mobile Pet Services,Other / Unmapped,V2,https://www.airtasker.com/uk/services/,all_services_page,2026-09-05,Airtasker UK service taxonomy.,London
Airtasker,Mobile Scratch Repair,Mobile Scratch Repair,Mobile Scratch Repair,Other / Unmapped,V2,https://www.airtasker.com/uk/services/,all_services_page,2026-09-05,Airtasker UK service taxonomy.,London
Airtasker,Mobile Tattoo Artists,Mobile Tattoo Artists,Tattoo & Piercing,Beauty & Wellness,V2,https://www.airtasker.com/uk/services/,all_services_page,2026-09-05,Airtasker UK service taxonomy.,London
Airtasker,Mobile Tyre Fitting,Mobile Tyre Fitting,Tyre Services,Automotive,V2,https://www.airtasker.com/uk/services/,all_services_page,2026-09-05,Airtasker UK service taxonomy.,London
Airtasker,Mobile Tyre Repair,Mobile Tyre Repair,Tyre Services,Automotive,V2,https://www.airtasker.com/uk/services/,all_services_page,2026-09-05,Airtasker UK service taxonomy.,London
Airtasker,Mobile Waxing,Mobile Waxing,Hair Removal,Beauty & Wellness,V2,https://www.airtasker.com/uk/services/,all_services_page,2026-09-05,Airtasker UK service taxonomy.,London
Airtasker,Mobile Welding,Mobile Welding,Mobile Welding,Other / Unmapped,V2,https://www.airtasker.com/uk/services/,all_services_page,2026-09-05,Airtasker UK service taxonomy.,London
Airtasker,Mobile Wheel Refurbishment,Mobile Wheel Refurbishment,Mobile Wheel Refurbishment,Other / Unmapped,V2,https://www.airtasker.com/uk/services/,all_services_page,2026-09-05,Airtasker UK service taxonomy.,London
Airtasker,Mobility Scooter Service,Mobility Scooter Service,Mobility Scooter Service,Other / Unmapped,V2,https://www.airtasker.com/uk/services/,all_services_page,2026-09-05,Airtasker UK service taxonomy.,London
Airtasker,Models,Models,Models,Other / Unmapped,V2,https://www.airtasker.com/uk/services/,all_services_page,2026-09-05,Airtasker UK service taxonomy.,London
Airtasker,Moped Repair,Moped Repair,Moped Repair,Other / Unmapped,V2,https://www.airtasker.com/uk/services/,all_services_page,2026-09-05,Airtasker UK service taxonomy.,London
Airtasker,Mopping,Mopping,Mopping,Other / Unmapped,V2,https://www.airtasker.com/uk/services/,all_services_page,2026-09-05,Airtasker UK service taxonomy.,London
Airtasker,Morrisons Grocery Delivery,Morrisons Grocery Delivery,Morrisons Grocery Delivery,Other / Unmapped,V2,https://www.airtasker.com/uk/services/,all_services_page,2026-09-05,Airtasker UK service taxonomy.,London
Airtasker,Mortgage Advisor,Mortgage Advisor,Mortgage Advisor,Other / Unmapped,V2,https://www.airtasker.com/uk/services/,all_services_page,2026-09-05,Airtasker UK service taxonomy.,London
Airtasker,Mother's Day Gift Delivery,Mother's Day Gift Delivery,Mother's Day Gift Delivery,Other / Unmapped,V2,https://www.airtasker.com/uk/services/,all_services_page,2026-09-05,Airtasker UK service taxonomy.,London
Airtasker,Mother's Help,Mother's Help,Mother's Help,Other / Unmapped,V2,https://www.airtasker.com/uk/services/,all_services_page,2026-09-05,Airtasker UK service taxonomy.,London
Airtasker,Motivational Speaker,Motivational Speaker,Motivational Speaker,Other / Unmapped,V2,https://www.airtasker.com/uk/services/,all_services_page,2026-09-05,Airtasker UK service taxonomy.,London
Airtasker,Motorcycle Lessons,Motorcycle Lessons,Motorcycle Services,Automotive,V2,https://www.airtasker.com/uk/services/,all_services_page,2026-09-05,Airtasker UK service taxonomy.,London
Airtasker,Motorcycle MOT,Motorcycle MOT,Motorcycle Services,Automotive,V2,https://www.airtasker.com/uk/services/,all_services_page,2026-09-05,Airtasker UK service taxonomy.,London
Airtasker,Motorcycle Mechanic,Motorcycle Mechanic,Vehicle Repair,Automotive,V2,https://www.airtasker.com/uk/services/,all_services_page,2026-09-05,Airtasker UK service taxonomy.,London
Airtasker,Motorcycle Seat Repair,Motorcycle Seat Repair,Motorcycle Services,Automotive,V2,https://www.airtasker.com/uk/services/,all_services_page,2026-09-05,Airtasker UK service taxonomy.,London
Airtasker,Motorcycle Transport,Motorcycle Transport,Motorcycle Services,Automotive,V2,https://www.airtasker.com/uk/services/,all_services_page,2026-09-05,Airtasker UK service taxonomy.,London
Airtasker,Motorcycle Tyre Repair,Motorcycle Tyre Repair,Tyre Services,Automotive,V2,https://www.airtasker.com/uk/services/,all_services_page,2026-09-05,Airtasker UK service taxonomy.,London
Airtasker,Mould Removal,Mould Removal,Damp & Waterproofing,Home & Trades,V2,https://www.airtasker.com/uk/services/,all_services_page,2026-09-05,Airtasker UK service taxonomy.,London
Airtasker,Move,Move,Move,Other / Unmapped,V2,https://www.airtasker.com/uk/services/,all_services_page,2026-09-05,Airtasker UK service taxonomy.,London
Airtasker,Moving Services,Moving Services,Removals & Moving,Cleaning & Household,V2,https://www.airtasker.com/uk/services/,all_services_page,2026-09-05,Airtasker UK service taxonomy.,London
Airtasker,Moving to Storage,Moving to Storage,Removals & Moving,Cleaning & Household,V2,https://www.airtasker.com/uk/services/,all_services_page,2026-09-05,Airtasker UK service taxonomy.,London
Airtasker,Mulching,Mulching,Mulching,Other / Unmapped,V2,https://www.airtasker.com/uk/services/,all_services_page,2026-09-05,Airtasker UK service taxonomy.,London
Airtasker,Muralists,Muralists,Muralists,Other / Unmapped,V2,https://www.airtasker.com/uk/services/,all_services_page,2026-09-05,Airtasker UK service taxonomy.,London
Airtasker,Music Lessons,Music Lessons,Tutoring & Lessons,Education & Lessons,V2,https://www.airtasker.com/uk/services/,all_services_page,2026-09-05,Airtasker UK service taxonomy.,London
Airtasker,Mystery Shopping,Mystery Shopping,Mystery Shopping,Other / Unmapped,V2,https://www.airtasker.com/uk/services/,all_services_page,2026-09-05,Airtasker UK service taxonomy.,London
Airtasker,Nail Technicians,Nail Technicians,Nail Services,Beauty & Wellness,V2,https://www.airtasker.com/uk/services/,all_services_page,2026-09-05,Airtasker UK service taxonomy.,London
Airtasker,Nanny,Nanny,Nanny,Other / Unmapped,V2,https://www.airtasker.com/uk/services/,all_services_page,2026-09-05,Airtasker UK service taxonomy.,London
Airtasker,Nature Photographers,Nature Photographers,Photography,Events & Creative,V2,https://www.airtasker.com/uk/services/,all_services_page,2026-09-05,Airtasker UK service taxonomy.,London
Airtasker,Nest Thermostat Installation,Nest Thermostat Installation,Nest Thermostat Installation,Other / Unmapped,V2,https://www.airtasker.com/uk/services/,all_services_page,2026-09-05,Airtasker UK service taxonomy.,London
Airtasker,Netflix Setup,Netflix Setup,Netflix Setup,Other / Unmapped,V2,https://www.airtasker.com/uk/services/,all_services_page,2026-09-05,Airtasker UK service taxonomy.,London
Airtasker,Network Troubleshooting,Network Troubleshooting,Network Troubleshooting,Other / Unmapped,V2,https://www.airtasker.com/uk/services/,all_services_page,2026-09-05,Airtasker UK service taxonomy.,London
Airtasker,Nissan Service,Nissan Service,Nissan Service,Other / Unmapped,V2,https://www.airtasker.com/uk/services/,all_services_page,2026-09-05,Airtasker UK service taxonomy.,London
Airtasker,Nordictrack Assembly,Nordictrack Assembly,Furniture Assembly,Repair Services,V2,https://www.airtasker.com/uk/services/,all_services_page,2026-09-05,Airtasker UK service taxonomy.,London
Airtasker,Nutritionist,Nutritionist,Nutritionist,Other / Unmapped,V2,https://www.airtasker.com/uk/services/,all_services_page,2026-09-05,Airtasker UK service taxonomy.,London
Airtasker,Occupational Therapy,Occupational Therapy,Driveways & Paving,Home & Trades,V2,https://www.airtasker.com/uk/services/,all_services_page,2026-09-05,Airtasker UK service taxonomy.,London
Airtasker,Odour Control,Odour Control,Odour Control,Other / Unmapped,V2,https://www.airtasker.com/uk/services/,all_services_page,2026-09-05,Airtasker UK service taxonomy.,London
Airtasker,Office Chair Repair,Office Chair Repair,Office Chair Repair,Other / Unmapped,V2,https://www.airtasker.com/uk/services/,all_services_page,2026-09-05,Airtasker UK service taxonomy.,London
Airtasker,Office Cleaning,Office Cleaning,Cleaning,Cleaning & Household,V2,https://www.airtasker.com/uk/services/,all_services_page,2026-09-05,Airtasker UK service taxonomy.,London
Airtasker,Office Clearance,Office Clearance,Office Clearance,Other / Unmapped,V2,https://www.airtasker.com/uk/services/,all_services_page,2026-09-05,Airtasker UK service taxonomy.,London
Airtasker,Office Decorator,Office Decorator,Painting & Decorating,Home & Trades,V2,https://www.airtasker.com/uk/services/,all_services_page,2026-09-05,Airtasker UK service taxonomy.,London
Airtasker,Office Fit Out,Office Fit Out,Office Fit Out,Other / Unmapped,V2,https://www.airtasker.com/uk/services/,all_services_page,2026-09-05,Airtasker UK service taxonomy.,London
Airtasker,Office Furniture Assembly,Office Furniture Assembly,Furniture Assembly,Repair Services,V2,https://www.airtasker.com/uk/services/,all_services_page,2026-09-05,Airtasker UK service taxonomy.,London
Airtasker,Office Interior Designers,Office Interior Designers,Interior Design,Professional Services,V2,https://www.airtasker.com/uk/services/,all_services_page,2026-09-05,Airtasker UK service taxonomy.,London
Airtasker,Oil & Filter Change,Oil & Filter Change,Oil & Filter Change,Other / Unmapped,V2,https://www.airtasker.com/uk/services/,all_services_page,2026-09-05,Airtasker UK service taxonomy.,London
Airtasker,Oil Boiler Services,Oil Boiler Services,Heating & Boiler Services,Home & Trades,V2,https://www.airtasker.com/uk/services/,all_services_page,2026-09-05,Airtasker UK service taxonomy.,London
Airtasker,Organic Food Delivery,Organic Food Delivery,Organic Food Delivery,Other / Unmapped,V2,https://www.airtasker.com/uk/services/,all_services_page,2026-09-05,Airtasker UK service taxonomy.,London
Airtasker,Outdoor Furniture Assembly,Outdoor Furniture Assembly,Furniture Assembly,Repair Services,V2,https://www.airtasker.com/uk/services/,all_services_page,2026-09-05,Airtasker UK service taxonomy.,London
Airtasker,Outdoor Lighting Installation,Outdoor Lighting Installation,Electrical Services,Home & Trades,V2,https://www.airtasker.com/uk/services/,all_services_page,2026-09-05,Airtasker UK service taxonomy.,London
Airtasker,Oven Cleaning,Oven Cleaning,Cleaning,Cleaning & Household,V2,https://www.airtasker.com/uk/services/,all_services_page,2026-09-05,Airtasker UK service taxonomy.,London
Airtasker,Oven Fan Repair,Oven Fan Repair,Oven Fan Repair,Other / Unmapped,V2,https://www.airtasker.com/uk/services/,all_services_page,2026-09-05,Airtasker UK service taxonomy.,London
Airtasker,Oven Repair,Oven Repair,Appliance Repair,Repair Services,V2,https://www.airtasker.com/uk/services/,all_services_page,2026-09-05,Airtasker UK service taxonomy.,London
Airtasker,PC Assembly,PC Assembly,Furniture Assembly,Repair Services,V2,https://www.airtasker.com/uk/services/,all_services_page,2026-09-05,Airtasker UK service taxonomy.,London
Airtasker,PHP Developer,PHP Developer,PHP Developer,Other / Unmapped,V2,https://www.airtasker.com/uk/services/,all_services_page,2026-09-05,Airtasker UK service taxonomy.,London
Airtasker,PTSD Therapy,PTSD Therapy,Therapy & Counselling,Health & Fitness,V2,https://www.airtasker.com/uk/services/,all_services_page,2026-09-05,Airtasker UK service taxonomy.,London
Airtasker,PVC Fascia & Soffit,PVC Fascia & Soffit,Roofing & Guttering,Home & Trades,V2,https://www.airtasker.com/uk/services/,all_services_page,2026-09-05,Airtasker UK service taxonomy.,London
Airtasker,PVC Fencing,PVC Fencing,Fencing & Gates,Home & Trades,V2,https://www.airtasker.com/uk/services/,all_services_page,2026-09-05,Airtasker UK service taxonomy.,London
Airtasker,PVC Gutters,PVC Gutters,Roofing & Guttering,Home & Trades,V2,https://www.airtasker.com/uk/services/,all_services_page,2026-09-05,Airtasker UK service taxonomy.,London
Airtasker,PVC Pipe Repair,PVC Pipe Repair,PVC Pipe Repair,Other / Unmapped,V2,https://www.airtasker.com/uk/services/,all_services_page,2026-09-05,Airtasker UK service taxonomy.,London
Airtasker,PVC Spraying,PVC Spraying,PVC Spraying,Other / Unmapped,V2,https://www.airtasker.com/uk/services/,all_services_page,2026-09-05,Airtasker UK service taxonomy.,London
Airtasker,PVC Windows,PVC Windows,Windows & Glazing,Home & Trades,V2,https://www.airtasker.com/uk/services/,all_services_page,2026-09-05,Airtasker UK service taxonomy.,London
Airtasker,Paddle Board Lessons,Paddle Board Lessons,Tutoring & Lessons,Education & Lessons,V2,https://www.airtasker.com/uk/services/,all_services_page,2026-09-05,Airtasker UK service taxonomy.,London
Airtasker,Paint Stripping,Paint Stripping,Painting & Decorating,Home & Trades,V2,https://www.airtasker.com/uk/services/,all_services_page,2026-09-05,Airtasker UK service taxonomy.,London
Airtasker,Painter & Decorator,Painter & Decorator,Painting & Decorating,Home & Trades,V2,https://www.airtasker.com/uk/services/,all_services_page,2026-09-05,Airtasker UK service taxonomy.,London
Airtasker,Painting,Painting,Painting & Decorating,Home & Trades,V2,https://www.airtasker.com/uk/services/,all_services_page,2026-09-05,Airtasker UK service taxonomy.,London
Airtasker,Painting Lessons,Painting Lessons,Painting & Decorating,Home & Trades,V2,https://www.airtasker.com/uk/services/,all_services_page,2026-09-05,Airtasker UK service taxonomy.,London
Airtasker,Paintless Dent Removal,Paintless Dent Removal,Painting & Decorating,Home & Trades,V2,https://www.airtasker.com/uk/services/,all_services_page,2026-09-05,Airtasker UK service taxonomy.,London
Airtasker,Pallet Collection & Disposal,Pallet Collection & Disposal,Pallet Collection & Disposal,Other / Unmapped,V2,https://www.airtasker.com/uk/services/,all_services_page,2026-09-05,Airtasker UK service taxonomy.,London
Airtasker,Pallet Delivery,Pallet Delivery,Pallet Delivery,Other / Unmapped,V2,https://www.airtasker.com/uk/services/,all_services_page,2026-09-05,Airtasker UK service taxonomy.,London
Airtasker,Palm Tree Removal,Palm Tree Removal,Removals & Moving,Cleaning & Household,V2,https://www.airtasker.com/uk/services/,all_services_page,2026-09-05,Airtasker UK service taxonomy.,London
Airtasker,Pancake & Waffle Delivery,Pancake & Waffle Delivery,Pancake & Waffle Delivery,Other / Unmapped,V2,https://www.airtasker.com/uk/services/,all_services_page,2026-09-05,Airtasker UK service taxonomy.,London
Airtasker,Panel Beater,Panel Beater,Panel Beater,Other / Unmapped,V2,https://www.airtasker.com/uk/services/,all_services_page,2026-09-05,Airtasker UK service taxonomy.,London
Airtasker,Parcel Delivery,Parcel Delivery,Parcel Delivery,Other / Unmapped,V2,https://www.airtasker.com/uk/services/,all_services_page,2026-09-05,Airtasker UK service taxonomy.,London
Airtasker,Parking Sensor Replacement,Parking Sensor Replacement,Parking Sensor Replacement,Other / Unmapped,V2,https://www.airtasker.com/uk/services/,all_services_page,2026-09-05,Airtasker UK service taxonomy.,London
Airtasker,Parquet Flooring,Parquet Flooring,Flooring,Home & Trades,V2,https://www.airtasker.com/uk/services/,all_services_page,2026-09-05,Airtasker UK service taxonomy.,London
Airtasker,Party Catering,Party Catering,Catering,Events & Creative,V2,https://www.airtasker.com/uk/services/,all_services_page,2026-09-05,Airtasker UK service taxonomy.,London
Airtasker,Party Cleaning,Party Cleaning,Cleaning,Cleaning & Household,V2,https://www.airtasker.com/uk/services/,all_services_page,2026-09-05,Airtasker UK service taxonomy.,London
Airtasker,Party Helpers,Party Helpers,Party Helpers,Other / Unmapped,V2,https://www.airtasker.com/uk/services/,all_services_page,2026-09-05,Airtasker UK service taxonomy.,London
Airtasker,Party Wall Surveyor,Party Wall Surveyor,Surveying,Professional Services,V2,https://www.airtasker.com/uk/services/,all_services_page,2026-09-05,Airtasker UK service taxonomy.,London
Airtasker,Pasta Takeaway,Pasta Takeaway,Pasta Takeaway,Other / Unmapped,V2,https://www.airtasker.com/uk/services/,all_services_page,2026-09-05,Airtasker UK service taxonomy.,London
Airtasker,Pastry Chef,Pastry Chef,Pastry Chef,Other / Unmapped,V2,https://www.airtasker.com/uk/services/,all_services_page,2026-09-05,Airtasker UK service taxonomy.,London
Airtasker,Patio Cleaning,Patio Cleaning,Driveways & Paving,Home & Trades,V2,https://www.airtasker.com/uk/services/,all_services_page,2026-09-05,Airtasker UK service taxonomy.,London
Airtasker,Patio Sliding Door Repair,Patio Sliding Door Repair,Doors & Door Services,Home & Trades,V2,https://www.airtasker.com/uk/services/,all_services_page,2026-09-05,Airtasker UK service taxonomy.,London
Airtasker,Patios,Patios,Driveways & Paving,Home & Trades,V2,https://www.airtasker.com/uk/services/,all_services_page,2026-09-05,Airtasker UK service taxonomy.,London
Airtasker,Pattern Cutter,Pattern Cutter,Pattern Cutter,Other / Unmapped,V2,https://www.airtasker.com/uk/services/,all_services_page,2026-09-05,Airtasker UK service taxonomy.,London
Airtasker,Paving,Paving,Driveways & Paving,Home & Trades,V2,https://www.airtasker.com/uk/services/,all_services_page,2026-09-05,Airtasker UK service taxonomy.,London
Airtasker,Paving Repairs,Paving Repairs,Driveways & Paving,Home & Trades,V2,https://www.airtasker.com/uk/services/,all_services_page,2026-09-05,Airtasker UK service taxonomy.,London
Airtasker,Pedicure,Pedicure,Nail Services,Beauty & Wellness,V2,https://www.airtasker.com/uk/services/,all_services_page,2026-09-05,Airtasker UK service taxonomy.,London
Airtasker,Pension Advisor,Pension Advisor,Pension Advisor,Other / Unmapped,V2,https://www.airtasker.com/uk/services/,all_services_page,2026-09-05,Airtasker UK service taxonomy.,London
Airtasker,Pergola Installation,Pergola Installation,Pergola Installation,Other / Unmapped,V2,https://www.airtasker.com/uk/services/,all_services_page,2026-09-05,Airtasker UK service taxonomy.,London
Airtasker,Personal Assistant,Personal Assistant,Personal Assistant,Other / Unmapped,V2,https://www.airtasker.com/uk/services/,all_services_page,2026-09-05,Airtasker UK service taxonomy.,London
Airtasker,Personal Concierge,Personal Concierge,Personal Concierge,Other / Unmapped,V2,https://www.airtasker.com/uk/services/,all_services_page,2026-09-05,Airtasker UK service taxonomy.,London
Airtasker,Personal Shopper,Personal Shopper,Personal Shopper,Other / Unmapped,V2,https://www.airtasker.com/uk/services/,all_services_page,2026-09-05,Airtasker UK service taxonomy.,London
Airtasker,Personal Stylist,Personal Stylist,Personal Stylist,Other / Unmapped,V2,https://www.airtasker.com/uk/services/,all_services_page,2026-09-05,Airtasker UK service taxonomy.,London
Airtasker,Personal Training,Personal Training,Personal Training,Other / Unmapped,V2,https://www.airtasker.com/uk/services/,all_services_page,2026-09-05,Airtasker UK service taxonomy.,London
Airtasker,Personalised Balloon Delivery,Personalised Balloon Delivery,Personalised Balloon Delivery,Other / Unmapped,V2,https://www.airtasker.com/uk/services/,all_services_page,2026-09-05,Airtasker UK service taxonomy.,London
Airtasker,Personalised Cupcakes,Personalised Cupcakes,Personalised Cupcakes,Other / Unmapped,V2,https://www.airtasker.com/uk/services/,all_services_page,2026-09-05,Airtasker UK service taxonomy.,London
Airtasker,Personalised Gift Delivery,Personalised Gift Delivery,Personalised Gift Delivery,Other / Unmapped,V2,https://www.airtasker.com/uk/services/,all_services_page,2026-09-05,Airtasker UK service taxonomy.,London
Airtasker,Pest Control,Pest Control,Pest Control,Home & Trades,V2,https://www.airtasker.com/uk/services/,all_services_page,2026-09-05,Airtasker UK service taxonomy.,London
Airtasker,Pet Care,Pet Care,Pet Care,Other / Unmapped,V2,https://www.airtasker.com/uk/services/,all_services_page,2026-09-05,Airtasker UK service taxonomy.,London
Airtasker,Pet Door Installation,Pet Door Installation,Doors & Door Services,Home & Trades,V2,https://www.airtasker.com/uk/services/,all_services_page,2026-09-05,Airtasker UK service taxonomy.,London
Airtasker,Pet Feeding,Pet Feeding,Pet Feeding,Other / Unmapped,V2,https://www.airtasker.com/uk/services/,all_services_page,2026-09-05,Airtasker UK service taxonomy.,London
Airtasker,Pet Food Delivery,Pet Food Delivery,Pet Food Delivery,Other / Unmapped,V2,https://www.airtasker.com/uk/services/,all_services_page,2026-09-05,Airtasker UK service taxonomy.,London
Airtasker,Pet Grooming,Pet Grooming,Pet Grooming,Pet Services,V2,https://www.airtasker.com/uk/services/,all_services_page,2026-09-05,Airtasker UK service taxonomy.,London
Airtasker,Pet Sitting,Pet Sitting,Pet Sitting,Pet Services,V2,https://www.airtasker.com/uk/services/,all_services_page,2026-09-05,Airtasker UK service taxonomy.,London
Airtasker,Pet Taxi,Pet Taxi,Pet Taxi,Other / Unmapped,V2,https://www.airtasker.com/uk/services/,all_services_page,2026-09-05,Airtasker UK service taxonomy.,London
Airtasker,Pet Transport,Pet Transport,Pet Transport,Other / Unmapped,V2,https://www.airtasker.com/uk/services/,all_services_page,2026-09-05,Airtasker UK service taxonomy.,London
Airtasker,Peugeot Service,Peugeot Service,Peugeot Service,Other / Unmapped,V2,https://www.airtasker.com/uk/services/,all_services_page,2026-09-05,Airtasker UK service taxonomy.,London
Airtasker,Phonics Lessons,Phonics Lessons,Tutoring & Lessons,Education & Lessons,V2,https://www.airtasker.com/uk/services/,all_services_page,2026-09-05,Airtasker UK service taxonomy.,London
Airtasker,Photo Editing and Retouching,Photo Editing and Retouching,Photo Editing and Retouching,Other / Unmapped,V2,https://www.airtasker.com/uk/services/,all_services_page,2026-09-05,Airtasker UK service taxonomy.,London
Airtasker,Photo Manipulations,Photo Manipulations,Photo Manipulations,Other / Unmapped,V2,https://www.airtasker.com/uk/services/,all_services_page,2026-09-05,Airtasker UK service taxonomy.,London
Airtasker,Photo Printing Service,Photo Printing Service,Photo Printing Service,Other / Unmapped,V2,https://www.airtasker.com/uk/services/,all_services_page,2026-09-05,Airtasker UK service taxonomy.,London
Airtasker,Photo Restorations,Photo Restorations,Photo Restorations,Other / Unmapped,V2,https://www.airtasker.com/uk/services/,all_services_page,2026-09-05,Airtasker UK service taxonomy.,London
Airtasker,Photographer,Photographer,Photography,Events & Creative,V2,https://www.airtasker.com/uk/services/,all_services_page,2026-09-05,Airtasker UK service taxonomy.,London
Airtasker,Photographers,Photographers,Photography,Events & Creative,V2,https://www.airtasker.com/uk/services/,all_services_page,2026-09-05,Airtasker UK service taxonomy.,London
Airtasker,Photography Assistants,Photography Assistants,Photography,Events & Creative,V2,https://www.airtasker.com/uk/services/,all_services_page,2026-09-05,Airtasker UK service taxonomy.,London
Airtasker,Photography Workshops,Photography Workshops,Photography,Events & Creative,V2,https://www.airtasker.com/uk/services/,all_services_page,2026-09-05,Airtasker UK service taxonomy.,London
Airtasker,Physics Tutor,Physics Tutor,Tutoring & Lessons,Education & Lessons,V2,https://www.airtasker.com/uk/services/,all_services_page,2026-09-05,Airtasker UK service taxonomy.,London
Airtasker,Physiotherapist,Physiotherapist,Physiotherapy,Health & Fitness,V2,https://www.airtasker.com/uk/services/,all_services_page,2026-09-05,Airtasker UK service taxonomy.,London
Airtasker,Piano Lessons,Piano Lessons,Tutoring & Lessons,Education & Lessons,V2,https://www.airtasker.com/uk/services/,all_services_page,2026-09-05,Airtasker UK service taxonomy.,London
Airtasker,Piano Removals,Piano Removals,Removals & Moving,Cleaning & Household,V2,https://www.airtasker.com/uk/services/,all_services_page,2026-09-05,Airtasker UK service taxonomy.,London
Airtasker,Picket Fencing,Picket Fencing,Fencing & Gates,Home & Trades,V2,https://www.airtasker.com/uk/services/,all_services_page,2026-09-05,Airtasker UK service taxonomy.,London
Airtasker,Picture Hanging,Picture Hanging,Picture Hanging,Other / Unmapped,V2,https://www.airtasker.com/uk/services/,all_services_page,2026-09-05,Airtasker UK service taxonomy.,London
Airtasker,Pilates Instructor,Pilates Instructor,Pilates Instructor,Other / Unmapped,V2,https://www.airtasker.com/uk/services/,all_services_page,2026-09-05,Airtasker UK service taxonomy.,London
Airtasker,Pipe Insulation,Pipe Insulation,Insulation,Home & Trades,V2,https://www.airtasker.com/uk/services/,all_services_page,2026-09-05,Airtasker UK service taxonomy.,London
Airtasker,Pizza Takeaway,Pizza Takeaway,Pizza Takeaway,Other / Unmapped,V2,https://www.airtasker.com/uk/services/,all_services_page,2026-09-05,Airtasker UK service taxonomy.,London
Airtasker,Planning Consultant,Planning Consultant,Planning Consultant,Other / Unmapped,V2,https://www.airtasker.com/uk/services/,all_services_page,2026-09-05,Airtasker UK service taxonomy.,London
Airtasker,Plant Delivery,Plant Delivery,Plant Delivery,Other / Unmapped,V2,https://www.airtasker.com/uk/services/,all_services_page,2026-09-05,Airtasker UK service taxonomy.,London
Airtasker,Plantation Shutter Installation,Plantation Shutter Installation,Plantation Shutter Installation,Other / Unmapped,V2,https://www.airtasker.com/uk/services/,all_services_page,2026-09-05,Airtasker UK service taxonomy.,London
Airtasker,Plasma TV Repair,Plasma TV Repair,Plasma TV Repair,Other / Unmapped,V2,https://www.airtasker.com/uk/services/,all_services_page,2026-09-05,Airtasker UK service taxonomy.,London
Airtasker,Plaster Coving,Plaster Coving,Plastering & Rendering,Home & Trades,V2,https://www.airtasker.com/uk/services/,all_services_page,2026-09-05,Airtasker UK service taxonomy.,London
Airtasker,Plaster Repair,Plaster Repair,Plastering & Rendering,Home & Trades,V2,https://www.airtasker.com/uk/services/,all_services_page,2026-09-05,Airtasker UK service taxonomy.,London
Airtasker,Plasterboard Disposal,Plasterboard Disposal,Plastering & Rendering,Home & Trades,V2,https://www.airtasker.com/uk/services/,all_services_page,2026-09-05,Airtasker UK service taxonomy.,London
Airtasker,Plasterboard Installation,Plasterboard Installation,Plastering & Rendering,Home & Trades,V2,https://www.airtasker.com/uk/services/,all_services_page,2026-09-05,Airtasker UK service taxonomy.,London
Airtasker,Plasterer,Plasterer,Plastering & Rendering,Home & Trades,V2,https://www.airtasker.com/uk/services/,all_services_page,2026-09-05,Airtasker UK service taxonomy.,London
Airtasker,Playground Assembly,Playground Assembly,Furniture Assembly,Repair Services,V2,https://www.airtasker.com/uk/services/,all_services_page,2026-09-05,Airtasker UK service taxonomy.,London
Airtasker,Plum Play Trampoline Assembly,Plum Play Trampoline Assembly,Furniture Assembly,Repair Services,V2,https://www.airtasker.com/uk/services/,all_services_page,2026-09-05,Airtasker UK service taxonomy.,London
Airtasker,Plumbing,Plumbing,Plumbing,Home & Trades,V2,https://www.airtasker.com/uk/services/,all_services_page,2026-09-05,Airtasker UK service taxonomy.,London
Airtasker,Podiatrist,Podiatrist,Podiatrist,Other / Unmapped,V2,https://www.airtasker.com/uk/services/,all_services_page,2026-09-05,Airtasker UK service taxonomy.,London
Airtasker,Poetry Writing,Poetry Writing,Poetry Writing,Other / Unmapped,V2,https://www.airtasker.com/uk/services/,all_services_page,2026-09-05,Airtasker UK service taxonomy.,London
Airtasker,Pole Dancing Lessons,Pole Dancing Lessons,Tutoring & Lessons,Education & Lessons,V2,https://www.airtasker.com/uk/services/,all_services_page,2026-09-05,Airtasker UK service taxonomy.,London
Airtasker,Polished Plaster,Polished Plaster,Plastering & Rendering,Home & Trades,V2,https://www.airtasker.com/uk/services/,all_services_page,2026-09-05,Airtasker UK service taxonomy.,London
Airtasker,Polycarbonate Roofing,Polycarbonate Roofing,Roofing & Guttering,Home & Trades,V2,https://www.airtasker.com/uk/services/,all_services_page,2026-09-05,Airtasker UK service taxonomy.,London
Airtasker,Pool Cleaning,Pool Cleaning,Cleaning,Cleaning & Household,V2,https://www.airtasker.com/uk/services/,all_services_page,2026-09-05,Airtasker UK service taxonomy.,London
Airtasker,Pool Maintenance,Pool Maintenance,Pool Maintenance,Other / Unmapped,V2,https://www.airtasker.com/uk/services/,all_services_page,2026-09-05,Airtasker UK service taxonomy.,London
Airtasker,Pool Table Assembly,Pool Table Assembly,Furniture Assembly,Repair Services,V2,https://www.airtasker.com/uk/services/,all_services_page,2026-09-05,Airtasker UK service taxonomy.,London
Airtasker,Pool Table Recovering,Pool Table Recovering,Pool Table Recovering,Other / Unmapped,V2,https://www.airtasker.com/uk/services/,all_services_page,2026-09-05,Airtasker UK service taxonomy.,London
Airtasker,Pool Table Removals,Pool Table Removals,Removals & Moving,Cleaning & Household,V2,https://www.airtasker.com/uk/services/,all_services_page,2026-09-05,Airtasker UK service taxonomy.,London
Airtasker,Popeye's Delivery,Popeye's Delivery,Popeye's Delivery,Other / Unmapped,V2,https://www.airtasker.com/uk/services/,all_services_page,2026-09-05,Airtasker UK service taxonomy.,London
Airtasker,Porsche Service,Porsche Service,Porsche Service,Other / Unmapped,V2,https://www.airtasker.com/uk/services/,all_services_page,2026-09-05,Airtasker UK service taxonomy.,London
Airtasker,Portrait Photographer,Portrait Photographer,Photography,Events & Creative,V2,https://www.airtasker.com/uk/services/,all_services_page,2026-09-05,Airtasker UK service taxonomy.,London
Airtasker,Portuguese Tutor,Portuguese Tutor,Tutoring & Lessons,Education & Lessons,V2,https://www.airtasker.com/uk/services/,all_services_page,2026-09-05,Airtasker UK service taxonomy.,London
Airtasker,Poster Design,Poster Design,Poster Design,Other / Unmapped,V2,https://www.airtasker.com/uk/services/,all_services_page,2026-09-05,Airtasker UK service taxonomy.,London
Airtasker,Pottery Lessons,Pottery Lessons,Tutoring & Lessons,Education & Lessons,V2,https://www.airtasker.com/uk/services/,all_services_page,2026-09-05,Airtasker UK service taxonomy.,London
Airtasker,Power Point Installation,Power Point Installation,Power Point Installation,Other / Unmapped,V2,https://www.airtasker.com/uk/services/,all_services_page,2026-09-05,Airtasker UK service taxonomy.,London
Airtasker,Pre Purchase Car Inspection,Pre Purchase Car Inspection,Pre Purchase Car Inspection,Other / Unmapped,V2,https://www.airtasker.com/uk/services/,all_services_page,2026-09-05,Airtasker UK service taxonomy.,London
Airtasker,Pregnancy Fitness,Pregnancy Fitness,Fitness & Personal Training,Health & Fitness,V2,https://www.airtasker.com/uk/services/,all_services_page,2026-09-05,Airtasker UK service taxonomy.,London
Airtasker,Prescription Delivery,Prescription Delivery,Prescription Delivery,Other / Unmapped,V2,https://www.airtasker.com/uk/services/,all_services_page,2026-09-05,Airtasker UK service taxonomy.,London
Airtasker,Presentations Design,Presentations Design,Presentations Design,Other / Unmapped,V2,https://www.airtasker.com/uk/services/,all_services_page,2026-09-05,Airtasker UK service taxonomy.,London
Airtasker,Press Release Writing,Press Release Writing,Press Release Writing,Other / Unmapped,V2,https://www.airtasker.com/uk/services/,all_services_page,2026-09-05,Airtasker UK service taxonomy.,London
Airtasker,Pressure Washer Repair,Pressure Washer Repair,Pressure Washing,Cleaning & Household,V2,https://www.airtasker.com/uk/services/,all_services_page,2026-09-05,Airtasker UK service taxonomy.,London
Airtasker,Print Design,Print Design,Print Design,Other / Unmapped,V2,https://www.airtasker.com/uk/services/,all_services_page,2026-09-05,Airtasker UK service taxonomy.,London
Airtasker,Printer Help,Printer Help,Printer Help,Other / Unmapped,V2,https://www.airtasker.com/uk/services/,all_services_page,2026-09-05,Airtasker UK service taxonomy.,London
Airtasker,Printing Services,Printing Services,Printing Services,Other / Unmapped,V2,https://www.airtasker.com/uk/services/,all_services_page,2026-09-05,Airtasker UK service taxonomy.,London
Airtasker,Private Chef,Private Chef,Private Chef,Other / Unmapped,V2,https://www.airtasker.com/uk/services/,all_services_page,2026-09-05,Airtasker UK service taxonomy.,London
Airtasker,Private Doctor,Private Doctor,Private Doctor,Other / Unmapped,V2,https://www.airtasker.com/uk/services/,all_services_page,2026-09-05,Airtasker UK service taxonomy.,London
Airtasker,Product Testing,Product Testing,Product Testing,Other / Unmapped,V2,https://www.airtasker.com/uk/services/,all_services_page,2026-09-05,Airtasker UK service taxonomy.,London
Airtasker,Project Management,Project Management,Project Management,Other / Unmapped,V2,https://www.airtasker.com/uk/services/,all_services_page,2026-09-05,Airtasker UK service taxonomy.,London
Airtasker,Projector Installation,Projector Installation,Projector Installation,Other / Unmapped,V2,https://www.airtasker.com/uk/services/,all_services_page,2026-09-05,Airtasker UK service taxonomy.,London
Airtasker,Prom Dressmaker,Prom Dressmaker,Prom Dressmaker,Other / Unmapped,V2,https://www.airtasker.com/uk/services/,all_services_page,2026-09-05,Airtasker UK service taxonomy.,London
Airtasker,Proofreading,Proofreading,Proofreading,Other / Unmapped,V2,https://www.airtasker.com/uk/services/,all_services_page,2026-09-05,Airtasker UK service taxonomy.,London
Airtasker,Property & Real Estate Photographers,Property & Real Estate Photographers,Photography,Events & Creative,V2,https://www.airtasker.com/uk/services/,all_services_page,2026-09-05,Airtasker UK service taxonomy.,London
Airtasker,Property Maintenance,Property Maintenance,Property Maintenance,Other / Unmapped,V2,https://www.airtasker.com/uk/services/,all_services_page,2026-09-05,Airtasker UK service taxonomy.,London
Airtasker,Proposal Writing,Proposal Writing,Proposal Writing,Other / Unmapped,V2,https://www.airtasker.com/uk/services/,all_services_page,2026-09-05,Airtasker UK service taxonomy.,London
Airtasker,Psychologist,Psychologist,Psychologist,Other / Unmapped,V2,https://www.airtasker.com/uk/services/,all_services_page,2026-09-05,Airtasker UK service taxonomy.,London
Airtasker,Psychology Tutor,Psychology Tutor,Tutoring & Lessons,Education & Lessons,V2,https://www.airtasker.com/uk/services/,all_services_page,2026-09-05,Airtasker UK service taxonomy.,London
Airtasker,Puppy Training,Puppy Training,Puppy Training,Other / Unmapped,V2,https://www.airtasker.com/uk/services/,all_services_page,2026-09-05,Airtasker UK service taxonomy.,London
Airtasker,Python Tutor,Python Tutor,Tutoring & Lessons,Education & Lessons,V2,https://www.airtasker.com/uk/services/,all_services_page,2026-09-05,Airtasker UK service taxonomy.,London
Airtasker,Quad Bike Repair,Quad Bike Repair,Quad Bike Repair,Other / Unmapped,V2,https://www.airtasker.com/uk/services/,all_services_page,2026-09-05,Airtasker UK service taxonomy.,London
Airtasker,Quantity Surveyor,Quantity Surveyor,Surveying,Professional Services,V2,https://www.airtasker.com/uk/services/,all_services_page,2026-09-05,Airtasker UK service taxonomy.,London
Airtasker,Queueing Service,Queueing Service,Queueing Service,Other / Unmapped,V2,https://www.airtasker.com/uk/services/,all_services_page,2026-09-05,Airtasker UK service taxonomy.,London
Airtasker,Rabbit Boarding,Rabbit Boarding,Rabbit Boarding,Other / Unmapped,V2,https://www.airtasker.com/uk/services/,all_services_page,2026-09-05,Airtasker UK service taxonomy.,London
Airtasker,Radiator Repair,Radiator Repair,Heating & Boiler Services,Home & Trades,V2,https://www.airtasker.com/uk/services/,all_services_page,2026-09-05,Airtasker UK service taxonomy.,London
Airtasker,Rangehood Cleaning,Rangehood Cleaning,Cleaning,Cleaning & Household,V2,https://www.airtasker.com/uk/services/,all_services_page,2026-09-05,Airtasker UK service taxonomy.,London
Airtasker,Real Estate,Real Estate,Real Estate,Other / Unmapped,V2,https://www.airtasker.com/uk/services/,all_services_page,2026-09-05,Airtasker UK service taxonomy.,London
Airtasker,Receptionist,Receptionist,Receptionist,Other / Unmapped,V2,https://www.airtasker.com/uk/services/,all_services_page,2026-09-05,Airtasker UK service taxonomy.,London
Airtasker,Recliner Chair Repair,Recliner Chair Repair,Recliner Chair Repair,Other / Unmapped,V2,https://www.airtasker.com/uk/services/,all_services_page,2026-09-05,Airtasker UK service taxonomy.,London
Airtasker,Recliner Repair,Recliner Repair,Recliner Repair,Other / Unmapped,V2,https://www.airtasker.com/uk/services/,all_services_page,2026-09-05,Airtasker UK service taxonomy.,London
Airtasker,Refinishing,Refinishing,Refinishing,Other / Unmapped,V2,https://www.airtasker.com/uk/services/,all_services_page,2026-09-05,Airtasker UK service taxonomy.,London
Airtasker,Regrouting,Regrouting,Regrouting,Other / Unmapped,V2,https://www.airtasker.com/uk/services/,all_services_page,2026-09-05,Airtasker UK service taxonomy.,London
Airtasker,Relationship Coach,Relationship Coach,Relationship Coach,Other / Unmapped,V2,https://www.airtasker.com/uk/services/,all_services_page,2026-09-05,Airtasker UK service taxonomy.,London
Airtasker,Removals,Removals,Removals & Moving,Cleaning & Household,V2,https://www.airtasker.com/uk/services/,all_services_page,2026-09-05,Airtasker UK service taxonomy.,London
Airtasker,Renault Service,Renault Service,Renault Service,Other / Unmapped,V2,https://www.airtasker.com/uk/services/,all_services_page,2026-09-05,Airtasker UK service taxonomy.,London
Airtasker,Render Repair,Render Repair,Plastering & Rendering,Home & Trades,V2,https://www.airtasker.com/uk/services/,all_services_page,2026-09-05,Airtasker UK service taxonomy.,London
Airtasker,Rendering & Resurfacing,Rendering & Resurfacing,Plastering & Rendering,Home & Trades,V2,https://www.airtasker.com/uk/services/,all_services_page,2026-09-05,Airtasker UK service taxonomy.,London
Airtasker,Report Writing,Report Writing,Report Writing,Other / Unmapped,V2,https://www.airtasker.com/uk/services/,all_services_page,2026-09-05,Airtasker UK service taxonomy.,London
Airtasker,Reptile Boarding,Reptile Boarding,Reptile Boarding,Other / Unmapped,V2,https://www.airtasker.com/uk/services/,all_services_page,2026-09-05,Airtasker UK service taxonomy.,London
Airtasker,Research Assistant,Research Assistant,Research Assistant,Other / Unmapped,V2,https://www.airtasker.com/uk/services/,all_services_page,2026-09-05,Airtasker UK service taxonomy.,London
Airtasker,Restaurant Designers,Restaurant Designers,Restaurant Designers,Other / Unmapped,V2,https://www.airtasker.com/uk/services/,all_services_page,2026-09-05,Airtasker UK service taxonomy.,London
Airtasker,Resume Writing,Resume Writing,Resume Writing,Other / Unmapped,V2,https://www.airtasker.com/uk/services/,all_services_page,2026-09-05,Airtasker UK service taxonomy.,London
Airtasker,Retaining Walls,Retaining Walls,Retaining Walls,Other / Unmapped,V2,https://www.airtasker.com/uk/services/,all_services_page,2026-09-05,Airtasker UK service taxonomy.,London
Airtasker,Return Loads,Return Loads,Return Loads,Other / Unmapped,V2,https://www.airtasker.com/uk/services/,all_services_page,2026-09-05,Airtasker UK service taxonomy.,London
Airtasker,Reversing Camera Installation,Reversing Camera Installation,Reversing Camera Installation,Other / Unmapped,V2,https://www.airtasker.com/uk/services/,all_services_page,2026-09-05,Airtasker UK service taxonomy.,London
Airtasker,Ring Doorbell Installation,Ring Doorbell Installation,Doors & Door Services,Home & Trades,V2,https://www.airtasker.com/uk/services/,all_services_page,2026-09-05,Airtasker UK service taxonomy.,London
Airtasker,Roast Dinner Delivery,Roast Dinner Delivery,Roast Dinner Delivery,Other / Unmapped,V2,https://www.airtasker.com/uk/services/,all_services_page,2026-09-05,Airtasker UK service taxonomy.,London
Airtasker,Roller Shutter Blinds Repair & Installation,Roller Shutter Blinds Repair & Installation,Roller Shutter Blinds Repair & Installation,Other / Unmapped,V2,https://www.airtasker.com/uk/services/,all_services_page,2026-09-05,Airtasker UK service taxonomy.,London
Airtasker,Roller Skating Lessons,Roller Skating Lessons,Tutoring & Lessons,Education & Lessons,V2,https://www.airtasker.com/uk/services/,all_services_page,2026-09-05,Airtasker UK service taxonomy.,London
Airtasker,Roman Blind Fitter,Roman Blind Fitter,Roman Blind Fitter,Other / Unmapped,V2,https://www.airtasker.com/uk/services/,all_services_page,2026-09-05,Airtasker UK service taxonomy.,London
Airtasker,Roman Blinds Installation,Roman Blinds Installation,Roman Blinds Installation,Other / Unmapped,V2,https://www.airtasker.com/uk/services/,all_services_page,2026-09-05,Airtasker UK service taxonomy.,London
Airtasker,Roof Cleaning,Roof Cleaning,Roofing & Guttering,Home & Trades,V2,https://www.airtasker.com/uk/services/,all_services_page,2026-09-05,Airtasker UK service taxonomy.,London
Airtasker,Roof Installation,Roof Installation,Roofing & Guttering,Home & Trades,V2,https://www.airtasker.com/uk/services/,all_services_page,2026-09-05,Airtasker UK service taxonomy.,London
Airtasker,Roof Repair,Roof Repair,Roofing & Guttering,Home & Trades,V2,https://www.airtasker.com/uk/services/,all_services_page,2026-09-05,Airtasker UK service taxonomy.,London
Airtasker,Roof Ventilation,Roof Ventilation,Roofing & Guttering,Home & Trades,V2,https://www.airtasker.com/uk/services/,all_services_page,2026-09-05,Airtasker UK service taxonomy.,London
Airtasker,Roofing,Roofing,Roofing & Guttering,Home & Trades,V2,https://www.airtasker.com/uk/services/,all_services_page,2026-09-05,Airtasker UK service taxonomy.,London
Airtasker,Router Modem Setup,Router Modem Setup,Router Modem Setup,Other / Unmapped,V2,https://www.airtasker.com/uk/services/,all_services_page,2026-09-05,Airtasker UK service taxonomy.,London
Airtasker,Rubbish Removal,Rubbish Removal,Rubbish Removal,Cleaning & Household,V2,https://www.airtasker.com/uk/services/,all_services_page,2026-09-05,Airtasker UK service taxonomy.,London
Airtasker,Ruby Developer,Ruby Developer,Ruby Developer,Other / Unmapped,V2,https://www.airtasker.com/uk/services/,all_services_page,2026-09-05,Airtasker UK service taxonomy.,London
Airtasker,Russian Lessons,Russian Lessons,Tutoring & Lessons,Education & Lessons,V2,https://www.airtasker.com/uk/services/,all_services_page,2026-09-05,Airtasker UK service taxonomy.,London
Airtasker,SAT Tutor,SAT Tutor,Tutoring & Lessons,Education & Lessons,V2,https://www.airtasker.com/uk/services/,all_services_page,2026-09-05,Airtasker UK service taxonomy.,London
Airtasker,SEO,SEO,Marketing Services,Professional Services,V2,https://www.airtasker.com/uk/services/,all_services_page,2026-09-05,Airtasker UK service taxonomy.,London
Airtasker,SQL Developer,SQL Developer,SQL Developer,Other / Unmapped,V2,https://www.airtasker.com/uk/services/,all_services_page,2026-09-05,Airtasker UK service taxonomy.,London
Airtasker,Safe Locksmith,Safe Locksmith,Locksmith,Home & Trades,V2,https://www.airtasker.com/uk/services/,all_services_page,2026-09-05,Airtasker UK service taxonomy.,London
Airtasker,Sailing Lessons,Sailing Lessons,Tutoring & Lessons,Education & Lessons,V2,https://www.airtasker.com/uk/services/,all_services_page,2026-09-05,Airtasker UK service taxonomy.,London
Airtasker,Sainsburys Delivery,Sainsburys Delivery,Sainsburys Delivery,Other / Unmapped,V2,https://www.airtasker.com/uk/services/,all_services_page,2026-09-05,Airtasker UK service taxonomy.,London
Airtasker,Salad Delivery,Salad Delivery,Salad Delivery,Other / Unmapped,V2,https://www.airtasker.com/uk/services/,all_services_page,2026-09-05,Airtasker UK service taxonomy.,London
Airtasker,Sales Assistant,Sales Assistant,Sales Assistant,Other / Unmapped,V2,https://www.airtasker.com/uk/services/,all_services_page,2026-09-05,Airtasker UK service taxonomy.,London
Airtasker,Salsa Lessons,Salsa Lessons,Tutoring & Lessons,Education & Lessons,V2,https://www.airtasker.com/uk/services/,all_services_page,2026-09-05,Airtasker UK service taxonomy.,London
Airtasker,Same-Day Dry Cleaning,Same-Day Dry Cleaning,Cleaning,Cleaning & Household,V2,https://www.airtasker.com/uk/services/,all_services_page,2026-09-05,Airtasker UK service taxonomy.,London
Airtasker,Samsung Fridge Repair,Samsung Fridge Repair,Appliance Repair,Repair Services,V2,https://www.airtasker.com/uk/services/,all_services_page,2026-09-05,Airtasker UK service taxonomy.,London
Airtasker,Samsung TV Repair,Samsung TV Repair,Samsung TV Repair,Other / Unmapped,V2,https://www.airtasker.com/uk/services/,all_services_page,2026-09-05,Airtasker UK service taxonomy.,London
Airtasker,Sauna Installation,Sauna Installation,Sauna Installation,Other / Unmapped,V2,https://www.airtasker.com/uk/services/,all_services_page,2026-09-05,Airtasker UK service taxonomy.,London
Airtasker,Sawblade Sharpening,Sawblade Sharpening,Sawblade Sharpening,Other / Unmapped,V2,https://www.airtasker.com/uk/services/,all_services_page,2026-09-05,Airtasker UK service taxonomy.,London
Airtasker,Saxophone Lessons,Saxophone Lessons,Tutoring & Lessons,Education & Lessons,V2,https://www.airtasker.com/uk/services/,all_services_page,2026-09-05,Airtasker UK service taxonomy.,London
Airtasker,Scanner Setup,Scanner Setup,Scanner Setup,Other / Unmapped,V2,https://www.airtasker.com/uk/services/,all_services_page,2026-09-05,Airtasker UK service taxonomy.,London
Airtasker,Science Tutor,Science Tutor,Tutoring & Lessons,Education & Lessons,V2,https://www.airtasker.com/uk/services/,all_services_page,2026-09-05,Airtasker UK service taxonomy.,London
Airtasker,Scrap Metal Removal,Scrap Metal Removal,Removals & Moving,Cleaning & Household,V2,https://www.airtasker.com/uk/services/,all_services_page,2026-09-05,Airtasker UK service taxonomy.,London
Airtasker,Screeding,Screeding,Screeding,Other / Unmapped,V2,https://www.airtasker.com/uk/services/,all_services_page,2026-09-05,Airtasker UK service taxonomy.,London
Airtasker,Screen Repair,Screen Repair,Screen Repair,Other / Unmapped,V2,https://www.airtasker.com/uk/services/,all_services_page,2026-09-05,Airtasker UK service taxonomy.,London
Airtasker,Seamstress,Seamstress,Seamstress,Other / Unmapped,V2,https://www.airtasker.com/uk/services/,all_services_page,2026-09-05,Airtasker UK service taxonomy.,London
Airtasker,Search Engine Marketing,Search Engine Marketing,Marketing Services,Professional Services,V2,https://www.airtasker.com/uk/services/,all_services_page,2026-09-05,Airtasker UK service taxonomy.,London
Airtasker,Security System Installation,Security System Installation,Security Systems,Home & Trades,V2,https://www.airtasker.com/uk/services/,all_services_page,2026-09-05,Airtasker UK service taxonomy.,London
Airtasker,Self Defence Classes,Self Defence Classes,Self Defence Classes,Other / Unmapped,V2,https://www.airtasker.com/uk/services/,all_services_page,2026-09-05,Airtasker UK service taxonomy.,London
Airtasker,Sewing,Sewing,Sewing,Other / Unmapped,V2,https://www.airtasker.com/uk/services/,all_services_page,2026-09-05,Airtasker UK service taxonomy.,London
Airtasker,Sewing Lessons,Sewing Lessons,Tutoring & Lessons,Education & Lessons,V2,https://www.airtasker.com/uk/services/,all_services_page,2026-09-05,Airtasker UK service taxonomy.,London
Airtasker,Sewing Machine Repair,Sewing Machine Repair,Sewing Machine Repair,Other / Unmapped,V2,https://www.airtasker.com/uk/services/,all_services_page,2026-09-05,Airtasker UK service taxonomy.,London
Airtasker,Sharpening,Sharpening,Sharpening,Other / Unmapped,V2,https://www.airtasker.com/uk/services/,all_services_page,2026-09-05,Airtasker UK service taxonomy.,London
Airtasker,Shed Cladding,Shed Cladding,Shed Cladding,Other / Unmapped,V2,https://www.airtasker.com/uk/services/,all_services_page,2026-09-05,Airtasker UK service taxonomy.,London
Airtasker,Shed Installation,Shed Installation,Shed Installation,Other / Unmapped,V2,https://www.airtasker.com/uk/services/,all_services_page,2026-09-05,Airtasker UK service taxonomy.,London
Airtasker,Shed Removal and Disposal,Shed Removal and Disposal,Removals & Moving,Cleaning & Household,V2,https://www.airtasker.com/uk/services/,all_services_page,2026-09-05,Airtasker UK service taxonomy.,London
Airtasker,Shed Removals,Shed Removals,Removals & Moving,Cleaning & Household,V2,https://www.airtasker.com/uk/services/,all_services_page,2026-09-05,Airtasker UK service taxonomy.,London
Airtasker,Shed Roof Repair,Shed Roof Repair,Roofing & Guttering,Home & Trades,V2,https://www.airtasker.com/uk/services/,all_services_page,2026-09-05,Airtasker UK service taxonomy.,London
Airtasker,Shelf Assembly,Shelf Assembly,Furniture Assembly,Repair Services,V2,https://www.airtasker.com/uk/services/,all_services_page,2026-09-05,Airtasker UK service taxonomy.,London
Airtasker,Shelf Hanging,Shelf Hanging,Shelf Hanging,Other / Unmapped,V2,https://www.airtasker.com/uk/services/,all_services_page,2026-09-05,Airtasker UK service taxonomy.,London
Airtasker,Shiplap Cladding,Shiplap Cladding,Shiplap Cladding,Other / Unmapped,V2,https://www.airtasker.com/uk/services/,all_services_page,2026-09-05,Airtasker UK service taxonomy.,London
Airtasker,Shopify Developer,Shopify Developer,Shopify Developer,Other / Unmapped,V2,https://www.airtasker.com/uk/services/,all_services_page,2026-09-05,Airtasker UK service taxonomy.,London
Airtasker,Shower Head Installation,Shower Head Installation,Bathroom Services,Home & Trades,V2,https://www.airtasker.com/uk/services/,all_services_page,2026-09-05,Airtasker UK service taxonomy.,London
Airtasker,Shower Screen Installation,Shower Screen Installation,Bathroom Services,Home & Trades,V2,https://www.airtasker.com/uk/services/,all_services_page,2026-09-05,Airtasker UK service taxonomy.,London
Airtasker,Shrub & Bush Trimming,Shrub & Bush Trimming,Shrub & Bush Trimming,Other / Unmapped,V2,https://www.airtasker.com/uk/services/,all_services_page,2026-09-05,Airtasker UK service taxonomy.,London
Airtasker,Sign Hanging,Sign Hanging,Sign Hanging,Other / Unmapped,V2,https://www.airtasker.com/uk/services/,all_services_page,2026-09-05,Airtasker UK service taxonomy.,London
Airtasker,Sign Language Lessons,Sign Language Lessons,Tutoring & Lessons,Education & Lessons,V2,https://www.airtasker.com/uk/services/,all_services_page,2026-09-05,Airtasker UK service taxonomy.,London
Airtasker,Sign Writing,Sign Writing,Sign Writing,Other / Unmapped,V2,https://www.airtasker.com/uk/services/,all_services_page,2026-09-05,Airtasker UK service taxonomy.,London
Airtasker,Signage Designer,Signage Designer,Signage Designer,Other / Unmapped,V2,https://www.airtasker.com/uk/services/,all_services_page,2026-09-05,Airtasker UK service taxonomy.,London
Airtasker,Signage Installers,Signage Installers,Signage Installers,Other / Unmapped,V2,https://www.airtasker.com/uk/services/,all_services_page,2026-09-05,Airtasker UK service taxonomy.,London
Airtasker,Singer,Singer,Singer,Other / Unmapped,V2,https://www.airtasker.com/uk/services/,all_services_page,2026-09-05,Airtasker UK service taxonomy.,London
Airtasker,Singing Lessons,Singing Lessons,Tutoring & Lessons,Education & Lessons,V2,https://www.airtasker.com/uk/services/,all_services_page,2026-09-05,Airtasker UK service taxonomy.,London
Airtasker,Sink Installation,Sink Installation,Sink Installation,Other / Unmapped,V2,https://www.airtasker.com/uk/services/,all_services_page,2026-09-05,Airtasker UK service taxonomy.,London
Airtasker,Skate Sharpening,Skate Sharpening,Skate Sharpening,Other / Unmapped,V2,https://www.airtasker.com/uk/services/,all_services_page,2026-09-05,Airtasker UK service taxonomy.,London
Airtasker,Skateboard Lessons,Skateboard Lessons,Tutoring & Lessons,Education & Lessons,V2,https://www.airtasker.com/uk/services/,all_services_page,2026-09-05,Airtasker UK service taxonomy.,London
Airtasker,Ski Lessons,Ski Lessons,Tutoring & Lessons,Education & Lessons,V2,https://www.airtasker.com/uk/services/,all_services_page,2026-09-05,Airtasker UK service taxonomy.,London
Airtasker,Skip Hire,Skip Hire,Skip Hire,Other / Unmapped,V2,https://www.airtasker.com/uk/services/,all_services_page,2026-09-05,Airtasker UK service taxonomy.,London
Airtasker,Skirting Boards,Skirting Boards,Skirting Boards,Other / Unmapped,V2,https://www.airtasker.com/uk/services/,all_services_page,2026-09-05,Airtasker UK service taxonomy.,London
Airtasker,Slab Laying,Slab Laying,Slab Laying,Other / Unmapped,V2,https://www.airtasker.com/uk/services/,all_services_page,2026-09-05,Airtasker UK service taxonomy.,London
Airtasker,Slate Roofer,Slate Roofer,Roofing & Guttering,Home & Trades,V2,https://www.airtasker.com/uk/services/,all_services_page,2026-09-05,Airtasker UK service taxonomy.,London
Airtasker,Sleep Therapy,Sleep Therapy,Therapy & Counselling,Health & Fitness,V2,https://www.airtasker.com/uk/services/,all_services_page,2026-09-05,Airtasker UK service taxonomy.,London
Airtasker,Sliding Door Repair,Sliding Door Repair,Doors & Door Services,Home & Trades,V2,https://www.airtasker.com/uk/services/,all_services_page,2026-09-05,Airtasker UK service taxonomy.,London
Airtasker,Small Animal Boarding,Small Animal Boarding,Small Animal Boarding,Other / Unmapped,V2,https://www.airtasker.com/uk/services/,all_services_page,2026-09-05,Airtasker UK service taxonomy.,London
Airtasker,Smoke Alarm Installation,Smoke Alarm Installation,Security Systems,Home & Trades,V2,https://www.airtasker.com/uk/services/,all_services_page,2026-09-05,Airtasker UK service taxonomy.,London
Airtasker,Snack Delivery,Snack Delivery,Snack Delivery,Other / Unmapped,V2,https://www.airtasker.com/uk/services/,all_services_page,2026-09-05,Airtasker UK service taxonomy.,London
Airtasker,Snow Plowing & Removal,Snow Plowing & Removal,Removals & Moving,Cleaning & Household,V2,https://www.airtasker.com/uk/services/,all_services_page,2026-09-05,Airtasker UK service taxonomy.,London
Airtasker,Snowboarding Lessons,Snowboarding Lessons,Tutoring & Lessons,Education & Lessons,V2,https://www.airtasker.com/uk/services/,all_services_page,2026-09-05,Airtasker UK service taxonomy.,London
Airtasker,Social Media Marketing & Management,Social Media Marketing & Management,Marketing Services,Professional Services,V2,https://www.airtasker.com/uk/services/,all_services_page,2026-09-05,Airtasker UK service taxonomy.,London
Airtasker,Sockets and Switches Installation,Sockets and Switches Installation,Electrical Services,Home & Trades,V2,https://www.airtasker.com/uk/services/,all_services_page,2026-09-05,Airtasker UK service taxonomy.,London
Airtasker,Sofa Assembly,Sofa Assembly,Furniture Assembly,Repair Services,V2,https://www.airtasker.com/uk/services/,all_services_page,2026-09-05,Airtasker UK service taxonomy.,London
Airtasker,Sofa Bed Repairs,Sofa Bed Repairs,Sofa Bed Repairs,Other / Unmapped,V2,https://www.airtasker.com/uk/services/,all_services_page,2026-09-05,Airtasker UK service taxonomy.,London
Airtasker,Sofa Cleaning,Sofa Cleaning,Cleaning,Cleaning & Household,V2,https://www.airtasker.com/uk/services/,all_services_page,2026-09-05,Airtasker UK service taxonomy.,London
Airtasker,Sofa Removal and Disposal,Sofa Removal and Disposal,Removals & Moving,Cleaning & Household,V2,https://www.airtasker.com/uk/services/,all_services_page,2026-09-05,Airtasker UK service taxonomy.,London
Airtasker,Sofa Removals,Sofa Removals,Removals & Moving,Cleaning & Household,V2,https://www.airtasker.com/uk/services/,all_services_page,2026-09-05,Airtasker UK service taxonomy.,London
Airtasker,Software Help,Software Help,Software Help,Other / Unmapped,V2,https://www.airtasker.com/uk/services/,all_services_page,2026-09-05,Airtasker UK service taxonomy.,London
Airtasker,Soil & Sand Delivery,Soil & Sand Delivery,Soil & Sand Delivery,Other / Unmapped,V2,https://www.airtasker.com/uk/services/,all_services_page,2026-09-05,Airtasker UK service taxonomy.,London
Airtasker,Soil Removal,Soil Removal,Removals & Moving,Cleaning & Household,V2,https://www.airtasker.com/uk/services/,all_services_page,2026-09-05,Airtasker UK service taxonomy.,London
Airtasker,Solar Panel Cleaning,Solar Panel Cleaning,Cleaning,Cleaning & Household,V2,https://www.airtasker.com/uk/services/,all_services_page,2026-09-05,Airtasker UK service taxonomy.,London
Airtasker,Solar Panel Installation,Solar Panel Installation,Solar Panel Installation,Other / Unmapped,V2,https://www.airtasker.com/uk/services/,all_services_page,2026-09-05,Airtasker UK service taxonomy.,London
Airtasker,Sonos Speaker Repair,Sonos Speaker Repair,Sonos Speaker Repair,Other / Unmapped,V2,https://www.airtasker.com/uk/services/,all_services_page,2026-09-05,Airtasker UK service taxonomy.,London
Airtasker,Sony TV Repair & Setup,Sony TV Repair & Setup,Sony TV Repair & Setup,Other / Unmapped,V2,https://www.airtasker.com/uk/services/,all_services_page,2026-09-05,Airtasker UK service taxonomy.,London
Airtasker,Sound System Installation,Sound System Installation,Sound System Installation,Other / Unmapped,V2,https://www.airtasker.com/uk/services/,all_services_page,2026-09-05,Airtasker UK service taxonomy.,London
Airtasker,Soundproofing,Soundproofing,Soundproofing,Other / Unmapped,V2,https://www.airtasker.com/uk/services/,all_services_page,2026-09-05,Airtasker UK service taxonomy.,London
Airtasker,Spa Removal,Spa Removal,Removals & Moving,Cleaning & Household,V2,https://www.airtasker.com/uk/services/,all_services_page,2026-09-05,Airtasker UK service taxonomy.,London
Airtasker,Space Planners,Space Planners,Spa & Wellness,Beauty & Wellness,V2,https://www.airtasker.com/uk/services/,all_services_page,2026-09-05,Airtasker UK service taxonomy.,London
Airtasker,Spanish Lessons,Spanish Lessons,Spa & Wellness,Beauty & Wellness,V2,https://www.airtasker.com/uk/services/,all_services_page,2026-09-05,Airtasker UK service taxonomy.,London
Airtasker,Spanish Translation,Spanish Translation,Spa & Wellness,Beauty & Wellness,V2,https://www.airtasker.com/uk/services/,all_services_page,2026-09-05,Airtasker UK service taxonomy.,London
Airtasker,Speaker Repair,Speaker Repair,Speaker Repair,Other / Unmapped,V2,https://www.airtasker.com/uk/services/,all_services_page,2026-09-05,Airtasker UK service taxonomy.,London
Airtasker,Speech Therapy,Speech Therapy,Therapy & Counselling,Health & Fitness,V2,https://www.airtasker.com/uk/services/,all_services_page,2026-09-05,Airtasker UK service taxonomy.,London
Airtasker,Speech Writing,Speech Writing,Speech Writing,Other / Unmapped,V2,https://www.airtasker.com/uk/services/,all_services_page,2026-09-05,Airtasker UK service taxonomy.,London
Airtasker,Sports Coaches,Sports Coaches,Sports Coaches,Other / Unmapped,V2,https://www.airtasker.com/uk/services/,all_services_page,2026-09-05,Airtasker UK service taxonomy.,London
Airtasker,Spray Foam Insulation,Spray Foam Insulation,Insulation,Home & Trades,V2,https://www.airtasker.com/uk/services/,all_services_page,2026-09-05,Airtasker UK service taxonomy.,London
Airtasker,Spray Tanning,Spray Tanning,Tanning,Beauty & Wellness,V2,https://www.airtasker.com/uk/services/,all_services_page,2026-09-05,Airtasker UK service taxonomy.,London
Airtasker,Spring Free Trampoline Assembly,Spring Free Trampoline Assembly,Furniture Assembly,Repair Services,V2,https://www.airtasker.com/uk/services/,all_services_page,2026-09-05,Airtasker UK service taxonomy.,London
Airtasker,Sprinkler System Installation,Sprinkler System Installation,Sprinkler System Installation,Other / Unmapped,V2,https://www.airtasker.com/uk/services/,all_services_page,2026-09-05,Airtasker UK service taxonomy.,London
Airtasker,Squarespace Developer,Squarespace Developer,Squarespace Developer,Other / Unmapped,V2,https://www.airtasker.com/uk/services/,all_services_page,2026-09-05,Airtasker UK service taxonomy.,London
Airtasker,Staffing,Staffing,Staffing,Other / Unmapped,V2,https://www.airtasker.com/uk/services/,all_services_page,2026-09-05,Airtasker UK service taxonomy.,London
Airtasker,Stain Removal,Stain Removal,Removals & Moving,Cleaning & Household,V2,https://www.airtasker.com/uk/services/,all_services_page,2026-09-05,Airtasker UK service taxonomy.,London
Airtasker,Stained Glass Repair,Stained Glass Repair,Windows & Glazing,Home & Trades,V2,https://www.airtasker.com/uk/services/,all_services_page,2026-09-05,Airtasker UK service taxonomy.,London
Airtasker,Staining,Staining,Staining,Other / Unmapped,V2,https://www.airtasker.com/uk/services/,all_services_page,2026-09-05,Airtasker UK service taxonomy.,London
Airtasker,Staircase Renovation,Staircase Renovation,Staircase Renovation,Other / Unmapped,V2,https://www.airtasker.com/uk/services/,all_services_page,2026-09-05,Airtasker UK service taxonomy.,London
Airtasker,Starbucks Delivery,Starbucks Delivery,Starbucks Delivery,Other / Unmapped,V2,https://www.airtasker.com/uk/services/,all_services_page,2026-09-05,Airtasker UK service taxonomy.,London
Airtasker,Starter Motor Repair,Starter Motor Repair,Starter Motor Repair,Other / Unmapped,V2,https://www.airtasker.com/uk/services/,all_services_page,2026-09-05,Airtasker UK service taxonomy.,London
Airtasker,Statistics Tutor,Statistics Tutor,Tutoring & Lessons,Education & Lessons,V2,https://www.airtasker.com/uk/services/,all_services_page,2026-09-05,Airtasker UK service taxonomy.,London
Airtasker,Steam Cleaning,Steam Cleaning,Cleaning,Cleaning & Household,V2,https://www.airtasker.com/uk/services/,all_services_page,2026-09-05,Airtasker UK service taxonomy.,London
Airtasker,Steering Wheel Repair,Steering Wheel Repair,Steering Wheel Repair,Other / Unmapped,V2,https://www.airtasker.com/uk/services/,all_services_page,2026-09-05,Airtasker UK service taxonomy.,London
Airtasker,Stone Cladding,Stone Cladding,Stone Cladding,Other / Unmapped,V2,https://www.airtasker.com/uk/services/,all_services_page,2026-09-05,Airtasker UK service taxonomy.,London
Airtasker,Stone Flooring,Stone Flooring,Flooring,Home & Trades,V2,https://www.airtasker.com/uk/services/,all_services_page,2026-09-05,Airtasker UK service taxonomy.,London
Airtasker,Stonemasonry,Stonemasonry,Building & Construction,Home & Trades,V2,https://www.airtasker.com/uk/services/,all_services_page,2026-09-05,Airtasker UK service taxonomy.,London
Airtasker,Stones Paving,Stones Paving,Driveways & Paving,Home & Trades,V2,https://www.airtasker.com/uk/services/,all_services_page,2026-09-05,Airtasker UK service taxonomy.,London
Airtasker,Strata Cleaning,Strata Cleaning,Cleaning,Cleaning & Household,V2,https://www.airtasker.com/uk/services/,all_services_page,2026-09-05,Airtasker UK service taxonomy.,London
Airtasker,Street Dance Lessons,Street Dance Lessons,Tutoring & Lessons,Education & Lessons,V2,https://www.airtasker.com/uk/services/,all_services_page,2026-09-05,Airtasker UK service taxonomy.,London
Airtasker,Student Removals,Student Removals,Removals & Moving,Cleaning & Household,V2,https://www.airtasker.com/uk/services/,all_services_page,2026-09-05,Airtasker UK service taxonomy.,London
Airtasker,Suit Tailor,Suit Tailor,Suit Tailor,Other / Unmapped,V2,https://www.airtasker.com/uk/services/,all_services_page,2026-09-05,Airtasker UK service taxonomy.,London
Airtasker,Sunday Dinner Delivery,Sunday Dinner Delivery,Sunday Dinner Delivery,Other / Unmapped,V2,https://www.airtasker.com/uk/services/,all_services_page,2026-09-05,Airtasker UK service taxonomy.,London
Airtasker,Surf Lessons,Surf Lessons,Tutoring & Lessons,Education & Lessons,V2,https://www.airtasker.com/uk/services/,all_services_page,2026-09-05,Airtasker UK service taxonomy.,London
Airtasker,Surveyors,Surveyors,Surveying,Professional Services,V2,https://www.airtasker.com/uk/services/,all_services_page,2026-09-05,Airtasker UK service taxonomy.,London
Airtasker,Sushi Chef,Sushi Chef,Sushi Chef,Other / Unmapped,V2,https://www.airtasker.com/uk/services/,all_services_page,2026-09-05,Airtasker UK service taxonomy.,London
Airtasker,Sushi Delivery,Sushi Delivery,Sushi Delivery,Other / Unmapped,V2,https://www.airtasker.com/uk/services/,all_services_page,2026-09-05,Airtasker UK service taxonomy.,London
Airtasker,Suspension Repair,Suspension Repair,Suspension Repair,Other / Unmapped,V2,https://www.airtasker.com/uk/services/,all_services_page,2026-09-05,Airtasker UK service taxonomy.,London
Airtasker,Suzuki Service,Suzuki Service,Suzuki Service,Other / Unmapped,V2,https://www.airtasker.com/uk/services/,all_services_page,2026-09-05,Airtasker UK service taxonomy.,London
Airtasker,Sweets Delivery,Sweets Delivery,Sweets Delivery,Other / Unmapped,V2,https://www.airtasker.com/uk/services/,all_services_page,2026-09-05,Airtasker UK service taxonomy.,London
Airtasker,Swimming Lessons,Swimming Lessons,Tutoring & Lessons,Education & Lessons,V2,https://www.airtasker.com/uk/services/,all_services_page,2026-09-05,Airtasker UK service taxonomy.,London
Airtasker,Swimming Pool Builders,Swimming Pool Builders,Building & Construction,Home & Trades,V2,https://www.airtasker.com/uk/services/,all_services_page,2026-09-05,Airtasker UK service taxonomy.,London
Airtasker,Swing Dance Lessons,Swing Dance Lessons,Tutoring & Lessons,Education & Lessons,V2,https://www.airtasker.com/uk/services/,all_services_page,2026-09-05,Airtasker UK service taxonomy.,London
Airtasker,Swing Set Assembly,Swing Set Assembly,Furniture Assembly,Repair Services,V2,https://www.airtasker.com/uk/services/,all_services_page,2026-09-05,Airtasker UK service taxonomy.,London
Airtasker,T-Shirt Printing,T-Shirt Printing,T-Shirt Printing,Other / Unmapped,V2,https://www.airtasker.com/uk/services/,all_services_page,2026-09-05,Airtasker UK service taxonomy.,London
Airtasker,TV Delivery,TV Delivery,TV Delivery,Other / Unmapped,V2,https://www.airtasker.com/uk/services/,all_services_page,2026-09-05,Airtasker UK service taxonomy.,London
Airtasker,TV Installation & Setup,TV Installation & Setup,Aerial & Satellite Services,Home & Trades,V2,https://www.airtasker.com/uk/services/,all_services_page,2026-09-05,Airtasker UK service taxonomy.,London
Airtasker,TV Repairs and Installation,TV Repairs and Installation,TV Repairs and Installation,Other / Unmapped,V2,https://www.airtasker.com/uk/services/,all_services_page,2026-09-05,Airtasker UK service taxonomy.,London
Airtasker,TV Wall Mounting,TV Wall Mounting,TV Wall Mounting,Other / Unmapped,V2,https://www.airtasker.com/uk/services/,all_services_page,2026-09-05,Airtasker UK service taxonomy.,London
Airtasker,Table Assembly,Table Assembly,Furniture Assembly,Repair Services,V2,https://www.airtasker.com/uk/services/,all_services_page,2026-09-05,Airtasker UK service taxonomy.,London
Airtasker,Table Lamp Repair,Table Lamp Repair,Table Lamp Repair,Other / Unmapped,V2,https://www.airtasker.com/uk/services/,all_services_page,2026-09-05,Airtasker UK service taxonomy.,London
Airtasker,Table Tennis Coaching,Table Tennis Coaching,Table Tennis Coaching,Other / Unmapped,V2,https://www.airtasker.com/uk/services/,all_services_page,2026-09-05,Airtasker UK service taxonomy.,London
Airtasker,Table Tennis Table Assembly,Table Tennis Table Assembly,Furniture Assembly,Repair Services,V2,https://www.airtasker.com/uk/services/,all_services_page,2026-09-05,Airtasker UK service taxonomy.,London
Airtasker,Tablet Repair,Tablet Repair,Phone & Device Repair,Repair Services,V2,https://www.airtasker.com/uk/services/,all_services_page,2026-09-05,Airtasker UK service taxonomy.,London
Airtasker,Taekwondo Classes,Taekwondo Classes,Taekwondo Classes,Other / Unmapped,V2,https://www.airtasker.com/uk/services/,all_services_page,2026-09-05,Airtasker UK service taxonomy.,London
Airtasker,Tailors,Tailors,Tailors,Other / Unmapped,V2,https://www.airtasker.com/uk/services/,all_services_page,2026-09-05,Airtasker UK service taxonomy.,London
Airtasker,Takeaway & Delivery,Takeaway & Delivery,Takeaway & Delivery,Other / Unmapped,V2,https://www.airtasker.com/uk/services/,all_services_page,2026-09-05,Airtasker UK service taxonomy.,London
Airtasker,Tap Dance Lessons,Tap Dance Lessons,Tutoring & Lessons,Education & Lessons,V2,https://www.airtasker.com/uk/services/,all_services_page,2026-09-05,Airtasker UK service taxonomy.,London
Airtasker,Tarmac Laying,Tarmac Laying,Tarmac Laying,Other / Unmapped,V2,https://www.airtasker.com/uk/services/,all_services_page,2026-09-05,Airtasker UK service taxonomy.,London
Airtasker,Tattoo Artists,Tattoo Artists,Tattoo & Piercing,Beauty & Wellness,V2,https://www.airtasker.com/uk/services/,all_services_page,2026-09-05,Airtasker UK service taxonomy.,London
Airtasker,Tax Advisor,Tax Advisor,Tax Advisor,Other / Unmapped,V2,https://www.airtasker.com/uk/services/,all_services_page,2026-09-05,Airtasker UK service taxonomy.,London
Airtasker,Technical Support,Technical Support,Technical Support,Other / Unmapped,V2,https://www.airtasker.com/uk/services/,all_services_page,2026-09-05,Airtasker UK service taxonomy.,London
Airtasker,Technical Writer,Technical Writer,Technical Writer,Other / Unmapped,V2,https://www.airtasker.com/uk/services/,all_services_page,2026-09-05,Airtasker UK service taxonomy.,London
Airtasker,Teen Counselling,Teen Counselling,Therapy & Counselling,Health & Fitness,V2,https://www.airtasker.com/uk/services/,all_services_page,2026-09-05,Airtasker UK service taxonomy.,London
Airtasker,Telephone Engineers,Telephone Engineers,Telephone Engineers,Other / Unmapped,V2,https://www.airtasker.com/uk/services/,all_services_page,2026-09-05,Airtasker UK service taxonomy.,London
Airtasker,Temporary Fencing,Temporary Fencing,Fencing & Gates,Home & Trades,V2,https://www.airtasker.com/uk/services/,all_services_page,2026-09-05,Airtasker UK service taxonomy.,London
Airtasker,Temporary Tattoo Artists,Temporary Tattoo Artists,Tattoo & Piercing,Beauty & Wellness,V2,https://www.airtasker.com/uk/services/,all_services_page,2026-09-05,Airtasker UK service taxonomy.,London
Airtasker,Tennis Lessons,Tennis Lessons,Tutoring & Lessons,Education & Lessons,V2,https://www.airtasker.com/uk/services/,all_services_page,2026-09-05,Airtasker UK service taxonomy.,London
Airtasker,Tent Repair,Tent Repair,Tent Repair,Other / Unmapped,V2,https://www.airtasker.com/uk/services/,all_services_page,2026-09-05,Airtasker UK service taxonomy.,London
Airtasker,Terrazzo Flooring,Terrazzo Flooring,Flooring,Home & Trades,V2,https://www.airtasker.com/uk/services/,all_services_page,2026-09-05,Airtasker UK service taxonomy.,London
Airtasker,Tesco Grocery Delivery,Tesco Grocery Delivery,Tesco Grocery Delivery,Other / Unmapped,V2,https://www.airtasker.com/uk/services/,all_services_page,2026-09-05,Airtasker UK service taxonomy.,London
Airtasker,Thai Food Delivery,Thai Food Delivery,Thai Food Delivery,Other / Unmapped,V2,https://www.airtasker.com/uk/services/,all_services_page,2026-09-05,Airtasker UK service taxonomy.,London
Airtasker,The Range Curtain Installation,The Range Curtain Installation,The Range Curtain Installation,Other / Unmapped,V2,https://www.airtasker.com/uk/services/,all_services_page,2026-09-05,Airtasker UK service taxonomy.,London
Airtasker,The Range Furniture Assembly,The Range Furniture Assembly,Furniture Assembly,Repair Services,V2,https://www.airtasker.com/uk/services/,all_services_page,2026-09-05,Airtasker UK service taxonomy.,London
Airtasker,The Range Hanging & Mounting,The Range Hanging & Mounting,The Range Hanging & Mounting,Other / Unmapped,V2,https://www.airtasker.com/uk/services/,all_services_page,2026-09-05,Airtasker UK service taxonomy.,London
Airtasker,The Range Pergola Installation,The Range Pergola Installation,The Range Pergola Installation,Other / Unmapped,V2,https://www.airtasker.com/uk/services/,all_services_page,2026-09-05,Airtasker UK service taxonomy.,London
Airtasker,The Range Storage,The Range Storage,The Range Storage,Other / Unmapped,V2,https://www.airtasker.com/uk/services/,all_services_page,2026-09-05,Airtasker UK service taxonomy.,London
Airtasker,The Range Wallpaper Installation,The Range Wallpaper Installation,The Range Wallpaper Installation,Other / Unmapped,V2,https://www.airtasker.com/uk/services/,all_services_page,2026-09-05,Airtasker UK service taxonomy.,London
Airtasker,Thermostat Installation,Thermostat Installation,Thermostat Installation,Other / Unmapped,V2,https://www.airtasker.com/uk/services/,all_services_page,2026-09-05,Airtasker UK service taxonomy.,London
Airtasker,Tile & Grout Cleaning,Tile & Grout Cleaning,Cleaning,Cleaning & Household,V2,https://www.airtasker.com/uk/services/,all_services_page,2026-09-05,Airtasker UK service taxonomy.,London
Airtasker,Tiling,Tiling,Tiling,Home & Trades,V2,https://www.airtasker.com/uk/services/,all_services_page,2026-09-05,Airtasker UK service taxonomy.,London
Airtasker,Timber Flooring,Timber Flooring,Flooring,Home & Trades,V2,https://www.airtasker.com/uk/services/,all_services_page,2026-09-05,Airtasker UK service taxonomy.,London
Airtasker,Timing Belt Replacement,Timing Belt Replacement,Timing Belt Replacement,Other / Unmapped,V2,https://www.airtasker.com/uk/services/,all_services_page,2026-09-05,Airtasker UK service taxonomy.,London
Airtasker,Toaster Repair,Toaster Repair,Toaster Repair,Other / Unmapped,V2,https://www.airtasker.com/uk/services/,all_services_page,2026-09-05,Airtasker UK service taxonomy.,London
Airtasker,Toilet Installation,Toilet Installation,Toilet Installation,Other / Unmapped,V2,https://www.airtasker.com/uk/services/,all_services_page,2026-09-05,Airtasker UK service taxonomy.,London
Airtasker,Toilet Seat Fitting,Toilet Seat Fitting,Toilet Seat Fitting,Other / Unmapped,V2,https://www.airtasker.com/uk/services/,all_services_page,2026-09-05,Airtasker UK service taxonomy.,London
Airtasker,Tool Repair,Tool Repair,Tool Repair,Other / Unmapped,V2,https://www.airtasker.com/uk/services/,all_services_page,2026-09-05,Airtasker UK service taxonomy.,London
Airtasker,Tool Sharpening,Tool Sharpening,Tool Sharpening,Other / Unmapped,V2,https://www.airtasker.com/uk/services/,all_services_page,2026-09-05,Airtasker UK service taxonomy.,London
Airtasker,Tow Bar Installation,Tow Bar Installation,Tow Bar Installation,Other / Unmapped,V2,https://www.airtasker.com/uk/services/,all_services_page,2026-09-05,Airtasker UK service taxonomy.,London
Airtasker,Toy Assembly,Toy Assembly,Furniture Assembly,Repair Services,V2,https://www.airtasker.com/uk/services/,all_services_page,2026-09-05,Airtasker UK service taxonomy.,London
Airtasker,Toyota Service,Toyota Service,Toyota Service,Other / Unmapped,V2,https://www.airtasker.com/uk/services/,all_services_page,2026-09-05,Airtasker UK service taxonomy.,London
Airtasker,Tradesman,Tradesman,Tradesman,Other / Unmapped,V2,https://www.airtasker.com/uk/services/,all_services_page,2026-09-05,Airtasker UK service taxonomy.,London
Airtasker,Trampoline Assembly,Trampoline Assembly,Furniture Assembly,Repair Services,V2,https://www.airtasker.com/uk/services/,all_services_page,2026-09-05,Airtasker UK service taxonomy.,London
Airtasker,Trampoline Lessons,Trampoline Lessons,Tutoring & Lessons,Education & Lessons,V2,https://www.airtasker.com/uk/services/,all_services_page,2026-09-05,Airtasker UK service taxonomy.,London
Airtasker,Trampoline Removals,Trampoline Removals,Removals & Moving,Cleaning & Household,V2,https://www.airtasker.com/uk/services/,all_services_page,2026-09-05,Airtasker UK service taxonomy.,London
Airtasker,Trampoline Repair Service,Trampoline Repair Service,Trampoline Repair Service,Other / Unmapped,V2,https://www.airtasker.com/uk/services/,all_services_page,2026-09-05,Airtasker UK service taxonomy.,London
Airtasker,Transcription,Transcription,Transcription,Other / Unmapped,V2,https://www.airtasker.com/uk/services/,all_services_page,2026-09-05,Airtasker UK service taxonomy.,London
Airtasker,Translation,Translation,Translation,Other / Unmapped,V2,https://www.airtasker.com/uk/services/,all_services_page,2026-09-05,Airtasker UK service taxonomy.,London
Airtasker,Travel Writer,Travel Writer,Travel Writer,Other / Unmapped,V2,https://www.airtasker.com/uk/services/,all_services_page,2026-09-05,Airtasker UK service taxonomy.,London
Airtasker,Treadmill Assembly,Treadmill Assembly,Furniture Assembly,Repair Services,V2,https://www.airtasker.com/uk/services/,all_services_page,2026-09-05,Airtasker UK service taxonomy.,London
Airtasker,Treadmill Removal and Disposal,Treadmill Removal and Disposal,Removals & Moving,Cleaning & Household,V2,https://www.airtasker.com/uk/services/,all_services_page,2026-09-05,Airtasker UK service taxonomy.,London
Airtasker,Treadmill Removals,Treadmill Removals,Removals & Moving,Cleaning & Household,V2,https://www.airtasker.com/uk/services/,all_services_page,2026-09-05,Airtasker UK service taxonomy.,London
Airtasker,Treadmill Repair,Treadmill Repair,Treadmill Repair,Other / Unmapped,V2,https://www.airtasker.com/uk/services/,all_services_page,2026-09-05,Airtasker UK service taxonomy.,London
Airtasker,Tree Felling,Tree Felling,Tree Felling,Other / Unmapped,V2,https://www.airtasker.com/uk/services/,all_services_page,2026-09-05,Airtasker UK service taxonomy.,London
Airtasker,Tree Lopper,Tree Lopper,Tree Lopper,Other / Unmapped,V2,https://www.airtasker.com/uk/services/,all_services_page,2026-09-05,Airtasker UK service taxonomy.,London
Airtasker,Tree Pruning,Tree Pruning,Tree Pruning,Other / Unmapped,V2,https://www.airtasker.com/uk/services/,all_services_page,2026-09-05,Airtasker UK service taxonomy.,London
Airtasker,Tree Removal,Tree Removal,Removals & Moving,Cleaning & Household,V2,https://www.airtasker.com/uk/services/,all_services_page,2026-09-05,Airtasker UK service taxonomy.,London
Airtasker,Tree Surgeons,Tree Surgeons,Gardening & Landscaping,Home & Trades,V2,https://www.airtasker.com/uk/services/,all_services_page,2026-09-05,Airtasker UK service taxonomy.,London
Airtasker,Trench Digging,Trench Digging,Trench Digging,Other / Unmapped,V2,https://www.airtasker.com/uk/services/,all_services_page,2026-09-05,Airtasker UK service taxonomy.,London
Airtasker,Triathlon Training,Triathlon Training,Triathlon Training,Other / Unmapped,V2,https://www.airtasker.com/uk/services/,all_services_page,2026-09-05,Airtasker UK service taxonomy.,London
Airtasker,Triple Glazing,Triple Glazing,Triple Glazing,Other / Unmapped,V2,https://www.airtasker.com/uk/services/,all_services_page,2026-09-05,Airtasker UK service taxonomy.,London
Airtasker,Troubleshooting,Troubleshooting,Troubleshooting,Other / Unmapped,V2,https://www.airtasker.com/uk/services/,all_services_page,2026-09-05,Airtasker UK service taxonomy.,London
Airtasker,Trumpet Lessons,Trumpet Lessons,Tutoring & Lessons,Education & Lessons,V2,https://www.airtasker.com/uk/services/,all_services_page,2026-09-05,Airtasker UK service taxonomy.,London
Airtasker,Turf Laying,Turf Laying,Turf Laying,Other / Unmapped,V2,https://www.airtasker.com/uk/services/,all_services_page,2026-09-05,Airtasker UK service taxonomy.,London
Airtasker,Turf Repair,Turf Repair,Turf Repair,Other / Unmapped,V2,https://www.airtasker.com/uk/services/,all_services_page,2026-09-05,Airtasker UK service taxonomy.,London
Airtasker,Turkish Takeaway,Turkish Takeaway,Turkish Takeaway,Other / Unmapped,V2,https://www.airtasker.com/uk/services/,all_services_page,2026-09-05,Airtasker UK service taxonomy.,London
Airtasker,Tutoring,Tutoring,Tutoring & Lessons,Education & Lessons,V2,https://www.airtasker.com/uk/services/,all_services_page,2026-09-05,Airtasker UK service taxonomy.,London
Airtasker,Typist,Typist,Typist,Other / Unmapped,V2,https://www.airtasker.com/uk/services/,all_services_page,2026-09-05,Airtasker UK service taxonomy.,London
Airtasker,Tyre Fitting,Tyre Fitting,Tyre Services,Automotive,V2,https://www.airtasker.com/uk/services/,all_services_page,2026-09-05,Airtasker UK service taxonomy.,London
Airtasker,Tyre Repair,Tyre Repair,Tyre Services,Automotive,V2,https://www.airtasker.com/uk/services/,all_services_page,2026-09-05,Airtasker UK service taxonomy.,London
Airtasker,Ukulele Lessons,Ukulele Lessons,Tutoring & Lessons,Education & Lessons,V2,https://www.airtasker.com/uk/services/,all_services_page,2026-09-05,Airtasker UK service taxonomy.,London
Airtasker,Underfloor Heating Installation,Underfloor Heating Installation,Underfloor Heating Installation,Other / Unmapped,V2,https://www.airtasker.com/uk/services/,all_services_page,2026-09-05,Airtasker UK service taxonomy.,London
Airtasker,University Tutor,University Tutor,Tutoring & Lessons,Education & Lessons,V2,https://www.airtasker.com/uk/services/,all_services_page,2026-09-05,Airtasker UK service taxonomy.,London
Airtasker,Upholstery Cleaning,Upholstery Cleaning,Cleaning,Cleaning & Household,V2,https://www.airtasker.com/uk/services/,all_services_page,2026-09-05,Airtasker UK service taxonomy.,London
Airtasker,Upholstery Repair,Upholstery Repair,Furniture Repair,Repair Services,V2,https://www.airtasker.com/uk/services/,all_services_page,2026-09-05,Airtasker UK service taxonomy.,London
Airtasker,Vacuum Cleaner Repair,Vacuum Cleaner Repair,Cleaning,Cleaning & Household,V2,https://www.airtasker.com/uk/services/,all_services_page,2026-09-05,Airtasker UK service taxonomy.,London
Airtasker,Vacuuming,Vacuuming,Vacuuming,Other / Unmapped,V2,https://www.airtasker.com/uk/services/,all_services_page,2026-09-05,Airtasker UK service taxonomy.,London
Airtasker,Valentine's Gift Delivery,Valentine's Gift Delivery,Valentine's Gift Delivery,Other / Unmapped,V2,https://www.airtasker.com/uk/services/,all_services_page,2026-09-05,Airtasker UK service taxonomy.,London
Airtasker,Valentines Flower Delivery,Valentines Flower Delivery,Valentines Flower Delivery,Other / Unmapped,V2,https://www.airtasker.com/uk/services/,all_services_page,2026-09-05,Airtasker UK service taxonomy.,London
Airtasker,Van Lock Fitting,Van Lock Fitting,Van Lock Fitting,Other / Unmapped,V2,https://www.airtasker.com/uk/services/,all_services_page,2026-09-05,Airtasker UK service taxonomy.,London
Airtasker,Van MOT,Van MOT,Van MOT,Other / Unmapped,V2,https://www.airtasker.com/uk/services/,all_services_page,2026-09-05,Airtasker UK service taxonomy.,London
Airtasker,Vanity Mirror Installation,Vanity Mirror Installation,Vanity Mirror Installation,Other / Unmapped,V2,https://www.airtasker.com/uk/services/,all_services_page,2026-09-05,Airtasker UK service taxonomy.,London
Airtasker,Vauxhall Service,Vauxhall Service,Vauxhall Service,Other / Unmapped,V2,https://www.airtasker.com/uk/services/,all_services_page,2026-09-05,Airtasker UK service taxonomy.,London
Airtasker,Vegan Baker,Vegan Baker,Vegan Baker,Other / Unmapped,V2,https://www.airtasker.com/uk/services/,all_services_page,2026-09-05,Airtasker UK service taxonomy.,London
Airtasker,Vegan Cake Delivery,Vegan Cake Delivery,Vegan Cake Delivery,Other / Unmapped,V2,https://www.airtasker.com/uk/services/,all_services_page,2026-09-05,Airtasker UK service taxonomy.,London
Airtasker,Vegan Food Delivery,Vegan Food Delivery,Vegan Food Delivery,Other / Unmapped,V2,https://www.airtasker.com/uk/services/,all_services_page,2026-09-05,Airtasker UK service taxonomy.,London
Airtasker,Vegan Meal Preparation,Vegan Meal Preparation,Vegan Meal Preparation,Other / Unmapped,V2,https://www.airtasker.com/uk/services/,all_services_page,2026-09-05,Airtasker UK service taxonomy.,London
Airtasker,Vegetable Delivery,Vegetable Delivery,Vegetable Delivery,Other / Unmapped,V2,https://www.airtasker.com/uk/services/,all_services_page,2026-09-05,Airtasker UK service taxonomy.,London
Airtasker,Vegetarian Food Delivery,Vegetarian Food Delivery,Vegetarian Food Delivery,Other / Unmapped,V2,https://www.airtasker.com/uk/services/,all_services_page,2026-09-05,Airtasker UK service taxonomy.,London
Airtasker,Vegetarian Meal Preparation,Vegetarian Meal Preparation,Vegetarian Meal Preparation,Other / Unmapped,V2,https://www.airtasker.com/uk/services/,all_services_page,2026-09-05,Airtasker UK service taxonomy.,London
Airtasker,Vehicle MOT,Vehicle MOT,Vehicle MOT,Other / Unmapped,V2,https://www.airtasker.com/uk/services/,all_services_page,2026-09-05,Airtasker UK service taxonomy.,London
Airtasker,Vehicle Transport,Vehicle Transport,Vehicle Transport,Other / Unmapped,V2,https://www.airtasker.com/uk/services/,all_services_page,2026-09-05,Airtasker UK service taxonomy.,London
Airtasker,Vehicle Wraps,Vehicle Wraps,Vehicle Wraps,Other / Unmapped,V2,https://www.airtasker.com/uk/services/,all_services_page,2026-09-05,Airtasker UK service taxonomy.,London
Airtasker,Venetian Blind Repair,Venetian Blind Repair,Venetian Blind Repair,Other / Unmapped,V2,https://www.airtasker.com/uk/services/,all_services_page,2026-09-05,Airtasker UK service taxonomy.,London
Airtasker,Verandah Installation,Verandah Installation,Verandah Installation,Other / Unmapped,V2,https://www.airtasker.com/uk/services/,all_services_page,2026-09-05,Airtasker UK service taxonomy.,London
Airtasker,Video Editing,Video Editing,Video Editing,Other / Unmapped,V2,https://www.airtasker.com/uk/services/,all_services_page,2026-09-05,Airtasker UK service taxonomy.,London
Airtasker,Videographers,Videographers,Videography,Events & Creative,V2,https://www.airtasker.com/uk/services/,all_services_page,2026-09-05,Airtasker UK service taxonomy.,London
Airtasker,Villaboard Installation,Villaboard Installation,Villaboard Installation,Other / Unmapped,V2,https://www.airtasker.com/uk/services/,all_services_page,2026-09-05,Airtasker UK service taxonomy.,London
Airtasker,Vinyl Flooring,Vinyl Flooring,Flooring,Home & Trades,V2,https://www.airtasker.com/uk/services/,all_services_page,2026-09-05,Airtasker UK service taxonomy.,London
Airtasker,Violin Lessons,Violin Lessons,Tutoring & Lessons,Education & Lessons,V2,https://www.airtasker.com/uk/services/,all_services_page,2026-09-05,Airtasker UK service taxonomy.,London
Airtasker,Virtual Assistant,Virtual Assistant,Virtual Assistant,Other / Unmapped,V2,https://www.airtasker.com/uk/services/,all_services_page,2026-09-05,Airtasker UK service taxonomy.,London
Airtasker,Virus Removal,Virus Removal,Removals & Moving,Cleaning & Household,V2,https://www.airtasker.com/uk/services/,all_services_page,2026-09-05,Airtasker UK service taxonomy.,London
Airtasker,Vokera Boiler Installation,Vokera Boiler Installation,Heating & Boiler Services,Home & Trades,V2,https://www.airtasker.com/uk/services/,all_services_page,2026-09-05,Airtasker UK service taxonomy.,London
Airtasker,Volkswagen Service,Volkswagen Service,Volkswagen Service,Other / Unmapped,V2,https://www.airtasker.com/uk/services/,all_services_page,2026-09-05,Airtasker UK service taxonomy.,London
Airtasker,Volvo Service,Volvo Service,Volvo Service,Other / Unmapped,V2,https://www.airtasker.com/uk/services/,all_services_page,2026-09-05,Airtasker UK service taxonomy.,London
Airtasker,Wait Staff,Wait Staff,Wait Staff,Other / Unmapped,V2,https://www.airtasker.com/uk/services/,all_services_page,2026-09-05,Airtasker UK service taxonomy.,London
Airtasker,Waiter,Waiter,Waiter,Other / Unmapped,V2,https://www.airtasker.com/uk/services/,all_services_page,2026-09-05,Airtasker UK service taxonomy.,London
Airtasker,Waitress,Waitress,Waitress,Other / Unmapped,V2,https://www.airtasker.com/uk/services/,all_services_page,2026-09-05,Airtasker UK service taxonomy.,London
Airtasker,Wales to London Removals,Wales to London Removals,Removals & Moving,Cleaning & Household,V2,https://www.airtasker.com/uk/services/,all_services_page,2026-09-05,Airtasker UK service taxonomy.,London
Airtasker,Wall Hanging & Mounting,Wall Hanging & Mounting,Wall Hanging & Mounting,Other / Unmapped,V2,https://www.airtasker.com/uk/services/,all_services_page,2026-09-05,Airtasker UK service taxonomy.,London
Airtasker,Wall Hanging and Mounting,Wall Hanging and Mounting,Wall Hanging and Mounting,Other / Unmapped,V2,https://www.airtasker.com/uk/services/,all_services_page,2026-09-05,Airtasker UK service taxonomy.,London
Airtasker,Wallpaper Repair,Wallpaper Repair,Wallpaper Repair,Other / Unmapped,V2,https://www.airtasker.com/uk/services/,all_services_page,2026-09-05,Airtasker UK service taxonomy.,London
Airtasker,Wallpapering,Wallpapering,Wallpapering,Other / Unmapped,V2,https://www.airtasker.com/uk/services/,all_services_page,2026-09-05,Airtasker UK service taxonomy.,London
Airtasker,Wardrobe Assembly,Wardrobe Assembly,Furniture Assembly,Repair Services,V2,https://www.airtasker.com/uk/services/,all_services_page,2026-09-05,Airtasker UK service taxonomy.,London
Airtasker,Wardrobe Delivery,Wardrobe Delivery,Wardrobe Delivery,Other / Unmapped,V2,https://www.airtasker.com/uk/services/,all_services_page,2026-09-05,Airtasker UK service taxonomy.,London
Airtasker,Washing Machine Removals,Washing Machine Removals,Removals & Moving,Cleaning & Household,V2,https://www.airtasker.com/uk/services/,all_services_page,2026-09-05,Airtasker UK service taxonomy.,London
Airtasker,Washing Machine Repairs & Installation,Washing Machine Repairs & Installation,Appliance Repair,Repair Services,V2,https://www.airtasker.com/uk/services/,all_services_page,2026-09-05,Airtasker UK service taxonomy.,London
Airtasker,Wasp Nest Removal,Wasp Nest Removal,Removals & Moving,Cleaning & Household,V2,https://www.airtasker.com/uk/services/,all_services_page,2026-09-05,Airtasker UK service taxonomy.,London
Airtasker,Waste Bag Collection,Waste Bag Collection,Waste Bag Collection,Other / Unmapped,V2,https://www.airtasker.com/uk/services/,all_services_page,2026-09-05,Airtasker UK service taxonomy.,London
Airtasker,Waste Collection & Disposal,Waste Collection & Disposal,Waste Collection & Disposal,Other / Unmapped,V2,https://www.airtasker.com/uk/services/,all_services_page,2026-09-05,Airtasker UK service taxonomy.,London
Airtasker,Water Damage,Water Damage,Water Damage,Other / Unmapped,V2,https://www.airtasker.com/uk/services/,all_services_page,2026-09-05,Airtasker UK service taxonomy.,London
Airtasker,Water Features,Water Features,Water Features,Other / Unmapped,V2,https://www.airtasker.com/uk/services/,all_services_page,2026-09-05,Airtasker UK service taxonomy.,London
Airtasker,Water Heater Repairs and Installation,Water Heater Repairs and Installation,Water Heater Repairs and Installation,Other / Unmapped,V2,https://www.airtasker.com/uk/services/,all_services_page,2026-09-05,Airtasker UK service taxonomy.,London
Airtasker,Water Pump Repair,Water Pump Repair,Water Pump Repair,Other / Unmapped,V2,https://www.airtasker.com/uk/services/,all_services_page,2026-09-05,Airtasker UK service taxonomy.,London
Airtasker,Water Softener Installation,Water Softener Installation,Water Softener Installation,Other / Unmapped,V2,https://www.airtasker.com/uk/services/,all_services_page,2026-09-05,Airtasker UK service taxonomy.,London
Airtasker,Water Tank Installation & Repair,Water Tank Installation & Repair,Water Tank Installation & Repair,Other / Unmapped,V2,https://www.airtasker.com/uk/services/,all_services_page,2026-09-05,Airtasker UK service taxonomy.,London
Airtasker,Waterproofing,Waterproofing,Damp & Waterproofing,Home & Trades,V2,https://www.airtasker.com/uk/services/,all_services_page,2026-09-05,Airtasker UK service taxonomy.,London
Airtasker,Waxing,Waxing,Hair Removal,Beauty & Wellness,V2,https://www.airtasker.com/uk/services/,all_services_page,2026-09-05,Airtasker UK service taxonomy.,London
Airtasker,Weather Stripping,Weather Stripping,Weather Stripping,Other / Unmapped,V2,https://www.airtasker.com/uk/services/,all_services_page,2026-09-05,Airtasker UK service taxonomy.,London
Airtasker,Web,Web,Web,Other / Unmapped,V2,https://www.airtasker.com/uk/services/,all_services_page,2026-09-05,Airtasker UK service taxonomy.,London
Airtasker,Web Design & Development,Web Design & Development,Web Design & Development,Professional Services,V2,https://www.airtasker.com/uk/services/,all_services_page,2026-09-05,Airtasker UK service taxonomy.,London
Airtasker,Web Hosting,Web Hosting,Web Hosting,Other / Unmapped,V2,https://www.airtasker.com/uk/services/,all_services_page,2026-09-05,Airtasker UK service taxonomy.,London
Airtasker,Website & App Testing,Website & App Testing,Website & App Testing,Other / Unmapped,V2,https://www.airtasker.com/uk/services/,all_services_page,2026-09-05,Airtasker UK service taxonomy.,London
Airtasker,Wedding,Wedding,Wedding,Other / Unmapped,V2,https://www.airtasker.com/uk/services/,all_services_page,2026-09-05,Airtasker UK service taxonomy.,London
Airtasker,Wedding Band Hire,Wedding Band Hire,Wedding Band Hire,Other / Unmapped,V2,https://www.airtasker.com/uk/services/,all_services_page,2026-09-05,Airtasker UK service taxonomy.,London
Airtasker,Wedding Cakes,Wedding Cakes,Wedding Cakes,Other / Unmapped,V2,https://www.airtasker.com/uk/services/,all_services_page,2026-09-05,Airtasker UK service taxonomy.,London
Airtasker,Wedding Car Hire,Wedding Car Hire,Wedding Car Hire,Other / Unmapped,V2,https://www.airtasker.com/uk/services/,all_services_page,2026-09-05,Airtasker UK service taxonomy.,London
Airtasker,Wedding Caterer,Wedding Caterer,Catering,Events & Creative,V2,https://www.airtasker.com/uk/services/,all_services_page,2026-09-05,Airtasker UK service taxonomy.,London
Airtasker,Wedding Celebrant,Wedding Celebrant,Wedding Celebrant,Other / Unmapped,V2,https://www.airtasker.com/uk/services/,all_services_page,2026-09-05,Airtasker UK service taxonomy.,London
Airtasker,Wedding DJ,Wedding DJ,DJ Services,Events & Creative,V2,https://www.airtasker.com/uk/services/,all_services_page,2026-09-05,Airtasker UK service taxonomy.,London
Airtasker,Wedding Dance Lessons,Wedding Dance Lessons,Tutoring & Lessons,Education & Lessons,V2,https://www.airtasker.com/uk/services/,all_services_page,2026-09-05,Airtasker UK service taxonomy.,London
Airtasker,Wedding Decorator,Wedding Decorator,Painting & Decorating,Home & Trades,V2,https://www.airtasker.com/uk/services/,all_services_page,2026-09-05,Airtasker UK service taxonomy.,London
Airtasker,Wedding Dress Alterations,Wedding Dress Alterations,Wedding Dress Alterations,Other / Unmapped,V2,https://www.airtasker.com/uk/services/,all_services_page,2026-09-05,Airtasker UK service taxonomy.,London
Airtasker,Wedding Dress Designer,Wedding Dress Designer,Wedding Dress Designer,Other / Unmapped,V2,https://www.airtasker.com/uk/services/,all_services_page,2026-09-05,Airtasker UK service taxonomy.,London
Airtasker,Wedding Dress Dry Cleaning,Wedding Dress Dry Cleaning,Cleaning,Cleaning & Household,V2,https://www.airtasker.com/uk/services/,all_services_page,2026-09-05,Airtasker UK service taxonomy.,London
Airtasker,Wedding Entertainment,Wedding Entertainment,Wedding Entertainment,Other / Unmapped,V2,https://www.airtasker.com/uk/services/,all_services_page,2026-09-05,Airtasker UK service taxonomy.,London
Airtasker,Wedding Florist,Wedding Florist,Wedding Florist,Other / Unmapped,V2,https://www.airtasker.com/uk/services/,all_services_page,2026-09-05,Airtasker UK service taxonomy.,London
Airtasker,Wedding Hair Stylist,Wedding Hair Stylist,Hair & Barber Services,Beauty & Wellness,V2,https://www.airtasker.com/uk/services/,all_services_page,2026-09-05,Airtasker UK service taxonomy.,London
Airtasker,Wedding Invitation Designer,Wedding Invitation Designer,Wedding Invitation Designer,Other / Unmapped,V2,https://www.airtasker.com/uk/services/,all_services_page,2026-09-05,Airtasker UK service taxonomy.,London
Airtasker,Wedding Musicians,Wedding Musicians,Wedding Musicians,Other / Unmapped,V2,https://www.airtasker.com/uk/services/,all_services_page,2026-09-05,Airtasker UK service taxonomy.,London
Airtasker,Wedding Photographer,Wedding Photographer,Photography,Events & Creative,V2,https://www.airtasker.com/uk/services/,all_services_page,2026-09-05,Airtasker UK service taxonomy.,London
Airtasker,Wedding Singers,Wedding Singers,Wedding Singers,Other / Unmapped,V2,https://www.airtasker.com/uk/services/,all_services_page,2026-09-05,Airtasker UK service taxonomy.,London
Airtasker,Wedding Transportation,Wedding Transportation,Wedding Transportation,Other / Unmapped,V2,https://www.airtasker.com/uk/services/,all_services_page,2026-09-05,Airtasker UK service taxonomy.,London
Airtasker,Wedding Videographer,Wedding Videographer,Videography,Events & Creative,V2,https://www.airtasker.com/uk/services/,all_services_page,2026-09-05,Airtasker UK service taxonomy.,London
Airtasker,Weight Loss Training,Weight Loss Training,Weight Loss Training,Other / Unmapped,V2,https://www.airtasker.com/uk/services/,all_services_page,2026-09-05,Airtasker UK service taxonomy.,London
Airtasker,Wheel & Tyre Service,Wheel & Tyre Service,Tyre Services,Automotive,V2,https://www.airtasker.com/uk/services/,all_services_page,2026-09-05,Airtasker UK service taxonomy.,London
Airtasker,Wheel Alignment,Wheel Alignment,Wheel Alignment,Other / Unmapped,V2,https://www.airtasker.com/uk/services/,all_services_page,2026-09-05,Airtasker UK service taxonomy.,London
Airtasker,Wheel Refurbishment,Wheel Refurbishment,Wheel Refurbishment,Other / Unmapped,V2,https://www.airtasker.com/uk/services/,all_services_page,2026-09-05,Airtasker UK service taxonomy.,London
Airtasker,Wheel Tracking,Wheel Tracking,Wheel Tracking,Other / Unmapped,V2,https://www.airtasker.com/uk/services/,all_services_page,2026-09-05,Airtasker UK service taxonomy.,London
Airtasker,Whipper Snippering,Whipper Snippering,Whipper Snippering,Other / Unmapped,V2,https://www.airtasker.com/uk/services/,all_services_page,2026-09-05,Airtasker UK service taxonomy.,London
Airtasker,White Goods Removal,White Goods Removal,Removals & Moving,Cleaning & Household,V2,https://www.airtasker.com/uk/services/,all_services_page,2026-09-05,Airtasker UK service taxonomy.,London
Airtasker,White Paper Writer,White Paper Writer,White Paper Writer,Other / Unmapped,V2,https://www.airtasker.com/uk/services/,all_services_page,2026-09-05,Airtasker UK service taxonomy.,London
Airtasker,Wholesale Baker,Wholesale Baker,Wholesale Baker,Other / Unmapped,V2,https://www.airtasker.com/uk/services/,all_services_page,2026-09-05,Airtasker UK service taxonomy.,London
Airtasker,Wifi Extender Setup,Wifi Extender Setup,Wifi Extender Setup,Other / Unmapped,V2,https://www.airtasker.com/uk/services/,all_services_page,2026-09-05,Airtasker UK service taxonomy.,London
Airtasker,Wifi Help,Wifi Help,Wifi Help,Other / Unmapped,V2,https://www.airtasker.com/uk/services/,all_services_page,2026-09-05,Airtasker UK service taxonomy.,London
Airtasker,Window Cleaning,Window Cleaning,Windows & Glazing,Home & Trades,V2,https://www.airtasker.com/uk/services/,all_services_page,2026-09-05,Airtasker UK service taxonomy.,London
Airtasker,Window Fitter,Window Fitter,Windows & Glazing,Home & Trades,V2,https://www.airtasker.com/uk/services/,all_services_page,2026-09-05,Airtasker UK service taxonomy.,London
Airtasker,Window Frame Repair,Window Frame Repair,Windows & Glazing,Home & Trades,V2,https://www.airtasker.com/uk/services/,all_services_page,2026-09-05,Airtasker UK service taxonomy.,London
Airtasker,Window Lock Repair,Window Lock Repair,Locksmith,Home & Trades,V2,https://www.airtasker.com/uk/services/,all_services_page,2026-09-05,Airtasker UK service taxonomy.,London
Airtasker,Window Repair,Window Repair,Windows & Glazing,Home & Trades,V2,https://www.airtasker.com/uk/services/,all_services_page,2026-09-05,Airtasker UK service taxonomy.,London
Airtasker,Window Sash Repair,Window Sash Repair,Windows & Glazing,Home & Trades,V2,https://www.airtasker.com/uk/services/,all_services_page,2026-09-05,Airtasker UK service taxonomy.,London
Airtasker,Windows & Doors,Windows & Doors,Windows & Glazing,Home & Trades,V2,https://www.airtasker.com/uk/services/,all_services_page,2026-09-05,Airtasker UK service taxonomy.,London
Airtasker,Windows Help,Windows Help,Windows & Glazing,Home & Trades,V2,https://www.airtasker.com/uk/services/,all_services_page,2026-09-05,Airtasker UK service taxonomy.,London
Airtasker,Windows Installation,Windows Installation,Windows & Glazing,Home & Trades,V2,https://www.airtasker.com/uk/services/,all_services_page,2026-09-05,Airtasker UK service taxonomy.,London
Airtasker,Windscreen Repair & Replacement,Windscreen Repair & Replacement,Windscreen Repair & Replacement,Other / Unmapped,V2,https://www.airtasker.com/uk/services/,all_services_page,2026-09-05,Airtasker UK service taxonomy.,London
Airtasker,Windsurfing Lessons,Windsurfing Lessons,Tutoring & Lessons,Education & Lessons,V2,https://www.airtasker.com/uk/services/,all_services_page,2026-09-05,Airtasker UK service taxonomy.,London
Airtasker,Wiper Motor Repair,Wiper Motor Repair,Wiper Motor Repair,Other / Unmapped,V2,https://www.airtasker.com/uk/services/,all_services_page,2026-09-05,Airtasker UK service taxonomy.,London
Airtasker,Wix Help,Wix Help,Wix Help,Other / Unmapped,V2,https://www.airtasker.com/uk/services/,all_services_page,2026-09-05,Airtasker UK service taxonomy.,London
Airtasker,Women's Tailoring,Women's Tailoring,Women's Tailoring,Other / Unmapped,V2,https://www.airtasker.com/uk/services/,all_services_page,2026-09-05,Airtasker UK service taxonomy.,London
Airtasker,Woocommerce Help,Woocommerce Help,Woocommerce Help,Other / Unmapped,V2,https://www.airtasker.com/uk/services/,all_services_page,2026-09-05,Airtasker UK service taxonomy.,London
Airtasker,Wood Chipping & Mulching,Wood Chipping & Mulching,Wood Chipping & Mulching,Other / Unmapped,V2,https://www.airtasker.com/uk/services/,all_services_page,2026-09-05,Airtasker UK service taxonomy.,London
Airtasker,Wood Fencing,Wood Fencing,Fencing & Gates,Home & Trades,V2,https://www.airtasker.com/uk/services/,all_services_page,2026-09-05,Airtasker UK service taxonomy.,London
Airtasker,Wood Repair,Wood Repair,Wood Repair,Other / Unmapped,V2,https://www.airtasker.com/uk/services/,all_services_page,2026-09-05,Airtasker UK service taxonomy.,London
Airtasker,Wooden Blind Fitter,Wooden Blind Fitter,Wooden Blind Fitter,Other / Unmapped,V2,https://www.airtasker.com/uk/services/,all_services_page,2026-09-05,Airtasker UK service taxonomy.,London
Airtasker,Writing,Writing,Writing,Other / Unmapped,V2,https://www.airtasker.com/uk/services/,all_services_page,2026-09-05,Airtasker UK service taxonomy.,London
Airtasker,Writing Tutor,Writing Tutor,Tutoring & Lessons,Education & Lessons,V2,https://www.airtasker.com/uk/services/,all_services_page,2026-09-05,Airtasker UK service taxonomy.,London
Airtasker,Yard Work,Yard Work,Yard Work,Other / Unmapped,V2,https://www.airtasker.com/uk/services/,all_services_page,2026-09-05,Airtasker UK service taxonomy.,London
Airtasker,Yoga Instructor,Yoga Instructor,Yoga,Health & Fitness,V2,https://www.airtasker.com/uk/services/,all_services_page,2026-09-05,Airtasker UK service taxonomy.,London
Airtasker,Zipper Repair,Zipper Repair,Zipper Repair,Other / Unmapped,V2,https://www.airtasker.com/uk/services/,all_services_page,2026-09-05,Airtasker UK service taxonomy.,London
Airtasker,Zipper Repair and Replacement,Zipper Repair and Replacement,Zipper Repair and Replacement,Other / Unmapped,V2,https://www.airtasker.com/uk/services/,all_services_page,2026-09-05,Airtasker UK service taxonomy.,London
Airtasker,Zoopla Removals,Zoopla Removals,Removals & Moving,Cleaning & Household,V2,https://www.airtasker.com/uk/services/,all_services_page,2026-09-05,Airtasker UK service taxonomy.,London
Airtasker,Zumba Classes,Zumba Classes,Zumba Classes,Other / Unmapped,V2,https://www.airtasker.com/uk/services/,all_services_page,2026-09-05,Airtasker UK service taxonomy.,London
Airtasker,eBay Selling Assistance,eBay Selling Assistance,eBay Selling Assistance,Other / Unmapped,V2,https://www.airtasker.com/uk/services/,all_services_page,2026-09-05,Airtasker UK service taxonomy.,London
Airtasker,geography tutor,geography tutor,Tutoring & Lessons,Education & Lessons,V2,https://www.airtasker.com/uk/services/,all_services_page,2026-09-05,Airtasker UK service taxonomy.,London
Airtasker,iCloud Setup,iCloud Setup,iCloud Setup,Other / Unmapped,V2,https://www.airtasker.com/uk/services/,all_services_page,2026-09-05,Airtasker UK service taxonomy.,London
Airtasker,iOS Development,iOS Development,iOS Development,Other / Unmapped,V2,https://www.airtasker.com/uk/services/,all_services_page,2026-09-05,Airtasker UK service taxonomy.,London
Airtasker,iPhone Help,iPhone Help,iPhone Help,Other / Unmapped,V2,https://www.airtasker.com/uk/services/,all_services_page,2026-09-05,Airtasker UK service taxonomy.,London
Airtasker,iPhone Repair,iPhone Repair,iPhone Repair,Other / Unmapped,V2,https://www.airtasker.com/uk/services/,all_services_page,2026-09-05,Airtasker UK service taxonomy.,London
Airtasker,iPhone Screen Replacement,iPhone Screen Replacement,iPhone Screen Replacement,Other / Unmapped,V2,https://www.airtasker.com/uk/services/,all_services_page,2026-09-05,Airtasker UK service taxonomy.,London
Airtasker,iPod Repair,iPod Repair,iPod Repair,Other / Unmapped,V2,https://www.airtasker.com/uk/services/,all_services_page,2026-09-05,Airtasker UK service taxonomy.,London
Airtasker,o2 Sensor Replacement,o2 Sensor Replacement,o2 Sensor Replacement,Other / Unmapped,V2,https://www.airtasker.com/uk/services/,all_services_page,2026-09-05,Airtasker UK service taxonomy.,London
Bark,Academic Lessons,Academic Lessons,Tutoring & Lessons,Education & Lessons,V2,https://www.bark.com/en/gb/services/,all_services_page,2026-09-05,Bark UK Explore All Services page.,London
Bark,Accounting,Accounting,Accounting,Other / Unmapped,V2,https://www.bark.com/en/gb/services/,all_services_page,2026-09-05,Bark UK Explore All Services page.,London
Bark,Advertising and Media Buying,Advertising and Media Buying,Advertising and Media Buying,Other / Unmapped,V2,https://www.bark.com/en/gb/services/,all_services_page,2026-09-05,Bark UK Explore All Services page.,London
Bark,"Aerial, Home Cinema & Networking","Aerial, Home Cinema & Networking",Aerial & Satellite Services,Home & Trades,V2,https://www.bark.com/en/gb/services/,all_services_page,2026-09-05,Bark UK Explore All Services page.,London
Bark,Affiliates,Affiliates,Affiliates,Other / Unmapped,V2,https://www.bark.com/en/gb/services/,all_services_page,2026-09-05,Bark UK Explore All Services page.,London
Bark,"Architects, Surveyors & Planners","Architects, Surveyors & Planners",Architectural Services,Professional Services,V2,https://www.bark.com/en/gb/services/,all_services_page,2026-09-05,Bark UK Explore All Services page.,London
Bark,Bathroom Installation & Remodel,Bathroom Installation & Remodel,Bathroom Services,Home & Trades,V2,https://www.bark.com/en/gb/services/,all_services_page,2026-09-05,Bark UK Explore All Services page.,London
Bark,Bookkeeping Services,Bookkeeping Services,Accounting & Bookkeeping,Professional Services,V2,https://www.bark.com/en/gb/services/,all_services_page,2026-09-05,Bark UK Explore All Services page.,London
Bark,Business Consulting,Business Consulting,Business Consulting,Other / Unmapped,V2,https://www.bark.com/en/gb/services/,all_services_page,2026-09-05,Bark UK Explore All Services page.,London
Bark,Catering,Catering,Catering,Events & Creative,V2,https://www.bark.com/en/gb/services/,all_services_page,2026-09-05,Bark UK Explore All Services page.,London
Bark,Commercial & Office Cleaning,Commercial & Office Cleaning,Cleaning,Cleaning & Household,V2,https://www.bark.com/en/gb/services/,all_services_page,2026-09-05,Bark UK Explore All Services page.,London
Bark,Copywriting Services,Copywriting Services,Copywriting Services,Other / Unmapped,V2,https://www.bark.com/en/gb/services/,all_services_page,2026-09-05,Bark UK Explore All Services page.,London
Bark,Crafts,Crafts,Crafts,Other / Unmapped,V2,https://www.bark.com/en/gb/services/,all_services_page,2026-09-05,Bark UK Explore All Services page.,London
Bark,DJ,DJ,DJ Services,Events & Creative,V2,https://www.bark.com/en/gb/services/,all_services_page,2026-09-05,Bark UK Explore All Services page.,London
Bark,Design & Web,Design & Web,Design & Web,Other / Unmapped,V2,https://www.bark.com/en/gb/services/,all_services_page,2026-09-05,Bark UK Explore All Services page.,London
Bark,Development and Software,Development and Software,Development and Software,Other / Unmapped,V2,https://www.bark.com/en/gb/services/,all_services_page,2026-09-05,Bark UK Explore All Services page.,London
Bark,Dog Training,Dog Training,Pet Training,Pet Services,V2,https://www.bark.com/en/gb/services/,all_services_page,2026-09-05,Bark UK Explore All Services page.,London
Bark,Dog Walking,Dog Walking,Dog Walking,Pet Services,V2,https://www.bark.com/en/gb/services/,all_services_page,2026-09-05,Bark UK Explore All Services page.,London
Bark,Electrical & Lighting,Electrical & Lighting,Electrical Services,Home & Trades,V2,https://www.bark.com/en/gb/services/,all_services_page,2026-09-05,Bark UK Explore All Services page.,London
Bark,Electricians,Electricians,Electrical Services,Home & Trades,V2,https://www.bark.com/en/gb/services/,all_services_page,2026-09-05,Bark UK Explore All Services page.,London
Bark,Employment Law,Employment Law,Employment Law,Other / Unmapped,V2,https://www.bark.com/en/gb/services/,all_services_page,2026-09-05,Bark UK Explore All Services page.,London
Bark,End of Tenancy Cleaning,End of Tenancy Cleaning,Cleaning,Cleaning & Household,V2,https://www.bark.com/en/gb/services/,all_services_page,2026-09-05,Bark UK Explore All Services page.,London
Bark,Entertainment,Entertainment,Entertainment,Other / Unmapped,V2,https://www.bark.com/en/gb/services/,all_services_page,2026-09-05,Bark UK Explore All Services page.,London
Bark,Gardening,Gardening,Gardening & Landscaping,Home & Trades,V2,https://www.bark.com/en/gb/services/,all_services_page,2026-09-05,Bark UK Explore All Services page.,London
Bark,Gardening & Landscaping,Gardening & Landscaping,Gardening & Landscaping,Home & Trades,V2,https://www.bark.com/en/gb/services/,all_services_page,2026-09-05,Bark UK Explore All Services page.,London
Bark,General Accounting,General Accounting,General Accounting,Other / Unmapped,V2,https://www.bark.com/en/gb/services/,all_services_page,2026-09-05,Bark UK Explore All Services page.,London
Bark,General Builders,General Builders,Building & Construction,Home & Trades,V2,https://www.bark.com/en/gb/services/,all_services_page,2026-09-05,Bark UK Explore All Services page.,London
Bark,General Photography,General Photography,Photography,Events & Creative,V2,https://www.bark.com/en/gb/services/,all_services_page,2026-09-05,Bark UK Explore All Services page.,London
Bark,General Plumbing,General Plumbing,Plumbing,Home & Trades,V2,https://www.bark.com/en/gb/services/,all_services_page,2026-09-05,Bark UK Explore All Services page.,London
Bark,Health and Wellness,Health and Wellness,Spa & Wellness,Beauty & Wellness,V2,https://www.bark.com/en/gb/services/,all_services_page,2026-09-05,Bark UK Explore All Services page.,London
Bark,"Heating, Hot Water & Air Conditioning","Heating, Hot Water & Air Conditioning",Air Conditioning & Ventilation,Home & Trades,V2,https://www.bark.com/en/gb/services/,all_services_page,2026-09-05,Bark UK Explore All Services page.,London
Bark,Home & Domiciliary Care,Home & Domiciliary Care,Home & Domiciliary Care,Other / Unmapped,V2,https://www.bark.com/en/gb/services/,all_services_page,2026-09-05,Bark UK Explore All Services page.,London
Bark,House Cleaning,House Cleaning,Cleaning,Cleaning & Household,V2,https://www.bark.com/en/gb/services/,all_services_page,2026-09-05,Bark UK Explore All Services page.,London
Bark,Landscaping,Landscaping,Gardening & Landscaping,Home & Trades,V2,https://www.bark.com/en/gb/services/,all_services_page,2026-09-05,Bark UK Explore All Services page.,London
Bark,Language Classes,Language Classes,Language Classes,Other / Unmapped,V2,https://www.bark.com/en/gb/services/,all_services_page,2026-09-05,Bark UK Explore All Services page.,London
Bark,"Locksmith, Security & Fire Safety","Locksmith, Security & Fire Safety",Locksmith,Home & Trades,V2,https://www.bark.com/en/gb/services/,all_services_page,2026-09-05,Bark UK Explore All Services page.,London
Bark,Mobile App,Mobile App,Mobile App,Other / Unmapped,V2,https://www.bark.com/en/gb/services/,all_services_page,2026-09-05,Bark UK Explore All Services page.,London
Bark,Music Services,Music Services,Music Services,Other / Unmapped,V2,https://www.bark.com/en/gb/services/,all_services_page,2026-09-05,Bark UK Explore All Services page.,London
Bark,Occupational Lessons,Occupational Lessons,Driveways & Paving,Home & Trades,V2,https://www.bark.com/en/gb/services/,all_services_page,2026-09-05,Bark UK Explore All Services page.,London
Bark,Painting & Decoration - Interior,Painting & Decoration - Interior,Painting & Decorating,Home & Trades,V2,https://www.bark.com/en/gb/services/,all_services_page,2026-09-05,Bark UK Explore All Services page.,London
Bark,Performance Arts Lessons,Performance Arts Lessons,Tutoring & Lessons,Education & Lessons,V2,https://www.bark.com/en/gb/services/,all_services_page,2026-09-05,Bark UK Explore All Services page.,London
Bark,Personal Trainers,Personal Trainers,Fitness & Personal Training,Health & Fitness,V2,https://www.bark.com/en/gb/services/,all_services_page,2026-09-05,Bark UK Explore All Services page.,London
Bark,Photography Services,Photography Services,Photography,Events & Creative,V2,https://www.bark.com/en/gb/services/,all_services_page,2026-09-05,Bark UK Explore All Services page.,London
Bark,Plumbing & Drainage,Plumbing & Drainage,Plumbing,Home & Trades,V2,https://www.bark.com/en/gb/services/,all_services_page,2026-09-05,Bark UK Explore All Services page.,London
Bark,Private Doctors,Private Doctors,Private Doctors,Other / Unmapped,V2,https://www.bark.com/en/gb/services/,all_services_page,2026-09-05,Bark UK Explore All Services page.,London
Bark,Production,Production,Production,Other / Unmapped,V2,https://www.bark.com/en/gb/services/,all_services_page,2026-09-05,Bark UK Explore All Services page.,London
Bark,Property Extensions,Property Extensions,Building & Construction,Home & Trades,V2,https://www.bark.com/en/gb/services/,all_services_page,2026-09-05,Bark UK Explore All Services page.,London
Bark,Recreational Lessons,Recreational Lessons,Tutoring & Lessons,Education & Lessons,V2,https://www.bark.com/en/gb/services/,all_services_page,2026-09-05,Bark UK Explore All Services page.,London
Bark,Repair & Technical Support,Repair & Technical Support,Repair & Technical Support,Other / Unmapped,V2,https://www.bark.com/en/gb/services/,all_services_page,2026-09-05,Bark UK Explore All Services page.,London
Bark,Roof Repair,Roof Repair,Roofing & Guttering,Home & Trades,V2,https://www.bark.com/en/gb/services/,all_services_page,2026-09-05,Bark UK Explore All Services page.,London
Bark,Roofing Installation or Replacement,Roofing Installation or Replacement,Roofing & Guttering,Home & Trades,V2,https://www.bark.com/en/gb/services/,all_services_page,2026-09-05,Bark UK Explore All Services page.,London
Bark,Security Guard Services,Security Guard Services,Security Systems,Home & Trades,V2,https://www.bark.com/en/gb/services/,all_services_page,2026-09-05,Bark UK Explore All Services page.,London
Bark,Social Media Marketing,Social Media Marketing,Marketing Services,Professional Services,V2,https://www.bark.com/en/gb/services/,all_services_page,2026-09-05,Bark UK Explore All Services page.,London
Bark,Specialist Tradesmen,Specialist Tradesmen,Specialist Tradesmen,Other / Unmapped,V2,https://www.bark.com/en/gb/services/,all_services_page,2026-09-05,Bark UK Explore All Services page.,London
Bark,Structural Engineer,Structural Engineer,Structural Engineer,Other / Unmapped,V2,https://www.bark.com/en/gb/services/,all_services_page,2026-09-05,Bark UK Explore All Services page.,London
Bark,Swimming Pools & Hot Tubs,Swimming Pools & Hot Tubs,Swimming Pools & Hot Tubs,Other / Unmapped,V2,https://www.bark.com/en/gb/services/,all_services_page,2026-09-05,Bark UK Explore All Services page.,London
Bark,Therapist,Therapist,Therapy & Counselling,Health & Fitness,V2,https://www.bark.com/en/gb/services/,all_services_page,2026-09-05,Bark UK Explore All Services page.,London
Bark,Transport,Transport,Transport,Other / Unmapped,V2,https://www.bark.com/en/gb/services/,all_services_page,2026-09-05,Bark UK Explore All Services page.,London
Bark,Tree Surgery & Removal,Tree Surgery & Removal,Removals & Moving,Cleaning & Household,V2,https://www.bark.com/en/gb/services/,all_services_page,2026-09-05,Bark UK Explore All Services page.,London
Bark,Web Design,Web Design,Web Design & Development,Professional Services,V2,https://www.bark.com/en/gb/services/,all_services_page,2026-09-05,Bark UK Explore All Services page.,London
Bark,"Writing, Translation and Transcription","Writing, Translation and Transcription","Writing, Translation and Transcription",Other / Unmapped,V2,https://www.bark.com/en/gb/services/,all_services_page,2026-09-05,Bark UK Explore All Services page.,London
Booksy,Aesthetic Medicine,Aesthetic Medicine,Aesthetics & Medspa,Beauty & Wellness,V2,https://booksy.com/en-gb/,service_category_page,2026-09-05,Booksy UK public marketplace service categories.,London
Booksy,Barber,Barber,Hair & Barber Services,Beauty & Wellness,V2,https://booksy.com/en-gb/,service_category_page,2026-09-05,Booksy UK public marketplace service categories.,London
Booksy,Braids & Locs,Braids & Locs,Braids & Locs,Other / Unmapped,V2,https://booksy.com/en-gb/,service_category_page,2026-09-05,Booksy UK public marketplace service categories.,London
Booksy,Brows & Lashes,Brows & Lashes,Beauty & Skincare,Beauty & Wellness,V2,https://booksy.com/en-gb/,service_category_page,2026-09-05,Booksy UK public marketplace service categories.,London
Booksy,Dental,Dental,Dental,Other / Unmapped,V2,https://booksy.com/en-gb/,service_category_page,2026-09-05,Booksy UK public marketplace service categories.,London
Booksy,Hair Removal,Hair Removal,Removals & Moving,Cleaning & Household,V2,https://booksy.com/en-gb/,service_category_page,2026-09-05,Booksy UK public marketplace service categories.,London
Booksy,Hair Salon,Hair Salon,Hair & Barber Services,Beauty & Wellness,V2,https://booksy.com/en-gb/,service_category_page,2026-09-05,Booksy UK public marketplace service categories.,London
Booksy,Health & Fitness,Health & Fitness,Fitness & Personal Training,Health & Fitness,V2,https://booksy.com/en-gb/,service_category_page,2026-09-05,Booksy UK public marketplace service categories.,London
Booksy,Home Services,Home Services,Home Services,Other / Unmapped,V2,https://booksy.com/en-gb/,service_category_page,2026-09-05,Booksy UK public marketplace service categories.,London
Booksy,Make-up,Make-up,Make-up,Other / Unmapped,V2,https://booksy.com/en-gb/,service_category_page,2026-09-05,Booksy UK public marketplace service categories.,London
Booksy,Massage,Massage,Massage,Beauty & Wellness,V2,https://booksy.com/en-gb/,service_category_page,2026-09-05,Booksy UK public marketplace service categories.,London
Booksy,Nail Salon,Nail Salon,Nail Services,Beauty & Wellness,V2,https://booksy.com/en-gb/,service_category_page,2026-09-05,Booksy UK public marketplace service categories.,London
Booksy,Pet Services,Pet Services,Pet Services,Other / Unmapped,V2,https://booksy.com/en-gb/,service_category_page,2026-09-05,Booksy UK public marketplace service categories.,London
Booksy,Piercing,Piercing,Tattoo & Piercing,Beauty & Wellness,V2,https://booksy.com/en-gb/,service_category_page,2026-09-05,Booksy UK public marketplace service categories.,London
Booksy,Skin care,Skin care,Beauty & Skincare,Beauty & Wellness,V2,https://booksy.com/en-gb/,service_category_page,2026-09-05,Booksy UK public marketplace service categories.,London
Booksy,Tattoo Shop,Tattoo Shop,Tattoo & Piercing,Beauty & Wellness,V2,https://booksy.com/en-gb/,service_category_page,2026-09-05,Booksy UK public marketplace service categories.,London
Booksy,Wellness & Day Spa,Wellness & Day Spa,Spa & Wellness,Beauty & Wellness,V2,https://booksy.com/en-gb/,service_category_page,2026-09-05,Booksy UK public marketplace service categories.,London
Checkatrade,02394 317546,02394 317546,02394 317546,Other / Unmapped,V1,https://join.checkatrade.com/what-you-get/,public_category_page,2026-08-22,Checkatrade public category/onboarding page.,
Checkatrade,Access Ramp Indoor / Outdoor,Access Ramp Indoor / Outdoor,Access Ramp Indoor / Outdoor,Other / Unmapped,V2,https://www.checkatrade.com/sitemap/locations/London/A,london_trade_sitemap,2026-09-05,London A-Z trade/service sitemap.,London
Checkatrade,Accessible Kitchens,Accessible Kitchens,Kitchen Services,Home & Trades,V2,https://www.checkatrade.com/sitemap/locations/London/A,london_trade_sitemap,2026-09-05,London A-Z trade/service sitemap.,London
Checkatrade,Accident Repair,Accident Repair,Accident Repair,Other / Unmapped,V2,https://www.checkatrade.com/sitemap/locations/London/A,london_trade_sitemap,2026-09-05,London A-Z trade/service sitemap.,London
Checkatrade,Adjustable Beds,Adjustable Beds,Adjustable Beds,Other / Unmapped,V2,https://www.checkatrade.com/sitemap/locations/London/A,london_trade_sitemap,2026-09-05,London A-Z trade/service sitemap.,London
Checkatrade,Aerial Installation,Aerial Installation,Aerial & Satellite Services,Home & Trades,V2,https://www.checkatrade.com/sitemap/locations/London/A,london_trade_sitemap,2026-09-05,London A-Z trade/service sitemap.,London
Checkatrade,Aerial Repair,Aerial Repair,Aerial & Satellite Services,Home & Trades,V2,https://www.checkatrade.com/sitemap/locations/London/A,london_trade_sitemap,2026-09-05,London A-Z trade/service sitemap.,London
Checkatrade,Aggregate Supplier,Aggregate Supplier,Aggregate Supplier,Other / Unmapped,V2,https://www.checkatrade.com/sitemap/locations/London/A,london_trade_sitemap,2026-09-05,London A-Z trade/service sitemap.,London
Checkatrade,Agricultural Builders,Agricultural Builders,Building & Construction,Home & Trades,V2,https://www.checkatrade.com/sitemap/locations/London/A,london_trade_sitemap,2026-09-05,London A-Z trade/service sitemap.,London
Checkatrade,Agricultural Building,Agricultural Building,Building & Construction,Home & Trades,V2,https://www.checkatrade.com/sitemap/locations/London/A,london_trade_sitemap,2026-09-05,London A-Z trade/service sitemap.,London
Checkatrade,Agricultural Contractor,Agricultural Contractor,Agricultural Contractor,Other / Unmapped,V2,https://www.checkatrade.com/sitemap/locations/London/A,london_trade_sitemap,2026-09-05,London A-Z trade/service sitemap.,London
Checkatrade,Agricultural Fencing,Agricultural Fencing,Fencing & Gates,Home & Trades,V2,https://www.checkatrade.com/sitemap/locations/London/A,london_trade_sitemap,2026-09-05,London A-Z trade/service sitemap.,London
Checkatrade,Agricultural Irrigation,Agricultural Irrigation,Agricultural Irrigation,Other / Unmapped,V2,https://www.checkatrade.com/sitemap/locations/London/A,london_trade_sitemap,2026-09-05,London A-Z trade/service sitemap.,London
Checkatrade,Agricultural Mechanic,Agricultural Mechanic,Vehicle Repair,Automotive,V2,https://www.checkatrade.com/sitemap/locations/London/A,london_trade_sitemap,2026-09-05,London A-Z trade/service sitemap.,London
Checkatrade,Agricultural Merchant,Agricultural Merchant,Agricultural Merchant,Other / Unmapped,V2,https://www.checkatrade.com/sitemap/locations/London/A,london_trade_sitemap,2026-09-05,London A-Z trade/service sitemap.,London
Checkatrade,Air Conditioning,Air Conditioning,Air Conditioning & Ventilation,Home & Trades,V2,https://www.checkatrade.com/sitemap/locations/London/A,london_trade_sitemap,2026-09-05,London A-Z trade/service sitemap.,London
Checkatrade,Air Conditioning Installation,Air Conditioning Installation,Air Conditioning & Ventilation,Home & Trades,V2,https://www.checkatrade.com/sitemap/locations/London/A,london_trade_sitemap,2026-09-05,London A-Z trade/service sitemap.,London
Checkatrade,Air Conditioning Repair,Air Conditioning Repair,Air Conditioning & Ventilation,Home & Trades,V2,https://www.checkatrade.com/sitemap/locations/London/A,london_trade_sitemap,2026-09-05,London A-Z trade/service sitemap.,London
Checkatrade,Air Conditioning Servicing,Air Conditioning Servicing,Air Conditioning & Ventilation,Home & Trades,V2,https://www.checkatrade.com/sitemap/locations/London/A,london_trade_sitemap,2026-09-05,London A-Z trade/service sitemap.,London
Checkatrade,Air Source Heat Pump Engineers,Air Source Heat Pump Engineers,Air Source Heat Pump Engineers,Other / Unmapped,V2,https://www.checkatrade.com/sitemap/locations/London/A,london_trade_sitemap,2026-09-05,London A-Z trade/service sitemap.,London
Checkatrade,Air Source Heat Pump Installation - ASHP,Air Source Heat Pump Installation - ASHP,Air Source Heat Pump Installation - ASHP,Other / Unmapped,V2,https://www.checkatrade.com/sitemap/locations/London/A,london_trade_sitemap,2026-09-05,London A-Z trade/service sitemap.,London
Checkatrade,Air Source Heat Pump Installers,Air Source Heat Pump Installers,Air Source Heat Pump Installers,Other / Unmapped,V2,https://www.checkatrade.com/sitemap/locations/London/A,london_trade_sitemap,2026-09-05,London A-Z trade/service sitemap.,London
Checkatrade,Air Source Heat Pump Repair,Air Source Heat Pump Repair,Air Source Heat Pump Repair,Other / Unmapped,V2,https://www.checkatrade.com/sitemap/locations/London/A,london_trade_sitemap,2026-09-05,London A-Z trade/service sitemap.,London
Checkatrade,Air Source Heat Pump Servicing,Air Source Heat Pump Servicing,Air Source Heat Pump Servicing,Other / Unmapped,V2,https://www.checkatrade.com/sitemap/locations/London/A,london_trade_sitemap,2026-09-05,London A-Z trade/service sitemap.,London
Checkatrade,Air Source Heat Pump Servicing / Repair - ASHP,Air Source Heat Pump Servicing / Repair - ASHP,Air Source Heat Pump Servicing / Repair - ASHP,Other / Unmapped,V2,https://www.checkatrade.com/sitemap/locations/London/A,london_trade_sitemap,2026-09-05,London A-Z trade/service sitemap.,London
Checkatrade,Airport Transfers,Airport Transfers,Airport Transfers,Other / Unmapped,V2,https://www.checkatrade.com/sitemap/locations/London/A,london_trade_sitemap,2026-09-05,London A-Z trade/service sitemap.,London
Checkatrade,Alarm Response,Alarm Response,Security Systems,Home & Trades,V2,https://www.checkatrade.com/sitemap/locations/London/A,london_trade_sitemap,2026-09-05,London A-Z trade/service sitemap.,London
Checkatrade,Alarms / Security,Alarms / Security,Security Systems,Home & Trades,V2,https://www.checkatrade.com/sitemap/locations/London/A,london_trade_sitemap,2026-09-05,London A-Z trade/service sitemap.,London
Checkatrade,Alloy Wheel Refurbishment,Alloy Wheel Refurbishment,Alloy Wheel Refurbishment,Other / Unmapped,V2,https://www.checkatrade.com/sitemap/locations/London/A,london_trade_sitemap,2026-09-05,London A-Z trade/service sitemap.,London
Checkatrade,Alloy Wheels Repairs,Alloy Wheels Repairs,Alloy Wheels Repairs,Other / Unmapped,V2,https://www.checkatrade.com/sitemap/locations/London/A,london_trade_sitemap,2026-09-05,London A-Z trade/service sitemap.,London
Checkatrade,Aluminium Doors Installation,Aluminium Doors Installation,Doors & Door Services,Home & Trades,V2,https://www.checkatrade.com/sitemap/locations/London/A,london_trade_sitemap,2026-09-05,London A-Z trade/service sitemap.,London
Checkatrade,Aluminium Doors Repair,Aluminium Doors Repair,Doors & Door Services,Home & Trades,V2,https://www.checkatrade.com/sitemap/locations/London/A,london_trade_sitemap,2026-09-05,London A-Z trade/service sitemap.,London
Checkatrade,Aluminium Guttering,Aluminium Guttering,Roofing & Guttering,Home & Trades,V2,https://www.checkatrade.com/sitemap/locations/London/A,london_trade_sitemap,2026-09-05,London A-Z trade/service sitemap.,London
Checkatrade,Aluminium Windows Installation,Aluminium Windows Installation,Windows & Glazing,Home & Trades,V2,https://www.checkatrade.com/sitemap/locations/London/A,london_trade_sitemap,2026-09-05,London A-Z trade/service sitemap.,London
Checkatrade,Aluminium Windows Repair,Aluminium Windows Repair,Windows & Glazing,Home & Trades,V2,https://www.checkatrade.com/sitemap/locations/London/A,london_trade_sitemap,2026-09-05,London A-Z trade/service sitemap.,London
Checkatrade,Anti Vandal Coatings,Anti Vandal Coatings,Anti Vandal Coatings,Other / Unmapped,V2,https://www.checkatrade.com/sitemap/locations/London/A,london_trade_sitemap,2026-09-05,London A-Z trade/service sitemap.,London
Checkatrade,Antique Restoration,Antique Restoration,Antique Restoration,Other / Unmapped,V2,https://www.checkatrade.com/sitemap/locations/London/A,london_trade_sitemap,2026-09-05,London A-Z trade/service sitemap.,London
Checkatrade,Antiviral cleaning services,Antiviral cleaning services,Cleaning,Cleaning & Household,V2,https://www.checkatrade.com/sitemap/locations/London/A,london_trade_sitemap,2026-09-05,London A-Z trade/service sitemap.,London
Checkatrade,Appliance Retailer,Appliance Retailer,Appliance Retailer,Other / Unmapped,V2,https://www.checkatrade.com/sitemap/locations/London/A,london_trade_sitemap,2026-09-05,London A-Z trade/service sitemap.,London
Checkatrade,Appliance Services / Repair,Appliance Services / Repair,Appliance Services / Repair,Other / Unmapped,V2,https://www.checkatrade.com/sitemap/locations/London/A,london_trade_sitemap,2026-09-05,London A-Z trade/service sitemap.,London
Checkatrade,Aquariums,Aquariums,Aquariums,Other / Unmapped,V2,https://www.checkatrade.com/sitemap/locations/London/A,london_trade_sitemap,2026-09-05,London A-Z trade/service sitemap.,London
Checkatrade,Architect,Architect,Architectural Services,Professional Services,V2,https://www.checkatrade.com/sitemap/locations/London/A,london_trade_sitemap,2026-09-05,London A-Z trade/service sitemap.,London
Checkatrade,Architectural Drawings,Architectural Drawings,Architectural Services,Professional Services,V2,https://www.checkatrade.com/sitemap/locations/London/A,london_trade_sitemap,2026-09-05,London A-Z trade/service sitemap.,London
Checkatrade,Architectural Services,Architectural Services,Architectural Services,Professional Services,V2,https://www.checkatrade.com/sitemap/locations/London/A,london_trade_sitemap,2026-09-05,London A-Z trade/service sitemap.,London
Checkatrade,Architectural Technician,Architectural Technician,Architectural Services,Professional Services,V2,https://www.checkatrade.com/sitemap/locations/London/A,london_trade_sitemap,2026-09-05,London A-Z trade/service sitemap.,London
Checkatrade,Architraves,Architraves,Architraves,Other / Unmapped,V2,https://www.checkatrade.com/sitemap/locations/London/A,london_trade_sitemap,2026-09-05,London A-Z trade/service sitemap.,London
Checkatrade,Artexing,Artexing,Artexing,Other / Unmapped,V2,https://www.checkatrade.com/sitemap/locations/London/A,london_trade_sitemap,2026-09-05,London A-Z trade/service sitemap.,London
Checkatrade,Artificial Grass,Artificial Grass,Artificial Grass,Other / Unmapped,V2,https://www.checkatrade.com/sitemap/locations/London/A,london_trade_sitemap,2026-09-05,London A-Z trade/service sitemap.,London
Checkatrade,Asbestos Removal - License,Asbestos Removal - License,Removals & Moving,Cleaning & Household,V2,https://www.checkatrade.com/sitemap/locations/London/A,london_trade_sitemap,2026-09-05,London A-Z trade/service sitemap.,London
Checkatrade,Asbestos Removal - non License,Asbestos Removal - non License,Removals & Moving,Cleaning & Household,V2,https://www.checkatrade.com/sitemap/locations/London/A,london_trade_sitemap,2026-09-05,London A-Z trade/service sitemap.,London
Checkatrade,Asbestos Services,Asbestos Services,Asbestos Services,Other / Unmapped,V2,https://www.checkatrade.com/sitemap/locations/London/A,london_trade_sitemap,2026-09-05,London A-Z trade/service sitemap.,London
Checkatrade,Asbestos Surveys,Asbestos Surveys,Asbestos Surveys,Other / Unmapped,V2,https://www.checkatrade.com/sitemap/locations/London/A,london_trade_sitemap,2026-09-05,London A-Z trade/service sitemap.,London
Checkatrade,Asbestos Testing,Asbestos Testing,Asbestos Testing,Other / Unmapped,V2,https://www.checkatrade.com/sitemap/locations/London/A,london_trade_sitemap,2026-09-05,London A-Z trade/service sitemap.,London
Checkatrade,Asphalt Roofing Installation,Asphalt Roofing Installation,Roofing & Guttering,Home & Trades,V2,https://www.checkatrade.com/sitemap/locations/London/A,london_trade_sitemap,2026-09-05,London A-Z trade/service sitemap.,London
Checkatrade,Asphalt Roofing Repair,Asphalt Roofing Repair,Roofing & Guttering,Home & Trades,V2,https://www.checkatrade.com/sitemap/locations/London/A,london_trade_sitemap,2026-09-05,London A-Z trade/service sitemap.,London
Checkatrade,Audio / Visual Installation,Audio / Visual Installation,Audio / Visual Installation,Other / Unmapped,V2,https://www.checkatrade.com/sitemap/locations/London/A,london_trade_sitemap,2026-09-05,London A-Z trade/service sitemap.,London
Checkatrade,Auto / Vehicle Locksmith,Auto / Vehicle Locksmith,Locksmith,Home & Trades,V2,https://www.checkatrade.com/sitemap/locations/London/A,london_trade_sitemap,2026-09-05,London A-Z trade/service sitemap.,London
Checkatrade,Aviaries,Aviaries,Aviaries,Other / Unmapped,V2,https://www.checkatrade.com/sitemap/locations/London/A,london_trade_sitemap,2026-09-05,London A-Z trade/service sitemap.,London
Checkatrade,Awnings / Canopies,Awnings / Canopies,Awnings / Canopies,Other / Unmapped,V2,https://www.checkatrade.com/sitemap/locations/London/A,london_trade_sitemap,2026-09-05,London A-Z trade/service sitemap.,London
Checkatrade,B2B IT Support,B2B IT Support,B2B IT Support,Other / Unmapped,V2,https://www.checkatrade.com/sitemap/locations/London/B,london_trade_sitemap,2026-09-05,London A-Z trade/service sitemap.,London
Checkatrade,BBQ Cleaning,BBQ Cleaning,Cleaning,Cleaning & Household,V2,https://www.checkatrade.com/sitemap/locations/London/B,london_trade_sitemap,2026-09-05,London A-Z trade/service sitemap.,London
Checkatrade,Balcony Roofing Installation,Balcony Roofing Installation,Roofing & Guttering,Home & Trades,V2,https://www.checkatrade.com/sitemap/locations/London/B,london_trade_sitemap,2026-09-05,London A-Z trade/service sitemap.,London
Checkatrade,Balcony Roofing Repair,Balcony Roofing Repair,Roofing & Guttering,Home & Trades,V2,https://www.checkatrade.com/sitemap/locations/London/B,london_trade_sitemap,2026-09-05,London A-Z trade/service sitemap.,London
Checkatrade,Balustrades,Balustrades,Balustrades,Other / Unmapped,V2,https://www.checkatrade.com/sitemap/locations/London/B,london_trade_sitemap,2026-09-05,London A-Z trade/service sitemap.,London
Checkatrade,Barn Conversion,Barn Conversion,Barn Conversion,Other / Unmapped,V2,https://www.checkatrade.com/sitemap/locations/London/B,london_trade_sitemap,2026-09-05,London A-Z trade/service sitemap.,London
Checkatrade,Barn Conversions,Barn Conversions,Barn Conversions,Other / Unmapped,V2,https://www.checkatrade.com/sitemap/locations/London/B,london_trade_sitemap,2026-09-05,London A-Z trade/service sitemap.,London
Checkatrade,Barn Doors,Barn Doors,Doors & Door Services,Home & Trades,V2,https://www.checkatrade.com/sitemap/locations/London/B,london_trade_sitemap,2026-09-05,London A-Z trade/service sitemap.,London
Checkatrade,Basement / Cellar Conversions,Basement / Cellar Conversions,Basement / Cellar Conversions,Other / Unmapped,V2,https://www.checkatrade.com/sitemap/locations/London/B,london_trade_sitemap,2026-09-05,London A-Z trade/service sitemap.,London
Checkatrade,Basement Conversions,Basement Conversions,Basement Conversions,Other / Unmapped,V2,https://www.checkatrade.com/sitemap/locations/London/B,london_trade_sitemap,2026-09-05,London A-Z trade/service sitemap.,London
Checkatrade,Bath / Sink / Shower Trays,Bath / Sink / Shower Trays,Bathroom Services,Home & Trades,V2,https://www.checkatrade.com/sitemap/locations/London/B,london_trade_sitemap,2026-09-05,London A-Z trade/service sitemap.,London
Checkatrade,Bath Resurfacing,Bath Resurfacing,Bath Resurfacing,Other / Unmapped,V2,https://www.checkatrade.com/sitemap/locations/London/B,london_trade_sitemap,2026-09-05,London A-Z trade/service sitemap.,London
Checkatrade,Bathroom & Kitchen Plumbing,Bathroom & Kitchen Plumbing,Plumbing,Home & Trades,V2,https://www.checkatrade.com/sitemap/locations/London/B,london_trade_sitemap,2026-09-05,London A-Z trade/service sitemap.,London
Checkatrade,Bathroom Cladding,Bathroom Cladding,Bathroom Services,Home & Trades,V2,https://www.checkatrade.com/sitemap/locations/London/B,london_trade_sitemap,2026-09-05,London A-Z trade/service sitemap.,London
Checkatrade,Bathroom Cladding Fitters,Bathroom Cladding Fitters,Bathroom Services,Home & Trades,V2,https://www.checkatrade.com/sitemap/locations/London/B,london_trade_sitemap,2026-09-05,London A-Z trade/service sitemap.,London
Checkatrade,Bathroom Designer,Bathroom Designer,Bathroom Services,Home & Trades,V2,https://www.checkatrade.com/sitemap/locations/London/B,london_trade_sitemap,2026-09-05,London A-Z trade/service sitemap.,London
Checkatrade,Bathroom Fitter,Bathroom Fitter,Bathroom Services,Home & Trades,V2,https://www.checkatrade.com/sitemap/locations/London/B,london_trade_sitemap,2026-09-05,London A-Z trade/service sitemap.,London
Checkatrade,Bathroom Fitters,Bathroom Fitters,Bathroom Services,Home & Trades,V2,https://www.checkatrade.com/sitemap/locations/London/A,london_trade_sitemap,2026-09-05,London A-Z trade/service sitemap.,London
Checkatrade,Bathroom Mastic Sealant,Bathroom Mastic Sealant,Bathroom Services,Home & Trades,V2,https://www.checkatrade.com/sitemap/locations/London/B,london_trade_sitemap,2026-09-05,London A-Z trade/service sitemap.,London
Checkatrade,Bathroom Showroom,Bathroom Showroom,Bathroom Services,Home & Trades,V2,https://www.checkatrade.com/sitemap/locations/London/B,london_trade_sitemap,2026-09-05,London A-Z trade/service sitemap.,London
Checkatrade,Bathroom Supplier,Bathroom Supplier,Bathroom Services,Home & Trades,V2,https://www.checkatrade.com/sitemap/locations/London/B,london_trade_sitemap,2026-09-05,London A-Z trade/service sitemap.,London
Checkatrade,Bathroom Supply & Fit,Bathroom Supply & Fit,Bathroom Services,Home & Trades,V2,https://www.checkatrade.com/sitemap/locations/London/B,london_trade_sitemap,2026-09-05,London A-Z trade/service sitemap.,London
Checkatrade,Bathrooms,Bathrooms,Bathroom Services,Home & Trades,V2,https://www.checkatrade.com/sitemap/locations/London/B,london_trade_sitemap,2026-09-05,London A-Z trade/service sitemap.,London
Checkatrade,Battery / Exhaust / Tyres,Battery / Exhaust / Tyres,Tyre Services,Automotive,V2,https://www.checkatrade.com/sitemap/locations/London/B,london_trade_sitemap,2026-09-05,London A-Z trade/service sitemap.,London
Checkatrade,Baxi Boiler Repair,Baxi Boiler Repair,Heating & Boiler Services,Home & Trades,V2,https://www.checkatrade.com/sitemap/locations/London/B,london_trade_sitemap,2026-09-05,London A-Z trade/service sitemap.,London
Checkatrade,Bay Windows Installation,Bay Windows Installation,Windows & Glazing,Home & Trades,V2,https://www.checkatrade.com/sitemap/locations/London/B,london_trade_sitemap,2026-09-05,London A-Z trade/service sitemap.,London
Checkatrade,Bay Windows Repair,Bay Windows Repair,Windows & Glazing,Home & Trades,V2,https://www.checkatrade.com/sitemap/locations/London/B,london_trade_sitemap,2026-09-05,London A-Z trade/service sitemap.,London
Checkatrade,Bedroom Planner / Designer,Bedroom Planner / Designer,Bedroom Planner / Designer,Other / Unmapped,V2,https://www.checkatrade.com/sitemap/locations/London/B,london_trade_sitemap,2026-09-05,London A-Z trade/service sitemap.,London
Checkatrade,Bedroom Showroom,Bedroom Showroom,Bedroom Showroom,Other / Unmapped,V2,https://www.checkatrade.com/sitemap/locations/London/B,london_trade_sitemap,2026-09-05,London A-Z trade/service sitemap.,London
Checkatrade,Bedroom Supplier / Installer,Bedroom Supplier / Installer,Bedroom Supplier / Installer,Other / Unmapped,V2,https://www.checkatrade.com/sitemap/locations/London/B,london_trade_sitemap,2026-09-05,London A-Z trade/service sitemap.,London
Checkatrade,Bedrooms,Bedrooms,Bedrooms,Other / Unmapped,V2,https://www.checkatrade.com/sitemap/locations/London/B,london_trade_sitemap,2026-09-05,London A-Z trade/service sitemap.,London
Checkatrade,Bespoke Furniture,Bespoke Furniture,Bespoke Furniture,Other / Unmapped,V2,https://www.checkatrade.com/sitemap/locations/London/B,london_trade_sitemap,2026-09-05,London A-Z trade/service sitemap.,London
Checkatrade,Bespoke Kitchens - Supply & Installation,Bespoke Kitchens - Supply & Installation,Kitchen Services,Home & Trades,V2,https://www.checkatrade.com/sitemap/locations/London/B,london_trade_sitemap,2026-09-05,London A-Z trade/service sitemap.,London
Checkatrade,Bespoke Metal Fabrication,Bespoke Metal Fabrication,Bespoke Metal Fabrication,Other / Unmapped,V2,https://www.checkatrade.com/sitemap/locations/London/B,london_trade_sitemap,2026-09-05,London A-Z trade/service sitemap.,London
Checkatrade,Bespoke Staircases,Bespoke Staircases,Bespoke Staircases,Other / Unmapped,V2,https://www.checkatrade.com/sitemap/locations/London/B,london_trade_sitemap,2026-09-05,London A-Z trade/service sitemap.,London
Checkatrade,Bespoke Windows / Doors,Bespoke Windows / Doors,Windows & Glazing,Home & Trades,V2,https://www.checkatrade.com/sitemap/locations/London/B,london_trade_sitemap,2026-09-05,London A-Z trade/service sitemap.,London
Checkatrade,Bifold Doors Installation,Bifold Doors Installation,Doors & Door Services,Home & Trades,V2,https://www.checkatrade.com/sitemap/locations/London/B,london_trade_sitemap,2026-09-05,London A-Z trade/service sitemap.,London
Checkatrade,Bifold Doors Repair,Bifold Doors Repair,Doors & Door Services,Home & Trades,V2,https://www.checkatrade.com/sitemap/locations/London/B,london_trade_sitemap,2026-09-05,London A-Z trade/service sitemap.,London
Checkatrade,Bike / Bicycle Repairs,Bike / Bicycle Repairs,Bike / Bicycle Repairs,Other / Unmapped,V2,https://www.checkatrade.com/sitemap/locations/London/B,london_trade_sitemap,2026-09-05,London A-Z trade/service sitemap.,London
Checkatrade,Biomass Boiler Installation,Biomass Boiler Installation,Heating & Boiler Services,Home & Trades,V2,https://www.checkatrade.com/sitemap/locations/London/B,london_trade_sitemap,2026-09-05,London A-Z trade/service sitemap.,London
Checkatrade,Biomass Boiler Servicing / Repair,Biomass Boiler Servicing / Repair,Heating & Boiler Services,Home & Trades,V2,https://www.checkatrade.com/sitemap/locations/London/B,london_trade_sitemap,2026-09-05,London A-Z trade/service sitemap.,London
Checkatrade,Biomass Energy,Biomass Energy,Biomass Energy,Other / Unmapped,V2,https://www.checkatrade.com/sitemap/locations/London/B,london_trade_sitemap,2026-09-05,London A-Z trade/service sitemap.,London
Checkatrade,Biometric Security Systems,Biometric Security Systems,Security Systems,Home & Trades,V2,https://www.checkatrade.com/sitemap/locations/London/B,london_trade_sitemap,2026-09-05,London A-Z trade/service sitemap.,London
Checkatrade,Bird Restriction Measures,Bird Restriction Measures,Bird Restriction Measures,Other / Unmapped,V2,https://www.checkatrade.com/sitemap/locations/London/B,london_trade_sitemap,2026-09-05,London A-Z trade/service sitemap.,London
Checkatrade,Blind Fitter,Blind Fitter,Blind Fitter,Other / Unmapped,V2,https://www.checkatrade.com/sitemap/locations/London/B,london_trade_sitemap,2026-09-05,London A-Z trade/service sitemap.,London
Checkatrade,Blind Supplier,Blind Supplier,Blind Supplier,Other / Unmapped,V2,https://www.checkatrade.com/sitemap/locations/London/B,london_trade_sitemap,2026-09-05,London A-Z trade/service sitemap.,London
Checkatrade,Blind Supply & Fit,Blind Supply & Fit,Blind Supply & Fit,Other / Unmapped,V2,https://www.checkatrade.com/sitemap/locations/London/B,london_trade_sitemap,2026-09-05,London A-Z trade/service sitemap.,London
Checkatrade,Block Management,Block Management,Block Management,Other / Unmapped,V2,https://www.checkatrade.com/sitemap/locations/London/B,london_trade_sitemap,2026-09-05,London A-Z trade/service sitemap.,London
Checkatrade,Block Paving,Block Paving,Driveways & Paving,Home & Trades,V2,https://www.checkatrade.com/sitemap/locations/London/B,london_trade_sitemap,2026-09-05,London A-Z trade/service sitemap.,London
Checkatrade,Blocked Baths,Blocked Baths,Blocked Baths,Other / Unmapped,V2,https://www.checkatrade.com/sitemap/locations/London/B,london_trade_sitemap,2026-09-05,London A-Z trade/service sitemap.,London
Checkatrade,Blocked Drains,Blocked Drains,Blocked Drains,Other / Unmapped,V2,https://www.checkatrade.com/sitemap/locations/London/B,london_trade_sitemap,2026-09-05,London A-Z trade/service sitemap.,London
Checkatrade,Blocked Sinks,Blocked Sinks,Blocked Sinks,Other / Unmapped,V2,https://www.checkatrade.com/sitemap/locations/London/B,london_trade_sitemap,2026-09-05,London A-Z trade/service sitemap.,London
Checkatrade,Blocked Toilets,Blocked Toilets,Blocked Toilets,Other / Unmapped,V2,https://www.checkatrade.com/sitemap/locations/London/B,london_trade_sitemap,2026-09-05,London A-Z trade/service sitemap.,London
Checkatrade,Boat Building / Repairs,Boat Building / Repairs,Building & Construction,Home & Trades,V2,https://www.checkatrade.com/sitemap/locations/London/B,london_trade_sitemap,2026-09-05,London A-Z trade/service sitemap.,London
Checkatrade,Boiler Fitter,Boiler Fitter,Heating & Boiler Services,Home & Trades,V2,https://www.checkatrade.com/sitemap/locations/London/B,london_trade_sitemap,2026-09-05,London A-Z trade/service sitemap.,London
Checkatrade,Boiler Leaking Water Issues,Boiler Leaking Water Issues,Heating & Boiler Services,Home & Trades,V2,https://www.checkatrade.com/sitemap/locations/London/A,london_trade_sitemap,2026-09-05,London A-Z trade/service sitemap.,London
Checkatrade,Boiler Plumbers,Boiler Plumbers,Plumbing,Home & Trades,V2,https://www.checkatrade.com/sitemap/locations/London/B,london_trade_sitemap,2026-09-05,London A-Z trade/service sitemap.,London
Checkatrade,Boiler Service,Boiler Service,Heating & Boiler Services,Home & Trades,V2,https://www.checkatrade.com/sitemap/locations/London/A,london_trade_sitemap,2026-09-05,London A-Z trade/service sitemap.,London
Checkatrade,Boiler Specialists,Boiler Specialists,Heating & Boiler Services,Home & Trades,V2,https://www.checkatrade.com/sitemap/locations/London/B,london_trade_sitemap,2026-09-05,London A-Z trade/service sitemap.,London
Checkatrade,Bonded Aggregate Surfacing,Bonded Aggregate Surfacing,Bonded Aggregate Surfacing,Other / Unmapped,V2,https://www.checkatrade.com/sitemap/locations/London/B,london_trade_sitemap,2026-09-05,London A-Z trade/service sitemap.,London
Checkatrade,Bouncy Castle Hire,Bouncy Castle Hire,Bouncy Castle Hire,Other / Unmapped,V2,https://www.checkatrade.com/sitemap/locations/London/B,london_trade_sitemap,2026-09-05,London A-Z trade/service sitemap.,London
Checkatrade,Breakdown Assistance,Breakdown Assistance,Breakdown Assistance,Other / Unmapped,V2,https://www.checkatrade.com/sitemap/locations/London/B,london_trade_sitemap,2026-09-05,London A-Z trade/service sitemap.,London
Checkatrade,Brick & Stone Cleaning,Brick & Stone Cleaning,Building & Construction,Home & Trades,V2,https://www.checkatrade.com/sitemap/locations/London/B,london_trade_sitemap,2026-09-05,London A-Z trade/service sitemap.,London
Checkatrade,Brick / Concrete Structural Repairs,Brick / Concrete Structural Repairs,Building & Construction,Home & Trades,V2,https://www.checkatrade.com/sitemap/locations/London/B,london_trade_sitemap,2026-09-05,London A-Z trade/service sitemap.,London
Checkatrade,Brick Repair,Brick Repair,Building & Construction,Home & Trades,V2,https://www.checkatrade.com/sitemap/locations/London/B,london_trade_sitemap,2026-09-05,London A-Z trade/service sitemap.,London
Checkatrade,Brick Restoration,Brick Restoration,Building & Construction,Home & Trades,V2,https://www.checkatrade.com/sitemap/locations/London/B,london_trade_sitemap,2026-09-05,London A-Z trade/service sitemap.,London
Checkatrade,Brick Tiling,Brick Tiling,Building & Construction,Home & Trades,V2,https://www.checkatrade.com/sitemap/locations/London/B,london_trade_sitemap,2026-09-05,London A-Z trade/service sitemap.,London
Checkatrade,Bricklayer,Bricklayer,Building & Construction,Home & Trades,V2,https://www.checkatrade.com/sitemap/locations/London/B,london_trade_sitemap,2026-09-05,London A-Z trade/service sitemap.,London
Checkatrade,Brickwork,Brickwork,Building & Construction,Home & Trades,V2,https://www.checkatrade.com/sitemap/locations/London/B,london_trade_sitemap,2026-09-05,London A-Z trade/service sitemap.,London
Checkatrade,Broadband Fault Finding,Broadband Fault Finding,Broadband Fault Finding,Other / Unmapped,V2,https://www.checkatrade.com/sitemap/locations/London/B,london_trade_sitemap,2026-09-05,London A-Z trade/service sitemap.,London
Checkatrade,Broadband repair,Broadband repair,Broadband repair,Other / Unmapped,V2,https://www.checkatrade.com/sitemap/locations/London/B,london_trade_sitemap,2026-09-05,London A-Z trade/service sitemap.,London
Checkatrade,Build your reputation,Build your reputation,Building & Construction,Home & Trades,V1,https://join.checkatrade.com/what-you-get/,public_category_page,2026-08-22,Checkatrade public category/onboarding page.,
Checkatrade,Builder,Builder,Building & Construction,Home & Trades,V2,https://www.checkatrade.com/sitemap/locations/London/B,london_trade_sitemap,2026-09-05,London A-Z trade/service sitemap.,London
Checkatrade,Builders,Builders,Building & Construction,Home & Trades,V2,https://www.checkatrade.com/sitemap/locations/London/A,london_trade_sitemap,2026-09-05,London A-Z trade/service sitemap.,London
Checkatrade,Building Merchants,Building Merchants,Building & Construction,Home & Trades,V2,https://www.checkatrade.com/sitemap/locations/London/B,london_trade_sitemap,2026-09-05,London A-Z trade/service sitemap.,London
Checkatrade,Building Project Managers,Building Project Managers,Building & Construction,Home & Trades,V2,https://www.checkatrade.com/sitemap/locations/London/B,london_trade_sitemap,2026-09-05,London A-Z trade/service sitemap.,London
Checkatrade,Building Surveyors,Building Surveyors,Building & Construction,Home & Trades,V2,https://www.checkatrade.com/sitemap/locations/London/B,london_trade_sitemap,2026-09-05,London A-Z trade/service sitemap.,London
Checkatrade,Built,Built,Built,Other / Unmapped,V2,https://www.checkatrade.com/sitemap/locations/London/B,london_trade_sitemap,2026-09-05,London A-Z trade/service sitemap.,London
Checkatrade,Burglar Alarm - Installation,Burglar Alarm - Installation,Security Systems,Home & Trades,V2,https://www.checkatrade.com/sitemap/locations/London/B,london_trade_sitemap,2026-09-05,London A-Z trade/service sitemap.,London
Checkatrade,Burglar Alarm - Supply & Installation,Burglar Alarm - Supply & Installation,Security Systems,Home & Trades,V2,https://www.checkatrade.com/sitemap/locations/London/B,london_trade_sitemap,2026-09-05,London A-Z trade/service sitemap.,London
Checkatrade,Burglar Alarm - Supply Only,Burglar Alarm - Supply Only,Security Systems,Home & Trades,V2,https://www.checkatrade.com/sitemap/locations/London/B,london_trade_sitemap,2026-09-05,London A-Z trade/service sitemap.,London
Checkatrade,Burglar Alarm Servicing,Burglar Alarm Servicing,Security Systems,Home & Trades,V2,https://www.checkatrade.com/sitemap/locations/London/B,london_trade_sitemap,2026-09-05,London A-Z trade/service sitemap.,London
Checkatrade,CCTV - Installation,CCTV - Installation,Security Systems,Home & Trades,V2,https://www.checkatrade.com/sitemap/locations/London/C,london_trade_sitemap,2026-09-05,London A-Z trade/service sitemap.,London
Checkatrade,CCTV - Supply & Installation,CCTV - Supply & Installation,Security Systems,Home & Trades,V2,https://www.checkatrade.com/sitemap/locations/London/C,london_trade_sitemap,2026-09-05,London A-Z trade/service sitemap.,London
Checkatrade,CCTV - Supply Only,CCTV - Supply Only,Security Systems,Home & Trades,V2,https://www.checkatrade.com/sitemap/locations/London/C,london_trade_sitemap,2026-09-05,London A-Z trade/service sitemap.,London
Checkatrade,CCTV Repair,CCTV Repair,Security Systems,Home & Trades,V2,https://www.checkatrade.com/sitemap/locations/London/C,london_trade_sitemap,2026-09-05,London A-Z trade/service sitemap.,London
Checkatrade,CCTV Surveys for Drains,CCTV Surveys for Drains,Security Systems,Home & Trades,V2,https://www.checkatrade.com/sitemap/locations/London/C,london_trade_sitemap,2026-09-05,London A-Z trade/service sitemap.,London
Checkatrade,Cabinet Makers / Handmade Furniture,Cabinet Makers / Handmade Furniture,Cabinet Makers / Handmade Furniture,Other / Unmapped,V2,https://www.checkatrade.com/sitemap/locations/London/C,london_trade_sitemap,2026-09-05,London A-Z trade/service sitemap.,London
Checkatrade,Cabling,Cabling,Cabling,Other / Unmapped,V2,https://www.checkatrade.com/sitemap/locations/London/C,london_trade_sitemap,2026-09-05,London A-Z trade/service sitemap.,London
Checkatrade,Call / Door Entry Systems,Call / Door Entry Systems,Doors & Door Services,Home & Trades,V2,https://www.checkatrade.com/sitemap/locations/London/C,london_trade_sitemap,2026-09-05,London A-Z trade/service sitemap.,London
Checkatrade,Cambelts,Cambelts,Cambelts,Other / Unmapped,V2,https://www.checkatrade.com/sitemap/locations/London/C,london_trade_sitemap,2026-09-05,London A-Z trade/service sitemap.,London
Checkatrade,Car / Auto Electrics,Car / Auto Electrics,Electrical Services,Home & Trades,V2,https://www.checkatrade.com/sitemap/locations/London/C,london_trade_sitemap,2026-09-05,London A-Z trade/service sitemap.,London
Checkatrade,Car Alarms,Car Alarms,Security Systems,Home & Trades,V2,https://www.checkatrade.com/sitemap/locations/London/C,london_trade_sitemap,2026-09-05,London A-Z trade/service sitemap.,London
Checkatrade,Car Audio,Car Audio,Car Audio,Other / Unmapped,V2,https://www.checkatrade.com/sitemap/locations/London/C,london_trade_sitemap,2026-09-05,London A-Z trade/service sitemap.,London
Checkatrade,Car Dealerships,Car Dealerships,Car Dealerships,Other / Unmapped,V2,https://www.checkatrade.com/sitemap/locations/London/C,london_trade_sitemap,2026-09-05,London A-Z trade/service sitemap.,London
Checkatrade,Car Detailing,Car Detailing,Car Cleaning & Detailing,Automotive,V2,https://www.checkatrade.com/sitemap/locations/London/C,london_trade_sitemap,2026-09-05,London A-Z trade/service sitemap.,London
Checkatrade,Car Key Replacement,Car Key Replacement,Car Key Replacement,Other / Unmapped,V2,https://www.checkatrade.com/sitemap/locations/London/C,london_trade_sitemap,2026-09-05,London A-Z trade/service sitemap.,London
Checkatrade,Car Ports,Car Ports,Car Ports,Other / Unmapped,V2,https://www.checkatrade.com/sitemap/locations/London/C,london_trade_sitemap,2026-09-05,London A-Z trade/service sitemap.,London
Checkatrade,Car Repair,Car Repair,Vehicle Repair,Automotive,V2,https://www.checkatrade.com/sitemap/locations/London/C,london_trade_sitemap,2026-09-05,London A-Z trade/service sitemap.,London
Checkatrade,Car Sales / Commercial Sales,Car Sales / Commercial Sales,Car Sales / Commercial Sales,Other / Unmapped,V2,https://www.checkatrade.com/sitemap/locations/London/C,london_trade_sitemap,2026-09-05,London A-Z trade/service sitemap.,London
Checkatrade,Car Servicing,Car Servicing,Car Servicing,Other / Unmapped,V2,https://www.checkatrade.com/sitemap/locations/London/C,london_trade_sitemap,2026-09-05,London A-Z trade/service sitemap.,London
Checkatrade,Caravan Valeting,Caravan Valeting,Caravan Valeting,Other / Unmapped,V2,https://www.checkatrade.com/sitemap/locations/London/C,london_trade_sitemap,2026-09-05,London A-Z trade/service sitemap.,London
Checkatrade,Carpenter,Carpenter,Carpentry & Joinery,Home & Trades,V2,https://www.checkatrade.com/sitemap/locations/London/A,london_trade_sitemap,2026-09-05,London A-Z trade/service sitemap.,London
Checkatrade,Carpenters,Carpenters,Carpentry & Joinery,Home & Trades,V2,https://www.checkatrade.com/sitemap/locations/London/A,london_trade_sitemap,2026-09-05,London A-Z trade/service sitemap.,London
Checkatrade,Carpet Cleaning,Carpet Cleaning,Cleaning,Cleaning & Household,V2,https://www.checkatrade.com/sitemap/locations/London/C,london_trade_sitemap,2026-09-05,London A-Z trade/service sitemap.,London
Checkatrade,Carpet Fitter,Carpet Fitter,Carpet Fitter,Other / Unmapped,V2,https://www.checkatrade.com/sitemap/locations/London/A,london_trade_sitemap,2026-09-05,London A-Z trade/service sitemap.,London
Checkatrade,Carpet Fitting,Carpet Fitting,Flooring,Home & Trades,V2,https://www.checkatrade.com/sitemap/locations/London/C,london_trade_sitemap,2026-09-05,London A-Z trade/service sitemap.,London
Checkatrade,Carpet Fitting Cost,Carpet Fitting Cost,Flooring,Home & Trades,V2,https://www.checkatrade.com/sitemap/locations/London/A,london_trade_sitemap,2026-09-05,London A-Z trade/service sitemap.,London
Checkatrade,Carpet Repair / Stretching,Carpet Repair / Stretching,Carpet Repair / Stretching,Other / Unmapped,V2,https://www.checkatrade.com/sitemap/locations/London/C,london_trade_sitemap,2026-09-05,London A-Z trade/service sitemap.,London
Checkatrade,Carpet Supplier,Carpet Supplier,Carpet Supplier,Other / Unmapped,V2,https://www.checkatrade.com/sitemap/locations/London/C,london_trade_sitemap,2026-09-05,London A-Z trade/service sitemap.,London
Checkatrade,Carpet Supply & Fit,Carpet Supply & Fit,Carpet Supply & Fit,Other / Unmapped,V2,https://www.checkatrade.com/sitemap/locations/London/C,london_trade_sitemap,2026-09-05,London A-Z trade/service sitemap.,London
Checkatrade,Carpet Tiles,Carpet Tiles,Carpet Tiles,Other / Unmapped,V2,https://www.checkatrade.com/sitemap/locations/London/C,london_trade_sitemap,2026-09-05,London A-Z trade/service sitemap.,London
Checkatrade,Carpet and Upholstery Cleaning,Carpet and Upholstery Cleaning,Cleaning,Cleaning & Household,V2,https://www.checkatrade.com/sitemap/locations/London/C,london_trade_sitemap,2026-09-05,London A-Z trade/service sitemap.,London
Checkatrade,Carpets / Flooring,Carpets / Flooring,Flooring,Home & Trades,V2,https://www.checkatrade.com/sitemap/locations/London/C,london_trade_sitemap,2026-09-05,London A-Z trade/service sitemap.,London
Checkatrade,Carport Manufacturers,Carport Manufacturers,Carport Manufacturers,Other / Unmapped,V2,https://www.checkatrade.com/sitemap/locations/London/C,london_trade_sitemap,2026-09-05,London A-Z trade/service sitemap.,London
Checkatrade,Carport Suppliers,Carport Suppliers,Carport Suppliers,Other / Unmapped,V2,https://www.checkatrade.com/sitemap/locations/London/C,london_trade_sitemap,2026-09-05,London A-Z trade/service sitemap.,London
Checkatrade,Carports Installed,Carports Installed,Carports Installed,Other / Unmapped,V2,https://www.checkatrade.com/sitemap/locations/London/C,london_trade_sitemap,2026-09-05,London A-Z trade/service sitemap.,London
Checkatrade,Cat Flaps,Cat Flaps,Cat Flaps,Other / Unmapped,V2,https://www.checkatrade.com/sitemap/locations/London/C,london_trade_sitemap,2026-09-05,London A-Z trade/service sitemap.,London
Checkatrade,Catering Equipment Repair,Catering Equipment Repair,Catering,Events & Creative,V2,https://www.checkatrade.com/sitemap/locations/London/C,london_trade_sitemap,2026-09-05,London A-Z trade/service sitemap.,London
Checkatrade,Catering Services,Catering Services,Catering,Events & Creative,V2,https://www.checkatrade.com/sitemap/locations/London/C,london_trade_sitemap,2026-09-05,London A-Z trade/service sitemap.,London
Checkatrade,Cavity Wall Insulation,Cavity Wall Insulation,Insulation,Home & Trades,V2,https://www.checkatrade.com/sitemap/locations/London/C,london_trade_sitemap,2026-09-05,London A-Z trade/service sitemap.,London
Checkatrade,Cavity Wall Insulation Removal,Cavity Wall Insulation Removal,Insulation,Home & Trades,V2,https://www.checkatrade.com/sitemap/locations/London/C,london_trade_sitemap,2026-09-05,London A-Z trade/service sitemap.,London
Checkatrade,Central Heating,Central Heating,Heating & Boiler Services,Home & Trades,V2,https://www.checkatrade.com/sitemap/locations/London/C,london_trade_sitemap,2026-09-05,London A-Z trade/service sitemap.,London
Checkatrade,Central Heating Engineer,Central Heating Engineer,Heating & Boiler Services,Home & Trades,V2,https://www.checkatrade.com/sitemap/locations/London/C,london_trade_sitemap,2026-09-05,London A-Z trade/service sitemap.,London
Checkatrade,Central Heating Engineers,Central Heating Engineers,Heating & Boiler Services,Home & Trades,V2,https://www.checkatrade.com/sitemap/locations/London/A,london_trade_sitemap,2026-09-05,London A-Z trade/service sitemap.,London
Checkatrade,Central Heating Fitters,Central Heating Fitters,Heating & Boiler Services,Home & Trades,V2,https://www.checkatrade.com/sitemap/locations/London/C,london_trade_sitemap,2026-09-05,London A-Z trade/service sitemap.,London
Checkatrade,Ceramic Tiling,Ceramic Tiling,Tiling,Home & Trades,V2,https://www.checkatrade.com/sitemap/locations/London/C,london_trade_sitemap,2026-09-05,London A-Z trade/service sitemap.,London
Checkatrade,Chartered Surveyor,Chartered Surveyor,Surveying,Professional Services,V2,https://www.checkatrade.com/sitemap/locations/London/C,london_trade_sitemap,2026-09-05,London A-Z trade/service sitemap.,London
Checkatrade,Chauffeur,Chauffeur,Chauffeur,Other / Unmapped,V2,https://www.checkatrade.com/sitemap/locations/London/C,london_trade_sitemap,2026-09-05,London A-Z trade/service sitemap.,London
Checkatrade,Check Any Tradesperson,Check Any Tradesperson,Check Any Tradesperson,Other / Unmapped,V2,https://www.checkatrade.com/sitemap/locations/London/A,london_trade_sitemap,2026-09-05,London A-Z trade/service sitemap.,London
Checkatrade,Checkatrade Standard,Checkatrade Standard,Checkatrade Standard,Other / Unmapped,V2,https://www.checkatrade.com/sitemap/locations/London/A,london_trade_sitemap,2026-09-05,London A-Z trade/service sitemap.,London
Checkatrade,Cherry Picker,Cherry Picker,Cherry Picker,Other / Unmapped,V2,https://www.checkatrade.com/sitemap/locations/London/C,london_trade_sitemap,2026-09-05,London A-Z trade/service sitemap.,London
Checkatrade,Chimney Cowlings Installation,Chimney Cowlings Installation,Chimney Cowlings Installation,Other / Unmapped,V2,https://www.checkatrade.com/sitemap/locations/London/C,london_trade_sitemap,2026-09-05,London A-Z trade/service sitemap.,London
Checkatrade,Chimney Cowlings Repair,Chimney Cowlings Repair,Chimney Cowlings Repair,Other / Unmapped,V2,https://www.checkatrade.com/sitemap/locations/London/C,london_trade_sitemap,2026-09-05,London A-Z trade/service sitemap.,London
Checkatrade,Chimney Relining,Chimney Relining,Chimney Relining,Other / Unmapped,V2,https://www.checkatrade.com/sitemap/locations/London/C,london_trade_sitemap,2026-09-05,London A-Z trade/service sitemap.,London
Checkatrade,Chimney Sweep,Chimney Sweep,Chimney Sweep,Other / Unmapped,V2,https://www.checkatrade.com/sitemap/locations/London/C,london_trade_sitemap,2026-09-05,London A-Z trade/service sitemap.,London
Checkatrade,Chimneys Installation,Chimneys Installation,Chimneys Installation,Other / Unmapped,V2,https://www.checkatrade.com/sitemap/locations/London/C,london_trade_sitemap,2026-09-05,London A-Z trade/service sitemap.,London
Checkatrade,Chimneys Repair,Chimneys Repair,Chimneys Repair,Other / Unmapped,V2,https://www.checkatrade.com/sitemap/locations/London/C,london_trade_sitemap,2026-09-05,London A-Z trade/service sitemap.,London
Checkatrade,Cladding,Cladding,Cladding,Other / Unmapped,V2,https://www.checkatrade.com/sitemap/locations/London/C,london_trade_sitemap,2026-09-05,London A-Z trade/service sitemap.,London
Checkatrade,Cladding Installers,Cladding Installers,Cladding Installers,Other / Unmapped,V2,https://www.checkatrade.com/sitemap/locations/London/C,london_trade_sitemap,2026-09-05,London A-Z trade/service sitemap.,London
Checkatrade,Classic Car Restoration,Classic Car Restoration,Classic Car Restoration,Other / Unmapped,V2,https://www.checkatrade.com/sitemap/locations/London/C,london_trade_sitemap,2026-09-05,London A-Z trade/service sitemap.,London
Checkatrade,Cleaner,Cleaner,Cleaning,Cleaning & Household,V2,https://www.checkatrade.com/sitemap/locations/London/C,london_trade_sitemap,2026-09-05,London A-Z trade/service sitemap.,London
Checkatrade,Cleaners,Cleaners,Cleaning,Cleaning & Household,V2,https://www.checkatrade.com/sitemap/locations/London/A,london_trade_sitemap,2026-09-05,London A-Z trade/service sitemap.,London
Checkatrade,Cleaning Equipment Hire,Cleaning Equipment Hire,Cleaning,Cleaning & Household,V2,https://www.checkatrade.com/sitemap/locations/London/C,london_trade_sitemap,2026-09-05,London A-Z trade/service sitemap.,London
Checkatrade,Cleaning Services,Cleaning Services,Cleaning,Cleaning & Household,V2,https://www.checkatrade.com/sitemap/locations/London/C,london_trade_sitemap,2026-09-05,London A-Z trade/service sitemap.,London
Checkatrade,Cleaning Supplies,Cleaning Supplies,Cleaning,Cleaning & Household,V2,https://www.checkatrade.com/sitemap/locations/London/C,london_trade_sitemap,2026-09-05,London A-Z trade/service sitemap.,London
Checkatrade,Close Board Fencing,Close Board Fencing,Fencing & Gates,Home & Trades,V2,https://www.checkatrade.com/sitemap/locations/London/C,london_trade_sitemap,2026-09-05,London A-Z trade/service sitemap.,London
Checkatrade,Clutches,Clutches,Clutches,Other / Unmapped,V2,https://www.checkatrade.com/sitemap/locations/London/C,london_trade_sitemap,2026-09-05,London A-Z trade/service sitemap.,London
Checkatrade,Combi Boiler Installation,Combi Boiler Installation,Heating & Boiler Services,Home & Trades,V2,https://www.checkatrade.com/sitemap/locations/London/C,london_trade_sitemap,2026-09-05,London A-Z trade/service sitemap.,London
Checkatrade,Commercial Agents,Commercial Agents,Commercial Agents,Other / Unmapped,V2,https://www.checkatrade.com/sitemap/locations/London/C,london_trade_sitemap,2026-09-05,London A-Z trade/service sitemap.,London
Checkatrade,Commercial Cleaning,Commercial Cleaning,Cleaning,Cleaning & Household,V2,https://www.checkatrade.com/sitemap/locations/London/C,london_trade_sitemap,2026-09-05,London A-Z trade/service sitemap.,London
Checkatrade,Commercial Deliveries,Commercial Deliveries,Commercial Deliveries,Other / Unmapped,V2,https://www.checkatrade.com/sitemap/locations/London/C,london_trade_sitemap,2026-09-05,London A-Z trade/service sitemap.,London
Checkatrade,Commercial Grass Cutting,Commercial Grass Cutting,Commercial Grass Cutting,Other / Unmapped,V2,https://www.checkatrade.com/sitemap/locations/London/C,london_trade_sitemap,2026-09-05,London A-Z trade/service sitemap.,London
Checkatrade,Commercial Interior Design,Commercial Interior Design,Interior Design,Professional Services,V2,https://www.checkatrade.com/sitemap/locations/London/C,london_trade_sitemap,2026-09-05,London A-Z trade/service sitemap.,London
Checkatrade,Commercial Oven Cleaner,Commercial Oven Cleaner,Cleaning,Cleaning & Household,V2,https://www.checkatrade.com/sitemap/locations/London/C,london_trade_sitemap,2026-09-05,London A-Z trade/service sitemap.,London
Checkatrade,Communal Aerial / Satellites,Communal Aerial / Satellites,Aerial & Satellite Services,Home & Trades,V2,https://www.checkatrade.com/sitemap/locations/London/C,london_trade_sitemap,2026-09-05,London A-Z trade/service sitemap.,London
Checkatrade,Composite Decking,Composite Decking,Composite Decking,Other / Unmapped,V2,https://www.checkatrade.com/sitemap/locations/London/C,london_trade_sitemap,2026-09-05,London A-Z trade/service sitemap.,London
Checkatrade,Composite Front Doors Installation,Composite Front Doors Installation,Doors & Door Services,Home & Trades,V2,https://www.checkatrade.com/sitemap/locations/London/C,london_trade_sitemap,2026-09-05,London A-Z trade/service sitemap.,London
Checkatrade,Composite Front Doors Repair,Composite Front Doors Repair,Doors & Door Services,Home & Trades,V2,https://www.checkatrade.com/sitemap/locations/London/C,london_trade_sitemap,2026-09-05,London A-Z trade/service sitemap.,London
Checkatrade,Computer Maintenance,Computer Maintenance,Computer Maintenance,Other / Unmapped,V2,https://www.checkatrade.com/sitemap/locations/London/C,london_trade_sitemap,2026-09-05,London A-Z trade/service sitemap.,London
Checkatrade,Computer Repair,Computer Repair,Computer Repair,Repair Services,V2,https://www.checkatrade.com/sitemap/locations/London/C,london_trade_sitemap,2026-09-05,London A-Z trade/service sitemap.,London
Checkatrade,Computer Sales,Computer Sales,Computer Sales,Other / Unmapped,V2,https://www.checkatrade.com/sitemap/locations/London/C,london_trade_sitemap,2026-09-05,London A-Z trade/service sitemap.,London
Checkatrade,Computer Training / Consultancy,Computer Training / Consultancy,Computer Training / Consultancy,Other / Unmapped,V2,https://www.checkatrade.com/sitemap/locations/London/C,london_trade_sitemap,2026-09-05,London A-Z trade/service sitemap.,London
Checkatrade,Concrete / Finlock Gutter Replacement,Concrete / Finlock Gutter Replacement,Roofing & Guttering,Home & Trades,V2,https://www.checkatrade.com/sitemap/locations/London/C,london_trade_sitemap,2026-09-05,London A-Z trade/service sitemap.,London
Checkatrade,Concrete / Finlock Guttering,Concrete / Finlock Guttering,Roofing & Guttering,Home & Trades,V2,https://www.checkatrade.com/sitemap/locations/London/C,london_trade_sitemap,2026-09-05,London A-Z trade/service sitemap.,London
Checkatrade,Concrete Contractor,Concrete Contractor,Concrete Contractor,Other / Unmapped,V2,https://www.checkatrade.com/sitemap/locations/London/C,london_trade_sitemap,2026-09-05,London A-Z trade/service sitemap.,London
Checkatrade,Concrete Driveway,Concrete Driveway,Driveways & Paving,Home & Trades,V2,https://www.checkatrade.com/sitemap/locations/London/C,london_trade_sitemap,2026-09-05,London A-Z trade/service sitemap.,London
Checkatrade,Concrete Driveways,Concrete Driveways,Driveways & Paving,Home & Trades,V2,https://www.checkatrade.com/sitemap/locations/London/C,london_trade_sitemap,2026-09-05,London A-Z trade/service sitemap.,London
Checkatrade,Concrete Flooring Specialist,Concrete Flooring Specialist,Flooring,Home & Trades,V2,https://www.checkatrade.com/sitemap/locations/London/C,london_trade_sitemap,2026-09-05,London A-Z trade/service sitemap.,London
Checkatrade,Concrete Garages,Concrete Garages,Concrete Garages,Other / Unmapped,V2,https://www.checkatrade.com/sitemap/locations/London/C,london_trade_sitemap,2026-09-05,London A-Z trade/service sitemap.,London
Checkatrade,Concrete Repair,Concrete Repair,Concrete Repair,Other / Unmapped,V2,https://www.checkatrade.com/sitemap/locations/London/C,london_trade_sitemap,2026-09-05,London A-Z trade/service sitemap.,London
Checkatrade,Concreting,Concreting,Concreting,Other / Unmapped,V2,https://www.checkatrade.com/sitemap/locations/London/C,london_trade_sitemap,2026-09-05,London A-Z trade/service sitemap.,London
Checkatrade,Condensation Control,Condensation Control,Condensation Control,Other / Unmapped,V2,https://www.checkatrade.com/sitemap/locations/London/C,london_trade_sitemap,2026-09-05,London A-Z trade/service sitemap.,London
Checkatrade,Conservatory Blinds,Conservatory Blinds,Conservatory Blinds,Other / Unmapped,V2,https://www.checkatrade.com/sitemap/locations/London/C,london_trade_sitemap,2026-09-05,London A-Z trade/service sitemap.,London
Checkatrade,Conservatory Cleaning,Conservatory Cleaning,Cleaning,Cleaning & Household,V2,https://www.checkatrade.com/sitemap/locations/London/C,london_trade_sitemap,2026-09-05,London A-Z trade/service sitemap.,London
Checkatrade,Conservatory Glass Heat Reduction Film,Conservatory Glass Heat Reduction Film,Conservatory Glass Heat Reduction Film,Other / Unmapped,V2,https://www.checkatrade.com/sitemap/locations/London/C,london_trade_sitemap,2026-09-05,London A-Z trade/service sitemap.,London
Checkatrade,Conservatory Installation,Conservatory Installation,Conservatory Installation,Other / Unmapped,V2,https://www.checkatrade.com/sitemap/locations/London/C,london_trade_sitemap,2026-09-05,London A-Z trade/service sitemap.,London
Checkatrade,Conservatory Repairs,Conservatory Repairs,Conservatory Repairs,Other / Unmapped,V2,https://www.checkatrade.com/sitemap/locations/London/C,london_trade_sitemap,2026-09-05,London A-Z trade/service sitemap.,London
Checkatrade,Conservatory Roof Conversions,Conservatory Roof Conversions,Roofing & Guttering,Home & Trades,V2,https://www.checkatrade.com/sitemap/locations/London/C,london_trade_sitemap,2026-09-05,London A-Z trade/service sitemap.,London
Checkatrade,Conservatory Roof Insulation,Conservatory Roof Insulation,Roofing & Guttering,Home & Trades,V2,https://www.checkatrade.com/sitemap/locations/London/C,london_trade_sitemap,2026-09-05,London A-Z trade/service sitemap.,London
Checkatrade,Conservatory Roof Replacement,Conservatory Roof Replacement,Roofing & Guttering,Home & Trades,V2,https://www.checkatrade.com/sitemap/locations/London/A,london_trade_sitemap,2026-09-05,London A-Z trade/service sitemap.,London
Checkatrade,Core Drilling,Core Drilling,Core Drilling,Other / Unmapped,V2,https://www.checkatrade.com/sitemap/locations/London/C,london_trade_sitemap,2026-09-05,London A-Z trade/service sitemap.,London
Checkatrade,Corporate Filming,Corporate Filming,Corporate Filming,Other / Unmapped,V2,https://www.checkatrade.com/sitemap/locations/London/C,london_trade_sitemap,2026-09-05,London A-Z trade/service sitemap.,London
Checkatrade,Courier Services,Courier Services,Courier Services,Other / Unmapped,V2,https://www.checkatrade.com/sitemap/locations/London/C,london_trade_sitemap,2026-09-05,London A-Z trade/service sitemap.,London
Checkatrade,Coving,Coving,Coving,Other / Unmapped,V2,https://www.checkatrade.com/sitemap/locations/London/C,london_trade_sitemap,2026-09-05,London A-Z trade/service sitemap.,London
Checkatrade,Crane Hire,Crane Hire,Crane Hire,Other / Unmapped,V2,https://www.checkatrade.com/sitemap/locations/London/C,london_trade_sitemap,2026-09-05,London A-Z trade/service sitemap.,London
Checkatrade,Crown Reduction,Crown Reduction,Crown Reduction,Other / Unmapped,V2,https://www.checkatrade.com/sitemap/locations/London/C,london_trade_sitemap,2026-09-05,London A-Z trade/service sitemap.,London
Checkatrade,Crown Thinning,Crown Thinning,Crown Thinning,Other / Unmapped,V2,https://www.checkatrade.com/sitemap/locations/London/C,london_trade_sitemap,2026-09-05,London A-Z trade/service sitemap.,London
Checkatrade,Cupboards,Cupboards,Cupboards,Other / Unmapped,V2,https://www.checkatrade.com/sitemap/locations/London/C,london_trade_sitemap,2026-09-05,London A-Z trade/service sitemap.,London
Checkatrade,Curtain / Blind Fitters,Curtain / Blind Fitters,Curtain / Blind Fitters,Other / Unmapped,V2,https://www.checkatrade.com/sitemap/locations/London/C,london_trade_sitemap,2026-09-05,London A-Z trade/service sitemap.,London
Checkatrade,Curtain Cleaning,Curtain Cleaning,Cleaning,Cleaning & Household,V2,https://www.checkatrade.com/sitemap/locations/London/C,london_trade_sitemap,2026-09-05,London A-Z trade/service sitemap.,London
Checkatrade,Curtain Fitter,Curtain Fitter,Curtain Fitter,Other / Unmapped,V2,https://www.checkatrade.com/sitemap/locations/London/C,london_trade_sitemap,2026-09-05,London A-Z trade/service sitemap.,London
Checkatrade,Curtain Poles / Tracks,Curtain Poles / Tracks,Curtain Poles / Tracks,Other / Unmapped,V2,https://www.checkatrade.com/sitemap/locations/London/C,london_trade_sitemap,2026-09-05,London A-Z trade/service sitemap.,London
Checkatrade,Curtain Supply & Fit,Curtain Supply & Fit,Curtain Supply & Fit,Other / Unmapped,V2,https://www.checkatrade.com/sitemap/locations/London/C,london_trade_sitemap,2026-09-05,London A-Z trade/service sitemap.,London
Checkatrade,Curtains / Blinds / Shutters,Curtains / Blinds / Shutters,Curtains / Blinds / Shutters,Other / Unmapped,V2,https://www.checkatrade.com/sitemap/locations/London/C,london_trade_sitemap,2026-09-05,London A-Z trade/service sitemap.,London
Checkatrade,Cyber Security Training,Cyber Security Training,Security Systems,Home & Trades,V2,https://www.checkatrade.com/sitemap/locations/London/C,london_trade_sitemap,2026-09-05,London A-Z trade/service sitemap.,London
Checkatrade,Damp Investigation,Damp Investigation,Damp & Waterproofing,Home & Trades,V2,https://www.checkatrade.com/sitemap/locations/London/D,london_trade_sitemap,2026-09-05,London A-Z trade/service sitemap.,London
Checkatrade,Damp Proofer,Damp Proofer,Damp & Waterproofing,Home & Trades,V2,https://www.checkatrade.com/sitemap/locations/London/D,london_trade_sitemap,2026-09-05,London A-Z trade/service sitemap.,London
Checkatrade,Damp Proofing,Damp Proofing,Damp & Waterproofing,Home & Trades,V2,https://www.checkatrade.com/sitemap/locations/London/A,london_trade_sitemap,2026-09-05,London A-Z trade/service sitemap.,London
Checkatrade,Damp Survey,Damp Survey,Damp & Waterproofing,Home & Trades,V2,https://www.checkatrade.com/sitemap/locations/London/D,london_trade_sitemap,2026-09-05,London A-Z trade/service sitemap.,London
Checkatrade,Damp Walls Treatment,Damp Walls Treatment,Damp & Waterproofing,Home & Trades,V2,https://www.checkatrade.com/sitemap/locations/London/A,london_trade_sitemap,2026-09-05,London A-Z trade/service sitemap.,London
Checkatrade,Data Recovery / Back up,Data Recovery / Back up,Data Recovery / Back up,Other / Unmapped,V2,https://www.checkatrade.com/sitemap/locations/London/D,london_trade_sitemap,2026-09-05,London A-Z trade/service sitemap.,London
Checkatrade,Data Shredding,Data Shredding,Data Shredding,Other / Unmapped,V2,https://www.checkatrade.com/sitemap/locations/London/D,london_trade_sitemap,2026-09-05,London A-Z trade/service sitemap.,London
Checkatrade,Decking,Decking,Decking,Other / Unmapped,V2,https://www.checkatrade.com/sitemap/locations/London/D,london_trade_sitemap,2026-09-05,London A-Z trade/service sitemap.,London
Checkatrade,Decking Cleaning,Decking Cleaning,Cleaning,Cleaning & Household,V2,https://www.checkatrade.com/sitemap/locations/London/D,london_trade_sitemap,2026-09-05,London A-Z trade/service sitemap.,London
Checkatrade,Decluttering,Decluttering,Decluttering,Other / Unmapped,V2,https://www.checkatrade.com/sitemap/locations/London/D,london_trade_sitemap,2026-09-05,London A-Z trade/service sitemap.,London
Checkatrade,Deep Cleaning Services,Deep Cleaning Services,Cleaning,Cleaning & Household,V2,https://www.checkatrade.com/sitemap/locations/London/D,london_trade_sitemap,2026-09-05,London A-Z trade/service sitemap.,London
Checkatrade,Demolition,Demolition,Demolition,Home & Trades,V2,https://www.checkatrade.com/sitemap/locations/London/D,london_trade_sitemap,2026-09-05,London A-Z trade/service sitemap.,London
Checkatrade,Demolition Companies,Demolition Companies,Demolition,Home & Trades,V2,https://www.checkatrade.com/sitemap/locations/London/D,london_trade_sitemap,2026-09-05,London A-Z trade/service sitemap.,London
Checkatrade,Demolition Contractors,Demolition Contractors,Demolition,Home & Trades,V2,https://www.checkatrade.com/sitemap/locations/London/D,london_trade_sitemap,2026-09-05,London A-Z trade/service sitemap.,London
Checkatrade,Dent Repair,Dent Repair,Dent Repair,Other / Unmapped,V2,https://www.checkatrade.com/sitemap/locations/London/D,london_trade_sitemap,2026-09-05,London A-Z trade/service sitemap.,London
Checkatrade,Diagnostic Testing,Diagnostic Testing,Diagnostic Testing,Other / Unmapped,V2,https://www.checkatrade.com/sitemap/locations/London/D,london_trade_sitemap,2026-09-05,London A-Z trade/service sitemap.,London
Checkatrade,Diamond Drilling,Diamond Drilling,Diamond Drilling,Other / Unmapped,V2,https://www.checkatrade.com/sitemap/locations/London/D,london_trade_sitemap,2026-09-05,London A-Z trade/service sitemap.,London
Checkatrade,Digital Smart Door Lock Installation,Digital Smart Door Lock Installation,Locksmith,Home & Trades,V2,https://www.checkatrade.com/sitemap/locations/London/D,london_trade_sitemap,2026-09-05,London A-Z trade/service sitemap.,London
Checkatrade,Disabled Bathrooms / Showers,Disabled Bathrooms / Showers,Bathroom Services,Home & Trades,V2,https://www.checkatrade.com/sitemap/locations/London/D,london_trade_sitemap,2026-09-05,London A-Z trade/service sitemap.,London
Checkatrade,Disaster / Trauma Cleaning,Disaster / Trauma Cleaning,Cleaning,Cleaning & Household,V2,https://www.checkatrade.com/sitemap/locations/London/D,london_trade_sitemap,2026-09-05,London A-Z trade/service sitemap.,London
Checkatrade,Dishwasher Repair,Dishwasher Repair,Appliance Repair,Repair Services,V2,https://www.checkatrade.com/sitemap/locations/London/D,london_trade_sitemap,2026-09-05,London A-Z trade/service sitemap.,London
Checkatrade,Dog Flaps,Dog Flaps,Dog Flaps,Other / Unmapped,V2,https://www.checkatrade.com/sitemap/locations/London/D,london_trade_sitemap,2026-09-05,London A-Z trade/service sitemap.,London
Checkatrade,Domestic Cleaning,Domestic Cleaning,Cleaning,Cleaning & Household,V2,https://www.checkatrade.com/sitemap/locations/London/D,london_trade_sitemap,2026-09-05,London A-Z trade/service sitemap.,London
Checkatrade,Domestic Oven Cleaning,Domestic Oven Cleaning,Cleaning,Cleaning & Household,V2,https://www.checkatrade.com/sitemap/locations/London/D,london_trade_sitemap,2026-09-05,London A-Z trade/service sitemap.,London
Checkatrade,Door Canopies,Door Canopies,Doors & Door Services,Home & Trades,V2,https://www.checkatrade.com/sitemap/locations/London/D,london_trade_sitemap,2026-09-05,London A-Z trade/service sitemap.,London
Checkatrade,Door Fitting / Hanging,Door Fitting / Hanging,Doors & Door Services,Home & Trades,V2,https://www.checkatrade.com/sitemap/locations/London/D,london_trade_sitemap,2026-09-05,London A-Z trade/service sitemap.,London
Checkatrade,Door Stripping,Door Stripping,Doors & Door Services,Home & Trades,V2,https://www.checkatrade.com/sitemap/locations/London/D,london_trade_sitemap,2026-09-05,London A-Z trade/service sitemap.,London
Checkatrade,Doors Opened / Unlocked,Doors Opened / Unlocked,Doors & Door Services,Home & Trades,V2,https://www.checkatrade.com/sitemap/locations/London/D,london_trade_sitemap,2026-09-05,London A-Z trade/service sitemap.,London
Checkatrade,Doors Supply,Doors Supply,Doors & Door Services,Home & Trades,V2,https://www.checkatrade.com/sitemap/locations/London/D,london_trade_sitemap,2026-09-05,London A-Z trade/service sitemap.,London
Checkatrade,Dormer / Roof Windows,Dormer / Roof Windows,Roofing & Guttering,Home & Trades,V2,https://www.checkatrade.com/sitemap/locations/London/D,london_trade_sitemap,2026-09-05,London A-Z trade/service sitemap.,London
Checkatrade,Double Glazed Windows Cost,Double Glazed Windows Cost,Windows & Glazing,Home & Trades,V2,https://www.checkatrade.com/sitemap/locations/London/A,london_trade_sitemap,2026-09-05,London A-Z trade/service sitemap.,London
Checkatrade,Double Glazing Installation,Double Glazing Installation,Windows & Glazing,Home & Trades,V2,https://www.checkatrade.com/sitemap/locations/London/D,london_trade_sitemap,2026-09-05,London A-Z trade/service sitemap.,London
Checkatrade,Double Glazing Repair,Double Glazing Repair,Windows & Glazing,Home & Trades,V2,https://www.checkatrade.com/sitemap/locations/London/D,london_trade_sitemap,2026-09-05,London A-Z trade/service sitemap.,London
Checkatrade,Download app,Download app,Download app,Other / Unmapped,V2,https://www.checkatrade.com/sitemap/locations/London/A,london_trade_sitemap,2026-09-05,London A-Z trade/service sitemap.,London
Checkatrade,Drain / Sewer Clearance,Drain / Sewer Clearance,Drain / Sewer Clearance,Other / Unmapped,V2,https://www.checkatrade.com/sitemap/locations/London/D,london_trade_sitemap,2026-09-05,London A-Z trade/service sitemap.,London
Checkatrade,Drain Installation,Drain Installation,Drain Installation,Other / Unmapped,V2,https://www.checkatrade.com/sitemap/locations/London/D,london_trade_sitemap,2026-09-05,London A-Z trade/service sitemap.,London
Checkatrade,Drain Relining,Drain Relining,Drain Relining,Other / Unmapped,V2,https://www.checkatrade.com/sitemap/locations/London/D,london_trade_sitemap,2026-09-05,London A-Z trade/service sitemap.,London
Checkatrade,Drain Repair,Drain Repair,Drain Repair,Other / Unmapped,V2,https://www.checkatrade.com/sitemap/locations/London/D,london_trade_sitemap,2026-09-05,London A-Z trade/service sitemap.,London
Checkatrade,Drainage Investigation,Drainage Investigation,Drainage Investigation,Other / Unmapped,V2,https://www.checkatrade.com/sitemap/locations/London/D,london_trade_sitemap,2026-09-05,London A-Z trade/service sitemap.,London
Checkatrade,Draught Proofing,Draught Proofing,Draught Proofing,Other / Unmapped,V2,https://www.checkatrade.com/sitemap/locations/London/D,london_trade_sitemap,2026-09-05,London A-Z trade/service sitemap.,London
Checkatrade,Driveway / Patio Design,Driveway / Patio Design,Driveways & Paving,Home & Trades,V2,https://www.checkatrade.com/sitemap/locations/London/D,london_trade_sitemap,2026-09-05,London A-Z trade/service sitemap.,London
Checkatrade,Driveway Cleaning,Driveway Cleaning,Driveways & Paving,Home & Trades,V2,https://www.checkatrade.com/sitemap/locations/London/A,london_trade_sitemap,2026-09-05,London A-Z trade/service sitemap.,London
Checkatrade,Driveway Cleaning / Patio Cleaning,Driveway Cleaning / Patio Cleaning,Driveways & Paving,Home & Trades,V2,https://www.checkatrade.com/sitemap/locations/London/D,london_trade_sitemap,2026-09-05,London A-Z trade/service sitemap.,London
Checkatrade,Driveway Cleaning / Sealing,Driveway Cleaning / Sealing,Driveways & Paving,Home & Trades,V2,https://www.checkatrade.com/sitemap/locations/London/D,london_trade_sitemap,2026-09-05,London A-Z trade/service sitemap.,London
Checkatrade,Driveway Repair,Driveway Repair,Driveways & Paving,Home & Trades,V2,https://www.checkatrade.com/sitemap/locations/London/D,london_trade_sitemap,2026-09-05,London A-Z trade/service sitemap.,London
Checkatrade,Driveways / Patios / Paths,Driveways / Patios / Paths,Driveways & Paving,Home & Trades,V2,https://www.checkatrade.com/sitemap/locations/London/D,london_trade_sitemap,2026-09-05,London A-Z trade/service sitemap.,London
Checkatrade,Drone Aerial Roof & Building Surveying,Drone Aerial Roof & Building Surveying,Roofing & Guttering,Home & Trades,V2,https://www.checkatrade.com/sitemap/locations/London/D,london_trade_sitemap,2026-09-05,London A-Z trade/service sitemap.,London
Checkatrade,Drone Roof Inspection,Drone Roof Inspection,Roofing & Guttering,Home & Trades,V2,https://www.checkatrade.com/sitemap/locations/London/D,london_trade_sitemap,2026-09-05,London A-Z trade/service sitemap.,London
Checkatrade,Drone Surveying,Drone Surveying,Surveying,Professional Services,V2,https://www.checkatrade.com/sitemap/locations/London/D,london_trade_sitemap,2026-09-05,London A-Z trade/service sitemap.,London
Checkatrade,Drop Ceiling Installation,Drop Ceiling Installation,Drop Ceiling Installation,Other / Unmapped,V2,https://www.checkatrade.com/sitemap/locations/London/D,london_trade_sitemap,2026-09-05,London A-Z trade/service sitemap.,London
Checkatrade,Drop Ceiling Repair,Drop Ceiling Repair,Drop Ceiling Repair,Other / Unmapped,V2,https://www.checkatrade.com/sitemap/locations/London/D,london_trade_sitemap,2026-09-05,London A-Z trade/service sitemap.,London
Checkatrade,Drop Kerbs,Drop Kerbs,Drop Kerbs,Other / Unmapped,V2,https://www.checkatrade.com/sitemap/locations/London/D,london_trade_sitemap,2026-09-05,London A-Z trade/service sitemap.,London
Checkatrade,Dry Cleaning,Dry Cleaning,Cleaning,Cleaning & Household,V2,https://www.checkatrade.com/sitemap/locations/London/D,london_trade_sitemap,2026-09-05,London A-Z trade/service sitemap.,London
Checkatrade,Dry Lining,Dry Lining,Dry Lining,Other / Unmapped,V2,https://www.checkatrade.com/sitemap/locations/London/D,london_trade_sitemap,2026-09-05,London A-Z trade/service sitemap.,London
Checkatrade,Dry Ridge Installation,Dry Ridge Installation,Dry Ridge Installation,Other / Unmapped,V2,https://www.checkatrade.com/sitemap/locations/London/D,london_trade_sitemap,2026-09-05,London A-Z trade/service sitemap.,London
Checkatrade,Dry Ridge Repair,Dry Ridge Repair,Dry Ridge Repair,Other / Unmapped,V2,https://www.checkatrade.com/sitemap/locations/London/D,london_trade_sitemap,2026-09-05,London A-Z trade/service sitemap.,London
Checkatrade,Dry Rot Treatment,Dry Rot Treatment,Dry Rot Treatment,Other / Unmapped,V2,https://www.checkatrade.com/sitemap/locations/London/D,london_trade_sitemap,2026-09-05,London A-Z trade/service sitemap.,London
Checkatrade,Dry Stone Walling,Dry Stone Walling,Dry Stone Walling,Other / Unmapped,V2,https://www.checkatrade.com/sitemap/locations/London/D,london_trade_sitemap,2026-09-05,London A-Z trade/service sitemap.,London
Checkatrade,Dry Verge Installation,Dry Verge Installation,Dry Verge Installation,Other / Unmapped,V2,https://www.checkatrade.com/sitemap/locations/London/D,london_trade_sitemap,2026-09-05,London A-Z trade/service sitemap.,London
Checkatrade,Dry Verge Repair,Dry Verge Repair,Dry Verge Repair,Other / Unmapped,V2,https://www.checkatrade.com/sitemap/locations/London/D,london_trade_sitemap,2026-09-05,London A-Z trade/service sitemap.,London
Checkatrade,Dust / Fume Extraction,Dust / Fume Extraction,Dust / Fume Extraction,Other / Unmapped,V2,https://www.checkatrade.com/sitemap/locations/London/D,london_trade_sitemap,2026-09-05,London A-Z trade/service sitemap.,London
Checkatrade,EPOS,EPOS,EPOS,Other / Unmapped,V2,https://www.checkatrade.com/sitemap/locations/London/E,london_trade_sitemap,2026-09-05,London A-Z trade/service sitemap.,London
Checkatrade,EV Charger Installation Only,EV Charger Installation Only,EV Charger Installation Only,Other / Unmapped,V2,https://www.checkatrade.com/sitemap/locations/London/E,london_trade_sitemap,2026-09-05,London A-Z trade/service sitemap.,London
Checkatrade,EV Charger Repair,EV Charger Repair,EV Charger Repair,Other / Unmapped,V2,https://www.checkatrade.com/sitemap/locations/London/E,london_trade_sitemap,2026-09-05,London A-Z trade/service sitemap.,London
Checkatrade,EV Charger Supply and Install,EV Charger Supply and Install,EV Charger Supply and Install,Other / Unmapped,V2,https://www.checkatrade.com/sitemap/locations/London/E,london_trade_sitemap,2026-09-05,London A-Z trade/service sitemap.,London
Checkatrade,Eco Builders,Eco Builders,Building & Construction,Home & Trades,V2,https://www.checkatrade.com/sitemap/locations/London/E,london_trade_sitemap,2026-09-05,London A-Z trade/service sitemap.,London
Checkatrade,Electric / Remote Blinds,Electric / Remote Blinds,Electrical Services,Home & Trades,V2,https://www.checkatrade.com/sitemap/locations/London/E,london_trade_sitemap,2026-09-05,London A-Z trade/service sitemap.,London
Checkatrade,Electric Boiler Installation,Electric Boiler Installation,Electrical Services,Home & Trades,V2,https://www.checkatrade.com/sitemap/locations/London/E,london_trade_sitemap,2026-09-05,London A-Z trade/service sitemap.,London
Checkatrade,Electric Boiler Servicing / Repair,Electric Boiler Servicing / Repair,Electrical Services,Home & Trades,V2,https://www.checkatrade.com/sitemap/locations/London/E,london_trade_sitemap,2026-09-05,London A-Z trade/service sitemap.,London
Checkatrade,Electric Cooker Installer,Electric Cooker Installer,Electrical Services,Home & Trades,V2,https://www.checkatrade.com/sitemap/locations/London/A,london_trade_sitemap,2026-09-05,London A-Z trade/service sitemap.,London
Checkatrade,Electric Cookers,Electric Cookers,Electrical Services,Home & Trades,V2,https://www.checkatrade.com/sitemap/locations/London/E,london_trade_sitemap,2026-09-05,London A-Z trade/service sitemap.,London
Checkatrade,Electric Garage Door Installation,Electric Garage Door Installation,Electrical Services,Home & Trades,V2,https://www.checkatrade.com/sitemap/locations/London/E,london_trade_sitemap,2026-09-05,London A-Z trade/service sitemap.,London
Checkatrade,Electric Garage Door Repair,Electric Garage Door Repair,Electrical Services,Home & Trades,V2,https://www.checkatrade.com/sitemap/locations/London/E,london_trade_sitemap,2026-09-05,London A-Z trade/service sitemap.,London
Checkatrade,Electric Gate Installation,Electric Gate Installation,Electrical Services,Home & Trades,V2,https://www.checkatrade.com/sitemap/locations/London/E,london_trade_sitemap,2026-09-05,London A-Z trade/service sitemap.,London
Checkatrade,Electric Gate Repair,Electric Gate Repair,Electrical Services,Home & Trades,V2,https://www.checkatrade.com/sitemap/locations/London/E,london_trade_sitemap,2026-09-05,London A-Z trade/service sitemap.,London
Checkatrade,Electric Gate Supplier,Electric Gate Supplier,Electrical Services,Home & Trades,V2,https://www.checkatrade.com/sitemap/locations/London/E,london_trade_sitemap,2026-09-05,London A-Z trade/service sitemap.,London
Checkatrade,Electric Gate Wiring,Electric Gate Wiring,Electrical Services,Home & Trades,V2,https://www.checkatrade.com/sitemap/locations/London/E,london_trade_sitemap,2026-09-05,London A-Z trade/service sitemap.,London
Checkatrade,Electric Heating,Electric Heating,Electrical Services,Home & Trades,V2,https://www.checkatrade.com/sitemap/locations/London/E,london_trade_sitemap,2026-09-05,London A-Z trade/service sitemap.,London
Checkatrade,Electric Oven / Cooker Repair,Electric Oven / Cooker Repair,Electrical Services,Home & Trades,V2,https://www.checkatrade.com/sitemap/locations/London/E,london_trade_sitemap,2026-09-05,London A-Z trade/service sitemap.,London
Checkatrade,Electric Radiators,Electric Radiators,Electrical Services,Home & Trades,V2,https://www.checkatrade.com/sitemap/locations/London/E,london_trade_sitemap,2026-09-05,London A-Z trade/service sitemap.,London
Checkatrade,Electric Range Cookers,Electric Range Cookers,Electrical Services,Home & Trades,V2,https://www.checkatrade.com/sitemap/locations/London/E,london_trade_sitemap,2026-09-05,London A-Z trade/service sitemap.,London
Checkatrade,Electric Showers,Electric Showers,Electrical Services,Home & Trades,V2,https://www.checkatrade.com/sitemap/locations/London/E,london_trade_sitemap,2026-09-05,London A-Z trade/service sitemap.,London
Checkatrade,Electric Smart Thermostats,Electric Smart Thermostats,Electrical Services,Home & Trades,V2,https://www.checkatrade.com/sitemap/locations/London/E,london_trade_sitemap,2026-09-05,London A-Z trade/service sitemap.,London
Checkatrade,Electric Sockets,Electric Sockets,Electrical Services,Home & Trades,V2,https://www.checkatrade.com/sitemap/locations/London/E,london_trade_sitemap,2026-09-05,London A-Z trade/service sitemap.,London
Checkatrade,Electric Stoves,Electric Stoves,Electrical Services,Home & Trades,V2,https://www.checkatrade.com/sitemap/locations/London/E,london_trade_sitemap,2026-09-05,London A-Z trade/service sitemap.,London
Checkatrade,Electric Vehicle Charger Installation,Electric Vehicle Charger Installation,Electrical Services,Home & Trades,V2,https://www.checkatrade.com/sitemap/locations/London/E,london_trade_sitemap,2026-09-05,London A-Z trade/service sitemap.,London
Checkatrade,Electrical Contractors,Electrical Contractors,Electrical Services,Home & Trades,V2,https://www.checkatrade.com/sitemap/locations/London/E,london_trade_sitemap,2026-09-05,London A-Z trade/service sitemap.,London
Checkatrade,Electrical Heater Repair,Electrical Heater Repair,Electrical Services,Home & Trades,V2,https://www.checkatrade.com/sitemap/locations/London/E,london_trade_sitemap,2026-09-05,London A-Z trade/service sitemap.,London
Checkatrade,Electrical Installation Condition Report - Safety Checks - EICR,Electrical Installation Condition Report - Safety Checks - EICR,Electrical Services,Home & Trades,V2,https://www.checkatrade.com/sitemap/locations/London/E,london_trade_sitemap,2026-09-05,London A-Z trade/service sitemap.,London
Checkatrade,Electrical Safety Certificate Cost,Electrical Safety Certificate Cost,Electrical Services,Home & Trades,V2,https://www.checkatrade.com/sitemap/locations/London/A,london_trade_sitemap,2026-09-05,London A-Z trade/service sitemap.,London
Checkatrade,Electrical Under Floor Heating Installation,Electrical Under Floor Heating Installation,Electrical Services,Home & Trades,V2,https://www.checkatrade.com/sitemap/locations/London/E,london_trade_sitemap,2026-09-05,London A-Z trade/service sitemap.,London
Checkatrade,Electrical Under Floor Heating Repair,Electrical Under Floor Heating Repair,Electrical Services,Home & Trades,V2,https://www.checkatrade.com/sitemap/locations/London/E,london_trade_sitemap,2026-09-05,London A-Z trade/service sitemap.,London
Checkatrade,Electrician,Electrician,Electrical Services,Home & Trades,V2,https://www.checkatrade.com/sitemap/locations/London/E,london_trade_sitemap,2026-09-05,London A-Z trade/service sitemap.,London
Checkatrade,Electricians,Electricians,Electrical Services,Home & Trades,V2,https://www.checkatrade.com/sitemap/locations/London/A,london_trade_sitemap,2026-09-05,London A-Z trade/service sitemap.,London
Checkatrade,Eligibility Criteria and T&C’s apply,Eligibility Criteria and T&C’s apply,Eligibility Criteria and T&C’s apply,Other / Unmapped,V1,https://join.checkatrade.com/what-you-get/,public_category_page,2026-08-22,Checkatrade public category/onboarding page.,
Checkatrade,Emergency / Fire / Flood Cleaning,Emergency / Fire / Flood Cleaning,Cleaning,Cleaning & Household,V2,https://www.checkatrade.com/sitemap/locations/London/E,london_trade_sitemap,2026-09-05,London A-Z trade/service sitemap.,London
Checkatrade,Emergency Air Conditioning Service,Emergency Air Conditioning Service,Air Conditioning & Ventilation,Home & Trades,V2,https://www.checkatrade.com/sitemap/locations/London/E,london_trade_sitemap,2026-09-05,London A-Z trade/service sitemap.,London
Checkatrade,Emergency Alarms / Security Service,Emergency Alarms / Security Service,Security Systems,Home & Trades,V2,https://www.checkatrade.com/sitemap/locations/London/E,london_trade_sitemap,2026-09-05,London A-Z trade/service sitemap.,London
Checkatrade,Emergency Appliance Services / Repair Service,Emergency Appliance Services / Repair Service,Emergency Appliance Services / Repair Service,Other / Unmapped,V2,https://www.checkatrade.com/sitemap/locations/London/E,london_trade_sitemap,2026-09-05,London A-Z trade/service sitemap.,London
Checkatrade,Emergency Asbestos Service,Emergency Asbestos Service,Emergency Asbestos Service,Other / Unmapped,V2,https://www.checkatrade.com/sitemap/locations/London/E,london_trade_sitemap,2026-09-05,London A-Z trade/service sitemap.,London
Checkatrade,Emergency Bathroom Service,Emergency Bathroom Service,Bathroom Services,Home & Trades,V2,https://www.checkatrade.com/sitemap/locations/London/E,london_trade_sitemap,2026-09-05,London A-Z trade/service sitemap.,London
Checkatrade,Emergency Bricklayer Service,Emergency Bricklayer Service,Building & Construction,Home & Trades,V2,https://www.checkatrade.com/sitemap/locations/London/E,london_trade_sitemap,2026-09-05,London A-Z trade/service sitemap.,London
Checkatrade,Emergency Builder Service,Emergency Builder Service,Building & Construction,Home & Trades,V2,https://www.checkatrade.com/sitemap/locations/London/E,london_trade_sitemap,2026-09-05,London A-Z trade/service sitemap.,London
Checkatrade,Emergency Carpenter Service,Emergency Carpenter Service,Carpentry & Joinery,Home & Trades,V2,https://www.checkatrade.com/sitemap/locations/London/E,london_trade_sitemap,2026-09-05,London A-Z trade/service sitemap.,London
Checkatrade,Emergency Carpet and Upholstery Cleaning Service,Emergency Carpet and Upholstery Cleaning Service,Cleaning,Cleaning & Household,V2,https://www.checkatrade.com/sitemap/locations/London/E,london_trade_sitemap,2026-09-05,London A-Z trade/service sitemap.,London
Checkatrade,Emergency Carpets / Flooring Service,Emergency Carpets / Flooring Service,Flooring,Home & Trades,V2,https://www.checkatrade.com/sitemap/locations/London/E,london_trade_sitemap,2026-09-05,London A-Z trade/service sitemap.,London
Checkatrade,Emergency Central Heating Repair,Emergency Central Heating Repair,Heating & Boiler Services,Home & Trades,V2,https://www.checkatrade.com/sitemap/locations/London/E,london_trade_sitemap,2026-09-05,London A-Z trade/service sitemap.,London
Checkatrade,Emergency Chimney Sweep Service,Emergency Chimney Sweep Service,Emergency Chimney Sweep Service,Other / Unmapped,V2,https://www.checkatrade.com/sitemap/locations/London/E,london_trade_sitemap,2026-09-05,London A-Z trade/service sitemap.,London
Checkatrade,Emergency Cleaning Service,Emergency Cleaning Service,Cleaning,Cleaning & Household,V2,https://www.checkatrade.com/sitemap/locations/London/E,london_trade_sitemap,2026-09-05,London A-Z trade/service sitemap.,London
Checkatrade,Emergency Curtains / Blinds / Shutters Service,Emergency Curtains / Blinds / Shutters Service,Emergency Curtains / Blinds / Shutters Service,Other / Unmapped,V2,https://www.checkatrade.com/sitemap/locations/London/E,london_trade_sitemap,2026-09-05,London A-Z trade/service sitemap.,London
Checkatrade,Emergency Damp Proofing Service,Emergency Damp Proofing Service,Damp & Waterproofing,Home & Trades,V2,https://www.checkatrade.com/sitemap/locations/London/E,london_trade_sitemap,2026-09-05,London A-Z trade/service sitemap.,London
Checkatrade,Emergency Drain / Sewer Clearance Service,Emergency Drain / Sewer Clearance Service,Emergency Drain / Sewer Clearance Service,Other / Unmapped,V2,https://www.checkatrade.com/sitemap/locations/London/E,london_trade_sitemap,2026-09-05,London A-Z trade/service sitemap.,London
Checkatrade,Emergency Driveways / Patios / Paths Service,Emergency Driveways / Patios / Paths Service,Driveways & Paving,Home & Trades,V2,https://www.checkatrade.com/sitemap/locations/London/E,london_trade_sitemap,2026-09-05,London A-Z trade/service sitemap.,London
Checkatrade,Emergency Electrician Service,Emergency Electrician Service,Electrical Services,Home & Trades,V2,https://www.checkatrade.com/sitemap/locations/London/E,london_trade_sitemap,2026-09-05,London A-Z trade/service sitemap.,London
Checkatrade,Emergency Fascia / Soffits / Guttering Service,Emergency Fascia / Soffits / Guttering Service,Roofing & Guttering,Home & Trades,V2,https://www.checkatrade.com/sitemap/locations/London/E,london_trade_sitemap,2026-09-05,London A-Z trade/service sitemap.,London
Checkatrade,Emergency Fencing / Gate Service,Emergency Fencing / Gate Service,Fencing & Gates,Home & Trades,V2,https://www.checkatrade.com/sitemap/locations/London/E,london_trade_sitemap,2026-09-05,London A-Z trade/service sitemap.,London
Checkatrade,Emergency Fireplaces / Stove Service,Emergency Fireplaces / Stove Service,Emergency Fireplaces / Stove Service,Other / Unmapped,V2,https://www.checkatrade.com/sitemap/locations/London/E,london_trade_sitemap,2026-09-05,London A-Z trade/service sitemap.,London
Checkatrade,Emergency Furniture Repair / Restoration Service,Emergency Furniture Repair / Restoration Service,Furniture Repair,Repair Services,V2,https://www.checkatrade.com/sitemap/locations/London/E,london_trade_sitemap,2026-09-05,London A-Z trade/service sitemap.,London
Checkatrade,Emergency Garage / Vehicle Service,Emergency Garage / Vehicle Service,Emergency Garage / Vehicle Service,Other / Unmapped,V2,https://www.checkatrade.com/sitemap/locations/London/E,london_trade_sitemap,2026-09-05,London A-Z trade/service sitemap.,London
Checkatrade,Emergency Garage Door Service,Emergency Garage Door Service,Doors & Door Services,Home & Trades,V2,https://www.checkatrade.com/sitemap/locations/London/E,london_trade_sitemap,2026-09-05,London A-Z trade/service sitemap.,London
Checkatrade,Emergency Garden Service,Emergency Garden Service,Gardening & Landscaping,Home & Trades,V2,https://www.checkatrade.com/sitemap/locations/London/E,london_trade_sitemap,2026-09-05,London A-Z trade/service sitemap.,London
Checkatrade,Emergency Gas boiler repair,Emergency Gas boiler repair,Heating & Boiler Services,Home & Trades,V2,https://www.checkatrade.com/sitemap/locations/London/E,london_trade_sitemap,2026-09-05,London A-Z trade/service sitemap.,London
Checkatrade,Emergency Groundwork Service,Emergency Groundwork Service,Emergency Groundwork Service,Other / Unmapped,V2,https://www.checkatrade.com/sitemap/locations/London/E,london_trade_sitemap,2026-09-05,London A-Z trade/service sitemap.,London
Checkatrade,Emergency Handyman Service,Emergency Handyman Service,Handyman,Home & Trades,V2,https://www.checkatrade.com/sitemap/locations/London/E,london_trade_sitemap,2026-09-05,London A-Z trade/service sitemap.,London
Checkatrade,Emergency Hire Service,Emergency Hire Service,Emergency Hire Service,Other / Unmapped,V2,https://www.checkatrade.com/sitemap/locations/London/E,london_trade_sitemap,2026-09-05,London A-Z trade/service sitemap.,London
Checkatrade,Emergency Home Automation / Media Service,Emergency Home Automation / Media Service,Emergency Home Automation / Media Service,Other / Unmapped,V2,https://www.checkatrade.com/sitemap/locations/London/E,london_trade_sitemap,2026-09-05,London A-Z trade/service sitemap.,London
Checkatrade,Emergency Household Water Treatment Service,Emergency Household Water Treatment Service,Emergency Household Water Treatment Service,Other / Unmapped,V2,https://www.checkatrade.com/sitemap/locations/London/E,london_trade_sitemap,2026-09-05,London A-Z trade/service sitemap.,London
Checkatrade,Emergency IT and Consultancy Service,Emergency IT and Consultancy Service,Emergency IT and Consultancy Service,Other / Unmapped,V2,https://www.checkatrade.com/sitemap/locations/London/E,london_trade_sitemap,2026-09-05,London A-Z trade/service sitemap.,London
Checkatrade,Emergency Kitchen Service,Emergency Kitchen Service,Kitchen Services,Home & Trades,V2,https://www.checkatrade.com/sitemap/locations/London/E,london_trade_sitemap,2026-09-05,London A-Z trade/service sitemap.,London
Checkatrade,Emergency Landlord Service,Emergency Landlord Service,Emergency Landlord Service,Other / Unmapped,V2,https://www.checkatrade.com/sitemap/locations/London/E,london_trade_sitemap,2026-09-05,London A-Z trade/service sitemap.,London
Checkatrade,Emergency Lighting,Emergency Lighting,Electrical Services,Home & Trades,V2,https://www.checkatrade.com/sitemap/locations/London/E,london_trade_sitemap,2026-09-05,London A-Z trade/service sitemap.,London
Checkatrade,Emergency Locksmith Service,Emergency Locksmith Service,Locksmith,Home & Trades,V2,https://www.checkatrade.com/sitemap/locations/London/E,london_trade_sitemap,2026-09-05,London A-Z trade/service sitemap.,London
Checkatrade,Emergency Metalwork / Blacksmith Service,Emergency Metalwork / Blacksmith Service,Emergency Metalwork / Blacksmith Service,Other / Unmapped,V2,https://www.checkatrade.com/sitemap/locations/London/E,london_trade_sitemap,2026-09-05,London A-Z trade/service sitemap.,London
Checkatrade,Emergency Miscellaneous Service,Emergency Miscellaneous Service,Emergency Miscellaneous Service,Other / Unmapped,V2,https://www.checkatrade.com/sitemap/locations/London/E,london_trade_sitemap,2026-09-05,London A-Z trade/service sitemap.,London
Checkatrade,Emergency Mobility Service,Emergency Mobility Service,Emergency Mobility Service,Other / Unmapped,V2,https://www.checkatrade.com/sitemap/locations/London/E,london_trade_sitemap,2026-09-05,London A-Z trade/service sitemap.,London
Checkatrade,Emergency Pest / Vermin Control Service,Emergency Pest / Vermin Control Service,Pest Control,Home & Trades,V2,https://www.checkatrade.com/sitemap/locations/London/E,london_trade_sitemap,2026-09-05,London A-Z trade/service sitemap.,London
Checkatrade,Emergency Plumber Service,Emergency Plumber Service,Plumbing,Home & Trades,V2,https://www.checkatrade.com/sitemap/locations/London/E,london_trade_sitemap,2026-09-05,London A-Z trade/service sitemap.,London
Checkatrade,Emergency Plumbers,Emergency Plumbers,Plumbing,Home & Trades,V2,https://www.checkatrade.com/sitemap/locations/London/A,london_trade_sitemap,2026-09-05,London A-Z trade/service sitemap.,London
Checkatrade,Emergency Removals / Storage Service,Emergency Removals / Storage Service,Removals & Moving,Cleaning & Household,V2,https://www.checkatrade.com/sitemap/locations/London/E,london_trade_sitemap,2026-09-05,London A-Z trade/service sitemap.,London
Checkatrade,Emergency Renewable Energy Service,Emergency Renewable Energy Service,Emergency Renewable Energy Service,Other / Unmapped,V2,https://www.checkatrade.com/sitemap/locations/London/E,london_trade_sitemap,2026-09-05,London A-Z trade/service sitemap.,London
Checkatrade,Emergency Roofing Service,Emergency Roofing Service,Roofing & Guttering,Home & Trades,V2,https://www.checkatrade.com/sitemap/locations/London/E,london_trade_sitemap,2026-09-05,London A-Z trade/service sitemap.,London
Checkatrade,Emergency Rubbish / Waste / Clearance Service,Emergency Rubbish / Waste / Clearance Service,Rubbish Removal,Cleaning & Household,V2,https://www.checkatrade.com/sitemap/locations/London/E,london_trade_sitemap,2026-09-05,London A-Z trade/service sitemap.,London
Checkatrade,Emergency Scaffolder Service,Emergency Scaffolder Service,Scaffolding,Home & Trades,V2,https://www.checkatrade.com/sitemap/locations/London/E,london_trade_sitemap,2026-09-05,London A-Z trade/service sitemap.,London
Checkatrade,Emergency Stonemason Service,Emergency Stonemason Service,Emergency Stonemason Service,Other / Unmapped,V2,https://www.checkatrade.com/sitemap/locations/London/E,london_trade_sitemap,2026-09-05,London A-Z trade/service sitemap.,London
Checkatrade,Emergency Surface Repair Service,Emergency Surface Repair Service,Emergency Surface Repair Service,Other / Unmapped,V2,https://www.checkatrade.com/sitemap/locations/London/E,london_trade_sitemap,2026-09-05,London A-Z trade/service sitemap.,London
Checkatrade,Emergency Swimming Pool Service,Emergency Swimming Pool Service,Emergency Swimming Pool Service,Other / Unmapped,V2,https://www.checkatrade.com/sitemap/locations/London/E,london_trade_sitemap,2026-09-05,London A-Z trade/service sitemap.,London
Checkatrade,Emergency TV Aerials / Satellite Service,Emergency TV Aerials / Satellite Service,Aerial & Satellite Services,Home & Trades,V2,https://www.checkatrade.com/sitemap/locations/London/E,london_trade_sitemap,2026-09-05,London A-Z trade/service sitemap.,London
Checkatrade,Emergency Telecommunication Service,Emergency Telecommunication Service,Emergency Telecommunication Service,Other / Unmapped,V2,https://www.checkatrade.com/sitemap/locations/London/E,london_trade_sitemap,2026-09-05,London A-Z trade/service sitemap.,London
Checkatrade,Emergency Tiling Service,Emergency Tiling Service,Tiling,Home & Trades,V2,https://www.checkatrade.com/sitemap/locations/London/E,london_trade_sitemap,2026-09-05,London A-Z trade/service sitemap.,London
Checkatrade,Emergency Towing / Transportation Service,Emergency Towing / Transportation Service,Emergency Towing / Transportation Service,Other / Unmapped,V2,https://www.checkatrade.com/sitemap/locations/London/E,london_trade_sitemap,2026-09-05,London A-Z trade/service sitemap.,London
Checkatrade,Emergency Transport Service,Emergency Transport Service,Emergency Transport Service,Other / Unmapped,V2,https://www.checkatrade.com/sitemap/locations/London/E,london_trade_sitemap,2026-09-05,London A-Z trade/service sitemap.,London
Checkatrade,Emergency Tree Surgeon Service,Emergency Tree Surgeon Service,Gardening & Landscaping,Home & Trades,V2,https://www.checkatrade.com/sitemap/locations/London/E,london_trade_sitemap,2026-09-05,London A-Z trade/service sitemap.,London
Checkatrade,Emergency Weather Coating Service,Emergency Weather Coating Service,Emergency Weather Coating Service,Other / Unmapped,V2,https://www.checkatrade.com/sitemap/locations/London/E,london_trade_sitemap,2026-09-05,London A-Z trade/service sitemap.,London
Checkatrade,Emergency Window Cleaning Service,Emergency Window Cleaning Service,Windows & Glazing,Home & Trades,V2,https://www.checkatrade.com/sitemap/locations/London/E,london_trade_sitemap,2026-09-05,London A-Z trade/service sitemap.,London
Checkatrade,Emergency Windows / Doors / Conservatories Service,Emergency Windows / Doors / Conservatories Service,Windows & Glazing,Home & Trades,V2,https://www.checkatrade.com/sitemap/locations/London/E,london_trade_sitemap,2026-09-05,London A-Z trade/service sitemap.,London
Checkatrade,End of Tenancy / Move Cleaning,End of Tenancy / Move Cleaning,Cleaning,Cleaning & Household,V2,https://www.checkatrade.com/sitemap/locations/London/E,london_trade_sitemap,2026-09-05,London A-Z trade/service sitemap.,London
Checkatrade,Energy Efficient Lighting,Energy Efficient Lighting,Electrical Services,Home & Trades,V2,https://www.checkatrade.com/sitemap/locations/London/E,london_trade_sitemap,2026-09-05,London A-Z trade/service sitemap.,London
Checkatrade,Energy Performance Certificate,Energy Performance Certificate,Energy Performance Certificate,Other / Unmapped,V2,https://www.checkatrade.com/sitemap/locations/London/E,london_trade_sitemap,2026-09-05,London A-Z trade/service sitemap.,London
Checkatrade,Energy Performance Certificate - EPC,Energy Performance Certificate - EPC,Energy Performance Certificate - EPC,Other / Unmapped,V2,https://www.checkatrade.com/sitemap/locations/London/E,london_trade_sitemap,2026-09-05,London A-Z trade/service sitemap.,London
Checkatrade,Energy Tariff Broker,Energy Tariff Broker,Energy Tariff Broker,Other / Unmapped,V2,https://www.checkatrade.com/sitemap/locations/London/E,london_trade_sitemap,2026-09-05,London A-Z trade/service sitemap.,London
Checkatrade,Engine Cleaning,Engine Cleaning,Cleaning,Cleaning & Household,V2,https://www.checkatrade.com/sitemap/locations/London/E,london_trade_sitemap,2026-09-05,London A-Z trade/service sitemap.,London
Checkatrade,Engine Rebuilding,Engine Rebuilding,Engine Rebuilding,Other / Unmapped,V2,https://www.checkatrade.com/sitemap/locations/London/E,london_trade_sitemap,2026-09-05,London A-Z trade/service sitemap.,London
Checkatrade,Equestrian Stable,Equestrian Stable,Equestrian Stable,Other / Unmapped,V2,https://www.checkatrade.com/sitemap/locations/London/E,london_trade_sitemap,2026-09-05,London A-Z trade/service sitemap.,London
Checkatrade,Events Setting,Events Setting,Events Setting,Other / Unmapped,V2,https://www.checkatrade.com/sitemap/locations/London/E,london_trade_sitemap,2026-09-05,London A-Z trade/service sitemap.,London
Checkatrade,Extension Builders,Extension Builders,Building & Construction,Home & Trades,V2,https://www.checkatrade.com/sitemap/locations/London/E,london_trade_sitemap,2026-09-05,London A-Z trade/service sitemap.,London
Checkatrade,Extensions / Conversions,Extensions / Conversions,Building & Construction,Home & Trades,V2,https://www.checkatrade.com/sitemap/locations/London/E,london_trade_sitemap,2026-09-05,London A-Z trade/service sitemap.,London
Checkatrade,Exterior Doors Installation,Exterior Doors Installation,Doors & Door Services,Home & Trades,V2,https://www.checkatrade.com/sitemap/locations/London/E,london_trade_sitemap,2026-09-05,London A-Z trade/service sitemap.,London
Checkatrade,Exterior Doors Repair,Exterior Doors Repair,Doors & Door Services,Home & Trades,V2,https://www.checkatrade.com/sitemap/locations/London/E,london_trade_sitemap,2026-09-05,London A-Z trade/service sitemap.,London
Checkatrade,Exterior Painting,Exterior Painting,Painting & Decorating,Home & Trades,V2,https://www.checkatrade.com/sitemap/locations/London/E,london_trade_sitemap,2026-09-05,London A-Z trade/service sitemap.,London
Checkatrade,External Solid Wall Insulation,External Solid Wall Insulation,Insulation,Home & Trades,V2,https://www.checkatrade.com/sitemap/locations/London/E,london_trade_sitemap,2026-09-05,London A-Z trade/service sitemap.,London
Checkatrade,Extractor Fans,Extractor Fans,Extractor Fans,Other / Unmapped,V2,https://www.checkatrade.com/sitemap/locations/London/E,london_trade_sitemap,2026-09-05,London A-Z trade/service sitemap.,London
Checkatrade,Farm Fencing,Farm Fencing,Fencing & Gates,Home & Trades,V2,https://www.checkatrade.com/sitemap/locations/London/F,london_trade_sitemap,2026-09-05,London A-Z trade/service sitemap.,London
Checkatrade,Farm Gate,Farm Gate,Farm Gate,Other / Unmapped,V2,https://www.checkatrade.com/sitemap/locations/London/F,london_trade_sitemap,2026-09-05,London A-Z trade/service sitemap.,London
Checkatrade,Farm Shed Builders,Farm Shed Builders,Building & Construction,Home & Trades,V2,https://www.checkatrade.com/sitemap/locations/London/F,london_trade_sitemap,2026-09-05,London A-Z trade/service sitemap.,London
Checkatrade,Fascia / Soffits / Guttering,Fascia / Soffits / Guttering,Roofing & Guttering,Home & Trades,V2,https://www.checkatrade.com/sitemap/locations/London/F,london_trade_sitemap,2026-09-05,London A-Z trade/service sitemap.,London
Checkatrade,Fascia / Soffits Repair,Fascia / Soffits Repair,Roofing & Guttering,Home & Trades,V2,https://www.checkatrade.com/sitemap/locations/London/F,london_trade_sitemap,2026-09-05,London A-Z trade/service sitemap.,London
Checkatrade,Fascia / Soffits Replacement,Fascia / Soffits Replacement,Roofing & Guttering,Home & Trades,V2,https://www.checkatrade.com/sitemap/locations/London/F,london_trade_sitemap,2026-09-05,London A-Z trade/service sitemap.,London
Checkatrade,Fault Finding,Fault Finding,Fault Finding,Other / Unmapped,V2,https://www.checkatrade.com/sitemap/locations/London/F,london_trade_sitemap,2026-09-05,London A-Z trade/service sitemap.,London
Checkatrade,"Feature your business in our national printed directories delivered in over 55,000 inserts.","Feature your business in our national printed directories delivered in over 55,000 inserts.","Feature your business in our national printed directories delivered in over 55,000 inserts.",Other / Unmapped,V1,https://join.checkatrade.com/what-you-get/,public_category_page,2026-08-22,Checkatrade public category/onboarding page.,
Checkatrade,Felt Roofing Installation,Felt Roofing Installation,Roofing & Guttering,Home & Trades,V2,https://www.checkatrade.com/sitemap/locations/London/F,london_trade_sitemap,2026-09-05,London A-Z trade/service sitemap.,London
Checkatrade,Felt Roofing Repair,Felt Roofing Repair,Roofing & Guttering,Home & Trades,V2,https://www.checkatrade.com/sitemap/locations/London/F,london_trade_sitemap,2026-09-05,London A-Z trade/service sitemap.,London
Checkatrade,Fence Installation Cost,Fence Installation Cost,Fencing & Gates,Home & Trades,V2,https://www.checkatrade.com/sitemap/locations/London/A,london_trade_sitemap,2026-09-05,London A-Z trade/service sitemap.,London
Checkatrade,Fencing / Gates,Fencing / Gates,Fencing & Gates,Home & Trades,V2,https://www.checkatrade.com/sitemap/locations/London/F,london_trade_sitemap,2026-09-05,London A-Z trade/service sitemap.,London
Checkatrade,Fencing / Gates Supplier,Fencing / Gates Supplier,Fencing & Gates,Home & Trades,V2,https://www.checkatrade.com/sitemap/locations/London/F,london_trade_sitemap,2026-09-05,London A-Z trade/service sitemap.,London
Checkatrade,Fencing Contractor,Fencing Contractor,Fencing & Gates,Home & Trades,V2,https://www.checkatrade.com/sitemap/locations/London/F,london_trade_sitemap,2026-09-05,London A-Z trade/service sitemap.,London
Checkatrade,Fencing Contractors,Fencing Contractors,Fencing & Gates,Home & Trades,V2,https://www.checkatrade.com/sitemap/locations/London/A,london_trade_sitemap,2026-09-05,London A-Z trade/service sitemap.,London
Checkatrade,Fencing Repair / Replacement,Fencing Repair / Replacement,Fencing & Gates,Home & Trades,V2,https://www.checkatrade.com/sitemap/locations/London/F,london_trade_sitemap,2026-09-05,London A-Z trade/service sitemap.,London
Checkatrade,Fibre Glass Roofing Installation,Fibre Glass Roofing Installation,Roofing & Guttering,Home & Trades,V2,https://www.checkatrade.com/sitemap/locations/London/F,london_trade_sitemap,2026-09-05,London A-Z trade/service sitemap.,London
Checkatrade,Fibre Glass Roofing Repair,Fibre Glass Roofing Repair,Roofing & Guttering,Home & Trades,V2,https://www.checkatrade.com/sitemap/locations/London/F,london_trade_sitemap,2026-09-05,London A-Z trade/service sitemap.,London
Checkatrade,Find a Gardener,Find a Gardener,Gardening & Landscaping,Home & Trades,V2,https://www.checkatrade.com/sitemap/locations/London/A,london_trade_sitemap,2026-09-05,London A-Z trade/service sitemap.,London
Checkatrade,Find a Tradesman,Find a Tradesman,Find a Tradesman,Other / Unmapped,V2,https://www.checkatrade.com/sitemap/locations/London/A,london_trade_sitemap,2026-09-05,London A-Z trade/service sitemap.,London
Checkatrade,Fire Alarm Installation,Fire Alarm Installation,Security Systems,Home & Trades,V2,https://www.checkatrade.com/sitemap/locations/London/F,london_trade_sitemap,2026-09-05,London A-Z trade/service sitemap.,London
Checkatrade,Fire Alarm Servicing,Fire Alarm Servicing,Security Systems,Home & Trades,V2,https://www.checkatrade.com/sitemap/locations/London/F,london_trade_sitemap,2026-09-05,London A-Z trade/service sitemap.,London
Checkatrade,Fire Damage Restoration,Fire Damage Restoration,Fire Damage Restoration,Other / Unmapped,V2,https://www.checkatrade.com/sitemap/locations/London/F,london_trade_sitemap,2026-09-05,London A-Z trade/service sitemap.,London
Checkatrade,Fire Doors Installation,Fire Doors Installation,Doors & Door Services,Home & Trades,V2,https://www.checkatrade.com/sitemap/locations/London/F,london_trade_sitemap,2026-09-05,London A-Z trade/service sitemap.,London
Checkatrade,Fire Doors Repair,Fire Doors Repair,Doors & Door Services,Home & Trades,V2,https://www.checkatrade.com/sitemap/locations/London/F,london_trade_sitemap,2026-09-05,London A-Z trade/service sitemap.,London
Checkatrade,Fire Extinguishers,Fire Extinguishers,Fire Extinguishers,Other / Unmapped,V2,https://www.checkatrade.com/sitemap/locations/London/F,london_trade_sitemap,2026-09-05,London A-Z trade/service sitemap.,London
Checkatrade,Fire Risk Assessment,Fire Risk Assessment,Fire Risk Assessment,Other / Unmapped,V2,https://www.checkatrade.com/sitemap/locations/London/F,london_trade_sitemap,2026-09-05,London A-Z trade/service sitemap.,London
Checkatrade,Fire and Flood Renovation,Fire and Flood Renovation,Fire and Flood Renovation,Other / Unmapped,V2,https://www.checkatrade.com/sitemap/locations/London/F,london_trade_sitemap,2026-09-05,London A-Z trade/service sitemap.,London
Checkatrade,Fireplace Surround,Fireplace Surround,Fireplace Surround,Other / Unmapped,V2,https://www.checkatrade.com/sitemap/locations/London/F,london_trade_sitemap,2026-09-05,London A-Z trade/service sitemap.,London
Checkatrade,Fireplaces,Fireplaces,Fireplaces,Other / Unmapped,V2,https://www.checkatrade.com/sitemap/locations/London/F,london_trade_sitemap,2026-09-05,London A-Z trade/service sitemap.,London
Checkatrade,Fireplaces / Stoves,Fireplaces / Stoves,Fireplaces / Stoves,Other / Unmapped,V2,https://www.checkatrade.com/sitemap/locations/London/F,london_trade_sitemap,2026-09-05,London A-Z trade/service sitemap.,London
Checkatrade,Fitted Wardrobes,Fitted Wardrobes,Fitted Wardrobes,Other / Unmapped,V2,https://www.checkatrade.com/sitemap/locations/London/F,london_trade_sitemap,2026-09-05,London A-Z trade/service sitemap.,London
Checkatrade,Fix Aluminium Windows,Fix Aluminium Windows,Windows & Glazing,Home & Trades,V2,https://www.checkatrade.com/sitemap/locations/London/F,london_trade_sitemap,2026-09-05,London A-Z trade/service sitemap.,London
Checkatrade,Fix Bay Windows,Fix Bay Windows,Windows & Glazing,Home & Trades,V2,https://www.checkatrade.com/sitemap/locations/London/F,london_trade_sitemap,2026-09-05,London A-Z trade/service sitemap.,London
Checkatrade,Fix Loft Windows,Fix Loft Windows,Windows & Glazing,Home & Trades,V2,https://www.checkatrade.com/sitemap/locations/London/F,london_trade_sitemap,2026-09-05,London A-Z trade/service sitemap.,London
Checkatrade,Fix Roof Windows,Fix Roof Windows,Roofing & Guttering,Home & Trades,V2,https://www.checkatrade.com/sitemap/locations/London/F,london_trade_sitemap,2026-09-05,London A-Z trade/service sitemap.,London
Checkatrade,Fix Timber / Wooden Windows,Fix Timber / Wooden Windows,Windows & Glazing,Home & Trades,V2,https://www.checkatrade.com/sitemap/locations/London/F,london_trade_sitemap,2026-09-05,London A-Z trade/service sitemap.,London
Checkatrade,Fix UPVC Windows,Fix UPVC Windows,Windows & Glazing,Home & Trades,V2,https://www.checkatrade.com/sitemap/locations/London/F,london_trade_sitemap,2026-09-05,London A-Z trade/service sitemap.,London
Checkatrade,Fix Window Lock,Fix Window Lock,Windows & Glazing,Home & Trades,V2,https://www.checkatrade.com/sitemap/locations/London/F,london_trade_sitemap,2026-09-05,London A-Z trade/service sitemap.,London
Checkatrade,Fix Wooden Sash Windows,Fix Wooden Sash Windows,Windows & Glazing,Home & Trades,V2,https://www.checkatrade.com/sitemap/locations/London/F,london_trade_sitemap,2026-09-05,London A-Z trade/service sitemap.,London
Checkatrade,Fixed Lines,Fixed Lines,Fixed Lines,Other / Unmapped,V2,https://www.checkatrade.com/sitemap/locations/London/F,london_trade_sitemap,2026-09-05,London A-Z trade/service sitemap.,London
Checkatrade,Flat Ceilings,Flat Ceilings,Flat Ceilings,Other / Unmapped,V2,https://www.checkatrade.com/sitemap/locations/London/F,london_trade_sitemap,2026-09-05,London A-Z trade/service sitemap.,London
Checkatrade,Flat Management,Flat Management,Flat Management,Other / Unmapped,V2,https://www.checkatrade.com/sitemap/locations/London/F,london_trade_sitemap,2026-09-05,London A-Z trade/service sitemap.,London
Checkatrade,Flat Packs,Flat Packs,Furniture Assembly,Repair Services,V2,https://www.checkatrade.com/sitemap/locations/London/F,london_trade_sitemap,2026-09-05,London A-Z trade/service sitemap.,London
Checkatrade,Flat Roof Insulation,Flat Roof Insulation,Roofing & Guttering,Home & Trades,V2,https://www.checkatrade.com/sitemap/locations/London/F,london_trade_sitemap,2026-09-05,London A-Z trade/service sitemap.,London
Checkatrade,Flat Roofing Installation,Flat Roofing Installation,Roofing & Guttering,Home & Trades,V2,https://www.checkatrade.com/sitemap/locations/London/F,london_trade_sitemap,2026-09-05,London A-Z trade/service sitemap.,London
Checkatrade,Flat Roofing Repair,Flat Roofing Repair,Roofing & Guttering,Home & Trades,V2,https://www.checkatrade.com/sitemap/locations/London/F,london_trade_sitemap,2026-09-05,London A-Z trade/service sitemap.,London
Checkatrade,Flatpack wardrobe setup,Flatpack wardrobe setup,Flatpack wardrobe setup,Other / Unmapped,V2,https://www.checkatrade.com/sitemap/locations/London/F,london_trade_sitemap,2026-09-05,London A-Z trade/service sitemap.,London
Checkatrade,Flint / Stonework,Flint / Stonework,Building & Construction,Home & Trades,V2,https://www.checkatrade.com/sitemap/locations/London/F,london_trade_sitemap,2026-09-05,London A-Z trade/service sitemap.,London
Checkatrade,Flood Restoration,Flood Restoration,Flood Restoration,Other / Unmapped,V2,https://www.checkatrade.com/sitemap/locations/London/F,london_trade_sitemap,2026-09-05,London A-Z trade/service sitemap.,London
Checkatrade,Floor Sanding,Floor Sanding,Flooring,Home & Trades,V2,https://www.checkatrade.com/sitemap/locations/London/F,london_trade_sitemap,2026-09-05,London A-Z trade/service sitemap.,London
Checkatrade,Floor Screeding,Floor Screeding,Flooring,Home & Trades,V2,https://www.checkatrade.com/sitemap/locations/London/F,london_trade_sitemap,2026-09-05,London A-Z trade/service sitemap.,London
Checkatrade,Floor Tiling,Floor Tiling,Tiling,Home & Trades,V2,https://www.checkatrade.com/sitemap/locations/London/F,london_trade_sitemap,2026-09-05,London A-Z trade/service sitemap.,London
Checkatrade,Flooring Specialist,Flooring Specialist,Flooring,Home & Trades,V2,https://www.checkatrade.com/sitemap/locations/London/F,london_trade_sitemap,2026-09-05,London A-Z trade/service sitemap.,London
Checkatrade,Foundation Builders,Foundation Builders,Building & Construction,Home & Trades,V2,https://www.checkatrade.com/sitemap/locations/London/F,london_trade_sitemap,2026-09-05,London A-Z trade/service sitemap.,London
Checkatrade,Foundations,Foundations,Foundations,Other / Unmapped,V2,https://www.checkatrade.com/sitemap/locations/London/F,london_trade_sitemap,2026-09-05,London A-Z trade/service sitemap.,London
Checkatrade,Freesat,Freesat,Freesat,Other / Unmapped,V2,https://www.checkatrade.com/sitemap/locations/London/F,london_trade_sitemap,2026-09-05,London A-Z trade/service sitemap.,London
Checkatrade,Freeview,Freeview,Freeview,Other / Unmapped,V2,https://www.checkatrade.com/sitemap/locations/London/F,london_trade_sitemap,2026-09-05,London A-Z trade/service sitemap.,London
Checkatrade,French Doors Installation,French Doors Installation,Doors & Door Services,Home & Trades,V2,https://www.checkatrade.com/sitemap/locations/London/F,london_trade_sitemap,2026-09-05,London A-Z trade/service sitemap.,London
Checkatrade,French Doors Repair,French Doors Repair,Doors & Door Services,Home & Trades,V2,https://www.checkatrade.com/sitemap/locations/London/F,london_trade_sitemap,2026-09-05,London A-Z trade/service sitemap.,London
Checkatrade,French Polisher,French Polisher,French Polisher,Other / Unmapped,V2,https://www.checkatrade.com/sitemap/locations/London/F,london_trade_sitemap,2026-09-05,London A-Z trade/service sitemap.,London
Checkatrade,Fridge / Freezer Repair,Fridge / Freezer Repair,Fridge / Freezer Repair,Other / Unmapped,V2,https://www.checkatrade.com/sitemap/locations/London/F,london_trade_sitemap,2026-09-05,London A-Z trade/service sitemap.,London
Checkatrade,Frosted Windows,Frosted Windows,Windows & Glazing,Home & Trades,V2,https://www.checkatrade.com/sitemap/locations/London/F,london_trade_sitemap,2026-09-05,London A-Z trade/service sitemap.,London
Checkatrade,Fumigation,Fumigation,Fumigation,Other / Unmapped,V2,https://www.checkatrade.com/sitemap/locations/London/F,london_trade_sitemap,2026-09-05,London A-Z trade/service sitemap.,London
Checkatrade,Furniture Repair / Restoration,Furniture Repair / Restoration,Furniture Repair,Repair Services,V2,https://www.checkatrade.com/sitemap/locations/London/F,london_trade_sitemap,2026-09-05,London A-Z trade/service sitemap.,London
Checkatrade,Fuseboard / Consumer Unit Installation,Fuseboard / Consumer Unit Installation,Fuseboard / Consumer Unit Installation,Other / Unmapped,V2,https://www.checkatrade.com/sitemap/locations/London/F,london_trade_sitemap,2026-09-05,London A-Z trade/service sitemap.,London
Checkatrade,Fuseboard / Consumer Unit Repair,Fuseboard / Consumer Unit Repair,Fuseboard / Consumer Unit Repair,Other / Unmapped,V2,https://www.checkatrade.com/sitemap/locations/London/F,london_trade_sitemap,2026-09-05,London A-Z trade/service sitemap.,London
Checkatrade,Garage / Vehicle Services,Garage / Vehicle Services,Garage / Vehicle Services,Other / Unmapped,V2,https://www.checkatrade.com/sitemap/locations/London/G,london_trade_sitemap,2026-09-05,London A-Z trade/service sitemap.,London
Checkatrade,Garage Conversion Specialists,Garage Conversion Specialists,Garage Conversion Specialists,Other / Unmapped,V2,https://www.checkatrade.com/sitemap/locations/London/G,london_trade_sitemap,2026-09-05,London A-Z trade/service sitemap.,London
Checkatrade,Garage Conversions,Garage Conversions,Garage Conversions,Other / Unmapped,V2,https://www.checkatrade.com/sitemap/locations/London/G,london_trade_sitemap,2026-09-05,London A-Z trade/service sitemap.,London
Checkatrade,Garage Demolition And Removal,Garage Demolition And Removal,Demolition,Home & Trades,V2,https://www.checkatrade.com/sitemap/locations/London/G,london_trade_sitemap,2026-09-05,London A-Z trade/service sitemap.,London
Checkatrade,Garage Door Installation,Garage Door Installation,Doors & Door Services,Home & Trades,V2,https://www.checkatrade.com/sitemap/locations/London/G,london_trade_sitemap,2026-09-05,London A-Z trade/service sitemap.,London
Checkatrade,Garage Door Servicing / Repair,Garage Door Servicing / Repair,Doors & Door Services,Home & Trades,V2,https://www.checkatrade.com/sitemap/locations/London/G,london_trade_sitemap,2026-09-05,London A-Z trade/service sitemap.,London
Checkatrade,Garage Door Supplier,Garage Door Supplier,Doors & Door Services,Home & Trades,V2,https://www.checkatrade.com/sitemap/locations/London/G,london_trade_sitemap,2026-09-05,London A-Z trade/service sitemap.,London
Checkatrade,Garage Doors,Garage Doors,Doors & Door Services,Home & Trades,V2,https://www.checkatrade.com/sitemap/locations/London/G,london_trade_sitemap,2026-09-05,London A-Z trade/service sitemap.,London
Checkatrade,Garage Flooring,Garage Flooring,Flooring,Home & Trades,V2,https://www.checkatrade.com/sitemap/locations/London/G,london_trade_sitemap,2026-09-05,London A-Z trade/service sitemap.,London
Checkatrade,Garden Clearance,Garden Clearance,Gardening & Landscaping,Home & Trades,V2,https://www.checkatrade.com/sitemap/locations/London/G,london_trade_sitemap,2026-09-05,London A-Z trade/service sitemap.,London
Checkatrade,Garden Design,Garden Design,Gardening & Landscaping,Home & Trades,V2,https://www.checkatrade.com/sitemap/locations/London/G,london_trade_sitemap,2026-09-05,London A-Z trade/service sitemap.,London
Checkatrade,Garden Fencing,Garden Fencing,Gardening & Landscaping,Home & Trades,V2,https://www.checkatrade.com/sitemap/locations/London/G,london_trade_sitemap,2026-09-05,London A-Z trade/service sitemap.,London
Checkatrade,Garden Furniture Restoration,Garden Furniture Restoration,Gardening & Landscaping,Home & Trades,V2,https://www.checkatrade.com/sitemap/locations/London/G,london_trade_sitemap,2026-09-05,London A-Z trade/service sitemap.,London
Checkatrade,Garden Lighting,Garden Lighting,Electrical Services,Home & Trades,V2,https://www.checkatrade.com/sitemap/locations/London/G,london_trade_sitemap,2026-09-05,London A-Z trade/service sitemap.,London
Checkatrade,Garden Logs Supplied / Delivered,Garden Logs Supplied / Delivered,Gardening & Landscaping,Home & Trades,V2,https://www.checkatrade.com/sitemap/locations/London/G,london_trade_sitemap,2026-09-05,London A-Z trade/service sitemap.,London
Checkatrade,Garden Machinery Repairs,Garden Machinery Repairs,Gardening & Landscaping,Home & Trades,V2,https://www.checkatrade.com/sitemap/locations/London/G,london_trade_sitemap,2026-09-05,London A-Z trade/service sitemap.,London
Checkatrade,Garden Maintenance,Garden Maintenance,Gardening & Landscaping,Home & Trades,V2,https://www.checkatrade.com/sitemap/locations/London/G,london_trade_sitemap,2026-09-05,London A-Z trade/service sitemap.,London
Checkatrade,Garden Rooms / Annexes,Garden Rooms / Annexes,Gardening & Landscaping,Home & Trades,V2,https://www.checkatrade.com/sitemap/locations/London/G,london_trade_sitemap,2026-09-05,London A-Z trade/service sitemap.,London
Checkatrade,Garden Shed Suppliers,Garden Shed Suppliers,Gardening & Landscaping,Home & Trades,V2,https://www.checkatrade.com/sitemap/locations/London/G,london_trade_sitemap,2026-09-05,London A-Z trade/service sitemap.,London
Checkatrade,Garden Structures,Garden Structures,Gardening & Landscaping,Home & Trades,V2,https://www.checkatrade.com/sitemap/locations/London/G,london_trade_sitemap,2026-09-05,London A-Z trade/service sitemap.,London
Checkatrade,Garden Studios,Garden Studios,Gardening & Landscaping,Home & Trades,V2,https://www.checkatrade.com/sitemap/locations/London/G,london_trade_sitemap,2026-09-05,London A-Z trade/service sitemap.,London
Checkatrade,Gardener,Gardener,Gardening & Landscaping,Home & Trades,V2,https://www.checkatrade.com/sitemap/locations/London/G,london_trade_sitemap,2026-09-05,London A-Z trade/service sitemap.,London
Checkatrade,Gardeners,Gardeners,Gardening & Landscaping,Home & Trades,V2,https://www.checkatrade.com/sitemap/locations/London/A,london_trade_sitemap,2026-09-05,London A-Z trade/service sitemap.,London
Checkatrade,Gas Boiler Installation,Gas Boiler Installation,Heating & Boiler Services,Home & Trades,V2,https://www.checkatrade.com/sitemap/locations/London/G,london_trade_sitemap,2026-09-05,London A-Z trade/service sitemap.,London
Checkatrade,Gas Boiler Installer,Gas Boiler Installer,Heating & Boiler Services,Home & Trades,V2,https://www.checkatrade.com/sitemap/locations/London/G,london_trade_sitemap,2026-09-05,London A-Z trade/service sitemap.,London
Checkatrade,Gas Boiler Repair,Gas Boiler Repair,Heating & Boiler Services,Home & Trades,V2,https://www.checkatrade.com/sitemap/locations/London/G,london_trade_sitemap,2026-09-05,London A-Z trade/service sitemap.,London
Checkatrade,Gas Boiler Servicing,Gas Boiler Servicing,Heating & Boiler Services,Home & Trades,V2,https://www.checkatrade.com/sitemap/locations/London/G,london_trade_sitemap,2026-09-05,London A-Z trade/service sitemap.,London
Checkatrade,Gas Boiler Servicing / Repair,Gas Boiler Servicing / Repair,Heating & Boiler Services,Home & Trades,V2,https://www.checkatrade.com/sitemap/locations/London/G,london_trade_sitemap,2026-09-05,London A-Z trade/service sitemap.,London
Checkatrade,Gas Central Heating Boiler Replacement,Gas Central Heating Boiler Replacement,Heating & Boiler Services,Home & Trades,V2,https://www.checkatrade.com/sitemap/locations/London/G,london_trade_sitemap,2026-09-05,London A-Z trade/service sitemap.,London
Checkatrade,Gas Central Heating Engineers,Gas Central Heating Engineers,Heating & Boiler Services,Home & Trades,V2,https://www.checkatrade.com/sitemap/locations/London/G,london_trade_sitemap,2026-09-05,London A-Z trade/service sitemap.,London
Checkatrade,Gas Central Heating Installation,Gas Central Heating Installation,Heating & Boiler Services,Home & Trades,V2,https://www.checkatrade.com/sitemap/locations/London/G,london_trade_sitemap,2026-09-05,London A-Z trade/service sitemap.,London
Checkatrade,Gas Central Heating Servicing / Repair,Gas Central Heating Servicing / Repair,Heating & Boiler Services,Home & Trades,V2,https://www.checkatrade.com/sitemap/locations/London/G,london_trade_sitemap,2026-09-05,London A-Z trade/service sitemap.,London
Checkatrade,Gas Cooker Disposal,Gas Cooker Disposal,Gas Cooker Disposal,Other / Unmapped,V2,https://www.checkatrade.com/sitemap/locations/London/G,london_trade_sitemap,2026-09-05,London A-Z trade/service sitemap.,London
Checkatrade,Gas Cooker Installation,Gas Cooker Installation,Gas Cooker Installation,Other / Unmapped,V2,https://www.checkatrade.com/sitemap/locations/London/G,london_trade_sitemap,2026-09-05,London A-Z trade/service sitemap.,London
Checkatrade,Gas Cooker Repair,Gas Cooker Repair,Gas Cooker Repair,Other / Unmapped,V2,https://www.checkatrade.com/sitemap/locations/London/G,london_trade_sitemap,2026-09-05,London A-Z trade/service sitemap.,London
Checkatrade,Gas Fire Installation,Gas Fire Installation,Gas Fire Installation,Other / Unmapped,V2,https://www.checkatrade.com/sitemap/locations/London/G,london_trade_sitemap,2026-09-05,London A-Z trade/service sitemap.,London
Checkatrade,Gas Fire Servicing / Repair,Gas Fire Servicing / Repair,Gas Fire Servicing / Repair,Other / Unmapped,V2,https://www.checkatrade.com/sitemap/locations/London/G,london_trade_sitemap,2026-09-05,London A-Z trade/service sitemap.,London
Checkatrade,Gas Safety Checks - CP12,Gas Safety Checks - CP12,Gas Safety Checks - CP12,Other / Unmapped,V2,https://www.checkatrade.com/sitemap/locations/London/G,london_trade_sitemap,2026-09-05,London A-Z trade/service sitemap.,London
Checkatrade,Gas boiler replacement,Gas boiler replacement,Heating & Boiler Services,Home & Trades,V2,https://www.checkatrade.com/sitemap/locations/London/G,london_trade_sitemap,2026-09-05,London A-Z trade/service sitemap.,London
Checkatrade,Gate Automation,Gate Automation,Gate Automation,Other / Unmapped,V2,https://www.checkatrade.com/sitemap/locations/London/G,london_trade_sitemap,2026-09-05,London A-Z trade/service sitemap.,London
Checkatrade,Gates,Gates,Gates,Other / Unmapped,V2,https://www.checkatrade.com/sitemap/locations/London/G,london_trade_sitemap,2026-09-05,London A-Z trade/service sitemap.,London
Checkatrade,Gearbox,Gearbox,Gearbox,Other / Unmapped,V2,https://www.checkatrade.com/sitemap/locations/London/G,london_trade_sitemap,2026-09-05,London A-Z trade/service sitemap.,London
Checkatrade,General Building,General Building,Building & Construction,Home & Trades,V2,https://www.checkatrade.com/sitemap/locations/London/G,london_trade_sitemap,2026-09-05,London A-Z trade/service sitemap.,London
Checkatrade,General Carpentry,General Carpentry,Carpentry & Joinery,Home & Trades,V2,https://www.checkatrade.com/sitemap/locations/London/G,london_trade_sitemap,2026-09-05,London A-Z trade/service sitemap.,London
Checkatrade,General Plumbing,General Plumbing,Plumbing,Home & Trades,V2,https://www.checkatrade.com/sitemap/locations/London/G,london_trade_sitemap,2026-09-05,London A-Z trade/service sitemap.,London
Checkatrade,Glass,Glass,Glass,Other / Unmapped,V2,https://www.checkatrade.com/sitemap/locations/London/G,london_trade_sitemap,2026-09-05,London A-Z trade/service sitemap.,London
Checkatrade,Glass Balustrades,Glass Balustrades,Glass Balustrades,Other / Unmapped,V2,https://www.checkatrade.com/sitemap/locations/London/G,london_trade_sitemap,2026-09-05,London A-Z trade/service sitemap.,London
Checkatrade,Glass Polishing,Glass Polishing,Glass Polishing,Other / Unmapped,V2,https://www.checkatrade.com/sitemap/locations/London/G,london_trade_sitemap,2026-09-05,London A-Z trade/service sitemap.,London
Checkatrade,Glass Replacement,Glass Replacement,Glass Replacement,Other / Unmapped,V2,https://www.checkatrade.com/sitemap/locations/London/G,london_trade_sitemap,2026-09-05,London A-Z trade/service sitemap.,London
Checkatrade,Glass Restoration,Glass Restoration,Glass Restoration,Other / Unmapped,V2,https://www.checkatrade.com/sitemap/locations/London/G,london_trade_sitemap,2026-09-05,London A-Z trade/service sitemap.,London
Checkatrade,Glass Roof Installation,Glass Roof Installation,Roofing & Guttering,Home & Trades,V2,https://www.checkatrade.com/sitemap/locations/London/G,london_trade_sitemap,2026-09-05,London A-Z trade/service sitemap.,London
Checkatrade,Glass Roof Repair,Glass Roof Repair,Roofing & Guttering,Home & Trades,V2,https://www.checkatrade.com/sitemap/locations/London/G,london_trade_sitemap,2026-09-05,London A-Z trade/service sitemap.,London
Checkatrade,Glass Shower Screens,Glass Shower Screens,Bathroom Services,Home & Trades,V2,https://www.checkatrade.com/sitemap/locations/London/G,london_trade_sitemap,2026-09-05,London A-Z trade/service sitemap.,London
Checkatrade,Glass Splashbacks,Glass Splashbacks,Beauty & Skincare,Beauty & Wellness,V2,https://www.checkatrade.com/sitemap/locations/London/G,london_trade_sitemap,2026-09-05,London A-Z trade/service sitemap.,London
Checkatrade,Glass Surface Repair,Glass Surface Repair,Glass Surface Repair,Other / Unmapped,V2,https://www.checkatrade.com/sitemap/locations/London/G,london_trade_sitemap,2026-09-05,London A-Z trade/service sitemap.,London
Checkatrade,Glazier,Glazier,Windows & Glazing,Home & Trades,V2,https://www.checkatrade.com/sitemap/locations/London/G,london_trade_sitemap,2026-09-05,London A-Z trade/service sitemap.,London
Checkatrade,Golf / Bowls Greens,Golf / Bowls Greens,Golf / Bowls Greens,Other / Unmapped,V2,https://www.checkatrade.com/sitemap/locations/London/G,london_trade_sitemap,2026-09-05,London A-Z trade/service sitemap.,London
Checkatrade,Grab hire,Grab hire,Grab hire,Other / Unmapped,V2,https://www.checkatrade.com/sitemap/locations/London/G,london_trade_sitemap,2026-09-05,London A-Z trade/service sitemap.,London
Checkatrade,Graffiti Remover,Graffiti Remover,Removals & Moving,Cleaning & Household,V2,https://www.checkatrade.com/sitemap/locations/London/G,london_trade_sitemap,2026-09-05,London A-Z trade/service sitemap.,London
Checkatrade,Graphic Designers,Graphic Designers,Graphic Designers,Other / Unmapped,V2,https://www.checkatrade.com/sitemap/locations/London/G,london_trade_sitemap,2026-09-05,London A-Z trade/service sitemap.,London
Checkatrade,Grass Cutting,Grass Cutting,Grass Cutting,Other / Unmapped,V2,https://www.checkatrade.com/sitemap/locations/London/G,london_trade_sitemap,2026-09-05,London A-Z trade/service sitemap.,London
Checkatrade,Gravel / Shingle Driveways,Gravel / Shingle Driveways,Driveways & Paving,Home & Trades,V2,https://www.checkatrade.com/sitemap/locations/London/G,london_trade_sitemap,2026-09-05,London A-Z trade/service sitemap.,London
Checkatrade,Gravestone Renovation,Gravestone Renovation,Gravestone Renovation,Other / Unmapped,V2,https://www.checkatrade.com/sitemap/locations/London/G,london_trade_sitemap,2026-09-05,London A-Z trade/service sitemap.,London
Checkatrade,Green Oak Framing,Green Oak Framing,Green Oak Framing,Other / Unmapped,V2,https://www.checkatrade.com/sitemap/locations/London/G,london_trade_sitemap,2026-09-05,London A-Z trade/service sitemap.,London
Checkatrade,Green Roofing Installation,Green Roofing Installation,Roofing & Guttering,Home & Trades,V2,https://www.checkatrade.com/sitemap/locations/London/G,london_trade_sitemap,2026-09-05,London A-Z trade/service sitemap.,London
Checkatrade,Green Roofing Repair,Green Roofing Repair,Roofing & Guttering,Home & Trades,V2,https://www.checkatrade.com/sitemap/locations/London/G,london_trade_sitemap,2026-09-05,London A-Z trade/service sitemap.,London
Checkatrade,Greenhouse Installation,Greenhouse Installation,Greenhouse Installation,Other / Unmapped,V2,https://www.checkatrade.com/sitemap/locations/London/G,london_trade_sitemap,2026-09-05,London A-Z trade/service sitemap.,London
Checkatrade,Greenhouse Supplier,Greenhouse Supplier,Greenhouse Supplier,Other / Unmapped,V2,https://www.checkatrade.com/sitemap/locations/London/G,london_trade_sitemap,2026-09-05,London A-Z trade/service sitemap.,London
Checkatrade,Gritting,Gritting,Gritting,Other / Unmapped,V2,https://www.checkatrade.com/sitemap/locations/London/G,london_trade_sitemap,2026-09-05,London A-Z trade/service sitemap.,London
Checkatrade,Ground Source Heat Pump Engineers,Ground Source Heat Pump Engineers,Ground Source Heat Pump Engineers,Other / Unmapped,V2,https://www.checkatrade.com/sitemap/locations/London/G,london_trade_sitemap,2026-09-05,London A-Z trade/service sitemap.,London
Checkatrade,Ground Source Heat Pump Installation - GSHP,Ground Source Heat Pump Installation - GSHP,Ground Source Heat Pump Installation - GSHP,Other / Unmapped,V2,https://www.checkatrade.com/sitemap/locations/London/G,london_trade_sitemap,2026-09-05,London A-Z trade/service sitemap.,London
Checkatrade,Ground Source Heat Pump Installers,Ground Source Heat Pump Installers,Ground Source Heat Pump Installers,Other / Unmapped,V2,https://www.checkatrade.com/sitemap/locations/London/G,london_trade_sitemap,2026-09-05,London A-Z trade/service sitemap.,London
Checkatrade,Ground Source Heat Pump Repair,Ground Source Heat Pump Repair,Ground Source Heat Pump Repair,Other / Unmapped,V2,https://www.checkatrade.com/sitemap/locations/London/G,london_trade_sitemap,2026-09-05,London A-Z trade/service sitemap.,London
Checkatrade,Ground Source Heat Pump Servicing,Ground Source Heat Pump Servicing,Ground Source Heat Pump Servicing,Other / Unmapped,V2,https://www.checkatrade.com/sitemap/locations/London/G,london_trade_sitemap,2026-09-05,London A-Z trade/service sitemap.,London
Checkatrade,Ground Source Heat Pump Servicing / Repair - GSHP,Ground Source Heat Pump Servicing / Repair - GSHP,Ground Source Heat Pump Servicing / Repair - GSHP,Other / Unmapped,V2,https://www.checkatrade.com/sitemap/locations/London/G,london_trade_sitemap,2026-09-05,London A-Z trade/service sitemap.,London
Checkatrade,Grounds Maintenance,Grounds Maintenance,Grounds Maintenance,Other / Unmapped,V2,https://www.checkatrade.com/sitemap/locations/London/G,london_trade_sitemap,2026-09-05,London A-Z trade/service sitemap.,London
Checkatrade,Groundworks,Groundworks,Groundworks,Other / Unmapped,V2,https://www.checkatrade.com/sitemap/locations/London/G,london_trade_sitemap,2026-09-05,London A-Z trade/service sitemap.,London
Checkatrade,Gutter Cleaning,Gutter Cleaning,Roofing & Guttering,Home & Trades,V2,https://www.checkatrade.com/sitemap/locations/London/A,london_trade_sitemap,2026-09-05,London A-Z trade/service sitemap.,London
Checkatrade,Gutter Cleaning & Clearance,Gutter Cleaning & Clearance,Roofing & Guttering,Home & Trades,V2,https://www.checkatrade.com/sitemap/locations/London/G,london_trade_sitemap,2026-09-05,London A-Z trade/service sitemap.,London
Checkatrade,Gutter Cleaning Cost,Gutter Cleaning Cost,Roofing & Guttering,Home & Trades,V2,https://www.checkatrade.com/sitemap/locations/London/A,london_trade_sitemap,2026-09-05,London A-Z trade/service sitemap.,London
Checkatrade,Gutter Repair,Gutter Repair,Roofing & Guttering,Home & Trades,V2,https://www.checkatrade.com/sitemap/locations/London/A,london_trade_sitemap,2026-09-05,London A-Z trade/service sitemap.,London
Checkatrade,Hand Made Tiles,Hand Made Tiles,Hand Made Tiles,Other / Unmapped,V2,https://www.checkatrade.com/sitemap/locations/London/H,london_trade_sitemap,2026-09-05,London A-Z trade/service sitemap.,London
Checkatrade,Handmade Kitchens Designed / Installed,Handmade Kitchens Designed / Installed,Kitchen Services,Home & Trades,V2,https://www.checkatrade.com/sitemap/locations/London/H,london_trade_sitemap,2026-09-05,London A-Z trade/service sitemap.,London
Checkatrade,Handrails,Handrails,Handrails,Other / Unmapped,V2,https://www.checkatrade.com/sitemap/locations/London/H,london_trade_sitemap,2026-09-05,London A-Z trade/service sitemap.,London
Checkatrade,Handyman,Handyman,Handyman,Home & Trades,V2,https://www.checkatrade.com/sitemap/locations/London/A,london_trade_sitemap,2026-09-05,London A-Z trade/service sitemap.,London
Checkatrade,Hard Floor Cleaning,Hard Floor Cleaning,Flooring,Home & Trades,V2,https://www.checkatrade.com/sitemap/locations/London/H,london_trade_sitemap,2026-09-05,London A-Z trade/service sitemap.,London
Checkatrade,Hard Landscaping,Hard Landscaping,Gardening & Landscaping,Home & Trades,V2,https://www.checkatrade.com/sitemap/locations/London/H,london_trade_sitemap,2026-09-05,London A-Z trade/service sitemap.,London
Checkatrade,Hardware Consultants / Technicians,Hardware Consultants / Technicians,Hardware Consultants / Technicians,Other / Unmapped,V2,https://www.checkatrade.com/sitemap/locations/London/H,london_trade_sitemap,2026-09-05,London A-Z trade/service sitemap.,London
Checkatrade,Hardwood Flooring Specialist,Hardwood Flooring Specialist,Flooring,Home & Trades,V2,https://www.checkatrade.com/sitemap/locations/London/H,london_trade_sitemap,2026-09-05,London A-Z trade/service sitemap.,London
Checkatrade,Haulage,Haulage,Haulage,Other / Unmapped,V2,https://www.checkatrade.com/sitemap/locations/London/H,london_trade_sitemap,2026-09-05,London A-Z trade/service sitemap.,London
Checkatrade,Hedge Trimming / Removal,Hedge Trimming / Removal,Gardening & Landscaping,Home & Trades,V2,https://www.checkatrade.com/sitemap/locations/London/H,london_trade_sitemap,2026-09-05,London A-Z trade/service sitemap.,London
Checkatrade,Heritage Property Specialist,Heritage Property Specialist,Heritage Property Specialist,Other / Unmapped,V2,https://www.checkatrade.com/sitemap/locations/London/H,london_trade_sitemap,2026-09-05,London A-Z trade/service sitemap.,London
Checkatrade,Hire Services,Hire Services,Hire Services,Other / Unmapped,V2,https://www.checkatrade.com/sitemap/locations/London/H,london_trade_sitemap,2026-09-05,London A-Z trade/service sitemap.,London
Checkatrade,Hire a Damp Surveyor,Hire a Damp Surveyor,Damp & Waterproofing,Home & Trades,V2,https://www.checkatrade.com/sitemap/locations/London/A,london_trade_sitemap,2026-09-05,London A-Z trade/service sitemap.,London
Checkatrade,Hive Heating Installers,Hive Heating Installers,Hive Heating Installers,Other / Unmapped,V2,https://www.checkatrade.com/sitemap/locations/London/H,london_trade_sitemap,2026-09-05,London A-Z trade/service sitemap.,London
Checkatrade,Holiday Let Cleaning Services,Holiday Let Cleaning Services,Cleaning,Cleaning & Household,V2,https://www.checkatrade.com/sitemap/locations/London/H,london_trade_sitemap,2026-09-05,London A-Z trade/service sitemap.,London
Checkatrade,Home Automation,Home Automation,Home Automation,Other / Unmapped,V2,https://www.checkatrade.com/sitemap/locations/London/H,london_trade_sitemap,2026-09-05,London A-Z trade/service sitemap.,London
Checkatrade,Home Automation / Media,Home Automation / Media,Home Automation / Media,Other / Unmapped,V2,https://www.checkatrade.com/sitemap/locations/London/H,london_trade_sitemap,2026-09-05,London A-Z trade/service sitemap.,London
Checkatrade,Home Cinema,Home Cinema,Home Cinema,Other / Unmapped,V2,https://www.checkatrade.com/sitemap/locations/London/H,london_trade_sitemap,2026-09-05,London A-Z trade/service sitemap.,London
Checkatrade,Home Interior Designer,Home Interior Designer,Interior Design,Professional Services,V2,https://www.checkatrade.com/sitemap/locations/London/H,london_trade_sitemap,2026-09-05,London A-Z trade/service sitemap.,London
Checkatrade,Home Networks,Home Networks,Home Networks,Other / Unmapped,V2,https://www.checkatrade.com/sitemap/locations/London/H,london_trade_sitemap,2026-09-05,London A-Z trade/service sitemap.,London
Checkatrade,Home Offices,Home Offices,Home Offices,Other / Unmapped,V2,https://www.checkatrade.com/sitemap/locations/London/H,london_trade_sitemap,2026-09-05,London A-Z trade/service sitemap.,London
Checkatrade,HomeBuyer Report,HomeBuyer Report,HomeBuyer Report,Other / Unmapped,V2,https://www.checkatrade.com/sitemap/locations/London/H,london_trade_sitemap,2026-09-05,London A-Z trade/service sitemap.,London
Checkatrade,Horse Stable Builders,Horse Stable Builders,Building & Construction,Home & Trades,V2,https://www.checkatrade.com/sitemap/locations/London/H,london_trade_sitemap,2026-09-05,London A-Z trade/service sitemap.,London
Checkatrade,Hot Melt Roofing Installation,Hot Melt Roofing Installation,Roofing & Guttering,Home & Trades,V2,https://www.checkatrade.com/sitemap/locations/London/H,london_trade_sitemap,2026-09-05,London A-Z trade/service sitemap.,London
Checkatrade,Hot Melt Roofing Repair,Hot Melt Roofing Repair,Roofing & Guttering,Home & Trades,V2,https://www.checkatrade.com/sitemap/locations/London/H,london_trade_sitemap,2026-09-05,London A-Z trade/service sitemap.,London
Checkatrade,Hot Tub Installation,Hot Tub Installation,Hot Tub Installation,Other / Unmapped,V2,https://www.checkatrade.com/sitemap/locations/London/H,london_trade_sitemap,2026-09-05,London A-Z trade/service sitemap.,London
Checkatrade,Hot Tub Servicing,Hot Tub Servicing,Hot Tub Servicing,Other / Unmapped,V2,https://www.checkatrade.com/sitemap/locations/London/H,london_trade_sitemap,2026-09-05,London A-Z trade/service sitemap.,London
Checkatrade,Hot Tub Supplier,Hot Tub Supplier,Hot Tub Supplier,Other / Unmapped,V2,https://www.checkatrade.com/sitemap/locations/London/H,london_trade_sitemap,2026-09-05,London A-Z trade/service sitemap.,London
Checkatrade,Hot Tub Wiring,Hot Tub Wiring,Hot Tub Wiring,Other / Unmapped,V2,https://www.checkatrade.com/sitemap/locations/London/H,london_trade_sitemap,2026-09-05,London A-Z trade/service sitemap.,London
Checkatrade,Hot Tubs / Spas,Hot Tubs / Spas,Spa & Wellness,Beauty & Wellness,V2,https://www.checkatrade.com/sitemap/locations/London/H,london_trade_sitemap,2026-09-05,London A-Z trade/service sitemap.,London
Checkatrade,House Clearance,House Clearance,House Clearance,Other / Unmapped,V2,https://www.checkatrade.com/sitemap/locations/London/H,london_trade_sitemap,2026-09-05,London A-Z trade/service sitemap.,London
Checkatrade,House Extension Cost,House Extension Cost,Building & Construction,Home & Trades,V2,https://www.checkatrade.com/sitemap/locations/London/A,london_trade_sitemap,2026-09-05,London A-Z trade/service sitemap.,London
Checkatrade,House Removal,House Removal,Removals & Moving,Cleaning & Household,V2,https://www.checkatrade.com/sitemap/locations/London/H,london_trade_sitemap,2026-09-05,London A-Z trade/service sitemap.,London
Checkatrade,House Rewiring,House Rewiring,Electrical Services,Home & Trades,V2,https://www.checkatrade.com/sitemap/locations/London/H,london_trade_sitemap,2026-09-05,London A-Z trade/service sitemap.,London
Checkatrade,Household Water Treatment,Household Water Treatment,Household Water Treatment,Other / Unmapped,V2,https://www.checkatrade.com/sitemap/locations/London/H,london_trade_sitemap,2026-09-05,London A-Z trade/service sitemap.,London
Checkatrade,IT Planning and Construction,IT Planning and Construction,IT Planning and Construction,Other / Unmapped,V2,https://www.checkatrade.com/sitemap/locations/London/I,london_trade_sitemap,2026-09-05,London A-Z trade/service sitemap.,London
Checkatrade,IT Project Management,IT Project Management,IT Project Management,Other / Unmapped,V2,https://www.checkatrade.com/sitemap/locations/London/I,london_trade_sitemap,2026-09-05,London A-Z trade/service sitemap.,London
Checkatrade,IT and Consultancy,IT and Consultancy,IT and Consultancy,Other / Unmapped,V2,https://www.checkatrade.com/sitemap/locations/London/I,london_trade_sitemap,2026-09-05,London A-Z trade/service sitemap.,London
Checkatrade,Immersion Heater Installation,Immersion Heater Installation,Immersion Heater Installation,Other / Unmapped,V2,https://www.checkatrade.com/sitemap/locations/London/I,london_trade_sitemap,2026-09-05,London A-Z trade/service sitemap.,London
Checkatrade,Immersion Heater Repair,Immersion Heater Repair,Immersion Heater Repair,Other / Unmapped,V2,https://www.checkatrade.com/sitemap/locations/London/I,london_trade_sitemap,2026-09-05,London A-Z trade/service sitemap.,London
Checkatrade,Industrial Doors,Industrial Doors,Doors & Door Services,Home & Trades,V2,https://www.checkatrade.com/sitemap/locations/London/I,london_trade_sitemap,2026-09-05,London A-Z trade/service sitemap.,London
Checkatrade,Industrial Garage Doors,Industrial Garage Doors,Doors & Door Services,Home & Trades,V2,https://www.checkatrade.com/sitemap/locations/London/I,london_trade_sitemap,2026-09-05,London A-Z trade/service sitemap.,London
Checkatrade,Information Centre,Information Centre,Information Centre,Other / Unmapped,V2,https://www.checkatrade.com/sitemap/locations/London/A,london_trade_sitemap,2026-09-05,London A-Z trade/service sitemap.,London
Checkatrade,Insect Screens,Insect Screens,Insect Screens,Other / Unmapped,V2,https://www.checkatrade.com/sitemap/locations/London/I,london_trade_sitemap,2026-09-05,London A-Z trade/service sitemap.,London
Checkatrade,Insulated Rendering,Insulated Rendering,Plastering & Rendering,Home & Trades,V2,https://www.checkatrade.com/sitemap/locations/London/I,london_trade_sitemap,2026-09-05,London A-Z trade/service sitemap.,London
Checkatrade,Insulation,Insulation,Insulation,Home & Trades,V2,https://www.checkatrade.com/sitemap/locations/London/I,london_trade_sitemap,2026-09-05,London A-Z trade/service sitemap.,London
Checkatrade,Insurance Claim Specialist,Insurance Claim Specialist,Insurance Claim Specialist,Other / Unmapped,V2,https://www.checkatrade.com/sitemap/locations/London/I,london_trade_sitemap,2026-09-05,London A-Z trade/service sitemap.,London
Checkatrade,Integral Blinds,Integral Blinds,Integral Blinds,Other / Unmapped,V2,https://www.checkatrade.com/sitemap/locations/London/I,london_trade_sitemap,2026-09-05,London A-Z trade/service sitemap.,London
Checkatrade,Intercom Entry Systems,Intercom Entry Systems,Intercom Entry Systems,Other / Unmapped,V2,https://www.checkatrade.com/sitemap/locations/London/I,london_trade_sitemap,2026-09-05,London A-Z trade/service sitemap.,London
Checkatrade,Interior Designer,Interior Designer,Interior Design,Professional Services,V2,https://www.checkatrade.com/sitemap/locations/London/I,london_trade_sitemap,2026-09-05,London A-Z trade/service sitemap.,London
Checkatrade,Interior Window Shutter Fitters,Interior Window Shutter Fitters,Windows & Glazing,Home & Trades,V2,https://www.checkatrade.com/sitemap/locations/London/I,london_trade_sitemap,2026-09-05,London A-Z trade/service sitemap.,London
Checkatrade,Interlocking Floor Tiles,Interlocking Floor Tiles,Flooring,Home & Trades,V2,https://www.checkatrade.com/sitemap/locations/London/I,london_trade_sitemap,2026-09-05,London A-Z trade/service sitemap.,London
Checkatrade,Internal Door Fitters,Internal Door Fitters,Doors & Door Services,Home & Trades,V2,https://www.checkatrade.com/sitemap/locations/London/A,london_trade_sitemap,2026-09-05,London A-Z trade/service sitemap.,London
Checkatrade,Internal Solid Wall Insulation,Internal Solid Wall Insulation,Insulation,Home & Trades,V2,https://www.checkatrade.com/sitemap/locations/London/I,london_trade_sitemap,2026-09-05,London A-Z trade/service sitemap.,London
Checkatrade,Internet Services,Internet Services,Internet Services,Other / Unmapped,V2,https://www.checkatrade.com/sitemap/locations/London/I,london_trade_sitemap,2026-09-05,London A-Z trade/service sitemap.,London
Checkatrade,Intruder Alarms,Intruder Alarms,Security Systems,Home & Trades,V2,https://www.checkatrade.com/sitemap/locations/London/I,london_trade_sitemap,2026-09-05,London A-Z trade/service sitemap.,London
Checkatrade,Ironing,Ironing,Ironing,Other / Unmapped,V2,https://www.checkatrade.com/sitemap/locations/London/I,london_trade_sitemap,2026-09-05,London A-Z trade/service sitemap.,London
Checkatrade,Irrigation Systems,Irrigation Systems,Irrigation Systems,Other / Unmapped,V2,https://www.checkatrade.com/sitemap/locations/London/I,london_trade_sitemap,2026-09-05,London A-Z trade/service sitemap.,London
Checkatrade,Japanese Knotweed,Japanese Knotweed,Japanese Knotweed,Other / Unmapped,V2,https://www.checkatrade.com/sitemap/locations/London/J,london_trade_sitemap,2026-09-05,London A-Z trade/service sitemap.,London
Checkatrade,Jet / Pressure Washing,Jet / Pressure Washing,Pressure Washing,Cleaning & Household,V2,https://www.checkatrade.com/sitemap/locations/London/J,london_trade_sitemap,2026-09-05,London A-Z trade/service sitemap.,London
Checkatrade,Joinery,Joinery,Carpentry & Joinery,Home & Trades,V2,https://www.checkatrade.com/sitemap/locations/London/J,london_trade_sitemap,2026-09-05,London A-Z trade/service sitemap.,London
Checkatrade,K Rend,K Rend,K Rend,Other / Unmapped,V2,https://www.checkatrade.com/sitemap/locations/London/K,london_trade_sitemap,2026-09-05,London A-Z trade/service sitemap.,London
Checkatrade,Key Cutting,Key Cutting,Key Cutting,Other / Unmapped,V2,https://www.checkatrade.com/sitemap/locations/London/K,london_trade_sitemap,2026-09-05,London A-Z trade/service sitemap.,London
Checkatrade,Kitchen Appliance Supplier,Kitchen Appliance Supplier,Kitchen Services,Home & Trades,V2,https://www.checkatrade.com/sitemap/locations/London/K,london_trade_sitemap,2026-09-05,London A-Z trade/service sitemap.,London
Checkatrade,Kitchen Designers,Kitchen Designers,Kitchen Services,Home & Trades,V2,https://www.checkatrade.com/sitemap/locations/London/K,london_trade_sitemap,2026-09-05,London A-Z trade/service sitemap.,London
Checkatrade,Kitchen Doors - Installation,Kitchen Doors - Installation,Doors & Door Services,Home & Trades,V2,https://www.checkatrade.com/sitemap/locations/London/K,london_trade_sitemap,2026-09-05,London A-Z trade/service sitemap.,London
Checkatrade,Kitchen Doors - Repair,Kitchen Doors - Repair,Doors & Door Services,Home & Trades,V2,https://www.checkatrade.com/sitemap/locations/London/K,london_trade_sitemap,2026-09-05,London A-Z trade/service sitemap.,London
Checkatrade,Kitchen Doors - Supply & Installation,Kitchen Doors - Supply & Installation,Doors & Door Services,Home & Trades,V2,https://www.checkatrade.com/sitemap/locations/London/K,london_trade_sitemap,2026-09-05,London A-Z trade/service sitemap.,London
Checkatrade,Kitchen Extraction Cleaning,Kitchen Extraction Cleaning,Kitchen Services,Home & Trades,V2,https://www.checkatrade.com/sitemap/locations/London/K,london_trade_sitemap,2026-09-05,London A-Z trade/service sitemap.,London
Checkatrade,Kitchen Fitters - Installation,Kitchen Fitters - Installation,Kitchen Services,Home & Trades,V2,https://www.checkatrade.com/sitemap/locations/London/K,london_trade_sitemap,2026-09-05,London A-Z trade/service sitemap.,London
Checkatrade,Kitchen Fitters - Supply & Installation,Kitchen Fitters - Supply & Installation,Kitchen Services,Home & Trades,V2,https://www.checkatrade.com/sitemap/locations/London/K,london_trade_sitemap,2026-09-05,London A-Z trade/service sitemap.,London
Checkatrade,Kitchen Refurbishments,Kitchen Refurbishments,Kitchen Services,Home & Trades,V2,https://www.checkatrade.com/sitemap/locations/London/K,london_trade_sitemap,2026-09-05,London A-Z trade/service sitemap.,London
Checkatrade,Kitchen Showroom,Kitchen Showroom,Kitchen Services,Home & Trades,V2,https://www.checkatrade.com/sitemap/locations/London/K,london_trade_sitemap,2026-09-05,London A-Z trade/service sitemap.,London
Checkatrade,Kitchen Supplier,Kitchen Supplier,Kitchen Services,Home & Trades,V2,https://www.checkatrade.com/sitemap/locations/London/K,london_trade_sitemap,2026-09-05,London A-Z trade/service sitemap.,London
Checkatrade,Kitchens,Kitchens,Kitchen Services,Home & Trades,V2,https://www.checkatrade.com/sitemap/locations/London/K,london_trade_sitemap,2026-09-05,London A-Z trade/service sitemap.,London
Checkatrade,LED Lighting,LED Lighting,Electrical Services,Home & Trades,V2,https://www.checkatrade.com/sitemap/locations/London/L,london_trade_sitemap,2026-09-05,London A-Z trade/service sitemap.,London
Checkatrade,LPG Boiler Installation,LPG Boiler Installation,Heating & Boiler Services,Home & Trades,V2,https://www.checkatrade.com/sitemap/locations/London/L,london_trade_sitemap,2026-09-05,London A-Z trade/service sitemap.,London
Checkatrade,LPG Boiler Repair,LPG Boiler Repair,Heating & Boiler Services,Home & Trades,V2,https://www.checkatrade.com/sitemap/locations/London/L,london_trade_sitemap,2026-09-05,London A-Z trade/service sitemap.,London
Checkatrade,LPG Boiler Servicing,LPG Boiler Servicing,Heating & Boiler Services,Home & Trades,V2,https://www.checkatrade.com/sitemap/locations/London/L,london_trade_sitemap,2026-09-05,London A-Z trade/service sitemap.,London
Checkatrade,LPG Central Heating Installation,LPG Central Heating Installation,Heating & Boiler Services,Home & Trades,V2,https://www.checkatrade.com/sitemap/locations/London/L,london_trade_sitemap,2026-09-05,London A-Z trade/service sitemap.,London
Checkatrade,LPG Central Heating Servicing / Repair,LPG Central Heating Servicing / Repair,Heating & Boiler Services,Home & Trades,V2,https://www.checkatrade.com/sitemap/locations/London/L,london_trade_sitemap,2026-09-05,London A-Z trade/service sitemap.,London
Checkatrade,LPG Heating Engineers,LPG Heating Engineers,Heating & Boiler Services,Home & Trades,V2,https://www.checkatrade.com/sitemap/locations/London/L,london_trade_sitemap,2026-09-05,London A-Z trade/service sitemap.,London
Checkatrade,Laminate Flooring,Laminate Flooring,Flooring,Home & Trades,V2,https://www.checkatrade.com/sitemap/locations/London/L,london_trade_sitemap,2026-09-05,London A-Z trade/service sitemap.,London
Checkatrade,Land Appraisal,Land Appraisal,Land Appraisal,Other / Unmapped,V2,https://www.checkatrade.com/sitemap/locations/London/L,london_trade_sitemap,2026-09-05,London A-Z trade/service sitemap.,London
Checkatrade,Land Surveyors,Land Surveyors,Surveying,Professional Services,V2,https://www.checkatrade.com/sitemap/locations/London/L,london_trade_sitemap,2026-09-05,London A-Z trade/service sitemap.,London
Checkatrade,Landlord Inventories,Landlord Inventories,Landlord Inventories,Other / Unmapped,V2,https://www.checkatrade.com/sitemap/locations/London/L,london_trade_sitemap,2026-09-05,London A-Z trade/service sitemap.,London
Checkatrade,Landlord Inventories - Mid Tenancy Inspection,Landlord Inventories - Mid Tenancy Inspection,Landlord Inventories - Mid Tenancy Inspection,Other / Unmapped,V2,https://www.checkatrade.com/sitemap/locations/London/L,london_trade_sitemap,2026-09-05,London A-Z trade/service sitemap.,London
Checkatrade,Landlord Inventories - Tenant Check In,Landlord Inventories - Tenant Check In,Landlord Inventories - Tenant Check In,Other / Unmapped,V2,https://www.checkatrade.com/sitemap/locations/London/L,london_trade_sitemap,2026-09-05,London A-Z trade/service sitemap.,London
Checkatrade,Landlord Inventories - Tenant Check Out,Landlord Inventories - Tenant Check Out,Landlord Inventories - Tenant Check Out,Other / Unmapped,V2,https://www.checkatrade.com/sitemap/locations/London/L,london_trade_sitemap,2026-09-05,London A-Z trade/service sitemap.,London
Checkatrade,Landlord Services,Landlord Services,Landlord Services,Other / Unmapped,V2,https://www.checkatrade.com/sitemap/locations/London/L,london_trade_sitemap,2026-09-05,London A-Z trade/service sitemap.,London
Checkatrade,Landscape Contractor,Landscape Contractor,Gardening & Landscaping,Home & Trades,V2,https://www.checkatrade.com/sitemap/locations/London/L,london_trade_sitemap,2026-09-05,London A-Z trade/service sitemap.,London
Checkatrade,Landscaper,Landscaper,Gardening & Landscaping,Home & Trades,V2,https://www.checkatrade.com/sitemap/locations/London/L,london_trade_sitemap,2026-09-05,London A-Z trade/service sitemap.,London
Checkatrade,Landscapers,Landscapers,Gardening & Landscaping,Home & Trades,V2,https://www.checkatrade.com/sitemap/locations/London/A,london_trade_sitemap,2026-09-05,London A-Z trade/service sitemap.,London
Checkatrade,Laptop Repairs,Laptop Repairs,Computer Repair,Repair Services,V2,https://www.checkatrade.com/sitemap/locations/London/L,london_trade_sitemap,2026-09-05,London A-Z trade/service sitemap.,London
Checkatrade,Laser Cutting Stainless Steel,Laser Cutting Stainless Steel,Laser Cutting Stainless Steel,Other / Unmapped,V2,https://www.checkatrade.com/sitemap/locations/London/L,london_trade_sitemap,2026-09-05,London A-Z trade/service sitemap.,London
Checkatrade,Lath Plastering,Lath Plastering,Plastering & Rendering,Home & Trades,V2,https://www.checkatrade.com/sitemap/locations/London/L,london_trade_sitemap,2026-09-05,London A-Z trade/service sitemap.,London
Checkatrade,Laundry Service,Laundry Service,Laundry Service,Other / Unmapped,V2,https://www.checkatrade.com/sitemap/locations/London/L,london_trade_sitemap,2026-09-05,London A-Z trade/service sitemap.,London
Checkatrade,Lawn Aeration,Lawn Aeration,Gardening & Landscaping,Home & Trades,V2,https://www.checkatrade.com/sitemap/locations/London/L,london_trade_sitemap,2026-09-05,London A-Z trade/service sitemap.,London
Checkatrade,Lawn Care,Lawn Care,Gardening & Landscaping,Home & Trades,V2,https://www.checkatrade.com/sitemap/locations/London/L,london_trade_sitemap,2026-09-05,London A-Z trade/service sitemap.,London
Checkatrade,Lawn Treatment,Lawn Treatment,Gardening & Landscaping,Home & Trades,V2,https://www.checkatrade.com/sitemap/locations/London/L,london_trade_sitemap,2026-09-05,London A-Z trade/service sitemap.,London
Checkatrade,Lead flashing,Lead flashing,Beauty & Skincare,Beauty & Wellness,V2,https://www.checkatrade.com/sitemap/locations/London/L,london_trade_sitemap,2026-09-05,London A-Z trade/service sitemap.,London
Checkatrade,Leadwork,Leadwork,Leadwork,Other / Unmapped,V2,https://www.checkatrade.com/sitemap/locations/London/L,london_trade_sitemap,2026-09-05,London A-Z trade/service sitemap.,London
Checkatrade,Leadworks Installation,Leadworks Installation,Leadworks Installation,Other / Unmapped,V2,https://www.checkatrade.com/sitemap/locations/London/L,london_trade_sitemap,2026-09-05,London A-Z trade/service sitemap.,London
Checkatrade,Leadworks Repair,Leadworks Repair,Leadworks Repair,Other / Unmapped,V2,https://www.checkatrade.com/sitemap/locations/London/L,london_trade_sitemap,2026-09-05,London A-Z trade/service sitemap.,London
Checkatrade,Leak Detection Companies,Leak Detection Companies,Leak Detection Companies,Other / Unmapped,V2,https://www.checkatrade.com/sitemap/locations/London/A,london_trade_sitemap,2026-09-05,London A-Z trade/service sitemap.,London
Checkatrade,Leather Cleaning,Leather Cleaning,Cleaning,Cleaning & Household,V2,https://www.checkatrade.com/sitemap/locations/London/L,london_trade_sitemap,2026-09-05,London A-Z trade/service sitemap.,London
Checkatrade,Leather Repair,Leather Repair,Leather Repair,Other / Unmapped,V2,https://www.checkatrade.com/sitemap/locations/London/L,london_trade_sitemap,2026-09-05,London A-Z trade/service sitemap.,London
Checkatrade,Legionella Assessment,Legionella Assessment,Legionella Assessment,Other / Unmapped,V2,https://www.checkatrade.com/sitemap/locations/London/L,london_trade_sitemap,2026-09-05,London A-Z trade/service sitemap.,London
Checkatrade,Legionella Control,Legionella Control,Legionella Control,Other / Unmapped,V2,https://www.checkatrade.com/sitemap/locations/London/L,london_trade_sitemap,2026-09-05,London A-Z trade/service sitemap.,London
Checkatrade,Legionella Testing,Legionella Testing,Legionella Testing,Other / Unmapped,V2,https://www.checkatrade.com/sitemap/locations/London/L,london_trade_sitemap,2026-09-05,London A-Z trade/service sitemap.,London
Checkatrade,Lighting Design,Lighting Design,Electrical Services,Home & Trades,V2,https://www.checkatrade.com/sitemap/locations/London/L,london_trade_sitemap,2026-09-05,London A-Z trade/service sitemap.,London
Checkatrade,Lime Plastering,Lime Plastering,Plastering & Rendering,Home & Trades,V2,https://www.checkatrade.com/sitemap/locations/London/L,london_trade_sitemap,2026-09-05,London A-Z trade/service sitemap.,London
Checkatrade,Liquid Plastic Roofing Installation,Liquid Plastic Roofing Installation,Roofing & Guttering,Home & Trades,V2,https://www.checkatrade.com/sitemap/locations/London/L,london_trade_sitemap,2026-09-05,London A-Z trade/service sitemap.,London
Checkatrade,Liquid Plastic Roofing Repair,Liquid Plastic Roofing Repair,Roofing & Guttering,Home & Trades,V2,https://www.checkatrade.com/sitemap/locations/London/L,london_trade_sitemap,2026-09-05,London A-Z trade/service sitemap.,London
Checkatrade,Liquid Screeding,Liquid Screeding,Liquid Screeding,Other / Unmapped,V2,https://www.checkatrade.com/sitemap/locations/London/L,london_trade_sitemap,2026-09-05,London A-Z trade/service sitemap.,London
Checkatrade,Liquid Waterproof System,Liquid Waterproof System,Damp & Waterproofing,Home & Trades,V2,https://www.checkatrade.com/sitemap/locations/London/L,london_trade_sitemap,2026-09-05,London A-Z trade/service sitemap.,London
Checkatrade,Lock Fitting,Lock Fitting,Lock Fitting,Other / Unmapped,V2,https://www.checkatrade.com/sitemap/locations/London/L,london_trade_sitemap,2026-09-05,London A-Z trade/service sitemap.,London
Checkatrade,Lock Repair,Lock Repair,Locksmith,Home & Trades,V2,https://www.checkatrade.com/sitemap/locations/London/L,london_trade_sitemap,2026-09-05,London A-Z trade/service sitemap.,London
Checkatrade,Locking Wheel Nut Removal,Locking Wheel Nut Removal,Removals & Moving,Cleaning & Household,V2,https://www.checkatrade.com/sitemap/locations/London/L,london_trade_sitemap,2026-09-05,London A-Z trade/service sitemap.,London
Checkatrade,Locksmith,Locksmith,Locksmith,Home & Trades,V2,https://www.checkatrade.com/sitemap/locations/London/A,london_trade_sitemap,2026-09-05,London A-Z trade/service sitemap.,London
Checkatrade,Locksmiths,Locksmiths,Locksmith,Home & Trades,V2,https://www.checkatrade.com/sitemap/locations/London/A,london_trade_sitemap,2026-09-05,London A-Z trade/service sitemap.,London
Checkatrade,Loft Conversion Specialists,Loft Conversion Specialists,Loft Conversion Specialists,Other / Unmapped,V2,https://www.checkatrade.com/sitemap/locations/London/L,london_trade_sitemap,2026-09-05,London A-Z trade/service sitemap.,London
Checkatrade,Loft Conversions,Loft Conversions,Loft Conversions,Other / Unmapped,V2,https://www.checkatrade.com/sitemap/locations/London/L,london_trade_sitemap,2026-09-05,London A-Z trade/service sitemap.,London
Checkatrade,Loft Extensions,Loft Extensions,Building & Construction,Home & Trades,V2,https://www.checkatrade.com/sitemap/locations/London/L,london_trade_sitemap,2026-09-05,London A-Z trade/service sitemap.,London
Checkatrade,Loft Floor Boarding,Loft Floor Boarding,Flooring,Home & Trades,V2,https://www.checkatrade.com/sitemap/locations/London/L,london_trade_sitemap,2026-09-05,London A-Z trade/service sitemap.,London
Checkatrade,Loft Hatches,Loft Hatches,Loft Hatches,Other / Unmapped,V2,https://www.checkatrade.com/sitemap/locations/London/L,london_trade_sitemap,2026-09-05,London A-Z trade/service sitemap.,London
Checkatrade,Loft Insulation,Loft Insulation,Insulation,Home & Trades,V2,https://www.checkatrade.com/sitemap/locations/London/L,london_trade_sitemap,2026-09-05,London A-Z trade/service sitemap.,London
Checkatrade,Loft Ladder Installer,Loft Ladder Installer,Loft Ladder Installer,Other / Unmapped,V2,https://www.checkatrade.com/sitemap/locations/London/L,london_trade_sitemap,2026-09-05,London A-Z trade/service sitemap.,London
Checkatrade,Loft Ladder Supplier,Loft Ladder Supplier,Loft Ladder Supplier,Other / Unmapped,V2,https://www.checkatrade.com/sitemap/locations/London/L,london_trade_sitemap,2026-09-05,London A-Z trade/service sitemap.,London
Checkatrade,Loft Storage,Loft Storage,Loft Storage,Other / Unmapped,V2,https://www.checkatrade.com/sitemap/locations/London/L,london_trade_sitemap,2026-09-05,London A-Z trade/service sitemap.,London
Checkatrade,Loft Storage Room,Loft Storage Room,Loft Storage Room,Other / Unmapped,V2,https://www.checkatrade.com/sitemap/locations/London/L,london_trade_sitemap,2026-09-05,London A-Z trade/service sitemap.,London
Checkatrade,Loft Windows Installation,Loft Windows Installation,Windows & Glazing,Home & Trades,V2,https://www.checkatrade.com/sitemap/locations/London/L,london_trade_sitemap,2026-09-05,London A-Z trade/service sitemap.,London
Checkatrade,Loft Windows Repair,Loft Windows Repair,Windows & Glazing,Home & Trades,V2,https://www.checkatrade.com/sitemap/locations/London/L,london_trade_sitemap,2026-09-05,London A-Z trade/service sitemap.,London
Checkatrade,Lofts / Loft Ladders,Lofts / Loft Ladders,Lofts / Loft Ladders,Other / Unmapped,V2,https://www.checkatrade.com/sitemap/locations/London/L,london_trade_sitemap,2026-09-05,London A-Z trade/service sitemap.,London
Checkatrade,Log Cabins,Log Cabins,Log Cabins,Other / Unmapped,V2,https://www.checkatrade.com/sitemap/locations/London/L,london_trade_sitemap,2026-09-05,London A-Z trade/service sitemap.,London
Checkatrade,Logs,Logs,Logs,Other / Unmapped,V2,https://www.checkatrade.com/sitemap/locations/London/L,london_trade_sitemap,2026-09-05,London A-Z trade/service sitemap.,London
Checkatrade,Low Moisture Cleaning,Low Moisture Cleaning,Cleaning,Cleaning & Household,V2,https://www.checkatrade.com/sitemap/locations/London/L,london_trade_sitemap,2026-09-05,London A-Z trade/service sitemap.,London
Checkatrade,MOT,MOT,MOT,Other / Unmapped,V2,https://www.checkatrade.com/sitemap/locations/London/M,london_trade_sitemap,2026-09-05,London A-Z trade/service sitemap.,London
Checkatrade,Made to Measure Blinds,Made to Measure Blinds,Made to Measure Blinds,Other / Unmapped,V2,https://www.checkatrade.com/sitemap/locations/London/M,london_trade_sitemap,2026-09-05,London A-Z trade/service sitemap.,London
Checkatrade,Made to Measure Curtain,Made to Measure Curtain,Made to Measure Curtain,Other / Unmapped,V2,https://www.checkatrade.com/sitemap/locations/London/M,london_trade_sitemap,2026-09-05,London A-Z trade/service sitemap.,London
Checkatrade,Made to Measure Curtain / Blinds,Made to Measure Curtain / Blinds,Made to Measure Curtain / Blinds,Other / Unmapped,V2,https://www.checkatrade.com/sitemap/locations/London/M,london_trade_sitemap,2026-09-05,London A-Z trade/service sitemap.,London
Checkatrade,Made to Measure Shutters,Made to Measure Shutters,Made to Measure Shutters,Other / Unmapped,V2,https://www.checkatrade.com/sitemap/locations/London/M,london_trade_sitemap,2026-09-05,London A-Z trade/service sitemap.,London
Checkatrade,Magnetic Plastering,Magnetic Plastering,Plastering & Rendering,Home & Trades,V2,https://www.checkatrade.com/sitemap/locations/London/M,london_trade_sitemap,2026-09-05,London A-Z trade/service sitemap.,London
Checkatrade,Man And A Van,Man And A Van,Man And A Van,Other / Unmapped,V2,https://www.checkatrade.com/sitemap/locations/London/M,london_trade_sitemap,2026-09-05,London A-Z trade/service sitemap.,London
Checkatrade,Man And Van,Man And Van,Removals & Moving,Cleaning & Household,V2,https://www.checkatrade.com/sitemap/locations/London/A,london_trade_sitemap,2026-09-05,London A-Z trade/service sitemap.,London
Checkatrade,Marquee Hire,Marquee Hire,Marquee Hire,Other / Unmapped,V2,https://www.checkatrade.com/sitemap/locations/London/M,london_trade_sitemap,2026-09-05,London A-Z trade/service sitemap.,London
Checkatrade,Mastic Sealant,Mastic Sealant,Mastic Sealant,Other / Unmapped,V2,https://www.checkatrade.com/sitemap/locations/London/M,london_trade_sitemap,2026-09-05,London A-Z trade/service sitemap.,London
Checkatrade,Mechanic,Mechanic,Vehicle Repair,Automotive,V2,https://www.checkatrade.com/sitemap/locations/London/M,london_trade_sitemap,2026-09-05,London A-Z trade/service sitemap.,London
Checkatrade,Member T&C’s apply,Member T&C’s apply,Member T&C’s apply,Other / Unmapped,V1,https://join.checkatrade.com/what-you-get/,public_category_page,2026-08-22,Checkatrade public category/onboarding page.,
Checkatrade,Memorial Gravestones Supplied,Memorial Gravestones Supplied,Memorial Gravestones Supplied,Other / Unmapped,V2,https://www.checkatrade.com/sitemap/locations/London/M,london_trade_sitemap,2026-09-05,London A-Z trade/service sitemap.,London
Checkatrade,Metal Fabrication,Metal Fabrication,Metal Fabrication,Other / Unmapped,V2,https://www.checkatrade.com/sitemap/locations/London/M,london_trade_sitemap,2026-09-05,London A-Z trade/service sitemap.,London
Checkatrade,Metal Gates,Metal Gates,Metal Gates,Other / Unmapped,V2,https://www.checkatrade.com/sitemap/locations/London/M,london_trade_sitemap,2026-09-05,London A-Z trade/service sitemap.,London
Checkatrade,Metal Roofing Installation,Metal Roofing Installation,Roofing & Guttering,Home & Trades,V2,https://www.checkatrade.com/sitemap/locations/London/M,london_trade_sitemap,2026-09-05,London A-Z trade/service sitemap.,London
Checkatrade,Metal Roofing Repair,Metal Roofing Repair,Roofing & Guttering,Home & Trades,V2,https://www.checkatrade.com/sitemap/locations/London/M,london_trade_sitemap,2026-09-05,London A-Z trade/service sitemap.,London
Checkatrade,Metal Staircases,Metal Staircases,Metal Staircases,Other / Unmapped,V2,https://www.checkatrade.com/sitemap/locations/London/M,london_trade_sitemap,2026-09-05,London A-Z trade/service sitemap.,London
Checkatrade,Metal Works,Metal Works,Metal Works,Other / Unmapped,V2,https://www.checkatrade.com/sitemap/locations/London/M,london_trade_sitemap,2026-09-05,London A-Z trade/service sitemap.,London
Checkatrade,Metalwork / Blacksmith,Metalwork / Blacksmith,Metalwork / Blacksmith,Other / Unmapped,V2,https://www.checkatrade.com/sitemap/locations/London/M,london_trade_sitemap,2026-09-05,London A-Z trade/service sitemap.,London
Checkatrade,Mini / Micro Digger Hire,Mini / Micro Digger Hire,Mini / Micro Digger Hire,Other / Unmapped,V2,https://www.checkatrade.com/sitemap/locations/London/M,london_trade_sitemap,2026-09-05,London A-Z trade/service sitemap.,London
Checkatrade,Mini Bus Hire,Mini Bus Hire,Mini Bus Hire,Other / Unmapped,V2,https://www.checkatrade.com/sitemap/locations/London/M,london_trade_sitemap,2026-09-05,London A-Z trade/service sitemap.,London
Checkatrade,Minibus Taxi,Minibus Taxi,Minibus Taxi,Other / Unmapped,V2,https://www.checkatrade.com/sitemap/locations/London/M,london_trade_sitemap,2026-09-05,London A-Z trade/service sitemap.,London
Checkatrade,Mirrors,Mirrors,Mirrors,Other / Unmapped,V2,https://www.checkatrade.com/sitemap/locations/London/M,london_trade_sitemap,2026-09-05,London A-Z trade/service sitemap.,London
Checkatrade,Miscellaneous Services,Miscellaneous Services,Miscellaneous Services,Other / Unmapped,V2,https://www.checkatrade.com/sitemap/locations/London/M,london_trade_sitemap,2026-09-05,London A-Z trade/service sitemap.,London
Checkatrade,Misted Double Glazing,Misted Double Glazing,Windows & Glazing,Home & Trades,V2,https://www.checkatrade.com/sitemap/locations/London/M,london_trade_sitemap,2026-09-05,London A-Z trade/service sitemap.,London
Checkatrade,Mobile Discos,Mobile Discos,Mobile Discos,Other / Unmapped,V2,https://www.checkatrade.com/sitemap/locations/London/M,london_trade_sitemap,2026-09-05,London A-Z trade/service sitemap.,London
Checkatrade,Mobile Mechanic,Mobile Mechanic,Vehicle Repair,Automotive,V2,https://www.checkatrade.com/sitemap/locations/London/A,london_trade_sitemap,2026-09-05,London A-Z trade/service sitemap.,London
Checkatrade,Mobile Phone Repairs,Mobile Phone Repairs,Phone & Device Repair,Repair Services,V2,https://www.checkatrade.com/sitemap/locations/London/M,london_trade_sitemap,2026-09-05,London A-Z trade/service sitemap.,London
Checkatrade,Mobile Tyre Fitting,Mobile Tyre Fitting,Tyre Services,Automotive,V2,https://www.checkatrade.com/sitemap/locations/London/M,london_trade_sitemap,2026-09-05,London A-Z trade/service sitemap.,London
Checkatrade,Mobile Welding,Mobile Welding,Mobile Welding,Other / Unmapped,V2,https://www.checkatrade.com/sitemap/locations/London/M,london_trade_sitemap,2026-09-05,London A-Z trade/service sitemap.,London
Checkatrade,Mobility,Mobility,Mobility,Other / Unmapped,V2,https://www.checkatrade.com/sitemap/locations/London/M,london_trade_sitemap,2026-09-05,London A-Z trade/service sitemap.,London
Checkatrade,Mobility Adaptions,Mobility Adaptions,Mobility Adaptions,Other / Unmapped,V2,https://www.checkatrade.com/sitemap/locations/London/M,london_trade_sitemap,2026-09-05,London A-Z trade/service sitemap.,London
Checkatrade,Mobility Aids,Mobility Aids,Mobility Aids,Other / Unmapped,V2,https://www.checkatrade.com/sitemap/locations/London/M,london_trade_sitemap,2026-09-05,London A-Z trade/service sitemap.,London
Checkatrade,Mobility Furniture,Mobility Furniture,Mobility Furniture,Other / Unmapped,V2,https://www.checkatrade.com/sitemap/locations/London/M,london_trade_sitemap,2026-09-05,London A-Z trade/service sitemap.,London
Checkatrade,Mobility Scooter Repair,Mobility Scooter Repair,Mobility Scooter Repair,Other / Unmapped,V2,https://www.checkatrade.com/sitemap/locations/London/M,london_trade_sitemap,2026-09-05,London A-Z trade/service sitemap.,London
Checkatrade,Mobility Scooters,Mobility Scooters,Mobility Scooters,Other / Unmapped,V2,https://www.checkatrade.com/sitemap/locations/London/M,london_trade_sitemap,2026-09-05,London A-Z trade/service sitemap.,London
Checkatrade,Monocouche Rendering,Monocouche Rendering,Plastering & Rendering,Home & Trades,V2,https://www.checkatrade.com/sitemap/locations/London/M,london_trade_sitemap,2026-09-05,London A-Z trade/service sitemap.,London
Checkatrade,Mosaic Tiles,Mosaic Tiles,Mosaic Tiles,Other / Unmapped,V2,https://www.checkatrade.com/sitemap/locations/London/M,london_trade_sitemap,2026-09-05,London A-Z trade/service sitemap.,London
Checkatrade,Moss Removal,Moss Removal,Removals & Moving,Cleaning & Household,V2,https://www.checkatrade.com/sitemap/locations/London/M,london_trade_sitemap,2026-09-05,London A-Z trade/service sitemap.,London
Checkatrade,Moss Removal Service,Moss Removal Service,Removals & Moving,Cleaning & Household,V2,https://www.checkatrade.com/sitemap/locations/London/M,london_trade_sitemap,2026-09-05,London A-Z trade/service sitemap.,London
Checkatrade,Motor Home Sales,Motor Home Sales,Motor Home Sales,Other / Unmapped,V2,https://www.checkatrade.com/sitemap/locations/London/M,london_trade_sitemap,2026-09-05,London A-Z trade/service sitemap.,London
Checkatrade,Motor Home Servicing / Leisure Accessories,Motor Home Servicing / Leisure Accessories,Motor Home Servicing / Leisure Accessories,Other / Unmapped,V2,https://www.checkatrade.com/sitemap/locations/London/M,london_trade_sitemap,2026-09-05,London A-Z trade/service sitemap.,London
Checkatrade,Motor Homes,Motor Homes,Motor Homes,Other / Unmapped,V2,https://www.checkatrade.com/sitemap/locations/London/M,london_trade_sitemap,2026-09-05,London A-Z trade/service sitemap.,London
Checkatrade,Motorcycle MOTs,Motorcycle MOTs,Motorcycle Services,Automotive,V2,https://www.checkatrade.com/sitemap/locations/London/M,london_trade_sitemap,2026-09-05,London A-Z trade/service sitemap.,London
Checkatrade,Motorcycle Sales,Motorcycle Sales,Motorcycle Services,Automotive,V2,https://www.checkatrade.com/sitemap/locations/London/M,london_trade_sitemap,2026-09-05,London A-Z trade/service sitemap.,London
Checkatrade,Motorcycle Services,Motorcycle Services,Motorcycle Services,Automotive,V2,https://www.checkatrade.com/sitemap/locations/London/M,london_trade_sitemap,2026-09-05,London A-Z trade/service sitemap.,London
Checkatrade,Motorcycle Tyres,Motorcycle Tyres,Tyre Services,Automotive,V2,https://www.checkatrade.com/sitemap/locations/London/M,london_trade_sitemap,2026-09-05,London A-Z trade/service sitemap.,London
Checkatrade,Mould Control,Mould Control,Damp & Waterproofing,Home & Trades,V2,https://www.checkatrade.com/sitemap/locations/London/M,london_trade_sitemap,2026-09-05,London A-Z trade/service sitemap.,London
Checkatrade,Mulching,Mulching,Mulching,Other / Unmapped,V2,https://www.checkatrade.com/sitemap/locations/London/M,london_trade_sitemap,2026-09-05,London A-Z trade/service sitemap.,London
Checkatrade,Natural Stone Tiles,Natural Stone Tiles,Natural Stone Tiles,Other / Unmapped,V2,https://www.checkatrade.com/sitemap/locations/London/N,london_trade_sitemap,2026-09-05,London A-Z trade/service sitemap.,London
Checkatrade,Network Administration,Network Administration,Network Administration,Other / Unmapped,V2,https://www.checkatrade.com/sitemap/locations/London/N,london_trade_sitemap,2026-09-05,London A-Z trade/service sitemap.,London
Checkatrade,Network Cabling,Network Cabling,Network Cabling,Other / Unmapped,V2,https://www.checkatrade.com/sitemap/locations/London/N,london_trade_sitemap,2026-09-05,London A-Z trade/service sitemap.,London
Checkatrade,Network Installation,Network Installation,Network Installation,Other / Unmapped,V2,https://www.checkatrade.com/sitemap/locations/London/N,london_trade_sitemap,2026-09-05,London A-Z trade/service sitemap.,London
Checkatrade,Network Support,Network Support,Network Support,Other / Unmapped,V2,https://www.checkatrade.com/sitemap/locations/London/N,london_trade_sitemap,2026-09-05,London A-Z trade/service sitemap.,London
Checkatrade,New Bathroom Cost,New Bathroom Cost,Bathroom Services,Home & Trades,V2,https://www.checkatrade.com/sitemap/locations/London/A,london_trade_sitemap,2026-09-05,London A-Z trade/service sitemap.,London
Checkatrade,New Boiler Cost,New Boiler Cost,Heating & Boiler Services,Home & Trades,V2,https://www.checkatrade.com/sitemap/locations/London/A,london_trade_sitemap,2026-09-05,London A-Z trade/service sitemap.,London
Checkatrade,New Builds,New Builds,Building & Construction,Home & Trades,V2,https://www.checkatrade.com/sitemap/locations/London/N,london_trade_sitemap,2026-09-05,London A-Z trade/service sitemap.,London
Checkatrade,Office Cleaning,Office Cleaning,Cleaning,Cleaning & Household,V2,https://www.checkatrade.com/sitemap/locations/London/O,london_trade_sitemap,2026-09-05,London A-Z trade/service sitemap.,London
Checkatrade,Office Clearance,Office Clearance,Office Clearance,Other / Unmapped,V2,https://www.checkatrade.com/sitemap/locations/London/O,london_trade_sitemap,2026-09-05,London A-Z trade/service sitemap.,London
Checkatrade,Oil Boiler Installation,Oil Boiler Installation,Heating & Boiler Services,Home & Trades,V2,https://www.checkatrade.com/sitemap/locations/London/O,london_trade_sitemap,2026-09-05,London A-Z trade/service sitemap.,London
Checkatrade,Oil Boiler Replacement,Oil Boiler Replacement,Heating & Boiler Services,Home & Trades,V2,https://www.checkatrade.com/sitemap/locations/London/O,london_trade_sitemap,2026-09-05,London A-Z trade/service sitemap.,London
Checkatrade,Oil Central Heating Engineers,Oil Central Heating Engineers,Heating & Boiler Services,Home & Trades,V2,https://www.checkatrade.com/sitemap/locations/London/O,london_trade_sitemap,2026-09-05,London A-Z trade/service sitemap.,London
Checkatrade,Oil Central Heating Installation,Oil Central Heating Installation,Heating & Boiler Services,Home & Trades,V2,https://www.checkatrade.com/sitemap/locations/London/O,london_trade_sitemap,2026-09-05,London A-Z trade/service sitemap.,London
Checkatrade,Oil Central Heating Servicing / Repair,Oil Central Heating Servicing / Repair,Heating & Boiler Services,Home & Trades,V2,https://www.checkatrade.com/sitemap/locations/London/O,london_trade_sitemap,2026-09-05,London A-Z trade/service sitemap.,London
Checkatrade,Oil Tank Emptying Service,Oil Tank Emptying Service,Oil Tank Emptying Service,Other / Unmapped,V2,https://www.checkatrade.com/sitemap/locations/London/O,london_trade_sitemap,2026-09-05,London A-Z trade/service sitemap.,London
Checkatrade,Oil Tank Installation,Oil Tank Installation,Oil Tank Installation,Other / Unmapped,V2,https://www.checkatrade.com/sitemap/locations/London/O,london_trade_sitemap,2026-09-05,London A-Z trade/service sitemap.,London
Checkatrade,Oil Tank Removal,Oil Tank Removal,Removals & Moving,Cleaning & Household,V2,https://www.checkatrade.com/sitemap/locations/London/O,london_trade_sitemap,2026-09-05,London A-Z trade/service sitemap.,London
Checkatrade,Oil Tank Repair,Oil Tank Repair,Oil Tank Repair,Other / Unmapped,V2,https://www.checkatrade.com/sitemap/locations/London/O,london_trade_sitemap,2026-09-05,London A-Z trade/service sitemap.,London
Checkatrade,Oil Tank Servicing,Oil Tank Servicing,Oil Tank Servicing,Other / Unmapped,V2,https://www.checkatrade.com/sitemap/locations/London/O,london_trade_sitemap,2026-09-05,London A-Z trade/service sitemap.,London
Checkatrade,Online Interior Design,Online Interior Design,Interior Design,Professional Services,V2,https://www.checkatrade.com/sitemap/locations/London/O,london_trade_sitemap,2026-09-05,London A-Z trade/service sitemap.,London
Checkatrade,Orangeries,Orangeries,Orangeries,Other / Unmapped,V2,https://www.checkatrade.com/sitemap/locations/London/O,london_trade_sitemap,2026-09-05,London A-Z trade/service sitemap.,London
Checkatrade,Organic Cleaning,Organic Cleaning,Cleaning,Cleaning & Household,V2,https://www.checkatrade.com/sitemap/locations/London/O,london_trade_sitemap,2026-09-05,London A-Z trade/service sitemap.,London
Checkatrade,Outbuilding,Outbuilding,Outbuilding,Other / Unmapped,V2,https://www.checkatrade.com/sitemap/locations/London/O,london_trade_sitemap,2026-09-05,London A-Z trade/service sitemap.,London
Checkatrade,Oven Cleaning,Oven Cleaning,Cleaning,Cleaning & Household,V2,https://www.checkatrade.com/sitemap/locations/London/O,london_trade_sitemap,2026-09-05,London A-Z trade/service sitemap.,London
Checkatrade,Overview,Overview,Overview,Other / Unmapped,V1,https://join.checkatrade.com/what-you-get/,public_category_page,2026-08-22,Checkatrade public category/onboarding page.,
Checkatrade,PC Repairs,PC Repairs,Computer Repair,Repair Services,V2,https://www.checkatrade.com/sitemap/locations/London/P,london_trade_sitemap,2026-09-05,London A-Z trade/service sitemap.,London
Checkatrade,Packaging service,Packaging service,Packaging service,Other / Unmapped,V2,https://www.checkatrade.com/sitemap/locations/London/P,london_trade_sitemap,2026-09-05,London A-Z trade/service sitemap.,London
Checkatrade,Paint Sprayer,Paint Sprayer,Painting & Decorating,Home & Trades,V2,https://www.checkatrade.com/sitemap/locations/London/P,london_trade_sitemap,2026-09-05,London A-Z trade/service sitemap.,London
Checkatrade,Painter / Decorator,Painter / Decorator,Painting & Decorating,Home & Trades,V2,https://www.checkatrade.com/sitemap/locations/London/P,london_trade_sitemap,2026-09-05,London A-Z trade/service sitemap.,London
Checkatrade,Painter Decorator,Painter Decorator,Painting & Decorating,Home & Trades,V2,https://www.checkatrade.com/sitemap/locations/London/A,london_trade_sitemap,2026-09-05,London A-Z trade/service sitemap.,London
Checkatrade,Painters and Decorators London,Painters and Decorators London,Painting & Decorating,Home & Trades,V2,https://www.checkatrade.com/sitemap/locations/London/A,london_trade_sitemap,2026-09-05,London A-Z trade/service sitemap.,London
Checkatrade,Painting / Decorating,Painting / Decorating,Painting & Decorating,Home & Trades,V2,https://www.checkatrade.com/sitemap/locations/London/P,london_trade_sitemap,2026-09-05,London A-Z trade/service sitemap.,London
Checkatrade,Painting Kitchen Cabinets,Painting Kitchen Cabinets,Painting & Decorating,Home & Trades,V2,https://www.checkatrade.com/sitemap/locations/London/P,london_trade_sitemap,2026-09-05,London A-Z trade/service sitemap.,London
Checkatrade,Painting and Decorating Prices,Painting and Decorating Prices,Painting & Decorating,Home & Trades,V2,https://www.checkatrade.com/sitemap/locations/London/A,london_trade_sitemap,2026-09-05,London A-Z trade/service sitemap.,London
Checkatrade,Panel Fencing,Panel Fencing,Fencing & Gates,Home & Trades,V2,https://www.checkatrade.com/sitemap/locations/London/P,london_trade_sitemap,2026-09-05,London A-Z trade/service sitemap.,London
Checkatrade,Parquet Flooring,Parquet Flooring,Flooring,Home & Trades,V2,https://www.checkatrade.com/sitemap/locations/London/P,london_trade_sitemap,2026-09-05,London A-Z trade/service sitemap.,London
Checkatrade,Partition Walls,Partition Walls,Partition Walls,Other / Unmapped,V2,https://www.checkatrade.com/sitemap/locations/London/P,london_trade_sitemap,2026-09-05,London A-Z trade/service sitemap.,London
Checkatrade,Party Wall Matters,Party Wall Matters,Party Wall Matters,Other / Unmapped,V2,https://www.checkatrade.com/sitemap/locations/London/P,london_trade_sitemap,2026-09-05,London A-Z trade/service sitemap.,London
Checkatrade,Patio Doors Installation,Patio Doors Installation,Doors & Door Services,Home & Trades,V2,https://www.checkatrade.com/sitemap/locations/London/P,london_trade_sitemap,2026-09-05,London A-Z trade/service sitemap.,London
Checkatrade,Patio Doors Repair,Patio Doors Repair,Doors & Door Services,Home & Trades,V2,https://www.checkatrade.com/sitemap/locations/London/P,london_trade_sitemap,2026-09-05,London A-Z trade/service sitemap.,London
Checkatrade,Patio Laying Cost,Patio Laying Cost,Driveways & Paving,Home & Trades,V2,https://www.checkatrade.com/sitemap/locations/London/A,london_trade_sitemap,2026-09-05,London A-Z trade/service sitemap.,London
Checkatrade,Patios / Paving,Patios / Paving,Driveways & Paving,Home & Trades,V2,https://www.checkatrade.com/sitemap/locations/London/P,london_trade_sitemap,2026-09-05,London A-Z trade/service sitemap.,London
Checkatrade,Patterned Imprinted Concrete,Patterned Imprinted Concrete,Patterned Imprinted Concrete,Other / Unmapped,V2,https://www.checkatrade.com/sitemap/locations/London/P,london_trade_sitemap,2026-09-05,London A-Z trade/service sitemap.,London
Checkatrade,Pebble Dashing / Rough Casting,Pebble Dashing / Rough Casting,Pebble Dashing / Rough Casting,Other / Unmapped,V2,https://www.checkatrade.com/sitemap/locations/London/P,london_trade_sitemap,2026-09-05,London A-Z trade/service sitemap.,London
Checkatrade,Penetrating Damp Treatment,Penetrating Damp Treatment,Damp & Waterproofing,Home & Trades,V2,https://www.checkatrade.com/sitemap/locations/London/P,london_trade_sitemap,2026-09-05,London A-Z trade/service sitemap.,London
Checkatrade,Performance Tuning,Performance Tuning,Performance Tuning,Other / Unmapped,V2,https://www.checkatrade.com/sitemap/locations/London/P,london_trade_sitemap,2026-09-05,London A-Z trade/service sitemap.,London
Checkatrade,Period Property Restoration,Period Property Restoration,Period Property Restoration,Other / Unmapped,V2,https://www.checkatrade.com/sitemap/locations/London/P,london_trade_sitemap,2026-09-05,London A-Z trade/service sitemap.,London
Checkatrade,Perks,Perks,Perks,Other / Unmapped,V1,https://join.checkatrade.com/what-you-get/,public_category_page,2026-08-22,Checkatrade public category/onboarding page.,
Checkatrade,Permeable Paving,Permeable Paving,Driveways & Paving,Home & Trades,V2,https://www.checkatrade.com/sitemap/locations/London/P,london_trade_sitemap,2026-09-05,London A-Z trade/service sitemap.,London
Checkatrade,Pest / Vermin Control,Pest / Vermin Control,Pest Control,Home & Trades,V2,https://www.checkatrade.com/sitemap/locations/London/P,london_trade_sitemap,2026-09-05,London A-Z trade/service sitemap.,London
Checkatrade,Piano Removals,Piano Removals,Removals & Moving,Cleaning & Household,V2,https://www.checkatrade.com/sitemap/locations/London/P,london_trade_sitemap,2026-09-05,London A-Z trade/service sitemap.,London
Checkatrade,Picket Fencing,Picket Fencing,Fencing & Gates,Home & Trades,V2,https://www.checkatrade.com/sitemap/locations/London/P,london_trade_sitemap,2026-09-05,London A-Z trade/service sitemap.,London
Checkatrade,Piling,Piling,Piling,Other / Unmapped,V2,https://www.checkatrade.com/sitemap/locations/London/P,london_trade_sitemap,2026-09-05,London A-Z trade/service sitemap.,London
Checkatrade,Pipe Fitter,Pipe Fitter,Pipe Fitter,Other / Unmapped,V2,https://www.checkatrade.com/sitemap/locations/London/P,london_trade_sitemap,2026-09-05,London A-Z trade/service sitemap.,London
Checkatrade,Pitched Roofing Installation,Pitched Roofing Installation,Roofing & Guttering,Home & Trades,V2,https://www.checkatrade.com/sitemap/locations/London/P,london_trade_sitemap,2026-09-05,London A-Z trade/service sitemap.,London
Checkatrade,Pitched Roofing Repair,Pitched Roofing Repair,Roofing & Guttering,Home & Trades,V2,https://www.checkatrade.com/sitemap/locations/London/P,london_trade_sitemap,2026-09-05,London A-Z trade/service sitemap.,London
Checkatrade,Plain Tiles,Plain Tiles,Plain Tiles,Other / Unmapped,V2,https://www.checkatrade.com/sitemap/locations/London/P,london_trade_sitemap,2026-09-05,London A-Z trade/service sitemap.,London
Checkatrade,Planning / Design,Planning / Design,Planning / Design,Other / Unmapped,V2,https://www.checkatrade.com/sitemap/locations/London/P,london_trade_sitemap,2026-09-05,London A-Z trade/service sitemap.,London
Checkatrade,Planning Consultants,Planning Consultants,Planning Consultants,Other / Unmapped,V2,https://www.checkatrade.com/sitemap/locations/London/P,london_trade_sitemap,2026-09-05,London A-Z trade/service sitemap.,London
Checkatrade,Plant Hire / Sales,Plant Hire / Sales,Plant Hire / Sales,Other / Unmapped,V2,https://www.checkatrade.com/sitemap/locations/London/P,london_trade_sitemap,2026-09-05,London A-Z trade/service sitemap.,London
Checkatrade,Plantation Shutters,Plantation Shutters,Plantation Shutters,Other / Unmapped,V2,https://www.checkatrade.com/sitemap/locations/London/P,london_trade_sitemap,2026-09-05,London A-Z trade/service sitemap.,London
Checkatrade,Plaster Mouldings,Plaster Mouldings,Plastering & Rendering,Home & Trades,V2,https://www.checkatrade.com/sitemap/locations/London/P,london_trade_sitemap,2026-09-05,London A-Z trade/service sitemap.,London
Checkatrade,Plasterer,Plasterer,Plastering & Rendering,Home & Trades,V2,https://www.checkatrade.com/sitemap/locations/London/P,london_trade_sitemap,2026-09-05,London A-Z trade/service sitemap.,London
Checkatrade,Plasterers,Plasterers,Plastering & Rendering,Home & Trades,V2,https://www.checkatrade.com/sitemap/locations/London/A,london_trade_sitemap,2026-09-05,London A-Z trade/service sitemap.,London
Checkatrade,Plastering,Plastering,Plastering & Rendering,Home & Trades,V2,https://www.checkatrade.com/sitemap/locations/London/P,london_trade_sitemap,2026-09-05,London A-Z trade/service sitemap.,London
Checkatrade,Plastic Canopies,Plastic Canopies,Plastic Canopies,Other / Unmapped,V2,https://www.checkatrade.com/sitemap/locations/London/P,london_trade_sitemap,2026-09-05,London A-Z trade/service sitemap.,London
Checkatrade,Play Areas,Play Areas,Play Areas,Other / Unmapped,V2,https://www.checkatrade.com/sitemap/locations/London/P,london_trade_sitemap,2026-09-05,London A-Z trade/service sitemap.,London
Checkatrade,Plumber,Plumber,Plumbing,Home & Trades,V2,https://www.checkatrade.com/sitemap/locations/London/P,london_trade_sitemap,2026-09-05,London A-Z trade/service sitemap.,London
Checkatrade,Plumbers,Plumbers,Plumbing,Home & Trades,V2,https://www.checkatrade.com/sitemap/locations/London/A,london_trade_sitemap,2026-09-05,London A-Z trade/service sitemap.,London
Checkatrade,Plumbing Merchants,Plumbing Merchants,Plumbing,Home & Trades,V2,https://www.checkatrade.com/sitemap/locations/London/P,london_trade_sitemap,2026-09-05,London A-Z trade/service sitemap.,London
Checkatrade,Plumbing Repairs,Plumbing Repairs,Plumbing,Home & Trades,V2,https://www.checkatrade.com/sitemap/locations/London/P,london_trade_sitemap,2026-09-05,London A-Z trade/service sitemap.,London
Checkatrade,Ply Boarding,Ply Boarding,Ply Boarding,Other / Unmapped,V2,https://www.checkatrade.com/sitemap/locations/London/P,london_trade_sitemap,2026-09-05,London A-Z trade/service sitemap.,London
Checkatrade,Polished Concrete,Polished Concrete,Polished Concrete,Other / Unmapped,V2,https://www.checkatrade.com/sitemap/locations/London/P,london_trade_sitemap,2026-09-05,London A-Z trade/service sitemap.,London
Checkatrade,Polished Plastering,Polished Plastering,Plastering & Rendering,Home & Trades,V2,https://www.checkatrade.com/sitemap/locations/London/P,london_trade_sitemap,2026-09-05,London A-Z trade/service sitemap.,London
Checkatrade,Polycarbonate Roofing Installation,Polycarbonate Roofing Installation,Roofing & Guttering,Home & Trades,V2,https://www.checkatrade.com/sitemap/locations/London/P,london_trade_sitemap,2026-09-05,London A-Z trade/service sitemap.,London
Checkatrade,Polycarbonate Roofing Repair,Polycarbonate Roofing Repair,Roofing & Guttering,Home & Trades,V2,https://www.checkatrade.com/sitemap/locations/London/P,london_trade_sitemap,2026-09-05,London A-Z trade/service sitemap.,London
Checkatrade,Polytunnels,Polytunnels,Polytunnels,Other / Unmapped,V2,https://www.checkatrade.com/sitemap/locations/London/P,london_trade_sitemap,2026-09-05,London A-Z trade/service sitemap.,London
Checkatrade,Pond Construction,Pond Construction,Pond Construction,Other / Unmapped,V2,https://www.checkatrade.com/sitemap/locations/London/P,london_trade_sitemap,2026-09-05,London A-Z trade/service sitemap.,London
Checkatrade,Pond Maintenance / Cleaning,Pond Maintenance / Cleaning,Cleaning,Cleaning & Household,V2,https://www.checkatrade.com/sitemap/locations/London/P,london_trade_sitemap,2026-09-05,London A-Z trade/service sitemap.,London
Checkatrade,Porcelain Tiles,Porcelain Tiles,Porcelain Tiles,Other / Unmapped,V2,https://www.checkatrade.com/sitemap/locations/London/P,london_trade_sitemap,2026-09-05,London A-Z trade/service sitemap.,London
Checkatrade,Porch Installation,Porch Installation,Porch Installation,Other / Unmapped,V2,https://www.checkatrade.com/sitemap/locations/London/P,london_trade_sitemap,2026-09-05,London A-Z trade/service sitemap.,London
Checkatrade,Porches Repair,Porches Repair,Porches Repair,Other / Unmapped,V2,https://www.checkatrade.com/sitemap/locations/London/P,london_trade_sitemap,2026-09-05,London A-Z trade/service sitemap.,London
Checkatrade,Portable Appliance Testing - PAT Testing,Portable Appliance Testing - PAT Testing,Portable Appliance Testing - PAT Testing,Other / Unmapped,V2,https://www.checkatrade.com/sitemap/locations/London/P,london_trade_sitemap,2026-09-05,London A-Z trade/service sitemap.,London
Checkatrade,Portable offices,Portable offices,Portable offices,Other / Unmapped,V2,https://www.checkatrade.com/sitemap/locations/London/P,london_trade_sitemap,2026-09-05,London A-Z trade/service sitemap.,London
Checkatrade,Powder Coating,Powder Coating,Powder Coating,Other / Unmapped,V2,https://www.checkatrade.com/sitemap/locations/London/P,london_trade_sitemap,2026-09-05,London A-Z trade/service sitemap.,London
Checkatrade,Power Flushing,Power Flushing,Power Flushing,Other / Unmapped,V2,https://www.checkatrade.com/sitemap/locations/London/P,london_trade_sitemap,2026-09-05,London A-Z trade/service sitemap.,London
Checkatrade,Printer Repairs,Printer Repairs,Printer Repairs,Other / Unmapped,V2,https://www.checkatrade.com/sitemap/locations/London/P,london_trade_sitemap,2026-09-05,London A-Z trade/service sitemap.,London
Checkatrade,Printing,Printing,Printing,Other / Unmapped,V2,https://www.checkatrade.com/sitemap/locations/London/P,london_trade_sitemap,2026-09-05,London A-Z trade/service sitemap.,London
Checkatrade,Project Management,Project Management,Project Management,Other / Unmapped,V2,https://www.checkatrade.com/sitemap/locations/London/P,london_trade_sitemap,2026-09-05,London A-Z trade/service sitemap.,London
Checkatrade,Property Maintenance / Repair,Property Maintenance / Repair,Property Maintenance / Repair,Other / Unmapped,V2,https://www.checkatrade.com/sitemap/locations/London/P,london_trade_sitemap,2026-09-05,London A-Z trade/service sitemap.,London
Checkatrade,Property Renovation,Property Renovation,Property Renovation,Other / Unmapped,V2,https://www.checkatrade.com/sitemap/locations/London/P,london_trade_sitemap,2026-09-05,London A-Z trade/service sitemap.,London
Checkatrade,Pruning,Pruning,Pruning,Other / Unmapped,V2,https://www.checkatrade.com/sitemap/locations/London/P,london_trade_sitemap,2026-09-05,London A-Z trade/service sitemap.,London
Checkatrade,Purifiers,Purifiers,Purifiers,Other / Unmapped,V2,https://www.checkatrade.com/sitemap/locations/London/P,london_trade_sitemap,2026-09-05,London A-Z trade/service sitemap.,London
Checkatrade,Quantity Surveyor,Quantity Surveyor,Surveying,Professional Services,V2,https://www.checkatrade.com/sitemap/locations/London/Q,london_trade_sitemap,2026-09-05,London A-Z trade/service sitemap.,London
Checkatrade,Quartz Tiling,Quartz Tiling,Tiling,Home & Trades,V2,https://www.checkatrade.com/sitemap/locations/London/Q,london_trade_sitemap,2026-09-05,London A-Z trade/service sitemap.,London
Checkatrade,RICS Condition Report,RICS Condition Report,RICS Condition Report,Other / Unmapped,V2,https://www.checkatrade.com/sitemap/locations/London/R,london_trade_sitemap,2026-09-05,London A-Z trade/service sitemap.,London
Checkatrade,Radiator Covers,Radiator Covers,Heating & Boiler Services,Home & Trades,V2,https://www.checkatrade.com/sitemap/locations/London/R,london_trade_sitemap,2026-09-05,London A-Z trade/service sitemap.,London
Checkatrade,Radiator Installation,Radiator Installation,Heating & Boiler Services,Home & Trades,V2,https://www.checkatrade.com/sitemap/locations/London/R,london_trade_sitemap,2026-09-05,London A-Z trade/service sitemap.,London
Checkatrade,Radiator Repair,Radiator Repair,Heating & Boiler Services,Home & Trades,V2,https://www.checkatrade.com/sitemap/locations/London/R,london_trade_sitemap,2026-09-05,London A-Z trade/service sitemap.,London
Checkatrade,Radiator Thermostat Valve Installation,Radiator Thermostat Valve Installation,Heating & Boiler Services,Home & Trades,V2,https://www.checkatrade.com/sitemap/locations/London/R,london_trade_sitemap,2026-09-05,London A-Z trade/service sitemap.,London
Checkatrade,Radiator Thermostat Valve Repair,Radiator Thermostat Valve Repair,Heating & Boiler Services,Home & Trades,V2,https://www.checkatrade.com/sitemap/locations/London/R,london_trade_sitemap,2026-09-05,London A-Z trade/service sitemap.,London
Checkatrade,Railings,Railings,Railings,Other / Unmapped,V2,https://www.checkatrade.com/sitemap/locations/London/R,london_trade_sitemap,2026-09-05,London A-Z trade/service sitemap.,London
Checkatrade,Rainwater Harvesting,Rainwater Harvesting,Rainwater Harvesting,Other / Unmapped,V2,https://www.checkatrade.com/sitemap/locations/London/R,london_trade_sitemap,2026-09-05,London A-Z trade/service sitemap.,London
Checkatrade,Range Cooker,Range Cooker,Range Cooker,Other / Unmapped,V2,https://www.checkatrade.com/sitemap/locations/London/R,london_trade_sitemap,2026-09-05,London A-Z trade/service sitemap.,London
Checkatrade,Range Cooker Servicing / Repair,Range Cooker Servicing / Repair,Range Cooker Servicing / Repair,Other / Unmapped,V2,https://www.checkatrade.com/sitemap/locations/London/R,london_trade_sitemap,2026-09-05,London A-Z trade/service sitemap.,London
Checkatrade,Rayburn Servicing / Repair,Rayburn Servicing / Repair,Rayburn Servicing / Repair,Other / Unmapped,V2,https://www.checkatrade.com/sitemap/locations/London/R,london_trade_sitemap,2026-09-05,London A-Z trade/service sitemap.,London
Checkatrade,Recycling,Recycling,Recycling,Other / Unmapped,V2,https://www.checkatrade.com/sitemap/locations/London/R,london_trade_sitemap,2026-09-05,London A-Z trade/service sitemap.,London
Checkatrade,Refrigerated Transportation,Refrigerated Transportation,Refrigerated Transportation,Other / Unmapped,V2,https://www.checkatrade.com/sitemap/locations/London/R,london_trade_sitemap,2026-09-05,London A-Z trade/service sitemap.,London
Checkatrade,Refrigeration Services,Refrigeration Services,Refrigeration Services,Other / Unmapped,V2,https://www.checkatrade.com/sitemap/locations/London/R,london_trade_sitemap,2026-09-05,London A-Z trade/service sitemap.,London
Checkatrade,Refurbishments,Refurbishments,Refurbishments,Other / Unmapped,V2,https://www.checkatrade.com/sitemap/locations/London/R,london_trade_sitemap,2026-09-05,London A-Z trade/service sitemap.,London
Checkatrade,Registered Gas Boiler Engineers,Registered Gas Boiler Engineers,Heating & Boiler Services,Home & Trades,V2,https://www.checkatrade.com/sitemap/locations/London/R,london_trade_sitemap,2026-09-05,London A-Z trade/service sitemap.,London
Checkatrade,Removals / Storage,Removals / Storage,Removals & Moving,Cleaning & Household,V2,https://www.checkatrade.com/sitemap/locations/London/R,london_trade_sitemap,2026-09-05,London A-Z trade/service sitemap.,London
Checkatrade,Removals Companies,Removals Companies,Removals & Moving,Cleaning & Household,V2,https://www.checkatrade.com/sitemap/locations/London/A,london_trade_sitemap,2026-09-05,London A-Z trade/service sitemap.,London
Checkatrade,Render Cleaning,Render Cleaning,Plastering & Rendering,Home & Trades,V2,https://www.checkatrade.com/sitemap/locations/London/R,london_trade_sitemap,2026-09-05,London A-Z trade/service sitemap.,London
Checkatrade,Rendering,Rendering,Plastering & Rendering,Home & Trades,V2,https://www.checkatrade.com/sitemap/locations/London/R,london_trade_sitemap,2026-09-05,London A-Z trade/service sitemap.,London
Checkatrade,Renewable Energy,Renewable Energy,Renewable Energy,Other / Unmapped,V2,https://www.checkatrade.com/sitemap/locations/London/R,london_trade_sitemap,2026-09-05,London A-Z trade/service sitemap.,London
Checkatrade,Renovation Specialist,Renovation Specialist,Renovation Specialist,Other / Unmapped,V2,https://www.checkatrade.com/sitemap/locations/London/R,london_trade_sitemap,2026-09-05,London A-Z trade/service sitemap.,London
Checkatrade,Repair and Listed Building Specialist,Repair and Listed Building Specialist,Building & Construction,Home & Trades,V2,https://www.checkatrade.com/sitemap/locations/London/R,london_trade_sitemap,2026-09-05,London A-Z trade/service sitemap.,London
Checkatrade,Replace kitchen cabinets,Replace kitchen cabinets,Kitchen Services,Home & Trades,V2,https://www.checkatrade.com/sitemap/locations/London/R,london_trade_sitemap,2026-09-05,London A-Z trade/service sitemap.,London
Checkatrade,Replacement Doors and Drawers,Replacement Doors and Drawers,Doors & Door Services,Home & Trades,V2,https://www.checkatrade.com/sitemap/locations/London/R,london_trade_sitemap,2026-09-05,London A-Z trade/service sitemap.,London
Checkatrade,Repointing,Repointing,Repointing,Other / Unmapped,V2,https://www.checkatrade.com/sitemap/locations/London/R,london_trade_sitemap,2026-09-05,London A-Z trade/service sitemap.,London
Checkatrade,Residential Grass Cutting,Residential Grass Cutting,Residential Grass Cutting,Other / Unmapped,V2,https://www.checkatrade.com/sitemap/locations/London/R,london_trade_sitemap,2026-09-05,London A-Z trade/service sitemap.,London
Checkatrade,Resin Bond Surfacing,Resin Bond Surfacing,Resin Bond Surfacing,Other / Unmapped,V2,https://www.checkatrade.com/sitemap/locations/London/R,london_trade_sitemap,2026-09-05,London A-Z trade/service sitemap.,London
Checkatrade,Resin Bound Surfacing,Resin Bound Surfacing,Resin Bound Surfacing,Other / Unmapped,V2,https://www.checkatrade.com/sitemap/locations/London/R,london_trade_sitemap,2026-09-05,London A-Z trade/service sitemap.,London
Checkatrade,Resin Flooring,Resin Flooring,Flooring,Home & Trades,V2,https://www.checkatrade.com/sitemap/locations/London/R,london_trade_sitemap,2026-09-05,London A-Z trade/service sitemap.,London
Checkatrade,Restoration,Restoration,Restoration,Other / Unmapped,V2,https://www.checkatrade.com/sitemap/locations/London/R,london_trade_sitemap,2026-09-05,London A-Z trade/service sitemap.,London
Checkatrade,Reviewed Tradespeople,Reviewed Tradespeople,Reviewed Tradespeople,Other / Unmapped,V2,https://www.checkatrade.com/sitemap/locations/London/A,london_trade_sitemap,2026-09-05,London A-Z trade/service sitemap.,London
Checkatrade,Ridged Tiles Installation,Ridged Tiles Installation,Ridged Tiles Installation,Other / Unmapped,V2,https://www.checkatrade.com/sitemap/locations/London/R,london_trade_sitemap,2026-09-05,London A-Z trade/service sitemap.,London
Checkatrade,Ridged Tiles Repair,Ridged Tiles Repair,Ridged Tiles Repair,Other / Unmapped,V2,https://www.checkatrade.com/sitemap/locations/London/R,london_trade_sitemap,2026-09-05,London A-Z trade/service sitemap.,London
Checkatrade,Rise & Recline Chairs,Rise & Recline Chairs,Rise & Recline Chairs,Other / Unmapped,V2,https://www.checkatrade.com/sitemap/locations/London/R,london_trade_sitemap,2026-09-05,London A-Z trade/service sitemap.,London
Checkatrade,Rising Damp,Rising Damp,Damp & Waterproofing,Home & Trades,V2,https://www.checkatrade.com/sitemap/locations/London/R,london_trade_sitemap,2026-09-05,London A-Z trade/service sitemap.,London
Checkatrade,Road Markings,Road Markings,Road Markings,Other / Unmapped,V2,https://www.checkatrade.com/sitemap/locations/London/R,london_trade_sitemap,2026-09-05,London A-Z trade/service sitemap.,London
Checkatrade,Roller Shutters,Roller Shutters,Roller Shutters,Other / Unmapped,V2,https://www.checkatrade.com/sitemap/locations/London/R,london_trade_sitemap,2026-09-05,London A-Z trade/service sitemap.,London
Checkatrade,Roof Blinds,Roof Blinds,Roofing & Guttering,Home & Trades,V2,https://www.checkatrade.com/sitemap/locations/London/R,london_trade_sitemap,2026-09-05,London A-Z trade/service sitemap.,London
Checkatrade,Roof Cleaning,Roof Cleaning,Roofing & Guttering,Home & Trades,V2,https://www.checkatrade.com/sitemap/locations/London/R,london_trade_sitemap,2026-09-05,London A-Z trade/service sitemap.,London
Checkatrade,Roof Coatings,Roof Coatings,Roofing & Guttering,Home & Trades,V2,https://www.checkatrade.com/sitemap/locations/London/R,london_trade_sitemap,2026-09-05,London A-Z trade/service sitemap.,London
Checkatrade,Roof Gardens,Roof Gardens,Roofing & Guttering,Home & Trades,V2,https://www.checkatrade.com/sitemap/locations/London/R,london_trade_sitemap,2026-09-05,London A-Z trade/service sitemap.,London
Checkatrade,Roof Inspection Report,Roof Inspection Report,Roofing & Guttering,Home & Trades,V2,https://www.checkatrade.com/sitemap/locations/London/R,london_trade_sitemap,2026-09-05,London A-Z trade/service sitemap.,London
Checkatrade,Roof Joist Insulation,Roof Joist Insulation,Roofing & Guttering,Home & Trades,V2,https://www.checkatrade.com/sitemap/locations/London/R,london_trade_sitemap,2026-09-05,London A-Z trade/service sitemap.,London
Checkatrade,Roof Leak Repair,Roof Leak Repair,Roofing & Guttering,Home & Trades,V2,https://www.checkatrade.com/sitemap/locations/London/A,london_trade_sitemap,2026-09-05,London A-Z trade/service sitemap.,London
Checkatrade,Roof Lights Installation,Roof Lights Installation,Roofing & Guttering,Home & Trades,V2,https://www.checkatrade.com/sitemap/locations/London/R,london_trade_sitemap,2026-09-05,London A-Z trade/service sitemap.,London
Checkatrade,Roof Lights Repair,Roof Lights Repair,Roofing & Guttering,Home & Trades,V2,https://www.checkatrade.com/sitemap/locations/London/R,london_trade_sitemap,2026-09-05,London A-Z trade/service sitemap.,London
Checkatrade,Roof Rafter Insulation,Roof Rafter Insulation,Roofing & Guttering,Home & Trades,V2,https://www.checkatrade.com/sitemap/locations/London/R,london_trade_sitemap,2026-09-05,London A-Z trade/service sitemap.,London
Checkatrade,Roof Replacement,Roof Replacement,Roofing & Guttering,Home & Trades,V2,https://www.checkatrade.com/sitemap/locations/London/R,london_trade_sitemap,2026-09-05,London A-Z trade/service sitemap.,London
Checkatrade,Roof Replacement Cost,Roof Replacement Cost,Roofing & Guttering,Home & Trades,V2,https://www.checkatrade.com/sitemap/locations/London/A,london_trade_sitemap,2026-09-05,London A-Z trade/service sitemap.,London
Checkatrade,Roof Windows Installation,Roof Windows Installation,Roofing & Guttering,Home & Trades,V2,https://www.checkatrade.com/sitemap/locations/London/R,london_trade_sitemap,2026-09-05,London A-Z trade/service sitemap.,London
Checkatrade,Roof Windows Repair,Roof Windows Repair,Roofing & Guttering,Home & Trades,V2,https://www.checkatrade.com/sitemap/locations/London/R,london_trade_sitemap,2026-09-05,London A-Z trade/service sitemap.,London
Checkatrade,Roofer,Roofer,Roofing & Guttering,Home & Trades,V2,https://www.checkatrade.com/sitemap/locations/London/R,london_trade_sitemap,2026-09-05,London A-Z trade/service sitemap.,London
Checkatrade,Roofers,Roofers,Roofing & Guttering,Home & Trades,V2,https://www.checkatrade.com/sitemap/locations/London/A,london_trade_sitemap,2026-09-05,London A-Z trade/service sitemap.,London
Checkatrade,Roofing Repairs,Roofing Repairs,Roofing & Guttering,Home & Trades,V2,https://www.checkatrade.com/sitemap/locations/London/R,london_trade_sitemap,2026-09-05,London A-Z trade/service sitemap.,London
Checkatrade,Rsj Beam,Rsj Beam,Rsj Beam,Other / Unmapped,V2,https://www.checkatrade.com/sitemap/locations/London/R,london_trade_sitemap,2026-09-05,London A-Z trade/service sitemap.,London
Checkatrade,Rubber Roofing Installation,Rubber Roofing Installation,Roofing & Guttering,Home & Trades,V2,https://www.checkatrade.com/sitemap/locations/London/R,london_trade_sitemap,2026-09-05,London A-Z trade/service sitemap.,London
Checkatrade,Rubber Roofing Repair,Rubber Roofing Repair,Roofing & Guttering,Home & Trades,V2,https://www.checkatrade.com/sitemap/locations/London/R,london_trade_sitemap,2026-09-05,London A-Z trade/service sitemap.,London
Checkatrade,Rubbish / Waste / Clearance,Rubbish / Waste / Clearance,Rubbish Removal,Cleaning & Household,V2,https://www.checkatrade.com/sitemap/locations/London/R,london_trade_sitemap,2026-09-05,London A-Z trade/service sitemap.,London
Checkatrade,Rug Cleaning,Rug Cleaning,Cleaning,Cleaning & Household,V2,https://www.checkatrade.com/sitemap/locations/London/R,london_trade_sitemap,2026-09-05,London A-Z trade/service sitemap.,London
Checkatrade,Safe Locks,Safe Locks,Safe Locks,Other / Unmapped,V2,https://www.checkatrade.com/sitemap/locations/London/S,london_trade_sitemap,2026-09-05,London A-Z trade/service sitemap.,London
Checkatrade,Safes,Safes,Safes,Other / Unmapped,V2,https://www.checkatrade.com/sitemap/locations/London/S,london_trade_sitemap,2026-09-05,London A-Z trade/service sitemap.,London
Checkatrade,Safety Flooring,Safety Flooring,Flooring,Home & Trades,V2,https://www.checkatrade.com/sitemap/locations/London/S,london_trade_sitemap,2026-09-05,London A-Z trade/service sitemap.,London
Checkatrade,Sail Shades,Sail Shades,Sail Shades,Other / Unmapped,V2,https://www.checkatrade.com/sitemap/locations/London/S,london_trade_sitemap,2026-09-05,London A-Z trade/service sitemap.,London
Checkatrade,Salvage,Salvage,Salvage,Other / Unmapped,V2,https://www.checkatrade.com/sitemap/locations/London/S,london_trade_sitemap,2026-09-05,London A-Z trade/service sitemap.,London
Checkatrade,Satellite Broadband Services,Satellite Broadband Services,Aerial & Satellite Services,Home & Trades,V2,https://www.checkatrade.com/sitemap/locations/London/S,london_trade_sitemap,2026-09-05,London A-Z trade/service sitemap.,London
Checkatrade,Scaffold Alarms,Scaffold Alarms,Security Systems,Home & Trades,V2,https://www.checkatrade.com/sitemap/locations/London/S,london_trade_sitemap,2026-09-05,London A-Z trade/service sitemap.,London
Checkatrade,Scaffolder,Scaffolder,Scaffolding,Home & Trades,V2,https://www.checkatrade.com/sitemap/locations/London/S,london_trade_sitemap,2026-09-05,London A-Z trade/service sitemap.,London
Checkatrade,Scaffolding Hire,Scaffolding Hire,Scaffolding,Home & Trades,V2,https://www.checkatrade.com/sitemap/locations/London/S,london_trade_sitemap,2026-09-05,London A-Z trade/service sitemap.,London
Checkatrade,Scarification,Scarification,Scarification,Other / Unmapped,V2,https://www.checkatrade.com/sitemap/locations/London/S,london_trade_sitemap,2026-09-05,London A-Z trade/service sitemap.,London
Checkatrade,Scooter MOTs,Scooter MOTs,Scooter MOTs,Other / Unmapped,V2,https://www.checkatrade.com/sitemap/locations/London/S,london_trade_sitemap,2026-09-05,London A-Z trade/service sitemap.,London
Checkatrade,Scooter Services,Scooter Services,Scooter Services,Other / Unmapped,V2,https://www.checkatrade.com/sitemap/locations/London/S,london_trade_sitemap,2026-09-05,London A-Z trade/service sitemap.,London
Checkatrade,Scooter Tyres,Scooter Tyres,Tyre Services,Automotive,V2,https://www.checkatrade.com/sitemap/locations/London/S,london_trade_sitemap,2026-09-05,London A-Z trade/service sitemap.,London
Checkatrade,Scrap Cars,Scrap Cars,Scrap Cars,Other / Unmapped,V2,https://www.checkatrade.com/sitemap/locations/London/S,london_trade_sitemap,2026-09-05,London A-Z trade/service sitemap.,London
Checkatrade,Scrap Metal,Scrap Metal,Scrap Metal,Other / Unmapped,V2,https://www.checkatrade.com/sitemap/locations/London/S,london_trade_sitemap,2026-09-05,London A-Z trade/service sitemap.,London
Checkatrade,Scratch Repair,Scratch Repair,Scratch Repair,Other / Unmapped,V2,https://www.checkatrade.com/sitemap/locations/London/S,london_trade_sitemap,2026-09-05,London A-Z trade/service sitemap.,London
Checkatrade,Screeding,Screeding,Screeding,Other / Unmapped,V2,https://www.checkatrade.com/sitemap/locations/London/S,london_trade_sitemap,2026-09-05,London A-Z trade/service sitemap.,London
Checkatrade,Sealoflex Roofing Installation,Sealoflex Roofing Installation,Roofing & Guttering,Home & Trades,V2,https://www.checkatrade.com/sitemap/locations/London/S,london_trade_sitemap,2026-09-05,London A-Z trade/service sitemap.,London
Checkatrade,Sealoflex Roofing Repair,Sealoflex Roofing Repair,Roofing & Guttering,Home & Trades,V2,https://www.checkatrade.com/sitemap/locations/London/S,london_trade_sitemap,2026-09-05,London A-Z trade/service sitemap.,London
Checkatrade,Secondary Glazing,Secondary Glazing,Secondary Glazing,Other / Unmapped,V2,https://www.checkatrade.com/sitemap/locations/London/S,london_trade_sitemap,2026-09-05,London A-Z trade/service sitemap.,London
Checkatrade,Security Assessment,Security Assessment,Security Systems,Home & Trades,V2,https://www.checkatrade.com/sitemap/locations/London/S,london_trade_sitemap,2026-09-05,London A-Z trade/service sitemap.,London
Checkatrade,Security Barriers,Security Barriers,Security Systems,Home & Trades,V2,https://www.checkatrade.com/sitemap/locations/London/S,london_trade_sitemap,2026-09-05,London A-Z trade/service sitemap.,London
Checkatrade,Security Door Locks,Security Door Locks,Doors & Door Services,Home & Trades,V2,https://www.checkatrade.com/sitemap/locations/London/S,london_trade_sitemap,2026-09-05,London A-Z trade/service sitemap.,London
Checkatrade,Security Fencing,Security Fencing,Fencing & Gates,Home & Trades,V2,https://www.checkatrade.com/sitemap/locations/London/S,london_trade_sitemap,2026-09-05,London A-Z trade/service sitemap.,London
Checkatrade,Security Shutters / Grilles,Security Shutters / Grilles,Security Systems,Home & Trades,V2,https://www.checkatrade.com/sitemap/locations/London/S,london_trade_sitemap,2026-09-05,London A-Z trade/service sitemap.,London
Checkatrade,Security Solutions / Access Control,Security Solutions / Access Control,Security Systems,Home & Trades,V2,https://www.checkatrade.com/sitemap/locations/London/S,london_trade_sitemap,2026-09-05,London A-Z trade/service sitemap.,London
Checkatrade,Sensory Gardens,Sensory Gardens,Gardening & Landscaping,Home & Trades,V2,https://www.checkatrade.com/sitemap/locations/London/S,london_trade_sitemap,2026-09-05,London A-Z trade/service sitemap.,London
Checkatrade,Septic Tank Emptying,Septic Tank Emptying,Septic Tank Emptying,Other / Unmapped,V2,https://www.checkatrade.com/sitemap/locations/London/S,london_trade_sitemap,2026-09-05,London A-Z trade/service sitemap.,London
Checkatrade,Septic Tank Installation,Septic Tank Installation,Septic Tank Installation,Other / Unmapped,V2,https://www.checkatrade.com/sitemap/locations/London/S,london_trade_sitemap,2026-09-05,London A-Z trade/service sitemap.,London
Checkatrade,Septic Tank Repair,Septic Tank Repair,Septic Tank Repair,Other / Unmapped,V2,https://www.checkatrade.com/sitemap/locations/London/S,london_trade_sitemap,2026-09-05,London A-Z trade/service sitemap.,London
Checkatrade,Sewage Pump Installation,Sewage Pump Installation,Sewage Pump Installation,Other / Unmapped,V2,https://www.checkatrade.com/sitemap/locations/London/S,london_trade_sitemap,2026-09-05,London A-Z trade/service sitemap.,London
Checkatrade,Sewage Pump Maintenance,Sewage Pump Maintenance,Sewage Pump Maintenance,Other / Unmapped,V2,https://www.checkatrade.com/sitemap/locations/London/S,london_trade_sitemap,2026-09-05,London A-Z trade/service sitemap.,London
Checkatrade,Shed Bases,Shed Bases,Shed Bases,Other / Unmapped,V2,https://www.checkatrade.com/sitemap/locations/London/S,london_trade_sitemap,2026-09-05,London A-Z trade/service sitemap.,London
Checkatrade,Shed Repair,Shed Repair,Shed Repair,Other / Unmapped,V2,https://www.checkatrade.com/sitemap/locations/London/S,london_trade_sitemap,2026-09-05,London A-Z trade/service sitemap.,London
Checkatrade,Sheds,Sheds,Sheds,Other / Unmapped,V2,https://www.checkatrade.com/sitemap/locations/London/S,london_trade_sitemap,2026-09-05,London A-Z trade/service sitemap.,London
Checkatrade,Shelving,Shelving,Shelving,Other / Unmapped,V2,https://www.checkatrade.com/sitemap/locations/London/S,london_trade_sitemap,2026-09-05,London A-Z trade/service sitemap.,London
Checkatrade,Shop Fitting,Shop Fitting,Shop Fitting,Other / Unmapped,V2,https://www.checkatrade.com/sitemap/locations/London/S,london_trade_sitemap,2026-09-05,London A-Z trade/service sitemap.,London
Checkatrade,Shower Installation,Shower Installation,Bathroom Services,Home & Trades,V2,https://www.checkatrade.com/sitemap/locations/London/S,london_trade_sitemap,2026-09-05,London A-Z trade/service sitemap.,London
Checkatrade,Shower Repair,Shower Repair,Bathroom Services,Home & Trades,V2,https://www.checkatrade.com/sitemap/locations/London/S,london_trade_sitemap,2026-09-05,London A-Z trade/service sitemap.,London
Checkatrade,Sign Makers,Sign Makers,Sign Makers,Other / Unmapped,V2,https://www.checkatrade.com/sitemap/locations/London/S,london_trade_sitemap,2026-09-05,London A-Z trade/service sitemap.,London
Checkatrade,Sign Writers,Sign Writers,Sign Writers,Other / Unmapped,V2,https://www.checkatrade.com/sitemap/locations/London/S,london_trade_sitemap,2026-09-05,London A-Z trade/service sitemap.,London
Checkatrade,Single Ply Membrane Roofs Installation,Single Ply Membrane Roofs Installation,Roofing & Guttering,Home & Trades,V2,https://www.checkatrade.com/sitemap/locations/London/S,london_trade_sitemap,2026-09-05,London A-Z trade/service sitemap.,London
Checkatrade,Single Ply Membrane Roofs Repair,Single Ply Membrane Roofs Repair,Roofing & Guttering,Home & Trades,V2,https://www.checkatrade.com/sitemap/locations/London/S,london_trade_sitemap,2026-09-05,London A-Z trade/service sitemap.,London
Checkatrade,Skimming,Skimming,Skimming,Other / Unmapped,V2,https://www.checkatrade.com/sitemap/locations/London/S,london_trade_sitemap,2026-09-05,London A-Z trade/service sitemap.,London
Checkatrade,Skip Bag Hire,Skip Bag Hire,Skip Bag Hire,Other / Unmapped,V2,https://www.checkatrade.com/sitemap/locations/London/S,london_trade_sitemap,2026-09-05,London A-Z trade/service sitemap.,London
Checkatrade,Skip Hire,Skip Hire,Skip Hire,Other / Unmapped,V2,https://www.checkatrade.com/sitemap/locations/London/S,london_trade_sitemap,2026-09-05,London A-Z trade/service sitemap.,London
Checkatrade,Skip Hire Prices,Skip Hire Prices,Skip Hire Prices,Other / Unmapped,V2,https://www.checkatrade.com/sitemap/locations/London/A,london_trade_sitemap,2026-09-05,London A-Z trade/service sitemap.,London
Checkatrade,Skirting,Skirting,Skirting,Other / Unmapped,V2,https://www.checkatrade.com/sitemap/locations/London/S,london_trade_sitemap,2026-09-05,London A-Z trade/service sitemap.,London
Checkatrade,Slate / Tiled Roofing Installation,Slate / Tiled Roofing Installation,Roofing & Guttering,Home & Trades,V2,https://www.checkatrade.com/sitemap/locations/London/S,london_trade_sitemap,2026-09-05,London A-Z trade/service sitemap.,London
Checkatrade,Slate Roof Installation,Slate Roof Installation,Roofing & Guttering,Home & Trades,V2,https://www.checkatrade.com/sitemap/locations/London/S,london_trade_sitemap,2026-09-05,London A-Z trade/service sitemap.,London
Checkatrade,Slate Roofer Repair,Slate Roofer Repair,Roofing & Guttering,Home & Trades,V2,https://www.checkatrade.com/sitemap/locations/London/S,london_trade_sitemap,2026-09-05,London A-Z trade/service sitemap.,London
Checkatrade,Slate Tiles,Slate Tiles,Slate Tiles,Other / Unmapped,V2,https://www.checkatrade.com/sitemap/locations/London/S,london_trade_sitemap,2026-09-05,London A-Z trade/service sitemap.,London
Checkatrade,Sleepers,Sleepers,Sleepers,Other / Unmapped,V2,https://www.checkatrade.com/sitemap/locations/London/S,london_trade_sitemap,2026-09-05,London A-Z trade/service sitemap.,London
Checkatrade,Smart Heating Installation,Smart Heating Installation,Smart Heating Installation,Other / Unmapped,V2,https://www.checkatrade.com/sitemap/locations/London/S,london_trade_sitemap,2026-09-05,London A-Z trade/service sitemap.,London
Checkatrade,Smart Home Technology Consultant,Smart Home Technology Consultant,Smart Home Technology Consultant,Other / Unmapped,V2,https://www.checkatrade.com/sitemap/locations/London/S,london_trade_sitemap,2026-09-05,London A-Z trade/service sitemap.,London
Checkatrade,Smart Repairs,Smart Repairs,Smart Repairs,Other / Unmapped,V2,https://www.checkatrade.com/sitemap/locations/London/S,london_trade_sitemap,2026-09-05,London A-Z trade/service sitemap.,London
Checkatrade,Smart Thermostat Installation,Smart Thermostat Installation,Smart Thermostat Installation,Other / Unmapped,V2,https://www.checkatrade.com/sitemap/locations/London/S,london_trade_sitemap,2026-09-05,London A-Z trade/service sitemap.,London
Checkatrade,Smart Thermostats,Smart Thermostats,Smart Thermostats,Other / Unmapped,V2,https://www.checkatrade.com/sitemap/locations/London/S,london_trade_sitemap,2026-09-05,London A-Z trade/service sitemap.,London
Checkatrade,Smoke Alarms,Smoke Alarms,Security Systems,Home & Trades,V2,https://www.checkatrade.com/sitemap/locations/London/S,london_trade_sitemap,2026-09-05,London A-Z trade/service sitemap.,London
Checkatrade,Smokeless Fuel,Smokeless Fuel,Smokeless Fuel,Other / Unmapped,V2,https://www.checkatrade.com/sitemap/locations/London/S,london_trade_sitemap,2026-09-05,London A-Z trade/service sitemap.,London
Checkatrade,Snap Locks,Snap Locks,Snap Locks,Other / Unmapped,V2,https://www.checkatrade.com/sitemap/locations/London/S,london_trade_sitemap,2026-09-05,London A-Z trade/service sitemap.,London
Checkatrade,Soakaway Clearance,Soakaway Clearance,Soakaway Clearance,Other / Unmapped,V2,https://www.checkatrade.com/sitemap/locations/London/S,london_trade_sitemap,2026-09-05,London A-Z trade/service sitemap.,London
Checkatrade,Soakaways,Soakaways,Soakaways,Other / Unmapped,V2,https://www.checkatrade.com/sitemap/locations/London/S,london_trade_sitemap,2026-09-05,London A-Z trade/service sitemap.,London
Checkatrade,Soda / Sand / Shot Blasting,Soda / Sand / Shot Blasting,Soda / Sand / Shot Blasting,Other / Unmapped,V2,https://www.checkatrade.com/sitemap/locations/London/S,london_trade_sitemap,2026-09-05,London A-Z trade/service sitemap.,London
Checkatrade,Soft Landscaping,Soft Landscaping,Gardening & Landscaping,Home & Trades,V2,https://www.checkatrade.com/sitemap/locations/London/S,london_trade_sitemap,2026-09-05,London A-Z trade/service sitemap.,London
Checkatrade,Soft Washing,Soft Washing,Soft Washing,Other / Unmapped,V2,https://www.checkatrade.com/sitemap/locations/London/S,london_trade_sitemap,2026-09-05,London A-Z trade/service sitemap.,London
Checkatrade,Software Testing,Software Testing,Software Testing,Other / Unmapped,V2,https://www.checkatrade.com/sitemap/locations/London/S,london_trade_sitemap,2026-09-05,London A-Z trade/service sitemap.,London
Checkatrade,Solar Battery Storage,Solar Battery Storage,Solar Battery Storage,Other / Unmapped,V2,https://www.checkatrade.com/sitemap/locations/London/S,london_trade_sitemap,2026-09-05,London A-Z trade/service sitemap.,London
Checkatrade,Solar Panel Cleaning,Solar Panel Cleaning,Cleaning,Cleaning & Household,V2,https://www.checkatrade.com/sitemap/locations/London/S,london_trade_sitemap,2026-09-05,London A-Z trade/service sitemap.,London
Checkatrade,Solar Panel Installation,Solar Panel Installation,Solar Panel Installation,Other / Unmapped,V2,https://www.checkatrade.com/sitemap/locations/London/S,london_trade_sitemap,2026-09-05,London A-Z trade/service sitemap.,London
Checkatrade,Solar Panel Repair,Solar Panel Repair,Solar Panel Repair,Other / Unmapped,V2,https://www.checkatrade.com/sitemap/locations/London/S,london_trade_sitemap,2026-09-05,London A-Z trade/service sitemap.,London
Checkatrade,Solar Panel Servicing / Repair,Solar Panel Servicing / Repair,Solar Panel Servicing / Repair,Other / Unmapped,V2,https://www.checkatrade.com/sitemap/locations/London/S,london_trade_sitemap,2026-09-05,London A-Z trade/service sitemap.,London
Checkatrade,Solar Panel Supply and Install,Solar Panel Supply and Install,Solar Panel Supply and Install,Other / Unmapped,V2,https://www.checkatrade.com/sitemap/locations/London/S,london_trade_sitemap,2026-09-05,London A-Z trade/service sitemap.,London
Checkatrade,Solar Photovoltaic / Electric,Solar Photovoltaic / Electric,Electrical Services,Home & Trades,V2,https://www.checkatrade.com/sitemap/locations/London/S,london_trade_sitemap,2026-09-05,London A-Z trade/service sitemap.,London
Checkatrade,Solar Photovoltaic / Electric - Feed,Solar Photovoltaic / Electric - Feed,Electrical Services,Home & Trades,V2,https://www.checkatrade.com/sitemap/locations/London/S,london_trade_sitemap,2026-09-05,London A-Z trade/service sitemap.,London
Checkatrade,Solar Roof Installation,Solar Roof Installation,Roofing & Guttering,Home & Trades,V2,https://www.checkatrade.com/sitemap/locations/London/S,london_trade_sitemap,2026-09-05,London A-Z trade/service sitemap.,London
Checkatrade,Solar Roof Servicing / Repair,Solar Roof Servicing / Repair,Roofing & Guttering,Home & Trades,V2,https://www.checkatrade.com/sitemap/locations/London/S,london_trade_sitemap,2026-09-05,London A-Z trade/service sitemap.,London
Checkatrade,Solar Thermal Heating Installation,Solar Thermal Heating Installation,Solar Thermal Heating Installation,Other / Unmapped,V2,https://www.checkatrade.com/sitemap/locations/London/S,london_trade_sitemap,2026-09-05,London A-Z trade/service sitemap.,London
Checkatrade,Solar Thermal Heating Servicing / Repair,Solar Thermal Heating Servicing / Repair,Solar Thermal Heating Servicing / Repair,Other / Unmapped,V2,https://www.checkatrade.com/sitemap/locations/London/S,london_trade_sitemap,2026-09-05,London A-Z trade/service sitemap.,London
Checkatrade,Solid Floor Insulation,Solid Floor Insulation,Flooring,Home & Trades,V2,https://www.checkatrade.com/sitemap/locations/London/S,london_trade_sitemap,2026-09-05,London A-Z trade/service sitemap.,London
Checkatrade,Solid Fuel,Solid Fuel,Solid Fuel,Other / Unmapped,V2,https://www.checkatrade.com/sitemap/locations/London/S,london_trade_sitemap,2026-09-05,London A-Z trade/service sitemap.,London
Checkatrade,Sound Proofing,Sound Proofing,Sound Proofing,Other / Unmapped,V2,https://www.checkatrade.com/sitemap/locations/London/S,london_trade_sitemap,2026-09-05,London A-Z trade/service sitemap.,London
Checkatrade,Specialist Paint Effects,Specialist Paint Effects,Painting & Decorating,Home & Trades,V2,https://www.checkatrade.com/sitemap/locations/London/S,london_trade_sitemap,2026-09-05,London A-Z trade/service sitemap.,London
Checkatrade,Spray Foam Insulation,Spray Foam Insulation,Insulation,Home & Trades,V2,https://www.checkatrade.com/sitemap/locations/London/S,london_trade_sitemap,2026-09-05,London A-Z trade/service sitemap.,London
Checkatrade,Spray Foam Insulation Companies,Spray Foam Insulation Companies,Insulation,Home & Trades,V2,https://www.checkatrade.com/sitemap/locations/London/A,london_trade_sitemap,2026-09-05,London A-Z trade/service sitemap.,London
Checkatrade,Spray Foam Insulation Removal,Spray Foam Insulation Removal,Insulation,Home & Trades,V2,https://www.checkatrade.com/sitemap/locations/London/S,london_trade_sitemap,2026-09-05,London A-Z trade/service sitemap.,London
Checkatrade,Spray Rendering,Spray Rendering,Plastering & Rendering,Home & Trades,V2,https://www.checkatrade.com/sitemap/locations/London/S,london_trade_sitemap,2026-09-05,London A-Z trade/service sitemap.,London
Checkatrade,Stable Doors,Stable Doors,Doors & Door Services,Home & Trades,V2,https://www.checkatrade.com/sitemap/locations/London/S,london_trade_sitemap,2026-09-05,London A-Z trade/service sitemap.,London
Checkatrade,Stain Protection,Stain Protection,Stain Protection,Other / Unmapped,V2,https://www.checkatrade.com/sitemap/locations/London/S,london_trade_sitemap,2026-09-05,London A-Z trade/service sitemap.,London
Checkatrade,Stained Glass,Stained Glass,Stained Glass,Other / Unmapped,V2,https://www.checkatrade.com/sitemap/locations/London/S,london_trade_sitemap,2026-09-05,London A-Z trade/service sitemap.,London
Checkatrade,Stained Glass Restoration,Stained Glass Restoration,Stained Glass Restoration,Other / Unmapped,V2,https://www.checkatrade.com/sitemap/locations/London/S,london_trade_sitemap,2026-09-05,London A-Z trade/service sitemap.,London
Checkatrade,Staircases,Staircases,Staircases,Other / Unmapped,V2,https://www.checkatrade.com/sitemap/locations/London/S,london_trade_sitemap,2026-09-05,London A-Z trade/service sitemap.,London
Checkatrade,Stairlift Installation,Stairlift Installation,Stairlift Installation,Other / Unmapped,V2,https://www.checkatrade.com/sitemap/locations/London/S,london_trade_sitemap,2026-09-05,London A-Z trade/service sitemap.,London
Checkatrade,Stairlift Repair,Stairlift Repair,Stairlift Repair,Other / Unmapped,V2,https://www.checkatrade.com/sitemap/locations/London/S,london_trade_sitemap,2026-09-05,London A-Z trade/service sitemap.,London
Checkatrade,Steam Cleaning,Steam Cleaning,Cleaning,Cleaning & Household,V2,https://www.checkatrade.com/sitemap/locations/London/S,london_trade_sitemap,2026-09-05,London A-Z trade/service sitemap.,London
Checkatrade,Steel Bending Services,Steel Bending Services,Steel Bending Services,Other / Unmapped,V2,https://www.checkatrade.com/sitemap/locations/London/S,london_trade_sitemap,2026-09-05,London A-Z trade/service sitemap.,London
Checkatrade,Steel Fabrication,Steel Fabrication,Steel Fabrication,Other / Unmapped,V2,https://www.checkatrade.com/sitemap/locations/London/S,london_trade_sitemap,2026-09-05,London A-Z trade/service sitemap.,London
Checkatrade,Steel Fabricators,Steel Fabricators,Steel Fabricators,Other / Unmapped,V2,https://www.checkatrade.com/sitemap/locations/London/S,london_trade_sitemap,2026-09-05,London A-Z trade/service sitemap.,London
Checkatrade,Steel Work Design,Steel Work Design,Steel Work Design,Other / Unmapped,V2,https://www.checkatrade.com/sitemap/locations/London/S,london_trade_sitemap,2026-09-05,London A-Z trade/service sitemap.,London
Checkatrade,Stone Carving,Stone Carving,Stone Carving,Other / Unmapped,V2,https://www.checkatrade.com/sitemap/locations/London/S,london_trade_sitemap,2026-09-05,London A-Z trade/service sitemap.,London
Checkatrade,Stone Floor Cleaning,Stone Floor Cleaning,Flooring,Home & Trades,V2,https://www.checkatrade.com/sitemap/locations/London/S,london_trade_sitemap,2026-09-05,London A-Z trade/service sitemap.,London
Checkatrade,Stone Floor Restoration,Stone Floor Restoration,Flooring,Home & Trades,V2,https://www.checkatrade.com/sitemap/locations/London/S,london_trade_sitemap,2026-09-05,London A-Z trade/service sitemap.,London
Checkatrade,Stone Flooring,Stone Flooring,Flooring,Home & Trades,V2,https://www.checkatrade.com/sitemap/locations/London/S,london_trade_sitemap,2026-09-05,London A-Z trade/service sitemap.,London
Checkatrade,Stone Repairs,Stone Repairs,Stone Repairs,Other / Unmapped,V2,https://www.checkatrade.com/sitemap/locations/London/S,london_trade_sitemap,2026-09-05,London A-Z trade/service sitemap.,London
Checkatrade,Stonemason,Stonemason,Stonemason,Other / Unmapped,V2,https://www.checkatrade.com/sitemap/locations/London/S,london_trade_sitemap,2026-09-05,London A-Z trade/service sitemap.,London
Checkatrade,Storage,Storage,Storage,Other / Unmapped,V2,https://www.checkatrade.com/sitemap/locations/London/S,london_trade_sitemap,2026-09-05,London A-Z trade/service sitemap.,London
Checkatrade,Storage Heating,Storage Heating,Storage Heating,Other / Unmapped,V2,https://www.checkatrade.com/sitemap/locations/London/S,london_trade_sitemap,2026-09-05,London A-Z trade/service sitemap.,London
Checkatrade,Stoves / Fireplace Showroom,Stoves / Fireplace Showroom,Stoves / Fireplace Showroom,Other / Unmapped,V2,https://www.checkatrade.com/sitemap/locations/London/S,london_trade_sitemap,2026-09-05,London A-Z trade/service sitemap.,London
Checkatrade,Stoves Installer,Stoves Installer,Stoves Installer,Other / Unmapped,V2,https://www.checkatrade.com/sitemap/locations/London/S,london_trade_sitemap,2026-09-05,London A-Z trade/service sitemap.,London
Checkatrade,Stretched Ceilings,Stretched Ceilings,Stretched Ceilings,Other / Unmapped,V2,https://www.checkatrade.com/sitemap/locations/London/S,london_trade_sitemap,2026-09-05,London A-Z trade/service sitemap.,London
Checkatrade,Structural Design,Structural Design,Structural Design,Other / Unmapped,V2,https://www.checkatrade.com/sitemap/locations/London/S,london_trade_sitemap,2026-09-05,London A-Z trade/service sitemap.,London
Checkatrade,Structural Designer,Structural Designer,Structural Designer,Other / Unmapped,V2,https://www.checkatrade.com/sitemap/locations/London/S,london_trade_sitemap,2026-09-05,London A-Z trade/service sitemap.,London
Checkatrade,Structural Engineer,Structural Engineer,Structural Engineer,Other / Unmapped,V2,https://www.checkatrade.com/sitemap/locations/London/S,london_trade_sitemap,2026-09-05,London A-Z trade/service sitemap.,London
Checkatrade,Structural Engineer - Structural Calculations,Structural Engineer - Structural Calculations,Structural Engineer - Structural Calculations,Other / Unmapped,V2,https://www.checkatrade.com/sitemap/locations/London/S,london_trade_sitemap,2026-09-05,London A-Z trade/service sitemap.,London
Checkatrade,Structural Engineering Services,Structural Engineering Services,Structural Engineering Services,Other / Unmapped,V2,https://www.checkatrade.com/sitemap/locations/London/S,london_trade_sitemap,2026-09-05,London A-Z trade/service sitemap.,London
Checkatrade,Structural Steels,Structural Steels,Structural Steels,Other / Unmapped,V2,https://www.checkatrade.com/sitemap/locations/London/S,london_trade_sitemap,2026-09-05,London A-Z trade/service sitemap.,London
Checkatrade,Structural Water Proofing,Structural Water Proofing,Structural Water Proofing,Other / Unmapped,V2,https://www.checkatrade.com/sitemap/locations/London/S,london_trade_sitemap,2026-09-05,London A-Z trade/service sitemap.,London
Checkatrade,Stump Grinding,Stump Grinding,Stump Grinding,Other / Unmapped,V2,https://www.checkatrade.com/sitemap/locations/London/S,london_trade_sitemap,2026-09-05,London A-Z trade/service sitemap.,London
Checkatrade,Summer House Design / Construction,Summer House Design / Construction,Summer House Design / Construction,Other / Unmapped,V2,https://www.checkatrade.com/sitemap/locations/London/S,london_trade_sitemap,2026-09-05,London A-Z trade/service sitemap.,London
Checkatrade,Summerhouse Builders,Summerhouse Builders,Building & Construction,Home & Trades,V2,https://www.checkatrade.com/sitemap/locations/London/S,london_trade_sitemap,2026-09-05,London A-Z trade/service sitemap.,London
Checkatrade,Summerhouse Installers,Summerhouse Installers,Summerhouse Installers,Other / Unmapped,V2,https://www.checkatrade.com/sitemap/locations/London/S,london_trade_sitemap,2026-09-05,London A-Z trade/service sitemap.,London
Checkatrade,Summerhouse Repairs,Summerhouse Repairs,Summerhouse Repairs,Other / Unmapped,V2,https://www.checkatrade.com/sitemap/locations/London/S,london_trade_sitemap,2026-09-05,London A-Z trade/service sitemap.,London
Checkatrade,Summerhouse Suppliers,Summerhouse Suppliers,Summerhouse Suppliers,Other / Unmapped,V2,https://www.checkatrade.com/sitemap/locations/London/S,london_trade_sitemap,2026-09-05,London A-Z trade/service sitemap.,London
Checkatrade,Surface Repair,Surface Repair,Surface Repair,Other / Unmapped,V2,https://www.checkatrade.com/sitemap/locations/London/S,london_trade_sitemap,2026-09-05,London A-Z trade/service sitemap.,London
Checkatrade,Surveying,Surveying,Surveying,Professional Services,V2,https://www.checkatrade.com/sitemap/locations/London/S,london_trade_sitemap,2026-09-05,London A-Z trade/service sitemap.,London
Checkatrade,Suspended Ceiling Contractors,Suspended Ceiling Contractors,Suspended Ceiling Contractors,Other / Unmapped,V2,https://www.checkatrade.com/sitemap/locations/London/S,london_trade_sitemap,2026-09-05,London A-Z trade/service sitemap.,London
Checkatrade,Suspended Ceiling Installers,Suspended Ceiling Installers,Suspended Ceiling Installers,Other / Unmapped,V2,https://www.checkatrade.com/sitemap/locations/London/S,london_trade_sitemap,2026-09-05,London A-Z trade/service sitemap.,London
Checkatrade,Suspended Ceiling Suppliers,Suspended Ceiling Suppliers,Suspended Ceiling Suppliers,Other / Unmapped,V2,https://www.checkatrade.com/sitemap/locations/London/S,london_trade_sitemap,2026-09-05,London A-Z trade/service sitemap.,London
Checkatrade,Suspended Ceilings,Suspended Ceilings,Suspended Ceilings,Other / Unmapped,V2,https://www.checkatrade.com/sitemap/locations/London/S,london_trade_sitemap,2026-09-05,London A-Z trade/service sitemap.,London
Checkatrade,Suspended Floor Insulation,Suspended Floor Insulation,Flooring,Home & Trades,V2,https://www.checkatrade.com/sitemap/locations/London/S,london_trade_sitemap,2026-09-05,London A-Z trade/service sitemap.,London
Checkatrade,Sustainable Builders,Sustainable Builders,Building & Construction,Home & Trades,V2,https://www.checkatrade.com/sitemap/locations/London/S,london_trade_sitemap,2026-09-05,London A-Z trade/service sitemap.,London
Checkatrade,Sustainable Construction,Sustainable Construction,Sustainable Construction,Other / Unmapped,V2,https://www.checkatrade.com/sitemap/locations/London/S,london_trade_sitemap,2026-09-05,London A-Z trade/service sitemap.,London
Checkatrade,Swimming Pool Construction,Swimming Pool Construction,Swimming Pool Construction,Other / Unmapped,V2,https://www.checkatrade.com/sitemap/locations/London/S,london_trade_sitemap,2026-09-05,London A-Z trade/service sitemap.,London
Checkatrade,Swimming Pool Maintenance,Swimming Pool Maintenance,Swimming Pool Maintenance,Other / Unmapped,V2,https://www.checkatrade.com/sitemap/locations/London/S,london_trade_sitemap,2026-09-05,London A-Z trade/service sitemap.,London
Checkatrade,Swimming Pools,Swimming Pools,Swimming Pools,Other / Unmapped,V2,https://www.checkatrade.com/sitemap/locations/London/S,london_trade_sitemap,2026-09-05,London A-Z trade/service sitemap.,London
Checkatrade,TV Aerial / Satellite Installation,TV Aerial / Satellite Installation,Aerial & Satellite Services,Home & Trades,V2,https://www.checkatrade.com/sitemap/locations/London/T,london_trade_sitemap,2026-09-05,London A-Z trade/service sitemap.,London
Checkatrade,TV Aerials / Satellite Services,TV Aerials / Satellite Services,Aerial & Satellite Services,Home & Trades,V2,https://www.checkatrade.com/sitemap/locations/London/T,london_trade_sitemap,2026-09-05,London A-Z trade/service sitemap.,London
Checkatrade,TV Repair,TV Repair,TV Repair,Other / Unmapped,V2,https://www.checkatrade.com/sitemap/locations/London/T,london_trade_sitemap,2026-09-05,London A-Z trade/service sitemap.,London
Checkatrade,TV Wall Mounting,TV Wall Mounting,TV Wall Mounting,Other / Unmapped,V2,https://www.checkatrade.com/sitemap/locations/London/T,london_trade_sitemap,2026-09-05,London A-Z trade/service sitemap.,London
Checkatrade,Tado Installers,Tado Installers,Tado Installers,Other / Unmapped,V2,https://www.checkatrade.com/sitemap/locations/London/T,london_trade_sitemap,2026-09-05,London A-Z trade/service sitemap.,London
Checkatrade,Tap Repair,Tap Repair,Tap Repair,Other / Unmapped,V2,https://www.checkatrade.com/sitemap/locations/London/T,london_trade_sitemap,2026-09-05,London A-Z trade/service sitemap.,London
Checkatrade,Tape & Jointing,Tape & Jointing,Tape & Jointing,Other / Unmapped,V2,https://www.checkatrade.com/sitemap/locations/London/T,london_trade_sitemap,2026-09-05,London A-Z trade/service sitemap.,London
Checkatrade,Tarmac Driveways,Tarmac Driveways,Driveways & Paving,Home & Trades,V2,https://www.checkatrade.com/sitemap/locations/London/T,london_trade_sitemap,2026-09-05,London A-Z trade/service sitemap.,London
Checkatrade,Taxi Services,Taxi Services,Taxi Services,Other / Unmapped,V2,https://www.checkatrade.com/sitemap/locations/London/T,london_trade_sitemap,2026-09-05,London A-Z trade/service sitemap.,London
Checkatrade,Technical Drawing,Technical Drawing,Technical Drawing,Other / Unmapped,V2,https://www.checkatrade.com/sitemap/locations/London/T,london_trade_sitemap,2026-09-05,London A-Z trade/service sitemap.,London
Checkatrade,Telecommunications,Telecommunications,Telecommunications,Other / Unmapped,V2,https://www.checkatrade.com/sitemap/locations/London/T,london_trade_sitemap,2026-09-05,London A-Z trade/service sitemap.,London
Checkatrade,Telephone Engineer,Telephone Engineer,Telephone Engineer,Other / Unmapped,V2,https://www.checkatrade.com/sitemap/locations/London/T,london_trade_sitemap,2026-09-05,London A-Z trade/service sitemap.,London
Checkatrade,Telephone Faults,Telephone Faults,Telephone Faults,Other / Unmapped,V2,https://www.checkatrade.com/sitemap/locations/London/T,london_trade_sitemap,2026-09-05,London A-Z trade/service sitemap.,London
Checkatrade,Telephone Points,Telephone Points,Telephone Points,Other / Unmapped,V2,https://www.checkatrade.com/sitemap/locations/London/T,london_trade_sitemap,2026-09-05,London A-Z trade/service sitemap.,London
Checkatrade,Telephone System Equipment,Telephone System Equipment,Telephone System Equipment,Other / Unmapped,V2,https://www.checkatrade.com/sitemap/locations/London/T,london_trade_sitemap,2026-09-05,London A-Z trade/service sitemap.,London
Checkatrade,Television Points,Television Points,Television Points,Other / Unmapped,V2,https://www.checkatrade.com/sitemap/locations/London/T,london_trade_sitemap,2026-09-05,London A-Z trade/service sitemap.,London
Checkatrade,Testimonials,Testimonials,Testimonials,Other / Unmapped,V1,https://join.checkatrade.com/what-you-get/,public_category_page,2026-08-22,Checkatrade public category/onboarding page.,
Checkatrade,Thatched Roof Installation,Thatched Roof Installation,Roofing & Guttering,Home & Trades,V2,https://www.checkatrade.com/sitemap/locations/London/T,london_trade_sitemap,2026-09-05,London A-Z trade/service sitemap.,London
Checkatrade,Thatched Roof Repair,Thatched Roof Repair,Roofing & Guttering,Home & Trades,V2,https://www.checkatrade.com/sitemap/locations/London/T,london_trade_sitemap,2026-09-05,London A-Z trade/service sitemap.,London
Checkatrade,Thermal Dynamics,Thermal Dynamics,Thermal Dynamics,Other / Unmapped,V2,https://www.checkatrade.com/sitemap/locations/London/T,london_trade_sitemap,2026-09-05,London A-Z trade/service sitemap.,London
Checkatrade,Thermodynamic Panels,Thermodynamic Panels,Thermodynamic Panels,Other / Unmapped,V2,https://www.checkatrade.com/sitemap/locations/London/T,london_trade_sitemap,2026-09-05,London A-Z trade/service sitemap.,London
Checkatrade,Tile & Ceramic Repair,Tile & Ceramic Repair,Tile & Ceramic Repair,Other / Unmapped,V2,https://www.checkatrade.com/sitemap/locations/London/T,london_trade_sitemap,2026-09-05,London A-Z trade/service sitemap.,London
Checkatrade,Tile Repair,Tile Repair,Tile Repair,Other / Unmapped,V2,https://www.checkatrade.com/sitemap/locations/London/T,london_trade_sitemap,2026-09-05,London A-Z trade/service sitemap.,London
Checkatrade,Tile Supplier,Tile Supplier,Tile Supplier,Other / Unmapped,V2,https://www.checkatrade.com/sitemap/locations/London/T,london_trade_sitemap,2026-09-05,London A-Z trade/service sitemap.,London
Checkatrade,Tile and Grout Cleaning,Tile and Grout Cleaning,Cleaning,Cleaning & Household,V2,https://www.checkatrade.com/sitemap/locations/London/T,london_trade_sitemap,2026-09-05,London A-Z trade/service sitemap.,London
Checkatrade,Tiled Conservatory Roof Installation,Tiled Conservatory Roof Installation,Roofing & Guttering,Home & Trades,V2,https://www.checkatrade.com/sitemap/locations/London/T,london_trade_sitemap,2026-09-05,London A-Z trade/service sitemap.,London
Checkatrade,Tiled Conservatory Roof Repair,Tiled Conservatory Roof Repair,Roofing & Guttering,Home & Trades,V2,https://www.checkatrade.com/sitemap/locations/London/T,london_trade_sitemap,2026-09-05,London A-Z trade/service sitemap.,London
Checkatrade,Tiled Floor Cleaning,Tiled Floor Cleaning,Flooring,Home & Trades,V2,https://www.checkatrade.com/sitemap/locations/London/T,london_trade_sitemap,2026-09-05,London A-Z trade/service sitemap.,London
Checkatrade,Tiler - Tiling,Tiler - Tiling,Tiling,Home & Trades,V2,https://www.checkatrade.com/sitemap/locations/London/T,london_trade_sitemap,2026-09-05,London A-Z trade/service sitemap.,London
Checkatrade,Tilers,Tilers,Tiling,Home & Trades,V2,https://www.checkatrade.com/sitemap/locations/London/A,london_trade_sitemap,2026-09-05,London A-Z trade/service sitemap.,London
Checkatrade,Timber / Wooden Doors Installation,Timber / Wooden Doors Installation,Doors & Door Services,Home & Trades,V2,https://www.checkatrade.com/sitemap/locations/London/T,london_trade_sitemap,2026-09-05,London A-Z trade/service sitemap.,London
Checkatrade,Timber / Wooden Doors Repair,Timber / Wooden Doors Repair,Doors & Door Services,Home & Trades,V2,https://www.checkatrade.com/sitemap/locations/London/T,london_trade_sitemap,2026-09-05,London A-Z trade/service sitemap.,London
Checkatrade,Timber / Wooden Windows Installation,Timber / Wooden Windows Installation,Windows & Glazing,Home & Trades,V2,https://www.checkatrade.com/sitemap/locations/London/T,london_trade_sitemap,2026-09-05,London A-Z trade/service sitemap.,London
Checkatrade,Timber / Wooden Windows Repair,Timber / Wooden Windows Repair,Windows & Glazing,Home & Trades,V2,https://www.checkatrade.com/sitemap/locations/London/T,london_trade_sitemap,2026-09-05,London A-Z trade/service sitemap.,London
Checkatrade,Timber Merchants,Timber Merchants,Timber Merchants,Other / Unmapped,V2,https://www.checkatrade.com/sitemap/locations/London/T,london_trade_sitemap,2026-09-05,London A-Z trade/service sitemap.,London
Checkatrade,Timber Resin Repairs,Timber Resin Repairs,Timber Resin Repairs,Other / Unmapped,V2,https://www.checkatrade.com/sitemap/locations/London/T,london_trade_sitemap,2026-09-05,London A-Z trade/service sitemap.,London
Checkatrade,Timber Restoration,Timber Restoration,Timber Restoration,Other / Unmapped,V2,https://www.checkatrade.com/sitemap/locations/London/T,london_trade_sitemap,2026-09-05,London A-Z trade/service sitemap.,London
Checkatrade,Timber Treatment,Timber Treatment,Timber Treatment,Other / Unmapped,V2,https://www.checkatrade.com/sitemap/locations/London/T,london_trade_sitemap,2026-09-05,London A-Z trade/service sitemap.,London
Checkatrade,Toilet / Portable Toilet,Toilet / Portable Toilet,Toilet / Portable Toilet,Other / Unmapped,V2,https://www.checkatrade.com/sitemap/locations/London/T,london_trade_sitemap,2026-09-05,London A-Z trade/service sitemap.,London
Checkatrade,Toilet seat installation,Toilet seat installation,Toilet seat installation,Other / Unmapped,V2,https://www.checkatrade.com/sitemap/locations/London/T,london_trade_sitemap,2026-09-05,London A-Z trade/service sitemap.,London
Checkatrade,Tool Hire,Tool Hire,Tool Hire,Other / Unmapped,V2,https://www.checkatrade.com/sitemap/locations/London/T,london_trade_sitemap,2026-09-05,London A-Z trade/service sitemap.,London
Checkatrade,Towing / Transportation,Towing / Transportation,Towing / Transportation,Other / Unmapped,V2,https://www.checkatrade.com/sitemap/locations/London/T,london_trade_sitemap,2026-09-05,London A-Z trade/service sitemap.,London
Checkatrade,Towing Services,Towing Services,Towing Services,Other / Unmapped,V2,https://www.checkatrade.com/sitemap/locations/London/T,london_trade_sitemap,2026-09-05,London A-Z trade/service sitemap.,London
Checkatrade,Trade Supplier,Trade Supplier,Trade Supplier,Other / Unmapped,V2,https://www.checkatrade.com/sitemap/locations/London/T,london_trade_sitemap,2026-09-05,London A-Z trade/service sitemap.,London
Checkatrade,Trailer Towing Training,Trailer Towing Training,Trailer Towing Training,Other / Unmapped,V2,https://www.checkatrade.com/sitemap/locations/London/T,london_trade_sitemap,2026-09-05,London A-Z trade/service sitemap.,London
Checkatrade,Transport Services,Transport Services,Transport Services,Other / Unmapped,V2,https://www.checkatrade.com/sitemap/locations/London/T,london_trade_sitemap,2026-09-05,London A-Z trade/service sitemap.,London
Checkatrade,Transportation of Heavy Vehicles,Transportation of Heavy Vehicles,Transportation of Heavy Vehicles,Other / Unmapped,V2,https://www.checkatrade.com/sitemap/locations/London/T,london_trade_sitemap,2026-09-05,London A-Z trade/service sitemap.,London
Checkatrade,Transportation of Light Vehicles,Transportation of Light Vehicles,Transportation of Light Vehicles,Other / Unmapped,V2,https://www.checkatrade.com/sitemap/locations/London/T,london_trade_sitemap,2026-09-05,London A-Z trade/service sitemap.,London
Checkatrade,Tree Felling,Tree Felling,Tree Felling,Other / Unmapped,V2,https://www.checkatrade.com/sitemap/locations/London/T,london_trade_sitemap,2026-09-05,London A-Z trade/service sitemap.,London
Checkatrade,Tree House Builder,Tree House Builder,Building & Construction,Home & Trades,V2,https://www.checkatrade.com/sitemap/locations/London/T,london_trade_sitemap,2026-09-05,London A-Z trade/service sitemap.,London
Checkatrade,Tree Houses,Tree Houses,Tree Houses,Other / Unmapped,V2,https://www.checkatrade.com/sitemap/locations/London/T,london_trade_sitemap,2026-09-05,London A-Z trade/service sitemap.,London
Checkatrade,Tree Planting,Tree Planting,Tree Planting,Other / Unmapped,V2,https://www.checkatrade.com/sitemap/locations/London/T,london_trade_sitemap,2026-09-05,London A-Z trade/service sitemap.,London
Checkatrade,Tree Pruning,Tree Pruning,Tree Pruning,Other / Unmapped,V2,https://www.checkatrade.com/sitemap/locations/London/T,london_trade_sitemap,2026-09-05,London A-Z trade/service sitemap.,London
Checkatrade,Tree Surgeon,Tree Surgeon,Gardening & Landscaping,Home & Trades,V2,https://www.checkatrade.com/sitemap/locations/London/T,london_trade_sitemap,2026-09-05,London A-Z trade/service sitemap.,London
Checkatrade,Trellis,Trellis,Trellis,Other / Unmapped,V2,https://www.checkatrade.com/sitemap/locations/London/T,london_trade_sitemap,2026-09-05,London A-Z trade/service sitemap.,London
Checkatrade,Triple Glazing Installation,Triple Glazing Installation,Triple Glazing Installation,Other / Unmapped,V2,https://www.checkatrade.com/sitemap/locations/London/T,london_trade_sitemap,2026-09-05,London A-Z trade/service sitemap.,London
Checkatrade,Triple Glazing Repair,Triple Glazing Repair,Triple Glazing Repair,Other / Unmapped,V2,https://www.checkatrade.com/sitemap/locations/London/T,london_trade_sitemap,2026-09-05,London A-Z trade/service sitemap.,London
Checkatrade,Truss Roofing,Truss Roofing,Roofing & Guttering,Home & Trades,V2,https://www.checkatrade.com/sitemap/locations/London/T,london_trade_sitemap,2026-09-05,London A-Z trade/service sitemap.,London
Checkatrade,Tumble Dryer Repair,Tumble Dryer Repair,Tumble Dryer Repair,Other / Unmapped,V2,https://www.checkatrade.com/sitemap/locations/London/T,london_trade_sitemap,2026-09-05,London A-Z trade/service sitemap.,London
Checkatrade,Turfing,Turfing,Turfing,Other / Unmapped,V2,https://www.checkatrade.com/sitemap/locations/London/T,london_trade_sitemap,2026-09-05,London A-Z trade/service sitemap.,London
Checkatrade,Tv Aerial Fitters,Tv Aerial Fitters,Aerial & Satellite Services,Home & Trades,V2,https://www.checkatrade.com/sitemap/locations/London/A,london_trade_sitemap,2026-09-05,London A-Z trade/service sitemap.,London
Checkatrade,Tyre Fitting,Tyre Fitting,Tyre Services,Automotive,V2,https://www.checkatrade.com/sitemap/locations/London/T,london_trade_sitemap,2026-09-05,London A-Z trade/service sitemap.,London
Checkatrade,UPVC Cleaning,UPVC Cleaning,Cleaning,Cleaning & Household,V2,https://www.checkatrade.com/sitemap/locations/London/U,london_trade_sitemap,2026-09-05,London A-Z trade/service sitemap.,London
Checkatrade,UPVC Doors Installation,UPVC Doors Installation,Doors & Door Services,Home & Trades,V2,https://www.checkatrade.com/sitemap/locations/London/U,london_trade_sitemap,2026-09-05,London A-Z trade/service sitemap.,London
Checkatrade,UPVC Doors Repair,UPVC Doors Repair,Doors & Door Services,Home & Trades,V2,https://www.checkatrade.com/sitemap/locations/London/U,london_trade_sitemap,2026-09-05,London A-Z trade/service sitemap.,London
Checkatrade,UPVC Guttering,UPVC Guttering,Roofing & Guttering,Home & Trades,V2,https://www.checkatrade.com/sitemap/locations/London/U,london_trade_sitemap,2026-09-05,London A-Z trade/service sitemap.,London
Checkatrade,UPVC Repairs,UPVC Repairs,UPVC Repairs,Other / Unmapped,V2,https://www.checkatrade.com/sitemap/locations/London/U,london_trade_sitemap,2026-09-05,London A-Z trade/service sitemap.,London
Checkatrade,UPVC Spraying,UPVC Spraying,UPVC Spraying,Other / Unmapped,V2,https://www.checkatrade.com/sitemap/locations/London/U,london_trade_sitemap,2026-09-05,London A-Z trade/service sitemap.,London
Checkatrade,UPVC Windows Installation,UPVC Windows Installation,Windows & Glazing,Home & Trades,V2,https://www.checkatrade.com/sitemap/locations/London/U,london_trade_sitemap,2026-09-05,London A-Z trade/service sitemap.,London
Checkatrade,UPVC Windows Repair,UPVC Windows Repair,Windows & Glazing,Home & Trades,V2,https://www.checkatrade.com/sitemap/locations/London/U,london_trade_sitemap,2026-09-05,London A-Z trade/service sitemap.,London
Checkatrade,Unblock Outside Drain,Unblock Outside Drain,Unblock Outside Drain,Other / Unmapped,V2,https://www.checkatrade.com/sitemap/locations/London/A,london_trade_sitemap,2026-09-05,London A-Z trade/service sitemap.,London
Checkatrade,Under Pinning,Under Pinning,Under Pinning,Other / Unmapped,V2,https://www.checkatrade.com/sitemap/locations/London/U,london_trade_sitemap,2026-09-05,London A-Z trade/service sitemap.,London
Checkatrade,Underfloor Heating Installation,Underfloor Heating Installation,Underfloor Heating Installation,Other / Unmapped,V2,https://www.checkatrade.com/sitemap/locations/London/U,london_trade_sitemap,2026-09-05,London A-Z trade/service sitemap.,London
Checkatrade,Underfloor Heating Repair,Underfloor Heating Repair,Underfloor Heating Repair,Other / Unmapped,V2,https://www.checkatrade.com/sitemap/locations/London/U,london_trade_sitemap,2026-09-05,London A-Z trade/service sitemap.,London
Checkatrade,Unvented Hot Water Cylinder Installation,Unvented Hot Water Cylinder Installation,Unvented Hot Water Cylinder Installation,Other / Unmapped,V2,https://www.checkatrade.com/sitemap/locations/London/U,london_trade_sitemap,2026-09-05,London A-Z trade/service sitemap.,London
Checkatrade,Unvented Hot Water Cylinder Servicing / Repair,Unvented Hot Water Cylinder Servicing / Repair,Unvented Hot Water Cylinder Servicing / Repair,Other / Unmapped,V2,https://www.checkatrade.com/sitemap/locations/London/U,london_trade_sitemap,2026-09-05,London A-Z trade/service sitemap.,London
Checkatrade,Upholstery,Upholstery,Upholstery,Other / Unmapped,V2,https://www.checkatrade.com/sitemap/locations/London/U,london_trade_sitemap,2026-09-05,London A-Z trade/service sitemap.,London
Checkatrade,Upholstery Cleaning,Upholstery Cleaning,Cleaning,Cleaning & Household,V2,https://www.checkatrade.com/sitemap/locations/London/U,london_trade_sitemap,2026-09-05,London A-Z trade/service sitemap.,London
Checkatrade,Upholstery Repair,Upholstery Repair,Furniture Repair,Repair Services,V2,https://www.checkatrade.com/sitemap/locations/London/U,london_trade_sitemap,2026-09-05,London A-Z trade/service sitemap.,London
Checkatrade,Upvc Cladding Installers,Upvc Cladding Installers,Upvc Cladding Installers,Other / Unmapped,V2,https://www.checkatrade.com/sitemap/locations/London/U,london_trade_sitemap,2026-09-05,London A-Z trade/service sitemap.,London
Checkatrade,Vacuum Service / Repair,Vacuum Service / Repair,Vacuum Service / Repair,Other / Unmapped,V2,https://www.checkatrade.com/sitemap/locations/London/V,london_trade_sitemap,2026-09-05,London A-Z trade/service sitemap.,London
Checkatrade,Van / Car Hire,Van / Car Hire,Van / Car Hire,Other / Unmapped,V2,https://www.checkatrade.com/sitemap/locations/London/V,london_trade_sitemap,2026-09-05,London A-Z trade/service sitemap.,London
Checkatrade,Van Conversions,Van Conversions,Van Conversions,Other / Unmapped,V2,https://www.checkatrade.com/sitemap/locations/London/V,london_trade_sitemap,2026-09-05,London A-Z trade/service sitemap.,London
Checkatrade,Van Security Locks,Van Security Locks,Security Systems,Home & Trades,V2,https://www.checkatrade.com/sitemap/locations/London/V,london_trade_sitemap,2026-09-05,London A-Z trade/service sitemap.,London
Checkatrade,Vehicle / Car Body Repair,Vehicle / Car Body Repair,Vehicle / Car Body Repair,Other / Unmapped,V2,https://www.checkatrade.com/sitemap/locations/London/V,london_trade_sitemap,2026-09-05,London A-Z trade/service sitemap.,London
Checkatrade,Vehicle / Car Valeting,Vehicle / Car Valeting,Car Cleaning & Detailing,Automotive,V2,https://www.checkatrade.com/sitemap/locations/London/V,london_trade_sitemap,2026-09-05,London A-Z trade/service sitemap.,London
Checkatrade,Vehicle Air Conditioning Servicing / Repair,Vehicle Air Conditioning Servicing / Repair,Air Conditioning & Ventilation,Home & Trades,V2,https://www.checkatrade.com/sitemap/locations/London/V,london_trade_sitemap,2026-09-05,London A-Z trade/service sitemap.,London
Checkatrade,Vehicle Paint Spraying,Vehicle Paint Spraying,Painting & Decorating,Home & Trades,V2,https://www.checkatrade.com/sitemap/locations/London/V,london_trade_sitemap,2026-09-05,London A-Z trade/service sitemap.,London
Checkatrade,Vehicle Recovery,Vehicle Recovery,Vehicle Recovery,Other / Unmapped,V2,https://www.checkatrade.com/sitemap/locations/London/V,london_trade_sitemap,2026-09-05,London A-Z trade/service sitemap.,London
Checkatrade,Vehicle Signwriting,Vehicle Signwriting,Vehicle Signwriting,Other / Unmapped,V2,https://www.checkatrade.com/sitemap/locations/London/V,london_trade_sitemap,2026-09-05,London A-Z trade/service sitemap.,London
Checkatrade,Vehicle Window Tinting,Vehicle Window Tinting,Windows & Glazing,Home & Trades,V2,https://www.checkatrade.com/sitemap/locations/London/V,london_trade_sitemap,2026-09-05,London A-Z trade/service sitemap.,London
Checkatrade,Vehicle Wrapping,Vehicle Wrapping,Vehicle Wrapping,Other / Unmapped,V2,https://www.checkatrade.com/sitemap/locations/London/V,london_trade_sitemap,2026-09-05,London A-Z trade/service sitemap.,London
Checkatrade,Venetian Marble Plastering,Venetian Marble Plastering,Plastering & Rendering,Home & Trades,V2,https://www.checkatrade.com/sitemap/locations/London/V,london_trade_sitemap,2026-09-05,London A-Z trade/service sitemap.,London
Checkatrade,Victorian Tiles,Victorian Tiles,Victorian Tiles,Other / Unmapped,V2,https://www.checkatrade.com/sitemap/locations/London/V,london_trade_sitemap,2026-09-05,London A-Z trade/service sitemap.,London
Checkatrade,Video / Audio Repair,Video / Audio Repair,Video / Audio Repair,Other / Unmapped,V2,https://www.checkatrade.com/sitemap/locations/London/V,london_trade_sitemap,2026-09-05,London A-Z trade/service sitemap.,London
Checkatrade,View Prices,View Prices,View Prices,Other / Unmapped,V1,https://join.checkatrade.com/what-you-get/,public_category_page,2026-08-22,Checkatrade public category/onboarding page.,
Checkatrade,View our prices,View our prices,View our prices,Other / Unmapped,V1,https://join.checkatrade.com/what-you-get/,public_category_page,2026-08-22,Checkatrade public category/onboarding page.,
Checkatrade,Vinyl Floor Tiles,Vinyl Floor Tiles,Flooring,Home & Trades,V2,https://www.checkatrade.com/sitemap/locations/London/V,london_trade_sitemap,2026-09-05,London A-Z trade/service sitemap.,London
Checkatrade,Vinyl Flooring,Vinyl Flooring,Flooring,Home & Trades,V2,https://www.checkatrade.com/sitemap/locations/London/V,london_trade_sitemap,2026-09-05,London A-Z trade/service sitemap.,London
Checkatrade,Vokera Boiler Service,Vokera Boiler Service,Heating & Boiler Services,Home & Trades,V2,https://www.checkatrade.com/sitemap/locations/London/V,london_trade_sitemap,2026-09-05,London A-Z trade/service sitemap.,London
Checkatrade,VolP Telephony,VolP Telephony,VolP Telephony,Other / Unmapped,V2,https://www.checkatrade.com/sitemap/locations/London/V,london_trade_sitemap,2026-09-05,London A-Z trade/service sitemap.,London
Checkatrade,Wall Coatings,Wall Coatings,Wall Coatings,Other / Unmapped,V2,https://www.checkatrade.com/sitemap/locations/London/W,london_trade_sitemap,2026-09-05,London A-Z trade/service sitemap.,London
Checkatrade,Wall Murals,Wall Murals,Wall Murals,Other / Unmapped,V2,https://www.checkatrade.com/sitemap/locations/London/W,london_trade_sitemap,2026-09-05,London A-Z trade/service sitemap.,London
Checkatrade,Wall Tie Replacement,Wall Tie Replacement,Wall Tie Replacement,Other / Unmapped,V2,https://www.checkatrade.com/sitemap/locations/London/W,london_trade_sitemap,2026-09-05,London A-Z trade/service sitemap.,London
Checkatrade,Wall Tie Replacements,Wall Tie Replacements,Wall Tie Replacements,Other / Unmapped,V2,https://www.checkatrade.com/sitemap/locations/London/W,london_trade_sitemap,2026-09-05,London A-Z trade/service sitemap.,London
Checkatrade,Wall Tie Specialist,Wall Tie Specialist,Wall Tie Specialist,Other / Unmapped,V2,https://www.checkatrade.com/sitemap/locations/London/W,london_trade_sitemap,2026-09-05,London A-Z trade/service sitemap.,London
Checkatrade,Wall Tie Survey,Wall Tie Survey,Wall Tie Survey,Other / Unmapped,V2,https://www.checkatrade.com/sitemap/locations/London/W,london_trade_sitemap,2026-09-05,London A-Z trade/service sitemap.,London
Checkatrade,Wall Tiling,Wall Tiling,Tiling,Home & Trades,V2,https://www.checkatrade.com/sitemap/locations/London/W,london_trade_sitemap,2026-09-05,London A-Z trade/service sitemap.,London
Checkatrade,Wallpapering,Wallpapering,Wallpapering,Other / Unmapped,V2,https://www.checkatrade.com/sitemap/locations/London/W,london_trade_sitemap,2026-09-05,London A-Z trade/service sitemap.,London
Checkatrade,Wardrobe Maker,Wardrobe Maker,Wardrobe Maker,Other / Unmapped,V2,https://www.checkatrade.com/sitemap/locations/London/A,london_trade_sitemap,2026-09-05,London A-Z trade/service sitemap.,London
Checkatrade,Wardrobe Sliding Doors,Wardrobe Sliding Doors,Doors & Door Services,Home & Trades,V2,https://www.checkatrade.com/sitemap/locations/London/W,london_trade_sitemap,2026-09-05,London A-Z trade/service sitemap.,London
Checkatrade,Warehouse Clearance,Warehouse Clearance,Warehouse Clearance,Other / Unmapped,V2,https://www.checkatrade.com/sitemap/locations/London/W,london_trade_sitemap,2026-09-05,London A-Z trade/service sitemap.,London
Checkatrade,Warehouse Racking,Warehouse Racking,Warehouse Racking,Other / Unmapped,V2,https://www.checkatrade.com/sitemap/locations/London/W,london_trade_sitemap,2026-09-05,London A-Z trade/service sitemap.,London
Checkatrade,Warm Roof Construction,Warm Roof Construction,Roofing & Guttering,Home & Trades,V2,https://www.checkatrade.com/sitemap/locations/London/W,london_trade_sitemap,2026-09-05,London A-Z trade/service sitemap.,London
Checkatrade,Washing Machine Repair,Washing Machine Repair,Appliance Repair,Repair Services,V2,https://www.checkatrade.com/sitemap/locations/London/A,london_trade_sitemap,2026-09-05,London A-Z trade/service sitemap.,London
Checkatrade,Wasp Nest Removal,Wasp Nest Removal,Removals & Moving,Cleaning & Household,V2,https://www.checkatrade.com/sitemap/locations/London/W,london_trade_sitemap,2026-09-05,London A-Z trade/service sitemap.,London
Checkatrade,Waste Clearance,Waste Clearance,Waste Clearance,Other / Unmapped,V2,https://www.checkatrade.com/sitemap/locations/London/W,london_trade_sitemap,2026-09-05,London A-Z trade/service sitemap.,London
Checkatrade,Waste Water Treatment Plant Installations,Waste Water Treatment Plant Installations,Waste Water Treatment Plant Installations,Other / Unmapped,V2,https://www.checkatrade.com/sitemap/locations/London/W,london_trade_sitemap,2026-09-05,London A-Z trade/service sitemap.,London
Checkatrade,Water Coolers Supply / Maintenance,Water Coolers Supply / Maintenance,Water Coolers Supply / Maintenance,Other / Unmapped,V2,https://www.checkatrade.com/sitemap/locations/London/W,london_trade_sitemap,2026-09-05,London A-Z trade/service sitemap.,London
Checkatrade,Water Features,Water Features,Water Features,Other / Unmapped,V2,https://www.checkatrade.com/sitemap/locations/London/W,london_trade_sitemap,2026-09-05,London A-Z trade/service sitemap.,London
Checkatrade,Water Filters,Water Filters,Water Filters,Other / Unmapped,V2,https://www.checkatrade.com/sitemap/locations/London/W,london_trade_sitemap,2026-09-05,London A-Z trade/service sitemap.,London
Checkatrade,Water Gardens,Water Gardens,Gardening & Landscaping,Home & Trades,V2,https://www.checkatrade.com/sitemap/locations/London/W,london_trade_sitemap,2026-09-05,London A-Z trade/service sitemap.,London
Checkatrade,Water Leak Detection,Water Leak Detection,Water Leak Detection,Other / Unmapped,V2,https://www.checkatrade.com/sitemap/locations/London/W,london_trade_sitemap,2026-09-05,London A-Z trade/service sitemap.,London
Checkatrade,Water Leaking From Ceiling,Water Leaking From Ceiling,Water Leaking From Ceiling,Other / Unmapped,V2,https://www.checkatrade.com/sitemap/locations/London/A,london_trade_sitemap,2026-09-05,London A-Z trade/service sitemap.,London
Checkatrade,"Water Mains Specialist (Pipe Replacement, Moling and Lead Pipes)","Water Mains Specialist (Pipe Replacement, Moling and Lead Pipes)","Water Mains Specialist (Pipe Replacement, Moling and Lead Pipes)",Other / Unmapped,V2,https://www.checkatrade.com/sitemap/locations/London/W,london_trade_sitemap,2026-09-05,London A-Z trade/service sitemap.,London
Checkatrade,Water Pumps Installation,Water Pumps Installation,Water Pumps Installation,Other / Unmapped,V2,https://www.checkatrade.com/sitemap/locations/London/W,london_trade_sitemap,2026-09-05,London A-Z trade/service sitemap.,London
Checkatrade,Water Pumps Repair,Water Pumps Repair,Water Pumps Repair,Other / Unmapped,V2,https://www.checkatrade.com/sitemap/locations/London/W,london_trade_sitemap,2026-09-05,London A-Z trade/service sitemap.,London
Checkatrade,Water Softeners,Water Softeners,Water Softeners,Other / Unmapped,V2,https://www.checkatrade.com/sitemap/locations/London/W,london_trade_sitemap,2026-09-05,London A-Z trade/service sitemap.,London
Checkatrade,Water Supply Pipe Repairs,Water Supply Pipe Repairs,Water Supply Pipe Repairs,Other / Unmapped,V2,https://www.checkatrade.com/sitemap/locations/London/W,london_trade_sitemap,2026-09-05,London A-Z trade/service sitemap.,London
Checkatrade,Water tank repair,Water tank repair,Water tank repair,Other / Unmapped,V2,https://www.checkatrade.com/sitemap/locations/London/W,london_trade_sitemap,2026-09-05,London A-Z trade/service sitemap.,London
Checkatrade,Waterproof Plasterer,Waterproof Plasterer,Plastering & Rendering,Home & Trades,V2,https://www.checkatrade.com/sitemap/locations/London/W,london_trade_sitemap,2026-09-05,London A-Z trade/service sitemap.,London
Checkatrade,Weather Coatings,Weather Coatings,Weather Coatings,Other / Unmapped,V2,https://www.checkatrade.com/sitemap/locations/London/W,london_trade_sitemap,2026-09-05,London A-Z trade/service sitemap.,London
Checkatrade,Website Designers,Website Designers,Web Design & Development,Professional Services,V2,https://www.checkatrade.com/sitemap/locations/London/W,london_trade_sitemap,2026-09-05,London A-Z trade/service sitemap.,London
Checkatrade,Weed Control,Weed Control,Weed Control,Other / Unmapped,V2,https://www.checkatrade.com/sitemap/locations/London/W,london_trade_sitemap,2026-09-05,London A-Z trade/service sitemap.,London
Checkatrade,Welding,Welding,Welding,Other / Unmapped,V2,https://www.checkatrade.com/sitemap/locations/London/W,london_trade_sitemap,2026-09-05,London A-Z trade/service sitemap.,London
Checkatrade,Welding Fabrication,Welding Fabrication,Welding Fabrication,Other / Unmapped,V2,https://www.checkatrade.com/sitemap/locations/London/W,london_trade_sitemap,2026-09-05,London A-Z trade/service sitemap.,London
Checkatrade,Wet Rooms,Wet Rooms,Bathroom Services,Home & Trades,V2,https://www.checkatrade.com/sitemap/locations/London/W,london_trade_sitemap,2026-09-05,London A-Z trade/service sitemap.,London
Checkatrade,Wheel Refurbishments,Wheel Refurbishments,Wheel Refurbishments,Other / Unmapped,V2,https://www.checkatrade.com/sitemap/locations/London/W,london_trade_sitemap,2026-09-05,London A-Z trade/service sitemap.,London
Checkatrade,Wheelchairs Manual / Electric,Wheelchairs Manual / Electric,Electrical Services,Home & Trades,V2,https://www.checkatrade.com/sitemap/locations/London/W,london_trade_sitemap,2026-09-05,London A-Z trade/service sitemap.,London
Checkatrade,Wheelie Bin Clean,Wheelie Bin Clean,Cleaning,Cleaning & Household,V2,https://www.checkatrade.com/sitemap/locations/London/W,london_trade_sitemap,2026-09-05,London A-Z trade/service sitemap.,London
Checkatrade,WiFi Distribution,WiFi Distribution,WiFi Distribution,Other / Unmapped,V2,https://www.checkatrade.com/sitemap/locations/London/W,london_trade_sitemap,2026-09-05,London A-Z trade/service sitemap.,London
Checkatrade,Wildlife management,Wildlife management,Wildlife management,Other / Unmapped,V2,https://www.checkatrade.com/sitemap/locations/London/W,london_trade_sitemap,2026-09-05,London A-Z trade/service sitemap.,London
Checkatrade,Win more work,Win more work,Win more work,Other / Unmapped,V1,https://join.checkatrade.com/what-you-get/,public_category_page,2026-08-22,Checkatrade public category/onboarding page.,
Checkatrade,Wind Turbines,Wind Turbines,Wind Turbines,Other / Unmapped,V2,https://www.checkatrade.com/sitemap/locations/London/W,london_trade_sitemap,2026-09-05,London A-Z trade/service sitemap.,London
Checkatrade,Wind Turbines - Feed,Wind Turbines - Feed,Wind Turbines - Feed,Other / Unmapped,V2,https://www.checkatrade.com/sitemap/locations/London/W,london_trade_sitemap,2026-09-05,London A-Z trade/service sitemap.,London
Checkatrade,Window Cleaner,Window Cleaner,Windows & Glazing,Home & Trades,V2,https://www.checkatrade.com/sitemap/locations/London/A,london_trade_sitemap,2026-09-05,London A-Z trade/service sitemap.,London
Checkatrade,Window Cleaners,Window Cleaners,Windows & Glazing,Home & Trades,V2,https://www.checkatrade.com/sitemap/locations/London/A,london_trade_sitemap,2026-09-05,London A-Z trade/service sitemap.,London
Checkatrade,Window Film,Window Film,Windows & Glazing,Home & Trades,V2,https://www.checkatrade.com/sitemap/locations/London/W,london_trade_sitemap,2026-09-05,London A-Z trade/service sitemap.,London
Checkatrade,Window Fitter,Window Fitter,Windows & Glazing,Home & Trades,V2,https://www.checkatrade.com/sitemap/locations/London/A,london_trade_sitemap,2026-09-05,London A-Z trade/service sitemap.,London
Checkatrade,Window Fitters,Window Fitters,Windows & Glazing,Home & Trades,V2,https://www.checkatrade.com/sitemap/locations/London/W,london_trade_sitemap,2026-09-05,London A-Z trade/service sitemap.,London
Checkatrade,Window Lock Fitting,Window Lock Fitting,Windows & Glazing,Home & Trades,V2,https://www.checkatrade.com/sitemap/locations/London/W,london_trade_sitemap,2026-09-05,London A-Z trade/service sitemap.,London
Checkatrade,Window Lock Repair,Window Lock Repair,Locksmith,Home & Trades,V2,https://www.checkatrade.com/sitemap/locations/London/W,london_trade_sitemap,2026-09-05,London A-Z trade/service sitemap.,London
Checkatrade,Window Shutter Fitters,Window Shutter Fitters,Windows & Glazing,Home & Trades,V2,https://www.checkatrade.com/sitemap/locations/London/W,london_trade_sitemap,2026-09-05,London A-Z trade/service sitemap.,London
Checkatrade,Window Shutter Suppliers,Window Shutter Suppliers,Windows & Glazing,Home & Trades,V2,https://www.checkatrade.com/sitemap/locations/London/W,london_trade_sitemap,2026-09-05,London A-Z trade/service sitemap.,London
Checkatrade,Window Shutters,Window Shutters,Windows & Glazing,Home & Trades,V2,https://www.checkatrade.com/sitemap/locations/London/W,london_trade_sitemap,2026-09-05,London A-Z trade/service sitemap.,London
Checkatrade,Window Tinting,Window Tinting,Windows & Glazing,Home & Trades,V2,https://www.checkatrade.com/sitemap/locations/London/W,london_trade_sitemap,2026-09-05,London A-Z trade/service sitemap.,London
Checkatrade,Windows / Doors / Conservatories,Windows / Doors / Conservatories,Windows & Glazing,Home & Trades,V2,https://www.checkatrade.com/sitemap/locations/London/W,london_trade_sitemap,2026-09-05,London A-Z trade/service sitemap.,London
Checkatrade,Windows Supply,Windows Supply,Windows & Glazing,Home & Trades,V2,https://www.checkatrade.com/sitemap/locations/London/W,london_trade_sitemap,2026-09-05,London A-Z trade/service sitemap.,London
Checkatrade,Windows and Doors,Windows and Doors,Windows & Glazing,Home & Trades,V2,https://www.checkatrade.com/sitemap/locations/London/W,london_trade_sitemap,2026-09-05,London A-Z trade/service sitemap.,London
Checkatrade,Windscreen Repair,Windscreen Repair,Windscreen Repair,Other / Unmapped,V2,https://www.checkatrade.com/sitemap/locations/London/W,london_trade_sitemap,2026-09-05,London A-Z trade/service sitemap.,London
Checkatrade,Windscreen Replacement,Windscreen Replacement,Windscreen Replacement,Other / Unmapped,V2,https://www.checkatrade.com/sitemap/locations/London/W,london_trade_sitemap,2026-09-05,London A-Z trade/service sitemap.,London
Checkatrade,Wood & Laminate Repair,Wood & Laminate Repair,Flooring,Home & Trades,V2,https://www.checkatrade.com/sitemap/locations/London/W,london_trade_sitemap,2026-09-05,London A-Z trade/service sitemap.,London
Checkatrade,Wood / Log Burning Stoves,Wood / Log Burning Stoves,Wood / Log Burning Stoves,Other / Unmapped,V2,https://www.checkatrade.com/sitemap/locations/London/W,london_trade_sitemap,2026-09-05,London A-Z trade/service sitemap.,London
Checkatrade,Wood Flooring Installers,Wood Flooring Installers,Flooring,Home & Trades,V2,https://www.checkatrade.com/sitemap/locations/London/W,london_trade_sitemap,2026-09-05,London A-Z trade/service sitemap.,London
Checkatrade,Wood Flooring Restoration,Wood Flooring Restoration,Flooring,Home & Trades,V2,https://www.checkatrade.com/sitemap/locations/London/W,london_trade_sitemap,2026-09-05,London A-Z trade/service sitemap.,London
Checkatrade,Wood Flooring Suppliers,Wood Flooring Suppliers,Flooring,Home & Trades,V2,https://www.checkatrade.com/sitemap/locations/London/W,london_trade_sitemap,2026-09-05,London A-Z trade/service sitemap.,London
Checkatrade,Wood Merchants,Wood Merchants,Wood Merchants,Other / Unmapped,V2,https://www.checkatrade.com/sitemap/locations/London/W,london_trade_sitemap,2026-09-05,London A-Z trade/service sitemap.,London
Checkatrade,Wood Turning Service,Wood Turning Service,Wood Turning Service,Other / Unmapped,V2,https://www.checkatrade.com/sitemap/locations/London/W,london_trade_sitemap,2026-09-05,London A-Z trade/service sitemap.,London
Checkatrade,Wooden / Timber Structures,Wooden / Timber Structures,Wooden / Timber Structures,Other / Unmapped,V2,https://www.checkatrade.com/sitemap/locations/London/W,london_trade_sitemap,2026-09-05,London A-Z trade/service sitemap.,London
Checkatrade,Wooden Gates,Wooden Gates,Wooden Gates,Other / Unmapped,V2,https://www.checkatrade.com/sitemap/locations/London/W,london_trade_sitemap,2026-09-05,London A-Z trade/service sitemap.,London
Checkatrade,Wooden Sash Windows Installation,Wooden Sash Windows Installation,Windows & Glazing,Home & Trades,V2,https://www.checkatrade.com/sitemap/locations/London/W,london_trade_sitemap,2026-09-05,London A-Z trade/service sitemap.,London
Checkatrade,Wooden Sash Windows Repair,Wooden Sash Windows Repair,Windows & Glazing,Home & Trades,V2,https://www.checkatrade.com/sitemap/locations/London/W,london_trade_sitemap,2026-09-05,London A-Z trade/service sitemap.,London
Checkatrade,Wooden Shutters,Wooden Shutters,Wooden Shutters,Other / Unmapped,V2,https://www.checkatrade.com/sitemap/locations/London/W,london_trade_sitemap,2026-09-05,London A-Z trade/service sitemap.,London
Checkatrade,Wooden Windows Stripped / Painted,Wooden Windows Stripped / Painted,Painting & Decorating,Home & Trades,V2,https://www.checkatrade.com/sitemap/locations/London/W,london_trade_sitemap,2026-09-05,London A-Z trade/service sitemap.,London
Checkatrade,Wooden floor specialist,Wooden floor specialist,Flooring,Home & Trades,V2,https://www.checkatrade.com/sitemap/locations/London/W,london_trade_sitemap,2026-09-05,London A-Z trade/service sitemap.,London
Checkatrade,Woodworm Treatment,Woodworm Treatment,Woodworm Treatment,Other / Unmapped,V2,https://www.checkatrade.com/sitemap/locations/London/W,london_trade_sitemap,2026-09-05,London A-Z trade/service sitemap.,London
Checkatrade,Worcester Boiler Repair,Worcester Boiler Repair,Heating & Boiler Services,Home & Trades,V2,https://www.checkatrade.com/sitemap/locations/London/W,london_trade_sitemap,2026-09-05,London A-Z trade/service sitemap.,London
Checkatrade,Worcster Boiler Servicing,Worcster Boiler Servicing,Heating & Boiler Services,Home & Trades,V2,https://www.checkatrade.com/sitemap/locations/London/W,london_trade_sitemap,2026-09-05,London A-Z trade/service sitemap.,London
Checkatrade,Workshop Builders,Workshop Builders,Building & Construction,Home & Trades,V2,https://www.checkatrade.com/sitemap/locations/London/W,london_trade_sitemap,2026-09-05,London A-Z trade/service sitemap.,London
Checkatrade,Workshop Design / Construction,Workshop Design / Construction,Workshop Design / Construction,Other / Unmapped,V2,https://www.checkatrade.com/sitemap/locations/London/W,london_trade_sitemap,2026-09-05,London A-Z trade/service sitemap.,London
Checkatrade,Worktop & Countertop Repair,Worktop & Countertop Repair,Kitchen Services,Home & Trades,V2,https://www.checkatrade.com/sitemap/locations/London/W,london_trade_sitemap,2026-09-05,London A-Z trade/service sitemap.,London
Checkatrade,Worktops,Worktops,Kitchen Services,Home & Trades,V2,https://www.checkatrade.com/sitemap/locations/London/W,london_trade_sitemap,2026-09-05,London A-Z trade/service sitemap.,London
Checkatrade,Worktops - Acrylic,Worktops - Acrylic,Kitchen Services,Home & Trades,V2,https://www.checkatrade.com/sitemap/locations/London/W,london_trade_sitemap,2026-09-05,London A-Z trade/service sitemap.,London
Checkatrade,Worktops - Glass,Worktops - Glass,Kitchen Services,Home & Trades,V2,https://www.checkatrade.com/sitemap/locations/London/W,london_trade_sitemap,2026-09-05,London A-Z trade/service sitemap.,London
Checkatrade,Worktops - Granite,Worktops - Granite,Kitchen Services,Home & Trades,V2,https://www.checkatrade.com/sitemap/locations/London/W,london_trade_sitemap,2026-09-05,London A-Z trade/service sitemap.,London
Checkatrade,Worktops - Laminate,Worktops - Laminate,Flooring,Home & Trades,V2,https://www.checkatrade.com/sitemap/locations/London/W,london_trade_sitemap,2026-09-05,London A-Z trade/service sitemap.,London
Checkatrade,Worktops - Marble,Worktops - Marble,Kitchen Services,Home & Trades,V2,https://www.checkatrade.com/sitemap/locations/London/W,london_trade_sitemap,2026-09-05,London A-Z trade/service sitemap.,London
Checkatrade,Worktops - Quartz,Worktops - Quartz,Kitchen Services,Home & Trades,V2,https://www.checkatrade.com/sitemap/locations/London/W,london_trade_sitemap,2026-09-05,London A-Z trade/service sitemap.,London
Checkatrade,Worktops - Solid Wood,Worktops - Solid Wood,Kitchen Services,Home & Trades,V2,https://www.checkatrade.com/sitemap/locations/London/W,london_trade_sitemap,2026-09-05,London A-Z trade/service sitemap.,London
Checkatrade,Worktops - Stainless Steel,Worktops - Stainless Steel,Kitchen Services,Home & Trades,V2,https://www.checkatrade.com/sitemap/locations/London/W,london_trade_sitemap,2026-09-05,London A-Z trade/service sitemap.,London
Checkatrade,Worldwide / International Removals,Worldwide / International Removals,Removals & Moving,Cleaning & Household,V2,https://www.checkatrade.com/sitemap/locations/London/W,london_trade_sitemap,2026-09-05,London A-Z trade/service sitemap.,London
Checkatrade,Your profile shows up on Google so more customers can find and choose you!,Your profile shows up on Google so more customers can find and choose you!,Your profile shows up on Google so more customers can find and choose you!,Other / Unmapped,V1,https://join.checkatrade.com/what-you-get/,public_category_page,2026-08-22,Checkatrade public category/onboarding page.,
Checkatrade,anti vandal painters,anti vandal painters,Painting & Decorating,Home & Trades,V2,https://www.checkatrade.com/sitemap/locations/London/A,london_trade_sitemap,2026-09-05,London A-Z trade/service sitemap.,London
Checkatrade,antique furniture restoration,antique furniture restoration,antique furniture restoration,Other / Unmapped,V2,https://www.checkatrade.com/sitemap/locations/London/A,london_trade_sitemap,2026-09-05,London A-Z trade/service sitemap.,London
Checkatrade,artex ceiling repair,artex ceiling repair,artex ceiling repair,Other / Unmapped,V2,https://www.checkatrade.com/sitemap/locations/London/A,london_trade_sitemap,2026-09-05,London A-Z trade/service sitemap.,London
Checkatrade,asbestos roof replacement,asbestos roof replacement,Roofing & Guttering,Home & Trades,V2,https://www.checkatrade.com/sitemap/locations/London/A,london_trade_sitemap,2026-09-05,London A-Z trade/service sitemap.,London
Checkatrade,asphalt roofers,asphalt roofers,Roofing & Guttering,Home & Trades,V2,https://www.checkatrade.com/sitemap/locations/London/A,london_trade_sitemap,2026-09-05,London A-Z trade/service sitemap.,London
Checkatrade,attic door,attic door,Doors & Door Services,Home & Trades,V2,https://www.checkatrade.com/sitemap/locations/London/A,london_trade_sitemap,2026-09-05,London A-Z trade/service sitemap.,London
Checkatrade,attic flooring,attic flooring,Flooring,Home & Trades,V2,https://www.checkatrade.com/sitemap/locations/London/A,london_trade_sitemap,2026-09-05,London A-Z trade/service sitemap.,London
Checkatrade,attic hatch,attic hatch,attic hatch,Other / Unmapped,V2,https://www.checkatrade.com/sitemap/locations/London/A,london_trade_sitemap,2026-09-05,London A-Z trade/service sitemap.,London
Checkatrade,attic insulation,attic insulation,Insulation,Home & Trades,V2,https://www.checkatrade.com/sitemap/locations/London/A,london_trade_sitemap,2026-09-05,London A-Z trade/service sitemap.,London
Checkatrade,attic ladder,attic ladder,attic ladder,Other / Unmapped,V2,https://www.checkatrade.com/sitemap/locations/London/A,london_trade_sitemap,2026-09-05,London A-Z trade/service sitemap.,London
Checkatrade,attic trap,attic trap,attic trap,Other / Unmapped,V2,https://www.checkatrade.com/sitemap/locations/London/A,london_trade_sitemap,2026-09-05,London A-Z trade/service sitemap.,London
Checkatrade,barn roof repair,barn roof repair,Roofing & Guttering,Home & Trades,V2,https://www.checkatrade.com/sitemap/locations/London/B,london_trade_sitemap,2026-09-05,London A-Z trade/service sitemap.,London
Checkatrade,bath crack,bath crack,bath crack,Other / Unmapped,V2,https://www.checkatrade.com/sitemap/locations/London/B,london_trade_sitemap,2026-09-05,London A-Z trade/service sitemap.,London
Checkatrade,bath replacement,bath replacement,bath replacement,Other / Unmapped,V2,https://www.checkatrade.com/sitemap/locations/London/B,london_trade_sitemap,2026-09-05,London A-Z trade/service sitemap.,London
Checkatrade,bathroom painting,bathroom painting,Painting & Decorating,Home & Trades,V2,https://www.checkatrade.com/sitemap/locations/London/B,london_trade_sitemap,2026-09-05,London A-Z trade/service sitemap.,London
Checkatrade,bathroom plumber,bathroom plumber,Plumbing,Home & Trades,V2,https://www.checkatrade.com/sitemap/locations/London/B,london_trade_sitemap,2026-09-05,London A-Z trade/service sitemap.,London
Checkatrade,bathroom renovation,bathroom renovation,Bathroom Services,Home & Trades,V2,https://www.checkatrade.com/sitemap/locations/London/B,london_trade_sitemap,2026-09-05,London A-Z trade/service sitemap.,London
Checkatrade,bathroom supplies,bathroom supplies,Bathroom Services,Home & Trades,V2,https://www.checkatrade.com/sitemap/locations/London/B,london_trade_sitemap,2026-09-05,London A-Z trade/service sitemap.,London
Checkatrade,bathrub drain,bathrub drain,bathrub drain,Other / Unmapped,V2,https://www.checkatrade.com/sitemap/locations/London/B,london_trade_sitemap,2026-09-05,London A-Z trade/service sitemap.,London
Checkatrade,bathrub screen,bathrub screen,bathrub screen,Other / Unmapped,V2,https://www.checkatrade.com/sitemap/locations/London/B,london_trade_sitemap,2026-09-05,London A-Z trade/service sitemap.,London
Checkatrade,bathtub fitting,bathtub fitting,bathtub fitting,Other / Unmapped,V2,https://www.checkatrade.com/sitemap/locations/London/B,london_trade_sitemap,2026-09-05,London A-Z trade/service sitemap.,London
Checkatrade,bathtub repair,bathtub repair,bathtub repair,Other / Unmapped,V2,https://www.checkatrade.com/sitemap/locations/London/B,london_trade_sitemap,2026-09-05,London A-Z trade/service sitemap.,London
Checkatrade,bay window roof repair,bay window roof repair,Roofing & Guttering,Home & Trades,V2,https://www.checkatrade.com/sitemap/locations/London/B,london_trade_sitemap,2026-09-05,London A-Z trade/service sitemap.,London
Checkatrade,bay window roof replacement,bay window roof replacement,Roofing & Guttering,Home & Trades,V2,https://www.checkatrade.com/sitemap/locations/London/B,london_trade_sitemap,2026-09-05,London A-Z trade/service sitemap.,London
Checkatrade,bed frame repair,bed frame repair,bed frame repair,Other / Unmapped,V2,https://www.checkatrade.com/sitemap/locations/London/B,london_trade_sitemap,2026-09-05,London A-Z trade/service sitemap.,London
Checkatrade,bedroom fitted wardrobes,bedroom fitted wardrobes,bedroom fitted wardrobes,Other / Unmapped,V2,https://www.checkatrade.com/sitemap/locations/London/B,london_trade_sitemap,2026-09-05,London A-Z trade/service sitemap.,London
Checkatrade,bespoke alcove units,bespoke alcove units,bespoke alcove units,Other / Unmapped,V2,https://www.checkatrade.com/sitemap/locations/London/B,london_trade_sitemap,2026-09-05,London A-Z trade/service sitemap.,London
Checkatrade,bespoke bedroom furniture,bespoke bedroom furniture,bespoke bedroom furniture,Other / Unmapped,V2,https://www.checkatrade.com/sitemap/locations/London/B,london_trade_sitemap,2026-09-05,London A-Z trade/service sitemap.,London
Checkatrade,bespoke cabinet makers,bespoke cabinet makers,bespoke cabinet makers,Other / Unmapped,V2,https://www.checkatrade.com/sitemap/locations/London/B,london_trade_sitemap,2026-09-05,London A-Z trade/service sitemap.,London
Checkatrade,bespoke cupboards,bespoke cupboards,bespoke cupboards,Other / Unmapped,V2,https://www.checkatrade.com/sitemap/locations/London/B,london_trade_sitemap,2026-09-05,London A-Z trade/service sitemap.,London
Checkatrade,bespoke dining tables,bespoke dining tables,bespoke dining tables,Other / Unmapped,V2,https://www.checkatrade.com/sitemap/locations/London/B,london_trade_sitemap,2026-09-05,London A-Z trade/service sitemap.,London
Checkatrade,bespoke doors,bespoke doors,Doors & Door Services,Home & Trades,V2,https://www.checkatrade.com/sitemap/locations/London/B,london_trade_sitemap,2026-09-05,London A-Z trade/service sitemap.,London
Checkatrade,bespoke external doors,bespoke external doors,Doors & Door Services,Home & Trades,V2,https://www.checkatrade.com/sitemap/locations/London/B,london_trade_sitemap,2026-09-05,London A-Z trade/service sitemap.,London
Checkatrade,bespoke fitted furniture,bespoke fitted furniture,bespoke fitted furniture,Other / Unmapped,V2,https://www.checkatrade.com/sitemap/locations/London/B,london_trade_sitemap,2026-09-05,London A-Z trade/service sitemap.,London
Checkatrade,bespoke furniture makers,bespoke furniture makers,bespoke furniture makers,Other / Unmapped,V2,https://www.checkatrade.com/sitemap/locations/London/B,london_trade_sitemap,2026-09-05,London A-Z trade/service sitemap.,London
Checkatrade,bespoke home office furniture,bespoke home office furniture,bespoke home office furniture,Other / Unmapped,V2,https://www.checkatrade.com/sitemap/locations/London/B,london_trade_sitemap,2026-09-05,London A-Z trade/service sitemap.,London
Checkatrade,bespoke interior doors,bespoke interior doors,Doors & Door Services,Home & Trades,V2,https://www.checkatrade.com/sitemap/locations/London/B,london_trade_sitemap,2026-09-05,London A-Z trade/service sitemap.,London
Checkatrade,bespoke joinery,bespoke joinery,Carpentry & Joinery,Home & Trades,V2,https://www.checkatrade.com/sitemap/locations/London/B,london_trade_sitemap,2026-09-05,London A-Z trade/service sitemap.,London
Checkatrade,bespoke kitchen designers,bespoke kitchen designers,Kitchen Services,Home & Trades,V2,https://www.checkatrade.com/sitemap/locations/London/B,london_trade_sitemap,2026-09-05,London A-Z trade/service sitemap.,London
Checkatrade,bespoke kitchen fitters,bespoke kitchen fitters,Kitchen Services,Home & Trades,V2,https://www.checkatrade.com/sitemap/locations/London/B,london_trade_sitemap,2026-09-05,London A-Z trade/service sitemap.,London
Checkatrade,bespoke kitchens,bespoke kitchens,Kitchen Services,Home & Trades,V2,https://www.checkatrade.com/sitemap/locations/London/B,london_trade_sitemap,2026-09-05,London A-Z trade/service sitemap.,London
Checkatrade,bespoke living room furniture,bespoke living room furniture,bespoke living room furniture,Other / Unmapped,V2,https://www.checkatrade.com/sitemap/locations/London/B,london_trade_sitemap,2026-09-05,London A-Z trade/service sitemap.,London
Checkatrade,bespoke oak doors,bespoke oak doors,Doors & Door Services,Home & Trades,V2,https://www.checkatrade.com/sitemap/locations/London/B,london_trade_sitemap,2026-09-05,London A-Z trade/service sitemap.,London
Checkatrade,bespoke oak furniture,bespoke oak furniture,bespoke oak furniture,Other / Unmapped,V2,https://www.checkatrade.com/sitemap/locations/London/B,london_trade_sitemap,2026-09-05,London A-Z trade/service sitemap.,London
Checkatrade,bespoke pergola,bespoke pergola,bespoke pergola,Other / Unmapped,V2,https://www.checkatrade.com/sitemap/locations/London/B,london_trade_sitemap,2026-09-05,London A-Z trade/service sitemap.,London
Checkatrade,bespoke pine furniture,bespoke pine furniture,bespoke pine furniture,Other / Unmapped,V2,https://www.checkatrade.com/sitemap/locations/London/B,london_trade_sitemap,2026-09-05,London A-Z trade/service sitemap.,London
Checkatrade,bespoke radiator covers,bespoke radiator covers,Heating & Boiler Services,Home & Trades,V2,https://www.checkatrade.com/sitemap/locations/London/B,london_trade_sitemap,2026-09-05,London A-Z trade/service sitemap.,London
Checkatrade,bespoke stable doors,bespoke stable doors,Doors & Door Services,Home & Trades,V2,https://www.checkatrade.com/sitemap/locations/London/B,london_trade_sitemap,2026-09-05,London A-Z trade/service sitemap.,London
Checkatrade,bespoke timber windows,bespoke timber windows,Windows & Glazing,Home & Trades,V2,https://www.checkatrade.com/sitemap/locations/London/B,london_trade_sitemap,2026-09-05,London A-Z trade/service sitemap.,London
Checkatrade,bespoke under stairs storage,bespoke under stairs storage,bespoke under stairs storage,Other / Unmapped,V2,https://www.checkatrade.com/sitemap/locations/London/B,london_trade_sitemap,2026-09-05,London A-Z trade/service sitemap.,London
Checkatrade,bespoke windows,bespoke windows,Windows & Glazing,Home & Trades,V2,https://www.checkatrade.com/sitemap/locations/London/B,london_trade_sitemap,2026-09-05,London A-Z trade/service sitemap.,London
Checkatrade,bespoke wooden doors,bespoke wooden doors,Doors & Door Services,Home & Trades,V2,https://www.checkatrade.com/sitemap/locations/London/B,london_trade_sitemap,2026-09-05,London A-Z trade/service sitemap.,London
Checkatrade,bespoke wooden front doors,bespoke wooden front doors,Doors & Door Services,Home & Trades,V2,https://www.checkatrade.com/sitemap/locations/London/B,london_trade_sitemap,2026-09-05,London A-Z trade/service sitemap.,London
Checkatrade,bespoke wooden windows,bespoke wooden windows,Windows & Glazing,Home & Trades,V2,https://www.checkatrade.com/sitemap/locations/London/B,london_trade_sitemap,2026-09-05,London A-Z trade/service sitemap.,London
Checkatrade,bespoke woodwork,bespoke woodwork,bespoke woodwork,Other / Unmapped,V2,https://www.checkatrade.com/sitemap/locations/London/B,london_trade_sitemap,2026-09-05,London A-Z trade/service sitemap.,London
Checkatrade,blocked drain plumber,blocked drain plumber,Plumbing,Home & Trades,V2,https://www.checkatrade.com/sitemap/locations/London/B,london_trade_sitemap,2026-09-05,London A-Z trade/service sitemap.,London
Checkatrade,blocked loo,blocked loo,blocked loo,Other / Unmapped,V2,https://www.checkatrade.com/sitemap/locations/London/B,london_trade_sitemap,2026-09-05,London A-Z trade/service sitemap.,London
Checkatrade,blocked toilet plumber,blocked toilet plumber,Plumbing,Home & Trades,V2,https://www.checkatrade.com/sitemap/locations/London/B,london_trade_sitemap,2026-09-05,London A-Z trade/service sitemap.,London
Checkatrade,boat repairs,boat repairs,boat repairs,Other / Unmapped,V2,https://www.checkatrade.com/sitemap/locations/London/B,london_trade_sitemap,2026-09-05,London A-Z trade/service sitemap.,London
Checkatrade,boatbuilders,boatbuilders,boatbuilders,Other / Unmapped,V2,https://www.checkatrade.com/sitemap/locations/London/B,london_trade_sitemap,2026-09-05,London A-Z trade/service sitemap.,London
Checkatrade,bookcase makers,bookcase makers,bookcase makers,Other / Unmapped,V2,https://www.checkatrade.com/sitemap/locations/London/B,london_trade_sitemap,2026-09-05,London A-Z trade/service sitemap.,London
Checkatrade,borehole,borehole,borehole,Other / Unmapped,V2,https://www.checkatrade.com/sitemap/locations/London/B,london_trade_sitemap,2026-09-05,London A-Z trade/service sitemap.,London
Checkatrade,cabinet maker,cabinet maker,cabinet maker,Other / Unmapped,V2,https://www.checkatrade.com/sitemap/locations/London/C,london_trade_sitemap,2026-09-05,London A-Z trade/service sitemap.,London
Checkatrade,carport roof repair,carport roof repair,Roofing & Guttering,Home & Trades,V2,https://www.checkatrade.com/sitemap/locations/London/C,london_trade_sitemap,2026-09-05,London A-Z trade/service sitemap.,London
Checkatrade,ceiling crack,ceiling crack,ceiling crack,Other / Unmapped,V2,https://www.checkatrade.com/sitemap/locations/London/C,london_trade_sitemap,2026-09-05,London A-Z trade/service sitemap.,London
Checkatrade,ceiling fan,ceiling fan,ceiling fan,Other / Unmapped,V2,https://www.checkatrade.com/sitemap/locations/London/C,london_trade_sitemap,2026-09-05,London A-Z trade/service sitemap.,London
Checkatrade,ceiling leak,ceiling leak,ceiling leak,Other / Unmapped,V2,https://www.checkatrade.com/sitemap/locations/London/C,london_trade_sitemap,2026-09-05,London A-Z trade/service sitemap.,London
Checkatrade,ceiling painters,ceiling painters,Painting & Decorating,Home & Trades,V2,https://www.checkatrade.com/sitemap/locations/London/C,london_trade_sitemap,2026-09-05,London A-Z trade/service sitemap.,London
Checkatrade,ceiling repair,ceiling repair,ceiling repair,Other / Unmapped,V2,https://www.checkatrade.com/sitemap/locations/London/C,london_trade_sitemap,2026-09-05,London A-Z trade/service sitemap.,London
Checkatrade,ceiling skimming,ceiling skimming,ceiling skimming,Other / Unmapped,V2,https://www.checkatrade.com/sitemap/locations/London/C,london_trade_sitemap,2026-09-05,London A-Z trade/service sitemap.,London
Checkatrade,central heating leak detection,central heating leak detection,Heating & Boiler Services,Home & Trades,V2,https://www.checkatrade.com/sitemap/locations/London/C,london_trade_sitemap,2026-09-05,London A-Z trade/service sitemap.,London
Checkatrade,central heating power flush,central heating power flush,Heating & Boiler Services,Home & Trades,V2,https://www.checkatrade.com/sitemap/locations/London/C,london_trade_sitemap,2026-09-05,London A-Z trade/service sitemap.,London
Checkatrade,chimney and roof repair,chimney and roof repair,Roofing & Guttering,Home & Trades,V2,https://www.checkatrade.com/sitemap/locations/London/C,london_trade_sitemap,2026-09-05,London A-Z trade/service sitemap.,London
Checkatrade,chimney breast removal,chimney breast removal,Removals & Moving,Cleaning & Household,V2,https://www.checkatrade.com/sitemap/locations/London/C,london_trade_sitemap,2026-09-05,London A-Z trade/service sitemap.,London
Checkatrade,chimney builders,chimney builders,Building & Construction,Home & Trades,V2,https://www.checkatrade.com/sitemap/locations/London/C,london_trade_sitemap,2026-09-05,London A-Z trade/service sitemap.,London
Checkatrade,chimney cap installation,chimney cap installation,chimney cap installation,Other / Unmapped,V2,https://www.checkatrade.com/sitemap/locations/London/C,london_trade_sitemap,2026-09-05,London A-Z trade/service sitemap.,London
Checkatrade,chimney contractors,chimney contractors,chimney contractors,Other / Unmapped,V2,https://www.checkatrade.com/sitemap/locations/London/C,london_trade_sitemap,2026-09-05,London A-Z trade/service sitemap.,London
Checkatrade,chimney cowl fitting,chimney cowl fitting,chimney cowl fitting,Other / Unmapped,V2,https://www.checkatrade.com/sitemap/locations/London/C,london_trade_sitemap,2026-09-05,London A-Z trade/service sitemap.,London
Checkatrade,chimney flashing repair,chimney flashing repair,Beauty & Skincare,Beauty & Wellness,V2,https://www.checkatrade.com/sitemap/locations/London/C,london_trade_sitemap,2026-09-05,London A-Z trade/service sitemap.,London
Checkatrade,chimney flue installers,chimney flue installers,chimney flue installers,Other / Unmapped,V2,https://www.checkatrade.com/sitemap/locations/London/C,london_trade_sitemap,2026-09-05,London A-Z trade/service sitemap.,London
Checkatrade,chimney installers,chimney installers,chimney installers,Other / Unmapped,V2,https://www.checkatrade.com/sitemap/locations/London/C,london_trade_sitemap,2026-09-05,London A-Z trade/service sitemap.,London
Checkatrade,chimney leak repair,chimney leak repair,chimney leak repair,Other / Unmapped,V2,https://www.checkatrade.com/sitemap/locations/London/C,london_trade_sitemap,2026-09-05,London A-Z trade/service sitemap.,London
Checkatrade,chimney liner installers,chimney liner installers,chimney liner installers,Other / Unmapped,V2,https://www.checkatrade.com/sitemap/locations/London/C,london_trade_sitemap,2026-09-05,London A-Z trade/service sitemap.,London
Checkatrade,chimney pointing,chimney pointing,chimney pointing,Other / Unmapped,V2,https://www.checkatrade.com/sitemap/locations/London/C,london_trade_sitemap,2026-09-05,London A-Z trade/service sitemap.,London
Checkatrade,chimney rendering,chimney rendering,Plastering & Rendering,Home & Trades,V2,https://www.checkatrade.com/sitemap/locations/London/C,london_trade_sitemap,2026-09-05,London A-Z trade/service sitemap.,London
Checkatrade,chimney repair companies,chimney repair companies,chimney repair companies,Other / Unmapped,V2,https://www.checkatrade.com/sitemap/locations/London/C,london_trade_sitemap,2026-09-05,London A-Z trade/service sitemap.,London
Checkatrade,chimney repair specialists,chimney repair specialists,chimney repair specialists,Other / Unmapped,V2,https://www.checkatrade.com/sitemap/locations/London/C,london_trade_sitemap,2026-09-05,London A-Z trade/service sitemap.,London
Checkatrade,chimney replacement,chimney replacement,chimney replacement,Other / Unmapped,V2,https://www.checkatrade.com/sitemap/locations/London/C,london_trade_sitemap,2026-09-05,London A-Z trade/service sitemap.,London
Checkatrade,chimney specialist,chimney specialist,chimney specialist,Other / Unmapped,V2,https://www.checkatrade.com/sitemap/locations/London/C,london_trade_sitemap,2026-09-05,London A-Z trade/service sitemap.,London
Checkatrade,chimney stack repair,chimney stack repair,chimney stack repair,Other / Unmapped,V2,https://www.checkatrade.com/sitemap/locations/London/C,london_trade_sitemap,2026-09-05,London A-Z trade/service sitemap.,London
Checkatrade,chimney sweep and repair,chimney sweep and repair,chimney sweep and repair,Other / Unmapped,V2,https://www.checkatrade.com/sitemap/locations/London/C,london_trade_sitemap,2026-09-05,London A-Z trade/service sitemap.,London
Checkatrade,collapsed drain repair,collapsed drain repair,collapsed drain repair,Other / Unmapped,V2,https://www.checkatrade.com/sitemap/locations/London/C,london_trade_sitemap,2026-09-05,London A-Z trade/service sitemap.,London
Checkatrade,commercial roof replacement,commercial roof replacement,Roofing & Guttering,Home & Trades,V2,https://www.checkatrade.com/sitemap/locations/London/C,london_trade_sitemap,2026-09-05,London A-Z trade/service sitemap.,London
Checkatrade,conservatory glass roof repairs,conservatory glass roof repairs,Roofing & Guttering,Home & Trades,V2,https://www.checkatrade.com/sitemap/locations/London/C,london_trade_sitemap,2026-09-05,London A-Z trade/service sitemap.,London
Checkatrade,conservatory roof leak repairs,conservatory roof leak repairs,Roofing & Guttering,Home & Trades,V2,https://www.checkatrade.com/sitemap/locations/London/C,london_trade_sitemap,2026-09-05,London A-Z trade/service sitemap.,London
Checkatrade,conservatory roof repair,conservatory roof repair,Roofing & Guttering,Home & Trades,V2,https://www.checkatrade.com/sitemap/locations/London/C,london_trade_sitemap,2026-09-05,London A-Z trade/service sitemap.,London
Checkatrade,conservatory roof specialists,conservatory roof specialists,Roofing & Guttering,Home & Trades,V2,https://www.checkatrade.com/sitemap/locations/London/C,london_trade_sitemap,2026-09-05,London A-Z trade/service sitemap.,London
Checkatrade,corrugated roofing suppliers,corrugated roofing suppliers,Roofing & Guttering,Home & Trades,V2,https://www.checkatrade.com/sitemap/locations/London/C,london_trade_sitemap,2026-09-05,London A-Z trade/service sitemap.,London
Checkatrade,coving installers,coving installers,coving installers,Other / Unmapped,V2,https://www.checkatrade.com/sitemap/locations/London/C,london_trade_sitemap,2026-09-05,London A-Z trade/service sitemap.,London
Checkatrade,coving suppliers,coving suppliers,coving suppliers,Other / Unmapped,V2,https://www.checkatrade.com/sitemap/locations/London/C,london_trade_sitemap,2026-09-05,London A-Z trade/service sitemap.,London
Checkatrade,custom gazebo builders,custom gazebo builders,Building & Construction,Home & Trades,V2,https://www.checkatrade.com/sitemap/locations/London/C,london_trade_sitemap,2026-09-05,London A-Z trade/service sitemap.,London
Checkatrade,custom made internal doors,custom made internal doors,Doors & Door Services,Home & Trades,V2,https://www.checkatrade.com/sitemap/locations/London/C,london_trade_sitemap,2026-09-05,London A-Z trade/service sitemap.,London
Checkatrade,custom made wooden external doors,custom made wooden external doors,Doors & Door Services,Home & Trades,V2,https://www.checkatrade.com/sitemap/locations/London/C,london_trade_sitemap,2026-09-05,London A-Z trade/service sitemap.,London
Checkatrade,custom pergola builders,custom pergola builders,Building & Construction,Home & Trades,V2,https://www.checkatrade.com/sitemap/locations/London/C,london_trade_sitemap,2026-09-05,London A-Z trade/service sitemap.,London
Checkatrade,custom roof trusses,custom roof trusses,Roofing & Guttering,Home & Trades,V2,https://www.checkatrade.com/sitemap/locations/London/C,london_trade_sitemap,2026-09-05,London A-Z trade/service sitemap.,London
Checkatrade,custom shed builders,custom shed builders,Building & Construction,Home & Trades,V2,https://www.checkatrade.com/sitemap/locations/London/C,london_trade_sitemap,2026-09-05,London A-Z trade/service sitemap.,London
Checkatrade,custom stair railing,custom stair railing,custom stair railing,Other / Unmapped,V2,https://www.checkatrade.com/sitemap/locations/London/C,london_trade_sitemap,2026-09-05,London A-Z trade/service sitemap.,London
Checkatrade,deck and gazebo builders,deck and gazebo builders,Building & Construction,Home & Trades,V2,https://www.checkatrade.com/sitemap/locations/London/D,london_trade_sitemap,2026-09-05,London A-Z trade/service sitemap.,London
Checkatrade,deck painters,deck painters,Painting & Decorating,Home & Trades,V2,https://www.checkatrade.com/sitemap/locations/London/D,london_trade_sitemap,2026-09-05,London A-Z trade/service sitemap.,London
Checkatrade,dishwasher draining,dishwasher draining,dishwasher draining,Other / Unmapped,V2,https://www.checkatrade.com/sitemap/locations/London/D,london_trade_sitemap,2026-09-05,London A-Z trade/service sitemap.,London
Checkatrade,dishwasher plumber,dishwasher plumber,Plumbing,Home & Trades,V2,https://www.checkatrade.com/sitemap/locations/London/D,london_trade_sitemap,2026-09-05,London A-Z trade/service sitemap.,London
Checkatrade,door dipping,door dipping,Doors & Door Services,Home & Trades,V2,https://www.checkatrade.com/sitemap/locations/London/D,london_trade_sitemap,2026-09-05,London A-Z trade/service sitemap.,London
Checkatrade,door joinery,door joinery,Carpentry & Joinery,Home & Trades,V2,https://www.checkatrade.com/sitemap/locations/London/D,london_trade_sitemap,2026-09-05,London A-Z trade/service sitemap.,London
Checkatrade,door paint stripping service,door paint stripping service,Painting & Decorating,Home & Trades,V2,https://www.checkatrade.com/sitemap/locations/London/D,london_trade_sitemap,2026-09-05,London A-Z trade/service sitemap.,London
Checkatrade,dormer installation,dormer installation,dormer installation,Other / Unmapped,V2,https://www.checkatrade.com/sitemap/locations/London/D,london_trade_sitemap,2026-09-05,London A-Z trade/service sitemap.,London
Checkatrade,dormer window installation,dormer window installation,Windows & Glazing,Home & Trades,V2,https://www.checkatrade.com/sitemap/locations/London/D,london_trade_sitemap,2026-09-05,London A-Z trade/service sitemap.,London
Checkatrade,drain pipe repair,drain pipe repair,drain pipe repair,Other / Unmapped,V2,https://www.checkatrade.com/sitemap/locations/London/D,london_trade_sitemap,2026-09-05,London A-Z trade/service sitemap.,London
Checkatrade,drain pipe replacement,drain pipe replacement,drain pipe replacement,Other / Unmapped,V2,https://www.checkatrade.com/sitemap/locations/London/D,london_trade_sitemap,2026-09-05,London A-Z trade/service sitemap.,London
Checkatrade,dripping tap,dripping tap,dripping tap,Other / Unmapped,V2,https://www.checkatrade.com/sitemap/locations/London/D,london_trade_sitemap,2026-09-05,London A-Z trade/service sitemap.,London
Checkatrade,dry lining companies,dry lining companies,dry lining companies,Other / Unmapped,V2,https://www.checkatrade.com/sitemap/locations/London/D,london_trade_sitemap,2026-09-05,London A-Z trade/service sitemap.,London
Checkatrade,dry lining contractors,dry lining contractors,dry lining contractors,Other / Unmapped,V2,https://www.checkatrade.com/sitemap/locations/London/D,london_trade_sitemap,2026-09-05,London A-Z trade/service sitemap.,London
Checkatrade,drywall ceiling contractors,drywall ceiling contractors,drywall ceiling contractors,Other / Unmapped,V2,https://www.checkatrade.com/sitemap/locations/London/D,london_trade_sitemap,2026-09-05,London A-Z trade/service sitemap.,London
Checkatrade,drywall installers,drywall installers,drywall installers,Other / Unmapped,V2,https://www.checkatrade.com/sitemap/locations/London/D,london_trade_sitemap,2026-09-05,London A-Z trade/service sitemap.,London
Checkatrade,drywall repair,drywall repair,drywall repair,Other / Unmapped,V2,https://www.checkatrade.com/sitemap/locations/London/D,london_trade_sitemap,2026-09-05,London A-Z trade/service sitemap.,London
Checkatrade,drywall replacement,drywall replacement,drywall replacement,Other / Unmapped,V2,https://www.checkatrade.com/sitemap/locations/London/D,london_trade_sitemap,2026-09-05,London A-Z trade/service sitemap.,London
Checkatrade,drywall taping,drywall taping,drywall taping,Other / Unmapped,V2,https://www.checkatrade.com/sitemap/locations/London/D,london_trade_sitemap,2026-09-05,London A-Z trade/service sitemap.,London
Checkatrade,emergency joiners,emergency joiners,Carpentry & Joinery,Home & Trades,V2,https://www.checkatrade.com/sitemap/locations/London/E,london_trade_sitemap,2026-09-05,London A-Z trade/service sitemap.,London
Checkatrade,emergency plasterer,emergency plasterer,Plastering & Rendering,Home & Trades,V2,https://www.checkatrade.com/sitemap/locations/London/E,london_trade_sitemap,2026-09-05,London A-Z trade/service sitemap.,London
Checkatrade,emergency plumber,emergency plumber,Plumbing,Home & Trades,V2,https://www.checkatrade.com/sitemap/locations/London/E,london_trade_sitemap,2026-09-05,London A-Z trade/service sitemap.,London
Checkatrade,emergency roof leak repair,emergency roof leak repair,Roofing & Guttering,Home & Trades,V2,https://www.checkatrade.com/sitemap/locations/London/E,london_trade_sitemap,2026-09-05,London A-Z trade/service sitemap.,London
Checkatrade,emergency roof repair,emergency roof repair,Roofing & Guttering,Home & Trades,V2,https://www.checkatrade.com/sitemap/locations/London/E,london_trade_sitemap,2026-09-05,London A-Z trade/service sitemap.,London
Checkatrade,emergency roofer,emergency roofer,Roofing & Guttering,Home & Trades,V2,https://www.checkatrade.com/sitemap/locations/London/E,london_trade_sitemap,2026-09-05,London A-Z trade/service sitemap.,London
Checkatrade,exterior house painters,exterior house painters,Painting & Decorating,Home & Trades,V2,https://www.checkatrade.com/sitemap/locations/London/E,london_trade_sitemap,2026-09-05,London A-Z trade/service sitemap.,London
Checkatrade,exterior house spray painting,exterior house spray painting,Painting & Decorating,Home & Trades,V2,https://www.checkatrade.com/sitemap/locations/London/E,london_trade_sitemap,2026-09-05,London A-Z trade/service sitemap.,London
Checkatrade,exterior painters,exterior painters,Painting & Decorating,Home & Trades,V2,https://www.checkatrade.com/sitemap/locations/London/E,london_trade_sitemap,2026-09-05,London A-Z trade/service sitemap.,London
Checkatrade,exterior window painters,exterior window painters,Painting & Decorating,Home & Trades,V2,https://www.checkatrade.com/sitemap/locations/London/E,london_trade_sitemap,2026-09-05,London A-Z trade/service sitemap.,London
Checkatrade,external decorator,external decorator,Painting & Decorating,Home & Trades,V2,https://www.checkatrade.com/sitemap/locations/London/E,london_trade_sitemap,2026-09-05,London A-Z trade/service sitemap.,London
Checkatrade,external plasterers,external plasterers,Plastering & Rendering,Home & Trades,V2,https://www.checkatrade.com/sitemap/locations/London/E,london_trade_sitemap,2026-09-05,London A-Z trade/service sitemap.,London
Checkatrade,felt lap vents,felt lap vents,felt lap vents,Other / Unmapped,V2,https://www.checkatrade.com/sitemap/locations/London/F,london_trade_sitemap,2026-09-05,London A-Z trade/service sitemap.,London
Checkatrade,felt roof repairs,felt roof repairs,Roofing & Guttering,Home & Trades,V2,https://www.checkatrade.com/sitemap/locations/London/F,london_trade_sitemap,2026-09-05,London A-Z trade/service sitemap.,London
Checkatrade,felt roofers,felt roofers,Roofing & Guttering,Home & Trades,V2,https://www.checkatrade.com/sitemap/locations/London/F,london_trade_sitemap,2026-09-05,London A-Z trade/service sitemap.,London
Checkatrade,felt roofing contractors,felt roofing contractors,Roofing & Guttering,Home & Trades,V2,https://www.checkatrade.com/sitemap/locations/London/F,london_trade_sitemap,2026-09-05,London A-Z trade/service sitemap.,London
Checkatrade,fence painting services,fence painting services,Painting & Decorating,Home & Trades,V2,https://www.checkatrade.com/sitemap/locations/London/F,london_trade_sitemap,2026-09-05,London A-Z trade/service sitemap.,London
Checkatrade,fence spraying,fence spraying,Fencing & Gates,Home & Trades,V2,https://www.checkatrade.com/sitemap/locations/London/F,london_trade_sitemap,2026-09-05,London A-Z trade/service sitemap.,London
Checkatrade,fibreglass roof installers,fibreglass roof installers,Roofing & Guttering,Home & Trades,V2,https://www.checkatrade.com/sitemap/locations/London/F,london_trade_sitemap,2026-09-05,London A-Z trade/service sitemap.,London
Checkatrade,fibreglass roof repairs,fibreglass roof repairs,Roofing & Guttering,Home & Trades,V2,https://www.checkatrade.com/sitemap/locations/London/F,london_trade_sitemap,2026-09-05,London A-Z trade/service sitemap.,London
Checkatrade,fibreglass roof specialist,fibreglass roof specialist,Roofing & Guttering,Home & Trades,V2,https://www.checkatrade.com/sitemap/locations/London/F,london_trade_sitemap,2026-09-05,London A-Z trade/service sitemap.,London
Checkatrade,fire damage,fire damage,fire damage,Other / Unmapped,V2,https://www.checkatrade.com/sitemap/locations/London/F,london_trade_sitemap,2026-09-05,London A-Z trade/service sitemap.,London
Checkatrade,fitted wardrobe company,fitted wardrobe company,fitted wardrobe company,Other / Unmapped,V2,https://www.checkatrade.com/sitemap/locations/London/F,london_trade_sitemap,2026-09-05,London A-Z trade/service sitemap.,London
Checkatrade,flat roof builders,flat roof builders,Roofing & Guttering,Home & Trades,V2,https://www.checkatrade.com/sitemap/locations/London/F,london_trade_sitemap,2026-09-05,London A-Z trade/service sitemap.,London
Checkatrade,flat roof installers,flat roof installers,Roofing & Guttering,Home & Trades,V2,https://www.checkatrade.com/sitemap/locations/London/F,london_trade_sitemap,2026-09-05,London A-Z trade/service sitemap.,London
Checkatrade,flat roof repair,flat roof repair,Roofing & Guttering,Home & Trades,V2,https://www.checkatrade.com/sitemap/locations/London/F,london_trade_sitemap,2026-09-05,London A-Z trade/service sitemap.,London
Checkatrade,flat roof replacement,flat roof replacement,Roofing & Guttering,Home & Trades,V2,https://www.checkatrade.com/sitemap/locations/London/F,london_trade_sitemap,2026-09-05,London A-Z trade/service sitemap.,London
Checkatrade,flat roof specialists,flat roof specialists,Roofing & Guttering,Home & Trades,V2,https://www.checkatrade.com/sitemap/locations/London/F,london_trade_sitemap,2026-09-05,London A-Z trade/service sitemap.,London
Checkatrade,flat roofing companies,flat roofing companies,Roofing & Guttering,Home & Trades,V2,https://www.checkatrade.com/sitemap/locations/London/F,london_trade_sitemap,2026-09-05,London A-Z trade/service sitemap.,London
Checkatrade,flat rubber roof repair,flat rubber roof repair,Roofing & Guttering,Home & Trades,V2,https://www.checkatrade.com/sitemap/locations/London/F,london_trade_sitemap,2026-09-05,London A-Z trade/service sitemap.,London
Checkatrade,flood damage,flood damage,flood damage,Other / Unmapped,V2,https://www.checkatrade.com/sitemap/locations/London/F,london_trade_sitemap,2026-09-05,London A-Z trade/service sitemap.,London
Checkatrade,floor painting,floor painting,Painting & Decorating,Home & Trades,V2,https://www.checkatrade.com/sitemap/locations/London/F,london_trade_sitemap,2026-09-05,London A-Z trade/service sitemap.,London
Checkatrade,flue specialist,flue specialist,flue specialist,Other / Unmapped,V2,https://www.checkatrade.com/sitemap/locations/London/F,london_trade_sitemap,2026-09-05,London A-Z trade/service sitemap.,London
Checkatrade,front door painters,front door painters,Painting & Decorating,Home & Trades,V2,https://www.checkatrade.com/sitemap/locations/London/F,london_trade_sitemap,2026-09-05,London A-Z trade/service sitemap.,London
Checkatrade,furniture joinery,furniture joinery,Carpentry & Joinery,Home & Trades,V2,https://www.checkatrade.com/sitemap/locations/London/F,london_trade_sitemap,2026-09-05,London A-Z trade/service sitemap.,London
Checkatrade,furniture painting,furniture painting,Painting & Decorating,Home & Trades,V2,https://www.checkatrade.com/sitemap/locations/London/F,london_trade_sitemap,2026-09-05,London A-Z trade/service sitemap.,London
Checkatrade,furniture refinishing,furniture refinishing,furniture refinishing,Other / Unmapped,V2,https://www.checkatrade.com/sitemap/locations/London/F,london_trade_sitemap,2026-09-05,London A-Z trade/service sitemap.,London
Checkatrade,furniture refurbishing,furniture refurbishing,furniture refurbishing,Other / Unmapped,V2,https://www.checkatrade.com/sitemap/locations/London/F,london_trade_sitemap,2026-09-05,London A-Z trade/service sitemap.,London
Checkatrade,furniture repair,furniture repair,Furniture Repair,Repair Services,V2,https://www.checkatrade.com/sitemap/locations/London/F,london_trade_sitemap,2026-09-05,London A-Z trade/service sitemap.,London
Checkatrade,furniture repair services,furniture repair services,Furniture Repair,Repair Services,V2,https://www.checkatrade.com/sitemap/locations/London/F,london_trade_sitemap,2026-09-05,London A-Z trade/service sitemap.,London
Checkatrade,furniture spray painters,furniture spray painters,Painting & Decorating,Home & Trades,V2,https://www.checkatrade.com/sitemap/locations/London/F,london_trade_sitemap,2026-09-05,London A-Z trade/service sitemap.,London
Checkatrade,furniture stripper,furniture stripper,furniture stripper,Other / Unmapped,V2,https://www.checkatrade.com/sitemap/locations/London/F,london_trade_sitemap,2026-09-05,London A-Z trade/service sitemap.,London
Checkatrade,furniture stripping service,furniture stripping service,furniture stripping service,Other / Unmapped,V2,https://www.checkatrade.com/sitemap/locations/London/F,london_trade_sitemap,2026-09-05,London A-Z trade/service sitemap.,London
Checkatrade,garage door painting,garage door painting,Painting & Decorating,Home & Trades,V2,https://www.checkatrade.com/sitemap/locations/London/G,london_trade_sitemap,2026-09-05,London A-Z trade/service sitemap.,London
Checkatrade,garage roof repairs,garage roof repairs,Roofing & Guttering,Home & Trades,V2,https://www.checkatrade.com/sitemap/locations/London/G,london_trade_sitemap,2026-09-05,London A-Z trade/service sitemap.,London
Checkatrade,garage roof replacement,garage roof replacement,Roofing & Guttering,Home & Trades,V2,https://www.checkatrade.com/sitemap/locations/London/G,london_trade_sitemap,2026-09-05,London A-Z trade/service sitemap.,London
Checkatrade,gas and electric cooker installation,gas and electric cooker installation,Electrical Services,Home & Trades,V2,https://www.checkatrade.com/sitemap/locations/London/G,london_trade_sitemap,2026-09-05,London A-Z trade/service sitemap.,London
Checkatrade,gas meter,gas meter,gas meter,Other / Unmapped,V2,https://www.checkatrade.com/sitemap/locations/London/G,london_trade_sitemap,2026-09-05,London A-Z trade/service sitemap.,London
Checkatrade,gas pipe fitters,gas pipe fitters,gas pipe fitters,Other / Unmapped,V2,https://www.checkatrade.com/sitemap/locations/London/G,london_trade_sitemap,2026-09-05,London A-Z trade/service sitemap.,London
Checkatrade,gas pipe repair,gas pipe repair,gas pipe repair,Other / Unmapped,V2,https://www.checkatrade.com/sitemap/locations/London/G,london_trade_sitemap,2026-09-05,London A-Z trade/service sitemap.,London
Checkatrade,gas pipework,gas pipework,gas pipework,Other / Unmapped,V2,https://www.checkatrade.com/sitemap/locations/London/G,london_trade_sitemap,2026-09-05,London A-Z trade/service sitemap.,London
Checkatrade,gazebo assembly service,gazebo assembly service,Furniture Assembly,Repair Services,V2,https://www.checkatrade.com/sitemap/locations/London/G,london_trade_sitemap,2026-09-05,London A-Z trade/service sitemap.,London
Checkatrade,gazebo builders,gazebo builders,Building & Construction,Home & Trades,V2,https://www.checkatrade.com/sitemap/locations/London/G,london_trade_sitemap,2026-09-05,London A-Z trade/service sitemap.,London
Checkatrade,gazebo installation service,gazebo installation service,gazebo installation service,Other / Unmapped,V2,https://www.checkatrade.com/sitemap/locations/London/G,london_trade_sitemap,2026-09-05,London A-Z trade/service sitemap.,London
Checkatrade,gazebo installer,gazebo installer,gazebo installer,Other / Unmapped,V2,https://www.checkatrade.com/sitemap/locations/London/G,london_trade_sitemap,2026-09-05,London A-Z trade/service sitemap.,London
Checkatrade,glass roof installers,glass roof installers,Roofing & Guttering,Home & Trades,V2,https://www.checkatrade.com/sitemap/locations/London/G,london_trade_sitemap,2026-09-05,London A-Z trade/service sitemap.,London
Checkatrade,google thermostat,google thermostat,google thermostat,Other / Unmapped,V2,https://www.checkatrade.com/sitemap/locations/London/G,london_trade_sitemap,2026-09-05,London A-Z trade/service sitemap.,London
Checkatrade,green roof companies,green roof companies,Roofing & Guttering,Home & Trades,V2,https://www.checkatrade.com/sitemap/locations/London/G,london_trade_sitemap,2026-09-05,London A-Z trade/service sitemap.,London
Checkatrade,green roof installers,green roof installers,Roofing & Guttering,Home & Trades,V2,https://www.checkatrade.com/sitemap/locations/London/G,london_trade_sitemap,2026-09-05,London A-Z trade/service sitemap.,London
Checkatrade,guardian roof installers,guardian roof installers,Roofing & Guttering,Home & Trades,V2,https://www.checkatrade.com/sitemap/locations/London/G,london_trade_sitemap,2026-09-05,London A-Z trade/service sitemap.,London
Checkatrade,handmade kitchens,handmade kitchens,Kitchen Services,Home & Trades,V2,https://www.checkatrade.com/sitemap/locations/London/H,london_trade_sitemap,2026-09-05,London A-Z trade/service sitemap.,London
Checkatrade,handyman roofer,handyman roofer,Roofing & Guttering,Home & Trades,V2,https://www.checkatrade.com/sitemap/locations/London/H,london_trade_sitemap,2026-09-05,London A-Z trade/service sitemap.,London
Checkatrade,heritage plaster services,heritage plaster services,Plastering & Rendering,Home & Trades,V2,https://www.checkatrade.com/sitemap/locations/London/H,london_trade_sitemap,2026-09-05,London A-Z trade/service sitemap.,London
Checkatrade,hive thermostat,hive thermostat,hive thermostat,Other / Unmapped,V2,https://www.checkatrade.com/sitemap/locations/London/H,london_trade_sitemap,2026-09-05,London A-Z trade/service sitemap.,London
Checkatrade,home renovation,home renovation,home renovation,Other / Unmapped,V2,https://www.checkatrade.com/sitemap/locations/London/H,london_trade_sitemap,2026-09-05,London A-Z trade/service sitemap.,London
Checkatrade,hot water tank,hot water tank,hot water tank,Other / Unmapped,V2,https://www.checkatrade.com/sitemap/locations/London/H,london_trade_sitemap,2026-09-05,London A-Z trade/service sitemap.,London
Checkatrade,house renovation,house renovation,house renovation,Other / Unmapped,V2,https://www.checkatrade.com/sitemap/locations/London/H,london_trade_sitemap,2026-09-05,London A-Z trade/service sitemap.,London
Checkatrade,hydraulic pipe repair,hydraulic pipe repair,hydraulic pipe repair,Other / Unmapped,V2,https://www.checkatrade.com/sitemap/locations/London/H,london_trade_sitemap,2026-09-05,London A-Z trade/service sitemap.,London
Checkatrade,insulation and drywall contractors,insulation and drywall contractors,Insulation,Home & Trades,V2,https://www.checkatrade.com/sitemap/locations/London/I,london_trade_sitemap,2026-09-05,London A-Z trade/service sitemap.,London
Checkatrade,interior painters,interior painters,Painting & Decorating,Home & Trades,V2,https://www.checkatrade.com/sitemap/locations/London/I,london_trade_sitemap,2026-09-05,London A-Z trade/service sitemap.,London
Checkatrade,joiner,joiner,Carpentry & Joinery,Home & Trades,V2,https://www.checkatrade.com/sitemap/locations/London/J,london_trade_sitemap,2026-09-05,London A-Z trade/service sitemap.,London
Checkatrade,joinery companies,joinery companies,Carpentry & Joinery,Home & Trades,V2,https://www.checkatrade.com/sitemap/locations/London/J,london_trade_sitemap,2026-09-05,London A-Z trade/service sitemap.,London
Checkatrade,k rend installers,k rend installers,k rend installers,Other / Unmapped,V2,https://www.checkatrade.com/sitemap/locations/London/K,london_trade_sitemap,2026-09-05,London A-Z trade/service sitemap.,London
Checkatrade,k rend specialists,k rend specialists,k rend specialists,Other / Unmapped,V2,https://www.checkatrade.com/sitemap/locations/London/K,london_trade_sitemap,2026-09-05,London A-Z trade/service sitemap.,London
Checkatrade,k rend suppliers,k rend suppliers,k rend suppliers,Other / Unmapped,V2,https://www.checkatrade.com/sitemap/locations/London/K,london_trade_sitemap,2026-09-05,London A-Z trade/service sitemap.,London
Checkatrade,k rendering companies,k rendering companies,Plastering & Rendering,Home & Trades,V2,https://www.checkatrade.com/sitemap/locations/London/K,london_trade_sitemap,2026-09-05,London A-Z trade/service sitemap.,London
Checkatrade,kitchen cabinet makers,kitchen cabinet makers,Kitchen Services,Home & Trades,V2,https://www.checkatrade.com/sitemap/locations/London/K,london_trade_sitemap,2026-09-05,London A-Z trade/service sitemap.,London
Checkatrade,kitchen cupboard repair,kitchen cupboard repair,Kitchen Services,Home & Trades,V2,https://www.checkatrade.com/sitemap/locations/London/K,london_trade_sitemap,2026-09-05,London A-Z trade/service sitemap.,London
Checkatrade,kitchen cupboard repairs,kitchen cupboard repairs,Kitchen Services,Home & Trades,V2,https://www.checkatrade.com/sitemap/locations/London/K,london_trade_sitemap,2026-09-05,London A-Z trade/service sitemap.,London
Checkatrade,kitchen painters,kitchen painters,Painting & Decorating,Home & Trades,V2,https://www.checkatrade.com/sitemap/locations/London/K,london_trade_sitemap,2026-09-05,London A-Z trade/service sitemap.,London
Checkatrade,kitchen renovation,kitchen renovation,Kitchen Services,Home & Trades,V2,https://www.checkatrade.com/sitemap/locations/London/K,london_trade_sitemap,2026-09-05,London A-Z trade/service sitemap.,London
Checkatrade,kitchen sink installation,kitchen sink installation,Kitchen Services,Home & Trades,V2,https://www.checkatrade.com/sitemap/locations/London/K,london_trade_sitemap,2026-09-05,London A-Z trade/service sitemap.,London
Checkatrade,kitchen sink repair,kitchen sink repair,Kitchen Services,Home & Trades,V2,https://www.checkatrade.com/sitemap/locations/London/K,london_trade_sitemap,2026-09-05,London A-Z trade/service sitemap.,London
Checkatrade,kitchen sprayers,kitchen sprayers,Kitchen Services,Home & Trades,V2,https://www.checkatrade.com/sitemap/locations/London/K,london_trade_sitemap,2026-09-05,London A-Z trade/service sitemap.,London
Checkatrade,lead flashing repairs,lead flashing repairs,Beauty & Skincare,Beauty & Wellness,V2,https://www.checkatrade.com/sitemap/locations/London/L,london_trade_sitemap,2026-09-05,London A-Z trade/service sitemap.,London
Checkatrade,lead pipe,lead pipe,lead pipe,Other / Unmapped,V2,https://www.checkatrade.com/sitemap/locations/London/L,london_trade_sitemap,2026-09-05,London A-Z trade/service sitemap.,London
Checkatrade,lead roofers,lead roofers,Roofing & Guttering,Home & Trades,V2,https://www.checkatrade.com/sitemap/locations/London/L,london_trade_sitemap,2026-09-05,London A-Z trade/service sitemap.,London
Checkatrade,leak detection specialist,leak detection specialist,leak detection specialist,Other / Unmapped,V2,https://www.checkatrade.com/sitemap/locations/London/L,london_trade_sitemap,2026-09-05,London A-Z trade/service sitemap.,London
Checkatrade,leaking conservatory roof repairs,leaking conservatory roof repairs,Roofing & Guttering,Home & Trades,V2,https://www.checkatrade.com/sitemap/locations/London/L,london_trade_sitemap,2026-09-05,London A-Z trade/service sitemap.,London
Checkatrade,lean to conservatory,lean to conservatory,lean to conservatory,Other / Unmapped,V2,https://www.checkatrade.com/sitemap/locations/London/L,london_trade_sitemap,2026-09-05,London A-Z trade/service sitemap.,London
Checkatrade,lean to gazebo,lean to gazebo,lean to gazebo,Other / Unmapped,V2,https://www.checkatrade.com/sitemap/locations/London/L,london_trade_sitemap,2026-09-05,London A-Z trade/service sitemap.,London
Checkatrade,lean to roof,lean to roof,Roofing & Guttering,Home & Trades,V2,https://www.checkatrade.com/sitemap/locations/London/L,london_trade_sitemap,2026-09-05,London A-Z trade/service sitemap.,London
Checkatrade,leka conservatory roof installers,leka conservatory roof installers,Roofing & Guttering,Home & Trades,V2,https://www.checkatrade.com/sitemap/locations/London/L,london_trade_sitemap,2026-09-05,London A-Z trade/service sitemap.,London
Checkatrade,lightweight conservatory roof replacement,lightweight conservatory roof replacement,Roofing & Guttering,Home & Trades,V2,https://www.checkatrade.com/sitemap/locations/London/L,london_trade_sitemap,2026-09-05,London A-Z trade/service sitemap.,London
Checkatrade,lime mortar specialists,lime mortar specialists,lime mortar specialists,Other / Unmapped,V2,https://www.checkatrade.com/sitemap/locations/London/L,london_trade_sitemap,2026-09-05,London A-Z trade/service sitemap.,London
Checkatrade,lime plaster suppliers,lime plaster suppliers,Plastering & Rendering,Home & Trades,V2,https://www.checkatrade.com/sitemap/locations/London/L,london_trade_sitemap,2026-09-05,London A-Z trade/service sitemap.,London
Checkatrade,lime plasterer,lime plasterer,Plastering & Rendering,Home & Trades,V2,https://www.checkatrade.com/sitemap/locations/London/L,london_trade_sitemap,2026-09-05,London A-Z trade/service sitemap.,London
Checkatrade,lime render specialist,lime render specialist,Plastering & Rendering,Home & Trades,V2,https://www.checkatrade.com/sitemap/locations/London/L,london_trade_sitemap,2026-09-05,London A-Z trade/service sitemap.,London
Checkatrade,lime rendering,lime rendering,Plastering & Rendering,Home & Trades,V2,https://www.checkatrade.com/sitemap/locations/London/L,london_trade_sitemap,2026-09-05,London A-Z trade/service sitemap.,London
Checkatrade,lime wash paint,lime wash paint,Painting & Decorating,Home & Trades,V2,https://www.checkatrade.com/sitemap/locations/London/L,london_trade_sitemap,2026-09-05,London A-Z trade/service sitemap.,London
Checkatrade,lintel installation,lintel installation,lintel installation,Other / Unmapped,V2,https://www.checkatrade.com/sitemap/locations/London/L,london_trade_sitemap,2026-09-05,London A-Z trade/service sitemap.,London
Checkatrade,lintel repair,lintel repair,lintel repair,Other / Unmapped,V2,https://www.checkatrade.com/sitemap/locations/London/L,london_trade_sitemap,2026-09-05,London A-Z trade/service sitemap.,London
Checkatrade,lintel replacement,lintel replacement,lintel replacement,Other / Unmapped,V2,https://www.checkatrade.com/sitemap/locations/London/L,london_trade_sitemap,2026-09-05,London A-Z trade/service sitemap.,London
Checkatrade,log cabin builders,log cabin builders,Building & Construction,Home & Trades,V2,https://www.checkatrade.com/sitemap/locations/London/L,london_trade_sitemap,2026-09-05,London A-Z trade/service sitemap.,London
Checkatrade,log cabin fitters,log cabin fitters,log cabin fitters,Other / Unmapped,V2,https://www.checkatrade.com/sitemap/locations/London/L,london_trade_sitemap,2026-09-05,London A-Z trade/service sitemap.,London
Checkatrade,log cabin installers,log cabin installers,log cabin installers,Other / Unmapped,V2,https://www.checkatrade.com/sitemap/locations/London/L,london_trade_sitemap,2026-09-05,London A-Z trade/service sitemap.,London
Checkatrade,log cabin repair,log cabin repair,log cabin repair,Other / Unmapped,V2,https://www.checkatrade.com/sitemap/locations/London/L,london_trade_sitemap,2026-09-05,London A-Z trade/service sitemap.,London
Checkatrade,log cabin suppliers,log cabin suppliers,log cabin suppliers,Other / Unmapped,V2,https://www.checkatrade.com/sitemap/locations/London/L,london_trade_sitemap,2026-09-05,London A-Z trade/service sitemap.,London
Checkatrade,macerator toilet repair,macerator toilet repair,macerator toilet repair,Other / Unmapped,V2,https://www.checkatrade.com/sitemap/locations/London/M,london_trade_sitemap,2026-09-05,London A-Z trade/service sitemap.,London
Checkatrade,made to measure doors,made to measure doors,Doors & Door Services,Home & Trades,V2,https://www.checkatrade.com/sitemap/locations/London/M,london_trade_sitemap,2026-09-05,London A-Z trade/service sitemap.,London
Checkatrade,made to measure kitchen units,made to measure kitchen units,Kitchen Services,Home & Trades,V2,https://www.checkatrade.com/sitemap/locations/London/M,london_trade_sitemap,2026-09-05,London A-Z trade/service sitemap.,London
Checkatrade,made to measure radiator covers,made to measure radiator covers,Heating & Boiler Services,Home & Trades,V2,https://www.checkatrade.com/sitemap/locations/London/M,london_trade_sitemap,2026-09-05,London A-Z trade/service sitemap.,London
Checkatrade,masonry painters,masonry painters,Building & Construction,Home & Trades,V2,https://www.checkatrade.com/sitemap/locations/London/M,london_trade_sitemap,2026-09-05,London A-Z trade/service sitemap.,London
Checkatrade,master thatcher,master thatcher,master thatcher,Other / Unmapped,V2,https://www.checkatrade.com/sitemap/locations/London/M,london_trade_sitemap,2026-09-05,London A-Z trade/service sitemap.,London
Checkatrade,media wall builder,media wall builder,Building & Construction,Home & Trades,V2,https://www.checkatrade.com/sitemap/locations/London/M,london_trade_sitemap,2026-09-05,London A-Z trade/service sitemap.,London
Checkatrade,media wall carpenter,media wall carpenter,Carpentry & Joinery,Home & Trades,V2,https://www.checkatrade.com/sitemap/locations/London/M,london_trade_sitemap,2026-09-05,London A-Z trade/service sitemap.,London
Checkatrade,media wall fitters,media wall fitters,media wall fitters,Other / Unmapped,V2,https://www.checkatrade.com/sitemap/locations/London/M,london_trade_sitemap,2026-09-05,London A-Z trade/service sitemap.,London
Checkatrade,media wall installation,media wall installation,media wall installation,Other / Unmapped,V2,https://www.checkatrade.com/sitemap/locations/London/M,london_trade_sitemap,2026-09-05,London A-Z trade/service sitemap.,London
Checkatrade,media wall specialist,media wall specialist,media wall specialist,Other / Unmapped,V2,https://www.checkatrade.com/sitemap/locations/London/M,london_trade_sitemap,2026-09-05,London A-Z trade/service sitemap.,London
Checkatrade,media wall with fireplace installation,media wall with fireplace installation,media wall with fireplace installation,Other / Unmapped,V2,https://www.checkatrade.com/sitemap/locations/London/M,london_trade_sitemap,2026-09-05,London A-Z trade/service sitemap.,London
Checkatrade,metal painting,metal painting,Painting & Decorating,Home & Trades,V2,https://www.checkatrade.com/sitemap/locations/London/M,london_trade_sitemap,2026-09-05,London A-Z trade/service sitemap.,London
Checkatrade,metal roof restoration,metal roof restoration,Roofing & Guttering,Home & Trades,V2,https://www.checkatrade.com/sitemap/locations/London/M,london_trade_sitemap,2026-09-05,London A-Z trade/service sitemap.,London
Checkatrade,metal roofing companies,metal roofing companies,Roofing & Guttering,Home & Trades,V2,https://www.checkatrade.com/sitemap/locations/London/M,london_trade_sitemap,2026-09-05,London A-Z trade/service sitemap.,London
Checkatrade,metal roofing contractors,metal roofing contractors,Roofing & Guttering,Home & Trades,V2,https://www.checkatrade.com/sitemap/locations/London/M,london_trade_sitemap,2026-09-05,London A-Z trade/service sitemap.,London
Checkatrade,metal roofing repair contractors,metal roofing repair contractors,Roofing & Guttering,Home & Trades,V2,https://www.checkatrade.com/sitemap/locations/London/M,london_trade_sitemap,2026-09-05,London A-Z trade/service sitemap.,London
Checkatrade,metal roofing suppliers,metal roofing suppliers,Roofing & Guttering,Home & Trades,V2,https://www.checkatrade.com/sitemap/locations/London/M,london_trade_sitemap,2026-09-05,London A-Z trade/service sitemap.,London
Checkatrade,metal stud,metal stud,metal stud,Other / Unmapped,V2,https://www.checkatrade.com/sitemap/locations/London/M,london_trade_sitemap,2026-09-05,London A-Z trade/service sitemap.,London
Checkatrade,mobile furniture repair,mobile furniture repair,Furniture Repair,Repair Services,V2,https://www.checkatrade.com/sitemap/locations/London/M,london_trade_sitemap,2026-09-05,London A-Z trade/service sitemap.,London
Checkatrade,moling contractors,moling contractors,moling contractors,Other / Unmapped,V2,https://www.checkatrade.com/sitemap/locations/London/M,london_trade_sitemap,2026-09-05,London A-Z trade/service sitemap.,London
Checkatrade,moling services,moling services,moling services,Other / Unmapped,V2,https://www.checkatrade.com/sitemap/locations/London/M,london_trade_sitemap,2026-09-05,London A-Z trade/service sitemap.,London
Checkatrade,monocouche render suppliers,monocouche render suppliers,Plastering & Rendering,Home & Trades,V2,https://www.checkatrade.com/sitemap/locations/London/M,london_trade_sitemap,2026-09-05,London A-Z trade/service sitemap.,London
Checkatrade,mural artist,mural artist,mural artist,Other / Unmapped,V2,https://www.checkatrade.com/sitemap/locations/London/M,london_trade_sitemap,2026-09-05,London A-Z trade/service sitemap.,London
Checkatrade,mural painter,mural painter,Painting & Decorating,Home & Trades,V2,https://www.checkatrade.com/sitemap/locations/London/M,london_trade_sitemap,2026-09-05,London A-Z trade/service sitemap.,London
Checkatrade,nest thermostat,nest thermostat,nest thermostat,Other / Unmapped,V2,https://www.checkatrade.com/sitemap/locations/London/N,london_trade_sitemap,2026-09-05,London A-Z trade/service sitemap.,London
Checkatrade,new roof,new roof,Roofing & Guttering,Home & Trades,V2,https://www.checkatrade.com/sitemap/locations/London/N,london_trade_sitemap,2026-09-05,London A-Z trade/service sitemap.,London
Checkatrade,oak furniture restoration,oak furniture restoration,oak furniture restoration,Other / Unmapped,V2,https://www.checkatrade.com/sitemap/locations/London/O,london_trade_sitemap,2026-09-05,London A-Z trade/service sitemap.,London
Checkatrade,paint stripping,paint stripping,Painting & Decorating,Home & Trades,V2,https://www.checkatrade.com/sitemap/locations/London/P,london_trade_sitemap,2026-09-05,London A-Z trade/service sitemap.,London
Checkatrade,painting and decorating companies,painting and decorating companies,Painting & Decorating,Home & Trades,V2,https://www.checkatrade.com/sitemap/locations/London/P,london_trade_sitemap,2026-09-05,London A-Z trade/service sitemap.,London
Checkatrade,pebble dash companies,pebble dash companies,pebble dash companies,Other / Unmapped,V2,https://www.checkatrade.com/sitemap/locations/London/P,london_trade_sitemap,2026-09-05,London A-Z trade/service sitemap.,London
Checkatrade,pebble dash render,pebble dash render,Plastering & Rendering,Home & Trades,V2,https://www.checkatrade.com/sitemap/locations/London/P,london_trade_sitemap,2026-09-05,London A-Z trade/service sitemap.,London
Checkatrade,pebble dash repair,pebble dash repair,pebble dash repair,Other / Unmapped,V2,https://www.checkatrade.com/sitemap/locations/London/P,london_trade_sitemap,2026-09-05,London A-Z trade/service sitemap.,London
Checkatrade,pebble dash suppliers,pebble dash suppliers,pebble dash suppliers,Other / Unmapped,V2,https://www.checkatrade.com/sitemap/locations/London/P,london_trade_sitemap,2026-09-05,London A-Z trade/service sitemap.,London
Checkatrade,pebble dashing,pebble dashing,pebble dashing,Other / Unmapped,V2,https://www.checkatrade.com/sitemap/locations/London/P,london_trade_sitemap,2026-09-05,London A-Z trade/service sitemap.,London
Checkatrade,pergola builders,pergola builders,Building & Construction,Home & Trades,V2,https://www.checkatrade.com/sitemap/locations/London/P,london_trade_sitemap,2026-09-05,London A-Z trade/service sitemap.,London
Checkatrade,pergolas installed,pergolas installed,pergolas installed,Other / Unmapped,V2,https://www.checkatrade.com/sitemap/locations/London/P,london_trade_sitemap,2026-09-05,London A-Z trade/service sitemap.,London
Checkatrade,pine furniture restoration,pine furniture restoration,pine furniture restoration,Other / Unmapped,V2,https://www.checkatrade.com/sitemap/locations/London/P,london_trade_sitemap,2026-09-05,London A-Z trade/service sitemap.,London
Checkatrade,pipework,pipework,pipework,Other / Unmapped,V2,https://www.checkatrade.com/sitemap/locations/London/P,london_trade_sitemap,2026-09-05,London A-Z trade/service sitemap.,London
Checkatrade,pipework connect,pipework connect,pipework connect,Other / Unmapped,V2,https://www.checkatrade.com/sitemap/locations/London/P,london_trade_sitemap,2026-09-05,London A-Z trade/service sitemap.,London
Checkatrade,pitched roofers,pitched roofers,Roofing & Guttering,Home & Trades,V2,https://www.checkatrade.com/sitemap/locations/London/P,london_trade_sitemap,2026-09-05,London A-Z trade/service sitemap.,London
Checkatrade,plaster and painter,plaster and painter,Painting & Decorating,Home & Trades,V2,https://www.checkatrade.com/sitemap/locations/London/P,london_trade_sitemap,2026-09-05,London A-Z trade/service sitemap.,London
Checkatrade,plaster ceiling repair,plaster ceiling repair,Plastering & Rendering,Home & Trades,V2,https://www.checkatrade.com/sitemap/locations/London/P,london_trade_sitemap,2026-09-05,London A-Z trade/service sitemap.,London
Checkatrade,plaster coving,plaster coving,Plastering & Rendering,Home & Trades,V2,https://www.checkatrade.com/sitemap/locations/London/P,london_trade_sitemap,2026-09-05,London A-Z trade/service sitemap.,London
Checkatrade,plaster repair,plaster repair,Plastering & Rendering,Home & Trades,V2,https://www.checkatrade.com/sitemap/locations/London/P,london_trade_sitemap,2026-09-05,London A-Z trade/service sitemap.,London
Checkatrade,plasterboard installers,plasterboard installers,Plastering & Rendering,Home & Trades,V2,https://www.checkatrade.com/sitemap/locations/London/P,london_trade_sitemap,2026-09-05,London A-Z trade/service sitemap.,London
Checkatrade,plastering firms,plastering firms,Plastering & Rendering,Home & Trades,V2,https://www.checkatrade.com/sitemap/locations/London/P,london_trade_sitemap,2026-09-05,London A-Z trade/service sitemap.,London
Checkatrade,plastering services,plastering services,Plastering & Rendering,Home & Trades,V2,https://www.checkatrade.com/sitemap/locations/London/P,london_trade_sitemap,2026-09-05,London A-Z trade/service sitemap.,London
Checkatrade,plumbers merchant,plumbers merchant,Plumbing,Home & Trades,V2,https://www.checkatrade.com/sitemap/locations/London/P,london_trade_sitemap,2026-09-05,London A-Z trade/service sitemap.,London
Checkatrade,pole barn roof repair,pole barn roof repair,Roofing & Guttering,Home & Trades,V2,https://www.checkatrade.com/sitemap/locations/London/P,london_trade_sitemap,2026-09-05,London A-Z trade/service sitemap.,London
Checkatrade,polycarbonate conservatory roof repairs,polycarbonate conservatory roof repairs,Roofing & Guttering,Home & Trades,V2,https://www.checkatrade.com/sitemap/locations/London/P,london_trade_sitemap,2026-09-05,London A-Z trade/service sitemap.,London
Checkatrade,polycarbonate conservatory roof replacement,polycarbonate conservatory roof replacement,Roofing & Guttering,Home & Trades,V2,https://www.checkatrade.com/sitemap/locations/London/P,london_trade_sitemap,2026-09-05,London A-Z trade/service sitemap.,London
Checkatrade,popcorn ceiling spray,popcorn ceiling spray,popcorn ceiling spray,Other / Unmapped,V2,https://www.checkatrade.com/sitemap/locations/London/P,london_trade_sitemap,2026-09-05,London A-Z trade/service sitemap.,London
Checkatrade,porch roof repair,porch roof repair,Roofing & Guttering,Home & Trades,V2,https://www.checkatrade.com/sitemap/locations/London/P,london_trade_sitemap,2026-09-05,London A-Z trade/service sitemap.,London
Checkatrade,power flush companies,power flush companies,power flush companies,Other / Unmapped,V2,https://www.checkatrade.com/sitemap/locations/London/P,london_trade_sitemap,2026-09-05,London A-Z trade/service sitemap.,London
Checkatrade,radiator cleaning,radiator cleaning,Heating & Boiler Services,Home & Trades,V2,https://www.checkatrade.com/sitemap/locations/London/R,london_trade_sitemap,2026-09-05,London A-Z trade/service sitemap.,London
Checkatrade,radiator fitters,radiator fitters,Heating & Boiler Services,Home & Trades,V2,https://www.checkatrade.com/sitemap/locations/London/R,london_trade_sitemap,2026-09-05,London A-Z trade/service sitemap.,London
Checkatrade,radiator replacement,radiator replacement,Heating & Boiler Services,Home & Trades,V2,https://www.checkatrade.com/sitemap/locations/London/R,london_trade_sitemap,2026-09-05,London A-Z trade/service sitemap.,London
Checkatrade,radiator restoration,radiator restoration,Heating & Boiler Services,Home & Trades,V2,https://www.checkatrade.com/sitemap/locations/London/R,london_trade_sitemap,2026-09-05,London A-Z trade/service sitemap.,London
Checkatrade,radiator service,radiator service,Heating & Boiler Services,Home & Trades,V2,https://www.checkatrade.com/sitemap/locations/London/R,london_trade_sitemap,2026-09-05,London A-Z trade/service sitemap.,London
Checkatrade,radiator specialist,radiator specialist,Heating & Boiler Services,Home & Trades,V2,https://www.checkatrade.com/sitemap/locations/London/R,london_trade_sitemap,2026-09-05,London A-Z trade/service sitemap.,London
Checkatrade,radiator supply and fit,radiator supply and fit,Heating & Boiler Services,Home & Trades,V2,https://www.checkatrade.com/sitemap/locations/London/R,london_trade_sitemap,2026-09-05,London A-Z trade/service sitemap.,London
Checkatrade,radiators suppliers,radiators suppliers,Heating & Boiler Services,Home & Trades,V2,https://www.checkatrade.com/sitemap/locations/London/R,london_trade_sitemap,2026-09-05,London A-Z trade/service sitemap.,London
Checkatrade,render specialist,render specialist,Plastering & Rendering,Home & Trades,V2,https://www.checkatrade.com/sitemap/locations/London/R,london_trade_sitemap,2026-09-05,London A-Z trade/service sitemap.,London
Checkatrade,render supplier,render supplier,Plastering & Rendering,Home & Trades,V2,https://www.checkatrade.com/sitemap/locations/London/R,london_trade_sitemap,2026-09-05,London A-Z trade/service sitemap.,London
Checkatrade,rendering companies,rendering companies,Plastering & Rendering,Home & Trades,V2,https://www.checkatrade.com/sitemap/locations/London/R,london_trade_sitemap,2026-09-05,London A-Z trade/service sitemap.,London
Checkatrade,rendering repair,rendering repair,Plastering & Rendering,Home & Trades,V2,https://www.checkatrade.com/sitemap/locations/London/R,london_trade_sitemap,2026-09-05,London A-Z trade/service sitemap.,London
Checkatrade,rendering services,rendering services,Plastering & Rendering,Home & Trades,V2,https://www.checkatrade.com/sitemap/locations/London/R,london_trade_sitemap,2026-09-05,London A-Z trade/service sitemap.,London
Checkatrade,replace toilet,replace toilet,replace toilet,Other / Unmapped,V2,https://www.checkatrade.com/sitemap/locations/London/R,london_trade_sitemap,2026-09-05,London A-Z trade/service sitemap.,London
Checkatrade,replacement polycarbonate conservatory roof,replacement polycarbonate conservatory roof,Roofing & Guttering,Home & Trades,V2,https://www.checkatrade.com/sitemap/locations/London/R,london_trade_sitemap,2026-09-05,London A-Z trade/service sitemap.,London
Checkatrade,ridge tile repairs,ridge tile repairs,ridge tile repairs,Other / Unmapped,V2,https://www.checkatrade.com/sitemap/locations/London/R,london_trade_sitemap,2026-09-05,London A-Z trade/service sitemap.,London
Checkatrade,rolled steel joist installation,rolled steel joist installation,rolled steel joist installation,Other / Unmapped,V2,https://www.checkatrade.com/sitemap/locations/London/R,london_trade_sitemap,2026-09-05,London A-Z trade/service sitemap.,London
Checkatrade,roof and gutter repairs,roof and gutter repairs,Roofing & Guttering,Home & Trades,V2,https://www.checkatrade.com/sitemap/locations/London/R,london_trade_sitemap,2026-09-05,London A-Z trade/service sitemap.,London
Checkatrade,roof inspection and repair,roof inspection and repair,Roofing & Guttering,Home & Trades,V2,https://www.checkatrade.com/sitemap/locations/London/R,london_trade_sitemap,2026-09-05,London A-Z trade/service sitemap.,London
Checkatrade,roof leak detection,roof leak detection,Roofing & Guttering,Home & Trades,V2,https://www.checkatrade.com/sitemap/locations/London/R,london_trade_sitemap,2026-09-05,London A-Z trade/service sitemap.,London
Checkatrade,roof maintenance,roof maintenance,Roofing & Guttering,Home & Trades,V2,https://www.checkatrade.com/sitemap/locations/London/R,london_trade_sitemap,2026-09-05,London A-Z trade/service sitemap.,London
Checkatrade,roof moss removal,roof moss removal,Roofing & Guttering,Home & Trades,V2,https://www.checkatrade.com/sitemap/locations/London/R,london_trade_sitemap,2026-09-05,London A-Z trade/service sitemap.,London
Checkatrade,roof moss removal companies,roof moss removal companies,Roofing & Guttering,Home & Trades,V2,https://www.checkatrade.com/sitemap/locations/London/R,london_trade_sitemap,2026-09-05,London A-Z trade/service sitemap.,London
Checkatrade,roof moss treatment,roof moss treatment,Roofing & Guttering,Home & Trades,V2,https://www.checkatrade.com/sitemap/locations/London/R,london_trade_sitemap,2026-09-05,London A-Z trade/service sitemap.,London
Checkatrade,roof repair companies,roof repair companies,Roofing & Guttering,Home & Trades,V2,https://www.checkatrade.com/sitemap/locations/London/R,london_trade_sitemap,2026-09-05,London A-Z trade/service sitemap.,London
Checkatrade,roof repair services,roof repair services,Roofing & Guttering,Home & Trades,V2,https://www.checkatrade.com/sitemap/locations/London/R,london_trade_sitemap,2026-09-05,London A-Z trade/service sitemap.,London
Checkatrade,roof replacement companies,roof replacement companies,Roofing & Guttering,Home & Trades,V2,https://www.checkatrade.com/sitemap/locations/London/R,london_trade_sitemap,2026-09-05,London A-Z trade/service sitemap.,London
Checkatrade,roof slate suppliers,roof slate suppliers,Roofing & Guttering,Home & Trades,V2,https://www.checkatrade.com/sitemap/locations/London/R,london_trade_sitemap,2026-09-05,London A-Z trade/service sitemap.,London
Checkatrade,roof tile replacement,roof tile replacement,Roofing & Guttering,Home & Trades,V2,https://www.checkatrade.com/sitemap/locations/London/R,london_trade_sitemap,2026-09-05,London A-Z trade/service sitemap.,London
Checkatrade,roof trusses,roof trusses,Roofing & Guttering,Home & Trades,V2,https://www.checkatrade.com/sitemap/locations/London/R,london_trade_sitemap,2026-09-05,London A-Z trade/service sitemap.,London
Checkatrade,roof window installer,roof window installer,Roofing & Guttering,Home & Trades,V2,https://www.checkatrade.com/sitemap/locations/London/R,london_trade_sitemap,2026-09-05,London A-Z trade/service sitemap.,London
Checkatrade,roof window repair,roof window repair,Roofing & Guttering,Home & Trades,V2,https://www.checkatrade.com/sitemap/locations/London/R,london_trade_sitemap,2026-09-05,London A-Z trade/service sitemap.,London
Checkatrade,roofing and chimney repair,roofing and chimney repair,Roofing & Guttering,Home & Trades,V2,https://www.checkatrade.com/sitemap/locations/London/R,london_trade_sitemap,2026-09-05,London A-Z trade/service sitemap.,London
Checkatrade,roofing material suppliers,roofing material suppliers,Roofing & Guttering,Home & Trades,V2,https://www.checkatrade.com/sitemap/locations/London/R,london_trade_sitemap,2026-09-05,London A-Z trade/service sitemap.,London
Checkatrade,rsj installation,rsj installation,rsj installation,Other / Unmapped,V2,https://www.checkatrade.com/sitemap/locations/London/R,london_trade_sitemap,2026-09-05,London A-Z trade/service sitemap.,London
Checkatrade,rubber roof installers,rubber roof installers,Roofing & Guttering,Home & Trades,V2,https://www.checkatrade.com/sitemap/locations/London/R,london_trade_sitemap,2026-09-05,London A-Z trade/service sitemap.,London
Checkatrade,rubber roof repair,rubber roof repair,Roofing & Guttering,Home & Trades,V2,https://www.checkatrade.com/sitemap/locations/London/R,london_trade_sitemap,2026-09-05,London A-Z trade/service sitemap.,London
Checkatrade,rubber roofing contractors,rubber roofing contractors,Roofing & Guttering,Home & Trades,V2,https://www.checkatrade.com/sitemap/locations/London/R,london_trade_sitemap,2026-09-05,London A-Z trade/service sitemap.,London
Checkatrade,rubber roofing suppliers,rubber roofing suppliers,Roofing & Guttering,Home & Trades,V2,https://www.checkatrade.com/sitemap/locations/London/R,london_trade_sitemap,2026-09-05,London A-Z trade/service sitemap.,London
Checkatrade,sagging roof repair,sagging roof repair,Roofing & Guttering,Home & Trades,V2,https://www.checkatrade.com/sitemap/locations/London/S,london_trade_sitemap,2026-09-05,London A-Z trade/service sitemap.,London
Checkatrade,screeding companies,screeding companies,screeding companies,Other / Unmapped,V2,https://www.checkatrade.com/sitemap/locations/London/S,london_trade_sitemap,2026-09-05,London A-Z trade/service sitemap.,London
Checkatrade,sewer repair,sewer repair,sewer repair,Other / Unmapped,V2,https://www.checkatrade.com/sitemap/locations/London/S,london_trade_sitemap,2026-09-05,London A-Z trade/service sitemap.,London
Checkatrade,shed builders,shed builders,Building & Construction,Home & Trades,V2,https://www.checkatrade.com/sitemap/locations/London/S,london_trade_sitemap,2026-09-05,London A-Z trade/service sitemap.,London
Checkatrade,shed fitter,shed fitter,shed fitter,Other / Unmapped,V2,https://www.checkatrade.com/sitemap/locations/London/S,london_trade_sitemap,2026-09-05,London A-Z trade/service sitemap.,London
Checkatrade,shed makers,shed makers,shed makers,Other / Unmapped,V2,https://www.checkatrade.com/sitemap/locations/London/S,london_trade_sitemap,2026-09-05,London A-Z trade/service sitemap.,London
Checkatrade,shed roof refelting,shed roof refelting,Roofing & Guttering,Home & Trades,V2,https://www.checkatrade.com/sitemap/locations/London/S,london_trade_sitemap,2026-09-05,London A-Z trade/service sitemap.,London
Checkatrade,shed roof repairs,shed roof repairs,Roofing & Guttering,Home & Trades,V2,https://www.checkatrade.com/sitemap/locations/London/S,london_trade_sitemap,2026-09-05,London A-Z trade/service sitemap.,London
Checkatrade,sheetrock contractors,sheetrock contractors,sheetrock contractors,Other / Unmapped,V2,https://www.checkatrade.com/sitemap/locations/London/S,london_trade_sitemap,2026-09-05,London A-Z trade/service sitemap.,London
Checkatrade,sheetrock installers,sheetrock installers,sheetrock installers,Other / Unmapped,V2,https://www.checkatrade.com/sitemap/locations/London/S,london_trade_sitemap,2026-09-05,London A-Z trade/service sitemap.,London
Checkatrade,shower plumbers,shower plumbers,Plumbing,Home & Trades,V2,https://www.checkatrade.com/sitemap/locations/London/S,london_trade_sitemap,2026-09-05,London A-Z trade/service sitemap.,London
Checkatrade,shower replacement,shower replacement,Bathroom Services,Home & Trades,V2,https://www.checkatrade.com/sitemap/locations/London/S,london_trade_sitemap,2026-09-05,London A-Z trade/service sitemap.,London
Checkatrade,silicone rendering,silicone rendering,Plastering & Rendering,Home & Trades,V2,https://www.checkatrade.com/sitemap/locations/London/S,london_trade_sitemap,2026-09-05,London A-Z trade/service sitemap.,London
Checkatrade,silicone sealing,silicone sealing,silicone sealing,Other / Unmapped,V2,https://www.checkatrade.com/sitemap/locations/London/S,london_trade_sitemap,2026-09-05,London A-Z trade/service sitemap.,London
Checkatrade,sink crack,sink crack,sink crack,Other / Unmapped,V2,https://www.checkatrade.com/sitemap/locations/London/S,london_trade_sitemap,2026-09-05,London A-Z trade/service sitemap.,London
Checkatrade,sink draining,sink draining,sink draining,Other / Unmapped,V2,https://www.checkatrade.com/sitemap/locations/London/S,london_trade_sitemap,2026-09-05,London A-Z trade/service sitemap.,London
Checkatrade,skim coating contractor,skim coating contractor,skim coating contractor,Other / Unmapped,V2,https://www.checkatrade.com/sitemap/locations/London/S,london_trade_sitemap,2026-09-05,London A-Z trade/service sitemap.,London
Checkatrade,skirting boards,skirting boards,skirting boards,Other / Unmapped,V2,https://www.checkatrade.com/sitemap/locations/London/S,london_trade_sitemap,2026-09-05,London A-Z trade/service sitemap.,London
Checkatrade,skirting installers,skirting installers,skirting installers,Other / Unmapped,V2,https://www.checkatrade.com/sitemap/locations/London/S,london_trade_sitemap,2026-09-05,London A-Z trade/service sitemap.,London
Checkatrade,skylight install,skylight install,skylight install,Other / Unmapped,V2,https://www.checkatrade.com/sitemap/locations/London/S,london_trade_sitemap,2026-09-05,London A-Z trade/service sitemap.,London
Checkatrade,skylights for flat roofs,skylights for flat roofs,Roofing & Guttering,Home & Trades,V2,https://www.checkatrade.com/sitemap/locations/London/S,london_trade_sitemap,2026-09-05,London A-Z trade/service sitemap.,London
Checkatrade,slate roof repair,slate roof repair,Roofing & Guttering,Home & Trades,V2,https://www.checkatrade.com/sitemap/locations/London/S,london_trade_sitemap,2026-09-05,London A-Z trade/service sitemap.,London
Checkatrade,slate roofing contractors,slate roofing contractors,Roofing & Guttering,Home & Trades,V2,https://www.checkatrade.com/sitemap/locations/London/S,london_trade_sitemap,2026-09-05,London A-Z trade/service sitemap.,London
Checkatrade,small roof repairs,small roof repairs,Roofing & Guttering,Home & Trades,V2,https://www.checkatrade.com/sitemap/locations/London/S,london_trade_sitemap,2026-09-05,London A-Z trade/service sitemap.,London
Checkatrade,soil stack replacement,soil stack replacement,soil stack replacement,Other / Unmapped,V2,https://www.checkatrade.com/sitemap/locations/London/S,london_trade_sitemap,2026-09-05,London A-Z trade/service sitemap.,London
Checkatrade,spalling brick repair,spalling brick repair,Building & Construction,Home & Trades,V2,https://www.checkatrade.com/sitemap/locations/London/S,london_trade_sitemap,2026-09-05,London A-Z trade/service sitemap.,London
Checkatrade,spray render companies,spray render companies,Plastering & Rendering,Home & Trades,V2,https://www.checkatrade.com/sitemap/locations/London/S,london_trade_sitemap,2026-09-05,London A-Z trade/service sitemap.,London
Checkatrade,staircase fitters,staircase fitters,staircase fitters,Other / Unmapped,V2,https://www.checkatrade.com/sitemap/locations/London/S,london_trade_sitemap,2026-09-05,London A-Z trade/service sitemap.,London
Checkatrade,staircase joinery,staircase joinery,Carpentry & Joinery,Home & Trades,V2,https://www.checkatrade.com/sitemap/locations/London/S,london_trade_sitemap,2026-09-05,London A-Z trade/service sitemap.,London
Checkatrade,staircase refurbishment,staircase refurbishment,staircase refurbishment,Other / Unmapped,V2,https://www.checkatrade.com/sitemap/locations/London/S,london_trade_sitemap,2026-09-05,London A-Z trade/service sitemap.,London
Checkatrade,staircase repair,staircase repair,staircase repair,Other / Unmapped,V2,https://www.checkatrade.com/sitemap/locations/London/S,london_trade_sitemap,2026-09-05,London A-Z trade/service sitemap.,London
Checkatrade,stairs made to measure,stairs made to measure,stairs made to measure,Other / Unmapped,V2,https://www.checkatrade.com/sitemap/locations/London/S,london_trade_sitemap,2026-09-05,London A-Z trade/service sitemap.,London
Checkatrade,stove pipe installers,stove pipe installers,stove pipe installers,Other / Unmapped,V2,https://www.checkatrade.com/sitemap/locations/London/S,london_trade_sitemap,2026-09-05,London A-Z trade/service sitemap.,London
Checkatrade,stud partition,stud partition,stud partition,Other / Unmapped,V2,https://www.checkatrade.com/sitemap/locations/London/S,london_trade_sitemap,2026-09-05,London A-Z trade/service sitemap.,London
Checkatrade,stud wall,stud wall,stud wall,Other / Unmapped,V2,https://www.checkatrade.com/sitemap/locations/London/S,london_trade_sitemap,2026-09-05,London A-Z trade/service sitemap.,London
Checkatrade,subsidence builder,subsidence builder,Building & Construction,Home & Trades,V2,https://www.checkatrade.com/sitemap/locations/London/S,london_trade_sitemap,2026-09-05,London A-Z trade/service sitemap.,London
Checkatrade,subsidence repair,subsidence repair,subsidence repair,Other / Unmapped,V2,https://www.checkatrade.com/sitemap/locations/London/S,london_trade_sitemap,2026-09-05,London A-Z trade/service sitemap.,London
Checkatrade,subsidence specialist,subsidence specialist,subsidence specialist,Other / Unmapped,V2,https://www.checkatrade.com/sitemap/locations/London/S,london_trade_sitemap,2026-09-05,London A-Z trade/service sitemap.,London
Checkatrade,subsidence surveys,subsidence surveys,subsidence surveys,Other / Unmapped,V2,https://www.checkatrade.com/sitemap/locations/London/S,london_trade_sitemap,2026-09-05,London A-Z trade/service sitemap.,London
Checkatrade,summer house,summer house,summer house,Other / Unmapped,V2,https://www.checkatrade.com/sitemap/locations/London/S,london_trade_sitemap,2026-09-05,London A-Z trade/service sitemap.,London
Checkatrade,table restoration,table restoration,table restoration,Other / Unmapped,V2,https://www.checkatrade.com/sitemap/locations/London/T,london_trade_sitemap,2026-09-05,London A-Z trade/service sitemap.,London
Checkatrade,tap drip,tap drip,tap drip,Other / Unmapped,V2,https://www.checkatrade.com/sitemap/locations/London/T,london_trade_sitemap,2026-09-05,London A-Z trade/service sitemap.,London
Checkatrade,thatch roof repairs,thatch roof repairs,Roofing & Guttering,Home & Trades,V2,https://www.checkatrade.com/sitemap/locations/London/T,london_trade_sitemap,2026-09-05,London A-Z trade/service sitemap.,London
Checkatrade,tile roof repair,tile roof repair,Roofing & Guttering,Home & Trades,V2,https://www.checkatrade.com/sitemap/locations/London/T,london_trade_sitemap,2026-09-05,London A-Z trade/service sitemap.,London
Checkatrade,tin roof installers,tin roof installers,Roofing & Guttering,Home & Trades,V2,https://www.checkatrade.com/sitemap/locations/London/T,london_trade_sitemap,2026-09-05,London A-Z trade/service sitemap.,London
Checkatrade,toilet fitting,toilet fitting,toilet fitting,Other / Unmapped,V2,https://www.checkatrade.com/sitemap/locations/London/T,london_trade_sitemap,2026-09-05,London A-Z trade/service sitemap.,London
Checkatrade,toilet flush repair,toilet flush repair,toilet flush repair,Other / Unmapped,V2,https://www.checkatrade.com/sitemap/locations/London/T,london_trade_sitemap,2026-09-05,London A-Z trade/service sitemap.,London
Checkatrade,toilet installation,toilet installation,toilet installation,Other / Unmapped,V2,https://www.checkatrade.com/sitemap/locations/London/T,london_trade_sitemap,2026-09-05,London A-Z trade/service sitemap.,London
Checkatrade,toilet plumber,toilet plumber,Plumbing,Home & Trades,V2,https://www.checkatrade.com/sitemap/locations/London/T,london_trade_sitemap,2026-09-05,London A-Z trade/service sitemap.,London
Checkatrade,toilet repair,toilet repair,toilet repair,Other / Unmapped,V2,https://www.checkatrade.com/sitemap/locations/London/T,london_trade_sitemap,2026-09-05,London A-Z trade/service sitemap.,London
Checkatrade,trv,trv,trv,Other / Unmapped,V2,https://www.checkatrade.com/sitemap/locations/London/T,london_trade_sitemap,2026-09-05,London A-Z trade/service sitemap.,London
Checkatrade,tv cabinet makers,tv cabinet makers,tv cabinet makers,Other / Unmapped,V2,https://www.checkatrade.com/sitemap/locations/London/T,london_trade_sitemap,2026-09-05,London A-Z trade/service sitemap.,London
Checkatrade,ufh installation,ufh installation,ufh installation,Other / Unmapped,V2,https://www.checkatrade.com/sitemap/locations/London/U,london_trade_sitemap,2026-09-05,London A-Z trade/service sitemap.,London
Checkatrade,ufh repair,ufh repair,ufh repair,Other / Unmapped,V2,https://www.checkatrade.com/sitemap/locations/London/U,london_trade_sitemap,2026-09-05,London A-Z trade/service sitemap.,London
Checkatrade,under stairs storage fitters,under stairs storage fitters,under stairs storage fitters,Other / Unmapped,V2,https://www.checkatrade.com/sitemap/locations/London/U,london_trade_sitemap,2026-09-05,London A-Z trade/service sitemap.,London
Checkatrade,underfloor heating installers,underfloor heating installers,underfloor heating installers,Other / Unmapped,V2,https://www.checkatrade.com/sitemap/locations/London/U,london_trade_sitemap,2026-09-05,London A-Z trade/service sitemap.,London
Checkatrade,underfloor heating maintenance,underfloor heating maintenance,underfloor heating maintenance,Other / Unmapped,V2,https://www.checkatrade.com/sitemap/locations/London/U,london_trade_sitemap,2026-09-05,London A-Z trade/service sitemap.,London
Checkatrade,underfloor heating plumber,underfloor heating plumber,Plumbing,Home & Trades,V2,https://www.checkatrade.com/sitemap/locations/London/U,london_trade_sitemap,2026-09-05,London A-Z trade/service sitemap.,London
Checkatrade,underfloor heating servicing,underfloor heating servicing,underfloor heating servicing,Other / Unmapped,V2,https://www.checkatrade.com/sitemap/locations/London/U,london_trade_sitemap,2026-09-05,London A-Z trade/service sitemap.,London
Checkatrade,underfloor heating specialist,underfloor heating specialist,underfloor heating specialist,Other / Unmapped,V2,https://www.checkatrade.com/sitemap/locations/London/U,london_trade_sitemap,2026-09-05,London A-Z trade/service sitemap.,London
Checkatrade,underfloor heating suppliers,underfloor heating suppliers,underfloor heating suppliers,Other / Unmapped,V2,https://www.checkatrade.com/sitemap/locations/London/U,london_trade_sitemap,2026-09-05,London A-Z trade/service sitemap.,London
Checkatrade,underground pipework,underground pipework,underground pipework,Other / Unmapped,V2,https://www.checkatrade.com/sitemap/locations/London/U,london_trade_sitemap,2026-09-05,London A-Z trade/service sitemap.,London
Checkatrade,upvc conservatory roof repairs,upvc conservatory roof repairs,Roofing & Guttering,Home & Trades,V2,https://www.checkatrade.com/sitemap/locations/London/U,london_trade_sitemap,2026-09-05,London A-Z trade/service sitemap.,London
Checkatrade,upvc painters,upvc painters,Painting & Decorating,Home & Trades,V2,https://www.checkatrade.com/sitemap/locations/London/U,london_trade_sitemap,2026-09-05,London A-Z trade/service sitemap.,London
Checkatrade,velux window installer,velux window installer,Windows & Glazing,Home & Trades,V2,https://www.checkatrade.com/sitemap/locations/London/V,london_trade_sitemap,2026-09-05,London A-Z trade/service sitemap.,London
Checkatrade,velux window repairs,velux window repairs,Windows & Glazing,Home & Trades,V2,https://www.checkatrade.com/sitemap/locations/London/V,london_trade_sitemap,2026-09-05,London A-Z trade/service sitemap.,London
Checkatrade,venetian plastering,venetian plastering,Plastering & Rendering,Home & Trades,V2,https://www.checkatrade.com/sitemap/locations/London/V,london_trade_sitemap,2026-09-05,London A-Z trade/service sitemap.,London
Checkatrade,wall crack,wall crack,wall crack,Other / Unmapped,V2,https://www.checkatrade.com/sitemap/locations/London/W,london_trade_sitemap,2026-09-05,London A-Z trade/service sitemap.,London
Checkatrade,wallpaper install,wallpaper install,wallpaper install,Other / Unmapped,V2,https://www.checkatrade.com/sitemap/locations/London/W,london_trade_sitemap,2026-09-05,London A-Z trade/service sitemap.,London
Checkatrade,wardrobe doors made to measure,wardrobe doors made to measure,Doors & Door Services,Home & Trades,V2,https://www.checkatrade.com/sitemap/locations/London/W,london_trade_sitemap,2026-09-05,London A-Z trade/service sitemap.,London
Checkatrade,wardrobe repair,wardrobe repair,wardrobe repair,Other / Unmapped,V2,https://www.checkatrade.com/sitemap/locations/London/W,london_trade_sitemap,2026-09-05,London A-Z trade/service sitemap.,London
Checkatrade,wardrobe repairs,wardrobe repairs,wardrobe repairs,Other / Unmapped,V2,https://www.checkatrade.com/sitemap/locations/London/W,london_trade_sitemap,2026-09-05,London A-Z trade/service sitemap.,London
Checkatrade,warm roof installers,warm roof installers,Roofing & Guttering,Home & Trades,V2,https://www.checkatrade.com/sitemap/locations/London/W,london_trade_sitemap,2026-09-05,London A-Z trade/service sitemap.,London
Checkatrade,washing machine plumbers,washing machine plumbers,Plumbing,Home & Trades,V2,https://www.checkatrade.com/sitemap/locations/London/W,london_trade_sitemap,2026-09-05,London A-Z trade/service sitemap.,London
Checkatrade,water damage,water damage,water damage,Other / Unmapped,V2,https://www.checkatrade.com/sitemap/locations/London/W,london_trade_sitemap,2026-09-05,London A-Z trade/service sitemap.,London
Checkatrade,water leakage repair,water leakage repair,water leakage repair,Other / Unmapped,V2,https://www.checkatrade.com/sitemap/locations/London/W,london_trade_sitemap,2026-09-05,London A-Z trade/service sitemap.,London
Checkatrade,water main replacement,water main replacement,water main replacement,Other / Unmapped,V2,https://www.checkatrade.com/sitemap/locations/London/W,london_trade_sitemap,2026-09-05,London A-Z trade/service sitemap.,London
Checkatrade,water meter,water meter,water meter,Other / Unmapped,V2,https://www.checkatrade.com/sitemap/locations/London/W,london_trade_sitemap,2026-09-05,London A-Z trade/service sitemap.,London
Checkatrade,water pipe repair,water pipe repair,water pipe repair,Other / Unmapped,V2,https://www.checkatrade.com/sitemap/locations/London/W,london_trade_sitemap,2026-09-05,London A-Z trade/service sitemap.,London
Checkatrade,water pipe replacement,water pipe replacement,water pipe replacement,Other / Unmapped,V2,https://www.checkatrade.com/sitemap/locations/London/W,london_trade_sitemap,2026-09-05,London A-Z trade/service sitemap.,London
Checkatrade,water pressure,water pressure,water pressure,Other / Unmapped,V2,https://www.checkatrade.com/sitemap/locations/London/W,london_trade_sitemap,2026-09-05,London A-Z trade/service sitemap.,London
Checkatrade,water pump servicing,water pump servicing,water pump servicing,Other / Unmapped,V2,https://www.checkatrade.com/sitemap/locations/London/W,london_trade_sitemap,2026-09-05,London A-Z trade/service sitemap.,London
Checkatrade,water pump specialist,water pump specialist,water pump specialist,Other / Unmapped,V2,https://www.checkatrade.com/sitemap/locations/London/W,london_trade_sitemap,2026-09-05,London A-Z trade/service sitemap.,London
Checkatrade,water tank cleaning,water tank cleaning,Cleaning,Cleaning & Household,V2,https://www.checkatrade.com/sitemap/locations/London/W,london_trade_sitemap,2026-09-05,London A-Z trade/service sitemap.,London
Checkatrade,water tank installation,water tank installation,water tank installation,Other / Unmapped,V2,https://www.checkatrade.com/sitemap/locations/London/W,london_trade_sitemap,2026-09-05,London A-Z trade/service sitemap.,London
Checkatrade,well pump repair,well pump repair,well pump repair,Other / Unmapped,V2,https://www.checkatrade.com/sitemap/locations/London/W,london_trade_sitemap,2026-09-05,London A-Z trade/service sitemap.,London
Checkatrade,window joinery,window joinery,Carpentry & Joinery,Home & Trades,V2,https://www.checkatrade.com/sitemap/locations/London/W,london_trade_sitemap,2026-09-05,London A-Z trade/service sitemap.,London
Checkatrade,wood burner flue installers,wood burner flue installers,wood burner flue installers,Other / Unmapped,V2,https://www.checkatrade.com/sitemap/locations/London/W,london_trade_sitemap,2026-09-05,London A-Z trade/service sitemap.,London
Checkatrade,wood furniture repair,wood furniture repair,Furniture Repair,Repair Services,V2,https://www.checkatrade.com/sitemap/locations/London/W,london_trade_sitemap,2026-09-05,London A-Z trade/service sitemap.,London
Checkatrade,wood furniture restoration,wood furniture restoration,wood furniture restoration,Other / Unmapped,V2,https://www.checkatrade.com/sitemap/locations/London/W,london_trade_sitemap,2026-09-05,London A-Z trade/service sitemap.,London
Checkatrade,wood gazebo installation,wood gazebo installation,wood gazebo installation,Other / Unmapped,V2,https://www.checkatrade.com/sitemap/locations/London/W,london_trade_sitemap,2026-09-05,London A-Z trade/service sitemap.,London
Checkatrade,wood joinery,wood joinery,Carpentry & Joinery,Home & Trades,V2,https://www.checkatrade.com/sitemap/locations/London/W,london_trade_sitemap,2026-09-05,London A-Z trade/service sitemap.,London
Checkatrade,wood stripper,wood stripper,wood stripper,Other / Unmapped,V2,https://www.checkatrade.com/sitemap/locations/London/W,london_trade_sitemap,2026-09-05,London A-Z trade/service sitemap.,London
Checkatrade,wood turning,wood turning,wood turning,Other / Unmapped,V2,https://www.checkatrade.com/sitemap/locations/London/W,london_trade_sitemap,2026-09-05,London A-Z trade/service sitemap.,London
Checkatrade,wooden chair repair,wooden chair repair,wooden chair repair,Other / Unmapped,V2,https://www.checkatrade.com/sitemap/locations/London/W,london_trade_sitemap,2026-09-05,London A-Z trade/service sitemap.,London
Checkatrade,zinc roof installers,zinc roof installers,Roofing & Guttering,Home & Trades,V2,https://www.checkatrade.com/sitemap/locations/London/Z,london_trade_sitemap,2026-09-05,London A-Z trade/service sitemap.,London
Fresha,Barber,Barber,Hair & Barber Services,Beauty & Wellness,V2,https://www.fresha.com/en-GB/pricing,uk_service_verticals,2026-09-05,UK public service/business verticals; broad coverage only.,London
Fresha,Eyebrow Bar,Eyebrow Bar,Beauty & Skincare,Beauty & Wellness,V2,https://www.fresha.com/en-GB/pricing,uk_service_verticals,2026-09-05,UK public service/business verticals; broad coverage only.,London
Fresha,Fitness,Fitness,Fitness & Personal Training,Health & Fitness,V2,https://www.fresha.com/en-GB/pricing,uk_service_verticals,2026-09-05,UK public service/business verticals; broad coverage only.,London
Fresha,Hair Salon,Hair Salon,Hair & Barber Services,Beauty & Wellness,V2,https://www.fresha.com/en-GB/pricing,uk_service_verticals,2026-09-05,UK public service/business verticals; broad coverage only.,London
Fresha,Massage Salon,Massage Salon,Massage,Beauty & Wellness,V2,https://www.fresha.com/en-GB/pricing,uk_service_verticals,2026-09-05,UK public service/business verticals; broad coverage only.,London
Fresha,Medspa,Medspa,Aesthetics & Medspa,Beauty & Wellness,V2,https://www.fresha.com/en-GB/pricing,uk_service_verticals,2026-09-05,UK public service/business verticals; broad coverage only.,London
Fresha,Nail Salon,Nail Salon,Nail Services,Beauty & Wellness,V2,https://www.fresha.com/en-GB/pricing,uk_service_verticals,2026-09-05,UK public service/business verticals; broad coverage only.,London
Fresha,Personal Trainer,Personal Trainer,Fitness & Personal Training,Health & Fitness,V2,https://www.fresha.com/en-GB/pricing,uk_service_verticals,2026-09-05,UK public service/business verticals; broad coverage only.,London
Fresha,Pet Grooming,Pet Grooming,Pet Grooming,Pet Services,V2,https://www.fresha.com/en-GB/pricing,uk_service_verticals,2026-09-05,UK public service/business verticals; broad coverage only.,London
Fresha,Physical Therapy,Physical Therapy,Physiotherapy,Health & Fitness,V2,https://www.fresha.com/en-GB/pricing,uk_service_verticals,2026-09-05,UK public service/business verticals; broad coverage only.,London
Fresha,Salon,Salon,Salon,Other / Unmapped,V1,https://www.fresha.com/en-GB/pricing,public_service_verticals,2026-08-22,Fresha public UK service/business verticals. Detailed treatments will be added later for shortlisted verticals.,
Fresha,Spa,Spa,Spa & Wellness,Beauty & Wellness,V2,https://www.fresha.com/en-GB/pricing,uk_service_verticals,2026-09-05,UK public service/business verticals; broad coverage only.,London
Fresha,Tanning Studio,Tanning Studio,Tanning,Beauty & Wellness,V2,https://www.fresha.com/en-GB/pricing,uk_service_verticals,2026-09-05,UK public service/business verticals; broad coverage only.,London
Fresha,Tattooing & Piercing,Tattooing & Piercing,Tattoo & Piercing,Beauty & Wellness,V2,https://www.fresha.com/en-GB/pricing,uk_service_verticals,2026-09-05,UK public service/business verticals; broad coverage only.,London
Fresha,Therapy Centre,Therapy Centre,Therapy & Counselling,Health & Fitness,V2,https://www.fresha.com/en-GB/pricing,uk_service_verticals,2026-09-05,UK public service/business verticals; broad coverage only.,London
Fresha,Waxing Salon,Waxing Salon,Hair Removal,Beauty & Wellness,V2,https://www.fresha.com/en-GB/pricing,uk_service_verticals,2026-09-05,UK public service/business verticals; broad coverage only.,London
MyBuilder,Milton Keynes,Milton Keynes,Milton Keynes,Other / Unmapped,V2,https://www.mybuilder.com/trades,trade_directory,2026-09-05,Public trades/professions page.,London
MyBuilder,Newcastle Upon Tyne,Newcastle Upon Tyne,Newcastle Upon Tyne,Other / Unmapped,V2,https://www.mybuilder.com/trades,trade_directory,2026-09-05,Public trades/professions page.,London
MyBuilder,Northampton,Northampton,Northampton,Other / Unmapped,V2,https://www.mybuilder.com/trades,trade_directory,2026-09-05,Public trades/professions page.,London
MyBuilder,Norwich,Norwich,Norwich,Other / Unmapped,V2,https://www.mybuilder.com/trades,trade_directory,2026-09-05,Public trades/professions page.,London
MyBuilder,Reading,Reading,Reading,Other / Unmapped,V2,https://www.mybuilder.com/trades,trade_directory,2026-09-05,Public trades/professions page.,London
MyBuilder,Southampton,Southampton,Southampton,Other / Unmapped,V2,https://www.mybuilder.com/trades,trade_directory,2026-09-05,Public trades/professions page.,London
MyBuilder,Stockport,Stockport,Stockport,Other / Unmapped,V2,https://www.mybuilder.com/trades,trade_directory,2026-09-05,Public trades/professions page.,London
MyBuilder,Stoke On Trent,Stoke On Trent,Stoke On Trent,Other / Unmapped,V2,https://www.mybuilder.com/trades,trade_directory,2026-09-05,Public trades/professions page.,London
MyJobQuote,Aberdeen,Aberdeen,Aberdeen,Other / Unmapped,V2,https://www.myjobquote.co.uk/sitemap,public_trade_sitemap,2026-09-05,Public trade/service taxonomy from MyJobQuote.,London
MyJobQuote,Birkenhead,Birkenhead,Birkenhead,Other / Unmapped,V2,https://www.myjobquote.co.uk/sitemap,public_trade_sitemap,2026-09-05,Public trade/service taxonomy from MyJobQuote.,London
MyJobQuote,Bolton,Bolton,Bolton,Other / Unmapped,V2,https://www.myjobquote.co.uk/sitemap,public_trade_sitemap,2026-09-05,Public trade/service taxonomy from MyJobQuote.,London
MyJobQuote,Bournemouth,Bournemouth,Bournemouth,Other / Unmapped,V2,https://www.myjobquote.co.uk/sitemap,public_trade_sitemap,2026-09-05,Public trade/service taxonomy from MyJobQuote.,London
MyJobQuote,Chelmsford,Chelmsford,Chelmsford,Other / Unmapped,V2,https://www.myjobquote.co.uk/sitemap,public_trade_sitemap,2026-09-05,Public trade/service taxonomy from MyJobQuote.,London
MyJobQuote,Exeter,Exeter,Exeter,Other / Unmapped,V2,https://www.myjobquote.co.uk/sitemap,public_trade_sitemap,2026-09-05,Public trade/service taxonomy from MyJobQuote.,London
MyJobQuote,Gateshead,Gateshead,Gateshead,Other / Unmapped,V2,https://www.myjobquote.co.uk/sitemap,public_trade_sitemap,2026-09-05,Public trade/service taxonomy from MyJobQuote.,London
MyJobQuote,Gloucester,Gloucester,Gloucester,Other / Unmapped,V2,https://www.myjobquote.co.uk/sitemap,public_trade_sitemap,2026-09-05,Public trade/service taxonomy from MyJobQuote.,London
MyJobQuote,How to Get Started,How to Get Started,How to Get Started,Other / Unmapped,V2,https://www.myjobquote.co.uk/sitemap,public_trade_sitemap,2026-09-05,Public trade/service taxonomy from MyJobQuote.,London
MyJobQuote,Huddersfield,Huddersfield,Huddersfield,Other / Unmapped,V2,https://www.myjobquote.co.uk/sitemap,public_trade_sitemap,2026-09-05,Public trade/service taxonomy from MyJobQuote.,London
MyJobQuote,Ipswich,Ipswich,Ipswich,Other / Unmapped,V2,https://www.myjobquote.co.uk/sitemap,public_trade_sitemap,2026-09-05,Public trade/service taxonomy from MyJobQuote.,London
MyJobQuote,Maidstone,Maidstone,Cleaning,Cleaning & Household,V2,https://www.myjobquote.co.uk/sitemap,public_trade_sitemap,2026-09-05,Public trade/service taxonomy from MyJobQuote.,London
MyJobQuote,Middlesbrough,Middlesbrough,Middlesbrough,Other / Unmapped,V2,https://www.myjobquote.co.uk/sitemap,public_trade_sitemap,2026-09-05,Public trade/service taxonomy from MyJobQuote.,London
MyJobQuote,Milton Keynes,Milton Keynes,Milton Keynes,Other / Unmapped,V2,https://www.myjobquote.co.uk/sitemap,public_trade_sitemap,2026-09-05,Public trade/service taxonomy from MyJobQuote.,London
MyJobQuote,Newcastle upon Tyne,Newcastle upon Tyne,Newcastle upon Tyne,Other / Unmapped,V2,https://www.myjobquote.co.uk/sitemap,public_trade_sitemap,2026-09-05,Public trade/service taxonomy from MyJobQuote.,London
MyJobQuote,Norwich,Norwich,Norwich,Other / Unmapped,V2,https://www.myjobquote.co.uk/sitemap,public_trade_sitemap,2026-09-05,Public trade/service taxonomy from MyJobQuote.,London
MyJobQuote,Oxford,Oxford,Oxford,Other / Unmapped,V2,https://www.myjobquote.co.uk/sitemap,public_trade_sitemap,2026-09-05,Public trade/service taxonomy from MyJobQuote.,London
MyJobQuote,Peterborough,Peterborough,Peterborough,Other / Unmapped,V2,https://www.myjobquote.co.uk/sitemap,public_trade_sitemap,2026-09-05,Public trade/service taxonomy from MyJobQuote.,London
MyJobQuote,Plymouth,Plymouth,Plymouth,Other / Unmapped,V2,https://www.myjobquote.co.uk/sitemap,public_trade_sitemap,2026-09-05,Public trade/service taxonomy from MyJobQuote.,London
MyJobQuote,Poole,Poole,Poole,Other / Unmapped,V2,https://www.myjobquote.co.uk/sitemap,public_trade_sitemap,2026-09-05,Public trade/service taxonomy from MyJobQuote.,London
MyJobQuote,Reading,Reading,Reading,Other / Unmapped,V2,https://www.myjobquote.co.uk/sitemap,public_trade_sitemap,2026-09-05,Public trade/service taxonomy from MyJobQuote.,London
MyJobQuote,Sale,Sale,Sale,Other / Unmapped,V2,https://www.myjobquote.co.uk/sitemap,public_trade_sitemap,2026-09-05,Public trade/service taxonomy from MyJobQuote.,London
MyJobQuote,Slough,Slough,Slough,Other / Unmapped,V2,https://www.myjobquote.co.uk/sitemap,public_trade_sitemap,2026-09-05,Public trade/service taxonomy from MyJobQuote.,London
MyJobQuote,Solihull,Solihull,Solihull,Other / Unmapped,V2,https://www.myjobquote.co.uk/sitemap,public_trade_sitemap,2026-09-05,Public trade/service taxonomy from MyJobQuote.,London
MyJobQuote,Southampton,Southampton,Southampton,Other / Unmapped,V2,https://www.myjobquote.co.uk/sitemap,public_trade_sitemap,2026-09-05,Public trade/service taxonomy from MyJobQuote.,London
MyJobQuote,Stoke-on-Trent,Stoke-on-Trent,Stoke-on-Trent,Other / Unmapped,V2,https://www.myjobquote.co.uk/sitemap,public_trade_sitemap,2026-09-05,Public trade/service taxonomy from MyJobQuote.,London
MyJobQuote,Sunderland,Sunderland,Sunderland,Other / Unmapped,V2,https://www.myjobquote.co.uk/sitemap,public_trade_sitemap,2026-09-05,Public trade/service taxonomy from MyJobQuote.,London
MyJobQuote,Watford,Watford,Watford,Other / Unmapped,V2,https://www.myjobquote.co.uk/sitemap,public_trade_sitemap,2026-09-05,Public trade/service taxonomy from MyJobQuote.,London
MyJobQuote,Wolverhampton,Wolverhampton,Wolverhampton,Other / Unmapped,V2,https://www.myjobquote.co.uk/sitemap,public_trade_sitemap,2026-09-05,Public trade/service taxonomy from MyJobQuote.,London
MyJobQuote,York,York,York,Other / Unmapped,V2,https://www.myjobquote.co.uk/sitemap,public_trade_sitemap,2026-09-05,Public trade/service taxonomy from MyJobQuote.,London
Rated People,Access Control / Door Entry,Access Control / Door Entry,Doors & Door Services,Home & Trades,V2,https://www.ratedpeople.com/sitemap/trades/a,alphabetical_trade_sitemap,2026-09-05,Public A-Z trade and skill sitemap.,London
Rated People,Aerial & Satellite Dish Installation,Aerial & Satellite Dish Installation,Aerial & Satellite Services,Home & Trades,V2,https://www.ratedpeople.com/sitemap/trades/a,alphabetical_trade_sitemap,2026-09-05,Public A-Z trade and skill sitemap.,London
Rated People,Aerial Installation,Aerial Installation,Aerial & Satellite Services,Home & Trades,V2,https://www.ratedpeople.com/sitemap/trades/a,alphabetical_trade_sitemap,2026-09-05,Public A-Z trade and skill sitemap.,London
Rated People,Affiliates,Affiliates,Affiliates,Other / Unmapped,V2,https://www.ratedpeople.com/sitemap/trades/a,alphabetical_trade_sitemap,2026-09-05,Public A-Z trade and skill sitemap.,London
Rated People,Air Conditioning / Refrigeration,Air Conditioning / Refrigeration,Air Conditioning & Ventilation,Home & Trades,V2,https://www.ratedpeople.com/sitemap/trades/a,alphabetical_trade_sitemap,2026-09-05,Public A-Z trade and skill sitemap.,London
Rated People,Angus,Angus,Angus,Other / Unmapped,V2,https://www.ratedpeople.com/sitemap/trades/a,alphabetical_trade_sitemap,2026-09-05,Public A-Z trade and skill sitemap.,London
Rated People,Antrim,Antrim,Antrim,Other / Unmapped,V2,https://www.ratedpeople.com/sitemap/trades/a,alphabetical_trade_sitemap,2026-09-05,Public A-Z trade and skill sitemap.,London
Rated People,Argyll and Bute,Argyll and Bute,Argyll and Bute,Other / Unmapped,V2,https://www.ratedpeople.com/sitemap/trades/a,alphabetical_trade_sitemap,2026-09-05,Public A-Z trade and skill sitemap.,London
Rated People,Armagh,Armagh,Armagh,Other / Unmapped,V2,https://www.ratedpeople.com/sitemap/trades/a,alphabetical_trade_sitemap,2026-09-05,Public A-Z trade and skill sitemap.,London
Rated People,Artifical Grass / Astro Turf,Artifical Grass / Astro Turf,Artifical Grass / Astro Turf,Other / Unmapped,V2,https://www.ratedpeople.com/sitemap/trades/a,alphabetical_trade_sitemap,2026-09-05,Public A-Z trade and skill sitemap.,London
Rated People,Ask a tradesperson,Ask a tradesperson,Ask a tradesperson,Other / Unmapped,V2,https://www.ratedpeople.com/sitemap/trades/a,alphabetical_trade_sitemap,2026-09-05,Public A-Z trade and skill sitemap.,London
Rated People,Ayrshire and Arran,Ayrshire and Arran,Ayrshire and Arran,Other / Unmapped,V2,https://www.ratedpeople.com/sitemap/trades/a,alphabetical_trade_sitemap,2026-09-05,Public A-Z trade and skill sitemap.,London
Rated People,Banffshire,Banffshire,Banffshire,Other / Unmapped,V2,https://www.ratedpeople.com/sitemap/trades/a,alphabetical_trade_sitemap,2026-09-05,Public A-Z trade and skill sitemap.,London
Rated People,Bath Resurfacing,Bath Resurfacing,Bath Resurfacing,Other / Unmapped,V2,https://www.ratedpeople.com/sitemap/trades/a,alphabetical_trade_sitemap,2026-09-05,Public A-Z trade and skill sitemap.,London
Rated People,Bathroom Design,Bathroom Design,Bathroom Services,Home & Trades,V2,https://www.ratedpeople.com/sitemap/trades/a,alphabetical_trade_sitemap,2026-09-05,Public A-Z trade and skill sitemap.,London
Rated People,Bathroom Installation,Bathroom Installation,Bathroom Services,Home & Trades,V2,https://www.ratedpeople.com/sitemap/trades/a,alphabetical_trade_sitemap,2026-09-05,Public A-Z trade and skill sitemap.,London
Rated People,Bathroom Repair,Bathroom Repair,Bathroom Services,Home & Trades,V2,https://www.ratedpeople.com/sitemap/trades/a,alphabetical_trade_sitemap,2026-09-05,Public A-Z trade and skill sitemap.,London
Rated People,Bathroom Tiling,Bathroom Tiling,Tiling,Home & Trades,V2,https://www.ratedpeople.com/sitemap/trades/a,alphabetical_trade_sitemap,2026-09-05,Public A-Z trade and skill sitemap.,London
Rated People,Bathroom fitter,Bathroom fitter,Bathroom Services,Home & Trades,V1,https://www.ratedpeople.com/sitemap/trades/b,alphabetical_trade_sitemap,2026-08-22,Rated People public trade-and-skill sitemap.,
Rated People,All Bathroom fitters,Bathroom fitters,Bathroom Services,Home & Trades,V2,https://www.ratedpeople.com/sitemap/trades/a,alphabetical_trade_sitemap,2026-09-05,Public A-Z trade and skill sitemap.,London
Rated People,"Bathroom, Kitchen and WC Plumbing","Bathroom, Kitchen and WC Plumbing",Plumbing,Home & Trades,V2,https://www.ratedpeople.com/sitemap/trades/a,alphabetical_trade_sitemap,2026-09-05,Public A-Z trade and skill sitemap.,London
Rated People,Bedfordshire,Bedfordshire,Bedfordshire,Other / Unmapped,V2,https://www.ratedpeople.com/sitemap/trades/a,alphabetical_trade_sitemap,2026-09-05,Public A-Z trade and skill sitemap.,London
Rated People,Berkshire,Berkshire,Berkshire,Other / Unmapped,V2,https://www.ratedpeople.com/sitemap/trades/a,alphabetical_trade_sitemap,2026-09-05,Public A-Z trade and skill sitemap.,London
Rated People,Berwickshire,Berwickshire,Berwickshire,Other / Unmapped,V2,https://www.ratedpeople.com/sitemap/trades/a,alphabetical_trade_sitemap,2026-09-05,Public A-Z trade and skill sitemap.,London
Rated People,Bespoke Furniture,Bespoke Furniture,Bespoke Furniture,Other / Unmapped,V2,https://www.ratedpeople.com/sitemap/trades/a,alphabetical_trade_sitemap,2026-09-05,Public A-Z trade and skill sitemap.,London
Rated People,Bespoke Kitchens,Bespoke Kitchens,Kitchen Services,Home & Trades,V2,https://www.ratedpeople.com/sitemap/trades/a,alphabetical_trade_sitemap,2026-09-05,Public A-Z trade and skill sitemap.,London
Rated People,Blacksmith / Metal worker,Blacksmith / Metal worker,Blacksmith / Metal worker,Other / Unmapped,V1,https://www.ratedpeople.com/sitemap/trades/b,alphabetical_trade_sitemap,2026-08-22,Rated People public trade-and-skill sitemap.,
Rated People,All Blacksmith / Metal workers,Blacksmith / Metal workers,Blacksmith / Metal workers,Other / Unmapped,V2,https://www.ratedpeople.com/sitemap/trades/a,alphabetical_trade_sitemap,2026-09-05,Public A-Z trade and skill sitemap.,London
Rated People,Blind / Curtain / Shutter - Installation,Blind / Curtain / Shutter - Installation,Blind / Curtain / Shutter - Installation,Other / Unmapped,V2,https://www.ratedpeople.com/sitemap/trades/a,alphabetical_trade_sitemap,2026-09-05,Public A-Z trade and skill sitemap.,London
Rated People,Brick & Stone Cleaning,Brick & Stone Cleaning,Building & Construction,Home & Trades,V2,https://www.ratedpeople.com/sitemap/trades/a,alphabetical_trade_sitemap,2026-09-05,Public A-Z trade and skill sitemap.,London
Rated People,Brick / Block Paving,Brick / Block Paving,Building & Construction,Home & Trades,V2,https://www.ratedpeople.com/sitemap/trades/a,alphabetical_trade_sitemap,2026-09-05,Public A-Z trade and skill sitemap.,London
Rated People,Bricklayer,Bricklayer,Building & Construction,Home & Trades,V1,https://www.ratedpeople.com/sitemap/trades/b,alphabetical_trade_sitemap,2026-08-22,Rated People public trade-and-skill sitemap.,
Rated People,All Bricklayers,Bricklayers,Building & Construction,Home & Trades,V2,https://www.ratedpeople.com/sitemap/trades/a,alphabetical_trade_sitemap,2026-09-05,Public A-Z trade and skill sitemap.,London
Rated People,Buckinghamshire,Buckinghamshire,Buckinghamshire,Other / Unmapped,V2,https://www.ratedpeople.com/sitemap/trades/a,alphabetical_trade_sitemap,2026-09-05,Public A-Z trade and skill sitemap.,London
Rated People,Builder,Builder,Building & Construction,Home & Trades,V1,https://www.ratedpeople.com/sitemap/trades/b,alphabetical_trade_sitemap,2026-08-22,Rated People public trade-and-skill sitemap.,
Rated People,All Builders,Builders,Building & Construction,Home & Trades,V2,https://www.ratedpeople.com/sitemap/trades/a,alphabetical_trade_sitemap,2026-09-05,Public A-Z trade and skill sitemap.,London
Rated People,Built-In Furniture,Built-In Furniture,Built-In Furniture,Other / Unmapped,V2,https://www.ratedpeople.com/sitemap/trades/a,alphabetical_trade_sitemap,2026-09-05,Public A-Z trade and skill sitemap.,London
Rated People,Burglar Repairs,Burglar Repairs,Burglar Repairs,Other / Unmapped,V2,https://www.ratedpeople.com/sitemap/trades/a,alphabetical_trade_sitemap,2026-09-05,Public A-Z trade and skill sitemap.,London
Rated People,"Burglar, Security & Intruder Alarm Installation","Burglar, Security & Intruder Alarm Installation",Security Systems,Home & Trades,V2,https://www.ratedpeople.com/sitemap/trades/a,alphabetical_trade_sitemap,2026-09-05,Public A-Z trade and skill sitemap.,London
Rated People,All CCTV / Satellites / Alarms,CCTV / Satellites / Alarms,Security Systems,Home & Trades,V2,https://www.ratedpeople.com/sitemap/trades/a,alphabetical_trade_sitemap,2026-09-05,Public A-Z trade and skill sitemap.,London
Rated People,CCTV Installation,CCTV Installation,Security Systems,Home & Trades,V2,https://www.ratedpeople.com/sitemap/trades/a,alphabetical_trade_sitemap,2026-09-05,Public A-Z trade and skill sitemap.,London
Rated People,Caithness,Caithness,Caithness,Other / Unmapped,V2,https://www.ratedpeople.com/sitemap/trades/a,alphabetical_trade_sitemap,2026-09-05,Public A-Z trade and skill sitemap.,London
Rated People,Cambridgeshire,Cambridgeshire,Cambridgeshire,Other / Unmapped,V2,https://www.ratedpeople.com/sitemap/trades/a,alphabetical_trade_sitemap,2026-09-05,Public A-Z trade and skill sitemap.,London
Rated People,Carbon Monoxide Alarms - Installation,Carbon Monoxide Alarms - Installation,Security Systems,Home & Trades,V2,https://www.ratedpeople.com/sitemap/trades/a,alphabetical_trade_sitemap,2026-09-05,Public A-Z trade and skill sitemap.,London
Rated People,Carpenter / Joiner,Carpenter / Joiner,Carpentry & Joinery,Home & Trades,V1,https://www.ratedpeople.com/sitemap/trades/c,alphabetical_trade_sitemap,2026-08-22,Rated People public trade-and-skill sitemap.,
Rated People,All Carpenter / Joiners,Carpenter / Joiners,Carpentry & Joinery,Home & Trades,V2,https://www.ratedpeople.com/sitemap/trades/a,alphabetical_trade_sitemap,2026-09-05,Public A-Z trade and skill sitemap.,London
Rated People,Carpet Cleaning,Carpet Cleaning,Cleaning,Cleaning & Household,V2,https://www.ratedpeople.com/sitemap/trades/a,alphabetical_trade_sitemap,2026-09-05,Public A-Z trade and skill sitemap.,London
Rated People,Carpet Fitters,Carpet Fitters,Carpet Fitters,Other / Unmapped,V2,https://www.ratedpeople.com/sitemap/trades/a,alphabetical_trade_sitemap,2026-09-05,Public A-Z trade and skill sitemap.,London
Rated People,Cat Flap - Installation,Cat Flap - Installation,Cat Flap - Installation,Other / Unmapped,V2,https://www.ratedpeople.com/sitemap/trades/a,alphabetical_trade_sitemap,2026-09-05,Public A-Z trade and skill sitemap.,London
Rated People,Cavity Wall Insulation,Cavity Wall Insulation,Insulation,Home & Trades,V2,https://www.ratedpeople.com/sitemap/trades/a,alphabetical_trade_sitemap,2026-09-05,Public A-Z trade and skill sitemap.,London
Rated People,Cellar & Basement Conversion,Cellar & Basement Conversion,Cellar & Basement Conversion,Other / Unmapped,V2,https://www.ratedpeople.com/sitemap/trades/a,alphabetical_trade_sitemap,2026-09-05,Public A-Z trade and skill sitemap.,London
Rated People,Cheshire,Cheshire,Cheshire,Other / Unmapped,V2,https://www.ratedpeople.com/sitemap/trades/a,alphabetical_trade_sitemap,2026-09-05,Public A-Z trade and skill sitemap.,London
Rated People,Chimney Building / Repair,Chimney Building / Repair,Building & Construction,Home & Trades,V2,https://www.ratedpeople.com/sitemap/trades/a,alphabetical_trade_sitemap,2026-09-05,Public A-Z trade and skill sitemap.,London
Rated People,City of Aberdeen,City of Aberdeen,City of Aberdeen,Other / Unmapped,V2,https://www.ratedpeople.com/sitemap/trades/a,alphabetical_trade_sitemap,2026-09-05,Public A-Z trade and skill sitemap.,London
Rated People,City of Dundee,City of Dundee,City of Dundee,Other / Unmapped,V2,https://www.ratedpeople.com/sitemap/trades/a,alphabetical_trade_sitemap,2026-09-05,Public A-Z trade and skill sitemap.,London
Rated People,City of Edinburgh,City of Edinburgh,City of Edinburgh,Other / Unmapped,V2,https://www.ratedpeople.com/sitemap/trades/a,alphabetical_trade_sitemap,2026-09-05,Public A-Z trade and skill sitemap.,London
Rated People,City of Glasgow,City of Glasgow,City of Glasgow,Other / Unmapped,V2,https://www.ratedpeople.com/sitemap/trades/a,alphabetical_trade_sitemap,2026-09-05,Public A-Z trade and skill sitemap.,London
Rated People,Clackmannan,Clackmannan,Clackmannan,Other / Unmapped,V2,https://www.ratedpeople.com/sitemap/trades/a,alphabetical_trade_sitemap,2026-09-05,Public A-Z trade and skill sitemap.,London
Rated People,Cladding,Cladding,Cladding,Other / Unmapped,V2,https://www.ratedpeople.com/sitemap/trades/a,alphabetical_trade_sitemap,2026-09-05,Public A-Z trade and skill sitemap.,London
Rated People,Cleaner,Cleaner,Cleaning,Cleaning & Household,V1,https://www.ratedpeople.com/sitemap/trades/c,alphabetical_trade_sitemap,2026-08-22,Rated People public trade-and-skill sitemap.,
Rated People,All Cleaners,Cleaners,Cleaning,Cleaning & Household,V2,https://www.ratedpeople.com/sitemap/trades/a,alphabetical_trade_sitemap,2026-09-05,Public A-Z trade and skill sitemap.,London
Rated People,Clwyd,Clwyd,Clwyd,Other / Unmapped,V2,https://www.ratedpeople.com/sitemap/trades/a,alphabetical_trade_sitemap,2026-09-05,Public A-Z trade and skill sitemap.,London
Rated People,Commercial Pest Control,Commercial Pest Control,Pest Control,Home & Trades,V2,https://www.ratedpeople.com/sitemap/trades/a,alphabetical_trade_sitemap,2026-09-05,Public A-Z trade and skill sitemap.,London
Rated People,Commercial Window Cleaning,Commercial Window Cleaning,Windows & Glazing,Home & Trades,V2,https://www.ratedpeople.com/sitemap/trades/a,alphabetical_trade_sitemap,2026-09-05,Public A-Z trade and skill sitemap.,London
Rated People,Complete Bathroom Refurbishment,Complete Bathroom Refurbishment,Bathroom Services,Home & Trades,V2,https://www.ratedpeople.com/sitemap/trades/a,alphabetical_trade_sitemap,2026-09-05,Public A-Z trade and skill sitemap.,London
Rated People,Complete Kitchen Refurbishment,Complete Kitchen Refurbishment,Kitchen Services,Home & Trades,V2,https://www.ratedpeople.com/sitemap/trades/a,alphabetical_trade_sitemap,2026-09-05,Public A-Z trade and skill sitemap.,London
Rated People,Concrete Driveway,Concrete Driveway,Driveways & Paving,Home & Trades,V2,https://www.ratedpeople.com/sitemap/trades/a,alphabetical_trade_sitemap,2026-09-05,Public A-Z trade and skill sitemap.,London
Rated People,Conservatory,Conservatory,Conservatory,Other / Unmapped,V2,https://www.ratedpeople.com/sitemap/trades/a,alphabetical_trade_sitemap,2026-09-05,Public A-Z trade and skill sitemap.,London
Rated People,Conservatory Cleaning / Maintenance,Conservatory Cleaning / Maintenance,Cleaning,Cleaning & Household,V2,https://www.ratedpeople.com/sitemap/trades/a,alphabetical_trade_sitemap,2026-09-05,Public A-Z trade and skill sitemap.,London
Rated People,Cornwall,Cornwall,Cornwall,Other / Unmapped,V2,https://www.ratedpeople.com/sitemap/trades/a,alphabetical_trade_sitemap,2026-09-05,Public A-Z trade and skill sitemap.,London
Rated People,Cost guides,Cost guides,Cost guides,Other / Unmapped,V2,https://www.ratedpeople.com/sitemap/trades/a,alphabetical_trade_sitemap,2026-09-05,Public A-Z trade and skill sitemap.,London
Rated People,Create a job,Create a job,Create a job,Other / Unmapped,V2,https://www.ratedpeople.com/sitemap/trades/a,alphabetical_trade_sitemap,2026-09-05,Public A-Z trade and skill sitemap.,London
Rated People,Crown Reduction,Crown Reduction,Crown Reduction,Other / Unmapped,V2,https://www.ratedpeople.com/sitemap/trades/a,alphabetical_trade_sitemap,2026-09-05,Public A-Z trade and skill sitemap.,London
Rated People,Crown Thinning,Crown Thinning,Crown Thinning,Other / Unmapped,V2,https://www.ratedpeople.com/sitemap/trades/a,alphabetical_trade_sitemap,2026-09-05,Public A-Z trade and skill sitemap.,London
Rated People,Cumbria,Cumbria,Cumbria,Other / Unmapped,V2,https://www.ratedpeople.com/sitemap/trades/a,alphabetical_trade_sitemap,2026-09-05,Public A-Z trade and skill sitemap.,London
Rated People,Damp Proofing,Damp Proofing,Damp & Waterproofing,Home & Trades,V2,https://www.ratedpeople.com/sitemap/trades/a,alphabetical_trade_sitemap,2026-09-05,Public A-Z trade and skill sitemap.,London
Rated People,Decorative Cornicing / Plasterwork,Decorative Cornicing / Plasterwork,Painting & Decorating,Home & Trades,V2,https://www.ratedpeople.com/sitemap/trades/a,alphabetical_trade_sitemap,2026-09-05,Public A-Z trade and skill sitemap.,London
Rated People,Decorative Glazing,Decorative Glazing,Painting & Decorating,Home & Trades,V2,https://www.ratedpeople.com/sitemap/trades/a,alphabetical_trade_sitemap,2026-09-05,Public A-Z trade and skill sitemap.,London
Rated People,Decorative Ironmongery and Metalwork,Decorative Ironmongery and Metalwork,Painting & Decorating,Home & Trades,V2,https://www.ratedpeople.com/sitemap/trades/a,alphabetical_trade_sitemap,2026-09-05,Public A-Z trade and skill sitemap.,London
Rated People,Deep Cleaning - Commercial,Deep Cleaning - Commercial,Cleaning,Cleaning & Household,V2,https://www.ratedpeople.com/sitemap/trades/a,alphabetical_trade_sitemap,2026-09-05,Public A-Z trade and skill sitemap.,London
Rated People,Deep Cleaning - Domestic,Deep Cleaning - Domestic,Cleaning,Cleaning & Household,V2,https://www.ratedpeople.com/sitemap/trades/a,alphabetical_trade_sitemap,2026-09-05,Public A-Z trade and skill sitemap.,London
Rated People,Demolition,Demolition,Demolition,Home & Trades,V2,https://www.ratedpeople.com/sitemap/trades/a,alphabetical_trade_sitemap,2026-09-05,Public A-Z trade and skill sitemap.,London
Rated People,Derbyshire,Derbyshire,Derbyshire,Other / Unmapped,V2,https://www.ratedpeople.com/sitemap/trades/a,alphabetical_trade_sitemap,2026-09-05,Public A-Z trade and skill sitemap.,London
Rated People,Devon,Devon,Devon,Other / Unmapped,V2,https://www.ratedpeople.com/sitemap/trades/a,alphabetical_trade_sitemap,2026-09-05,Public A-Z trade and skill sitemap.,London
Rated People,Digital Home Network,Digital Home Network,Digital Home Network,Other / Unmapped,V2,https://www.ratedpeople.com/sitemap/trades/a,alphabetical_trade_sitemap,2026-09-05,Public A-Z trade and skill sitemap.,London
Rated People,Disability Access Installation,Disability Access Installation,Disability Access Installation,Other / Unmapped,V2,https://www.ratedpeople.com/sitemap/trades/a,alphabetical_trade_sitemap,2026-09-05,Public A-Z trade and skill sitemap.,London
Rated People,Disabled Access / Mobility Service,Disabled Access / Mobility Service,Disabled Access / Mobility Service,Other / Unmapped,V2,https://www.ratedpeople.com/sitemap/trades/a,alphabetical_trade_sitemap,2026-09-05,Public A-Z trade and skill sitemap.,London
Rated People,Domestic Appliance Repair,Domestic Appliance Repair,Appliance Repair,Repair Services,V2,https://www.ratedpeople.com/sitemap/trades/a,alphabetical_trade_sitemap,2026-09-05,Public A-Z trade and skill sitemap.,London
Rated People,Domestic House Cleaning: One Off,Domestic House Cleaning: One Off,Cleaning,Cleaning & Household,V2,https://www.ratedpeople.com/sitemap/trades/a,alphabetical_trade_sitemap,2026-09-05,Public A-Z trade and skill sitemap.,London
Rated People,Domestic House Cleaning: Regular,Domestic House Cleaning: Regular,Cleaning,Cleaning & Household,V2,https://www.ratedpeople.com/sitemap/trades/a,alphabetical_trade_sitemap,2026-09-05,Public A-Z trade and skill sitemap.,London
Rated People,Door / Window Painting,Door / Window Painting,Painting & Decorating,Home & Trades,V2,https://www.ratedpeople.com/sitemap/trades/a,alphabetical_trade_sitemap,2026-09-05,Public A-Z trade and skill sitemap.,London
Rated People,Door Opening,Door Opening,Doors & Door Services,Home & Trades,V2,https://www.ratedpeople.com/sitemap/trades/a,alphabetical_trade_sitemap,2026-09-05,Public A-Z trade and skill sitemap.,London
Rated People,Door Replacement,Door Replacement,Doors & Door Services,Home & Trades,V2,https://www.ratedpeople.com/sitemap/trades/a,alphabetical_trade_sitemap,2026-09-05,Public A-Z trade and skill sitemap.,London
Rated People,Dorset,Dorset,Dorset,Other / Unmapped,V2,https://www.ratedpeople.com/sitemap/trades/a,alphabetical_trade_sitemap,2026-09-05,Public A-Z trade and skill sitemap.,London
Rated People,Down,Down,Down,Other / Unmapped,V2,https://www.ratedpeople.com/sitemap/trades/a,alphabetical_trade_sitemap,2026-09-05,Public A-Z trade and skill sitemap.,London
Rated People,Download on the App Store,Download on the App Store,Download on the App Store,Other / Unmapped,V2,https://www.ratedpeople.com/sitemap/trades/a,alphabetical_trade_sitemap,2026-09-05,Public A-Z trade and skill sitemap.,London
Rated People,Drainage Specialist,Drainage Specialist,Drainage Specialist,Other / Unmapped,V1,https://www.ratedpeople.com/sitemap/trades/d,alphabetical_trade_sitemap,2026-08-22,Rated People public trade-and-skill sitemap.,
Rated People,All Drainage Specialists,Drainage Specialists,Drainage Specialists,Other / Unmapped,V2,https://www.ratedpeople.com/sitemap/trades/a,alphabetical_trade_sitemap,2026-09-05,Public A-Z trade and skill sitemap.,London
Rated People,Drains - Installation / Unblocking / Cleaning,Drains - Installation / Unblocking / Cleaning,Cleaning,Cleaning & Household,V2,https://www.ratedpeople.com/sitemap/trades/a,alphabetical_trade_sitemap,2026-09-05,Public A-Z trade and skill sitemap.,London
Rated People,All Driveway pavers,Driveway pavers,Driveways & Paving,Home & Trades,V2,https://www.ratedpeople.com/sitemap/trades/a,alphabetical_trade_sitemap,2026-09-05,Public A-Z trade and skill sitemap.,London
Rated People,Dry Lining & Plasterboard - Installation,Dry Lining & Plasterboard - Installation,Plastering & Rendering,Home & Trades,V2,https://www.ratedpeople.com/sitemap/trades/a,alphabetical_trade_sitemap,2026-09-05,Public A-Z trade and skill sitemap.,London
Rated People,Dry Lining & Plasterboard - Repair,Dry Lining & Plasterboard - Repair,Plastering & Rendering,Home & Trades,V2,https://www.ratedpeople.com/sitemap/trades/a,alphabetical_trade_sitemap,2026-09-05,Public A-Z trade and skill sitemap.,London
Rated People,Dumfries,Dumfries,Dumfries,Other / Unmapped,V2,https://www.ratedpeople.com/sitemap/trades/a,alphabetical_trade_sitemap,2026-09-05,Public A-Z trade and skill sitemap.,London
Rated People,Dunbartonshire,Dunbartonshire,Dunbartonshire,Other / Unmapped,V2,https://www.ratedpeople.com/sitemap/trades/a,alphabetical_trade_sitemap,2026-09-05,Public A-Z trade and skill sitemap.,London
Rated People,Durham,Durham,Durham,Other / Unmapped,V2,https://www.ratedpeople.com/sitemap/trades/a,alphabetical_trade_sitemap,2026-09-05,Public A-Z trade and skill sitemap.,London
Rated People,Dyfed,Dyfed,Dyfed,Other / Unmapped,V2,https://www.ratedpeople.com/sitemap/trades/a,alphabetical_trade_sitemap,2026-09-05,Public A-Z trade and skill sitemap.,London
Rated People,East Lothian,East Lothian,East Lothian,Other / Unmapped,V2,https://www.ratedpeople.com/sitemap/trades/a,alphabetical_trade_sitemap,2026-09-05,Public A-Z trade and skill sitemap.,London
Rated People,East Riding of Yorkshire,East Riding of Yorkshire,East Riding of Yorkshire,Other / Unmapped,V2,https://www.ratedpeople.com/sitemap/trades/a,alphabetical_trade_sitemap,2026-09-05,Public A-Z trade and skill sitemap.,London
Rated People,East Sussex,East Sussex,East Sussex,Other / Unmapped,V2,https://www.ratedpeople.com/sitemap/trades/a,alphabetical_trade_sitemap,2026-09-05,Public A-Z trade and skill sitemap.,London
Rated People,Electric Boiler - Installation,Electric Boiler - Installation,Electrical Services,Home & Trades,V2,https://www.ratedpeople.com/sitemap/trades/a,alphabetical_trade_sitemap,2026-09-05,Public A-Z trade and skill sitemap.,London
Rated People,Electric Boiler - Repair,Electric Boiler - Repair,Electrical Services,Home & Trades,V2,https://www.ratedpeople.com/sitemap/trades/a,alphabetical_trade_sitemap,2026-09-05,Public A-Z trade and skill sitemap.,London
Rated People,Electric Boiler - Service,Electric Boiler - Service,Electrical Services,Home & Trades,V2,https://www.ratedpeople.com/sitemap/trades/a,alphabetical_trade_sitemap,2026-09-05,Public A-Z trade and skill sitemap.,London
Rated People,Electric Car Charging Point Installation,Electric Car Charging Point Installation,Electrical Services,Home & Trades,V2,https://www.ratedpeople.com/sitemap/trades/a,alphabetical_trade_sitemap,2026-09-05,Public A-Z trade and skill sitemap.,London
Rated People,Electric Oven / Hob - Installation,Electric Oven / Hob - Installation,Electrical Services,Home & Trades,V2,https://www.ratedpeople.com/sitemap/trades/a,alphabetical_trade_sitemap,2026-09-05,Public A-Z trade and skill sitemap.,London
Rated People,Electric Underfloor Heating,Electric Underfloor Heating,Electrical Services,Home & Trades,V2,https://www.ratedpeople.com/sitemap/trades/a,alphabetical_trade_sitemap,2026-09-05,Public A-Z trade and skill sitemap.,London
Rated People,Electrical Inspection Condition Report,Electrical Inspection Condition Report,Electrical Services,Home & Trades,V2,https://www.ratedpeople.com/sitemap/trades/a,alphabetical_trade_sitemap,2026-09-05,Public A-Z trade and skill sitemap.,London
Rated People,Electrical Installation / Testing,Electrical Installation / Testing,Electrical Services,Home & Trades,V2,https://www.ratedpeople.com/sitemap/trades/a,alphabetical_trade_sitemap,2026-09-05,Public A-Z trade and skill sitemap.,London
Rated People,Electrician,Electrician,Electrical Services,Home & Trades,V1,https://www.ratedpeople.com/sitemap/trades/e,alphabetical_trade_sitemap,2026-08-22,Rated People public trade-and-skill sitemap.,
Rated People,All Electricians,Electricians,Electrical Services,Home & Trades,V2,https://www.ratedpeople.com/sitemap/trades/a,alphabetical_trade_sitemap,2026-09-05,Public A-Z trade and skill sitemap.,London
Rated People,Emergency / 24 Hour Locksmith,Emergency / 24 Hour Locksmith,Locksmith,Home & Trades,V2,https://www.ratedpeople.com/sitemap/trades/a,alphabetical_trade_sitemap,2026-09-05,Public A-Z trade and skill sitemap.,London
Rated People,Emergency / 24 Hour Plumber,Emergency / 24 Hour Plumber,Plumbing,Home & Trades,V2,https://www.ratedpeople.com/sitemap/trades/a,alphabetical_trade_sitemap,2026-09-05,Public A-Z trade and skill sitemap.,London
Rated People,Emergency Electrician,Emergency Electrician,Electrical Services,Home & Trades,V2,https://www.ratedpeople.com/sitemap/trades/a,alphabetical_trade_sitemap,2026-09-05,Public A-Z trade and skill sitemap.,London
Rated People,End of Tenancy Cleaning,End of Tenancy Cleaning,Cleaning,Cleaning & Household,V2,https://www.ratedpeople.com/sitemap/trades/a,alphabetical_trade_sitemap,2026-09-05,Public A-Z trade and skill sitemap.,London
Rated People,Essex,Essex,Essex,Other / Unmapped,V2,https://www.ratedpeople.com/sitemap/trades/a,alphabetical_trade_sitemap,2026-09-05,Public A-Z trade and skill sitemap.,London
Rated People,External Lighting,External Lighting,Electrical Services,Home & Trades,V2,https://www.ratedpeople.com/sitemap/trades/a,alphabetical_trade_sitemap,2026-09-05,Public A-Z trade and skill sitemap.,London
Rated People,External Rendering,External Rendering,Plastering & Rendering,Home & Trades,V2,https://www.ratedpeople.com/sitemap/trades/a,alphabetical_trade_sitemap,2026-09-05,Public A-Z trade and skill sitemap.,London
Rated People,External Tiling,External Tiling,Tiling,Home & Trades,V2,https://www.ratedpeople.com/sitemap/trades/a,alphabetical_trade_sitemap,2026-09-05,Public A-Z trade and skill sitemap.,London
Rated People,External Wall Insulation,External Wall Insulation,Insulation,Home & Trades,V2,https://www.ratedpeople.com/sitemap/trades/a,alphabetical_trade_sitemap,2026-09-05,Public A-Z trade and skill sitemap.,London
Rated People,External Wall Painting,External Wall Painting,Painting & Decorating,Home & Trades,V2,https://www.ratedpeople.com/sitemap/trades/a,alphabetical_trade_sitemap,2026-09-05,Public A-Z trade and skill sitemap.,London
Rated People,Fermanagh,Fermanagh,Fermanagh,Other / Unmapped,V2,https://www.ratedpeople.com/sitemap/trades/a,alphabetical_trade_sitemap,2026-09-05,Public A-Z trade and skill sitemap.,London
Rated People,Fife,Fife,Fife,Other / Unmapped,V2,https://www.ratedpeople.com/sitemap/trades/a,alphabetical_trade_sitemap,2026-09-05,Public A-Z trade and skill sitemap.,London
Rated People,Find a tradesperson,Find a tradesperson,Find a tradesperson,Other / Unmapped,V2,https://www.ratedpeople.com/sitemap/trades/a,alphabetical_trade_sitemap,2026-09-05,Public A-Z trade and skill sitemap.,London
Rated People,Fire Alarm Installation,Fire Alarm Installation,Security Systems,Home & Trades,V2,https://www.ratedpeople.com/sitemap/trades/a,alphabetical_trade_sitemap,2026-09-05,Public A-Z trade and skill sitemap.,London
Rated People,Fireplace,Fireplace,Fireplace,Other / Unmapped,V2,https://www.ratedpeople.com/sitemap/trades/a,alphabetical_trade_sitemap,2026-09-05,Public A-Z trade and skill sitemap.,London
Rated People,Fitted Bedrooms / Wardrobes,Fitted Bedrooms / Wardrobes,Fitted Bedrooms / Wardrobes,Other / Unmapped,V2,https://www.ratedpeople.com/sitemap/trades/a,alphabetical_trade_sitemap,2026-09-05,Public A-Z trade and skill sitemap.,London
Rated People,Fitted Kitchens,Fitted Kitchens,Kitchen Services,Home & Trades,V2,https://www.ratedpeople.com/sitemap/trades/a,alphabetical_trade_sitemap,2026-09-05,Public A-Z trade and skill sitemap.,London
Rated People,Flat Pack Furniture Assembly,Flat Pack Furniture Assembly,Furniture Assembly,Repair Services,V2,https://www.ratedpeople.com/sitemap/trades/a,alphabetical_trade_sitemap,2026-09-05,Public A-Z trade and skill sitemap.,London
Rated People,Flat Roof - Installation / Repair,Flat Roof - Installation / Repair,Roofing & Guttering,Home & Trades,V2,https://www.ratedpeople.com/sitemap/trades/a,alphabetical_trade_sitemap,2026-09-05,Public A-Z trade and skill sitemap.,London
Rated People,Floor Sanding & Finishing,Floor Sanding & Finishing,Flooring,Home & Trades,V2,https://www.ratedpeople.com/sitemap/trades/a,alphabetical_trade_sitemap,2026-09-05,Public A-Z trade and skill sitemap.,London
Rated People,Floor Tiling,Floor Tiling,Tiling,Home & Trades,V2,https://www.ratedpeople.com/sitemap/trades/a,alphabetical_trade_sitemap,2026-09-05,Public A-Z trade and skill sitemap.,London
Rated People,All Floor fitters,Floor fitters,Flooring,Home & Trades,V2,https://www.ratedpeople.com/sitemap/trades/a,alphabetical_trade_sitemap,2026-09-05,Public A-Z trade and skill sitemap.,London
Rated People,For tradespeople,For tradespeople,For tradespeople,Other / Unmapped,V2,https://www.ratedpeople.com/sitemap/trades/a,alphabetical_trade_sitemap,2026-09-05,Public A-Z trade and skill sitemap.,London
Rated People,Garage Conversion,Garage Conversion,Garage Conversion,Other / Unmapped,V2,https://www.ratedpeople.com/sitemap/trades/a,alphabetical_trade_sitemap,2026-09-05,Public A-Z trade and skill sitemap.,London
Rated People,Garage Doors - Installation / Repair,Garage Doors - Installation / Repair,Doors & Door Services,Home & Trades,V2,https://www.ratedpeople.com/sitemap/trades/a,alphabetical_trade_sitemap,2026-09-05,Public A-Z trade and skill sitemap.,London
Rated People,Garden Clearance,Garden Clearance,Gardening & Landscaping,Home & Trades,V2,https://www.ratedpeople.com/sitemap/trades/a,alphabetical_trade_sitemap,2026-09-05,Public A-Z trade and skill sitemap.,London
Rated People,Garden Design,Garden Design,Gardening & Landscaping,Home & Trades,V2,https://www.ratedpeople.com/sitemap/trades/a,alphabetical_trade_sitemap,2026-09-05,Public A-Z trade and skill sitemap.,London
Rated People,Garden Maintenance,Garden Maintenance,Gardening & Landscaping,Home & Trades,V2,https://www.ratedpeople.com/sitemap/trades/a,alphabetical_trade_sitemap,2026-09-05,Public A-Z trade and skill sitemap.,London
Rated People,Garden Office / Studio Construction,Garden Office / Studio Construction,Gardening & Landscaping,Home & Trades,V2,https://www.ratedpeople.com/sitemap/trades/a,alphabetical_trade_sitemap,2026-09-05,Public A-Z trade and skill sitemap.,London
Rated People,Garden Shed / Playhouse,Garden Shed / Playhouse,Gardening & Landscaping,Home & Trades,V2,https://www.ratedpeople.com/sitemap/trades/a,alphabetical_trade_sitemap,2026-09-05,Public A-Z trade and skill sitemap.,London
Rated People,Garden Wall,Garden Wall,Gardening & Landscaping,Home & Trades,V2,https://www.ratedpeople.com/sitemap/trades/a,alphabetical_trade_sitemap,2026-09-05,Public A-Z trade and skill sitemap.,London
Rated People,All Gardener / Landscape gardeners,Gardener / Landscape gardeners,Gardening & Landscaping,Home & Trades,V2,https://www.ratedpeople.com/sitemap/trades/a,alphabetical_trade_sitemap,2026-09-05,Public A-Z trade and skill sitemap.,London
Rated People,Gas / Heating engineer,Gas / Heating engineer,Heating & Boiler Services,Home & Trades,V1,https://www.ratedpeople.com/sitemap/trades/g,alphabetical_trade_sitemap,2026-08-22,Rated People public trade-and-skill sitemap.,
Rated People,All Gas / Heating engineers,Gas / Heating engineers,Heating & Boiler Services,Home & Trades,V2,https://www.ratedpeople.com/sitemap/trades/a,alphabetical_trade_sitemap,2026-09-05,Public A-Z trade and skill sitemap.,London
Rated People,Gas Boiler - Installation,Gas Boiler - Installation,Heating & Boiler Services,Home & Trades,V2,https://www.ratedpeople.com/sitemap/trades/a,alphabetical_trade_sitemap,2026-09-05,Public A-Z trade and skill sitemap.,London
Rated People,Gas Boiler - Repair,Gas Boiler - Repair,Heating & Boiler Services,Home & Trades,V2,https://www.ratedpeople.com/sitemap/trades/a,alphabetical_trade_sitemap,2026-09-05,Public A-Z trade and skill sitemap.,London
Rated People,Gas Boiler - Service,Gas Boiler - Service,Heating & Boiler Services,Home & Trades,V2,https://www.ratedpeople.com/sitemap/trades/a,alphabetical_trade_sitemap,2026-09-05,Public A-Z trade and skill sitemap.,London
Rated People,Gas Cooker / Hob - Installation,Gas Cooker / Hob - Installation,Gas Cooker / Hob - Installation,Other / Unmapped,V2,https://www.ratedpeople.com/sitemap/trades/a,alphabetical_trade_sitemap,2026-09-05,Public A-Z trade and skill sitemap.,London
Rated People,Gas Cooker / Hob - Repair,Gas Cooker / Hob - Repair,Gas Cooker / Hob - Repair,Other / Unmapped,V2,https://www.ratedpeople.com/sitemap/trades/a,alphabetical_trade_sitemap,2026-09-05,Public A-Z trade and skill sitemap.,London
Rated People,Gas Fire,Gas Fire,Gas Fire,Other / Unmapped,V2,https://www.ratedpeople.com/sitemap/trades/a,alphabetical_trade_sitemap,2026-09-05,Public A-Z trade and skill sitemap.,London
Rated People,General Fitted Furniture,General Fitted Furniture,General Fitted Furniture,Other / Unmapped,V2,https://www.ratedpeople.com/sitemap/trades/a,alphabetical_trade_sitemap,2026-09-05,Public A-Z trade and skill sitemap.,London
Rated People,Get it on Google Play,Get it on Google Play,Get it on Google Play,Other / Unmapped,V2,https://www.ratedpeople.com/sitemap/trades/a,alphabetical_trade_sitemap,2026-09-05,Public A-Z trade and skill sitemap.,London
Rated People,Gloucestershire,Gloucestershire,Gloucestershire,Other / Unmapped,V2,https://www.ratedpeople.com/sitemap/trades/a,alphabetical_trade_sitemap,2026-09-05,Public A-Z trade and skill sitemap.,London
Rated People,Greater Manchester,Greater Manchester,Greater Manchester,Other / Unmapped,V2,https://www.ratedpeople.com/sitemap/trades/a,alphabetical_trade_sitemap,2026-09-05,Public A-Z trade and skill sitemap.,London
Rated People,Groundwork / Foundations,Groundwork / Foundations,Groundwork / Foundations,Other / Unmapped,V2,https://www.ratedpeople.com/sitemap/trades/a,alphabetical_trade_sitemap,2026-09-05,Public A-Z trade and skill sitemap.,London
Rated People,Guttering and Rainwater Pipe,Guttering and Rainwater Pipe,Roofing & Guttering,Home & Trades,V2,https://www.ratedpeople.com/sitemap/trades/a,alphabetical_trade_sitemap,2026-09-05,Public A-Z trade and skill sitemap.,London
Rated People,Gwent,Gwent,Gwent,Other / Unmapped,V2,https://www.ratedpeople.com/sitemap/trades/a,alphabetical_trade_sitemap,2026-09-05,Public A-Z trade and skill sitemap.,London
Rated People,Gwynedd,Gwynedd,Gwynedd,Other / Unmapped,V2,https://www.ratedpeople.com/sitemap/trades/a,alphabetical_trade_sitemap,2026-09-05,Public A-Z trade and skill sitemap.,London
Rated People,Hampshire,Hampshire,Hampshire,Other / Unmapped,V2,https://www.ratedpeople.com/sitemap/trades/a,alphabetical_trade_sitemap,2026-09-05,Public A-Z trade and skill sitemap.,London
Rated People,Handyperson,Handyperson,Handyperson,Other / Unmapped,V1,https://www.ratedpeople.com/sitemap/trades/h,alphabetical_trade_sitemap,2026-08-22,Rated People public trade-and-skill sitemap.,
Rated People,All Handypersons,Handypersons,Handypersons,Other / Unmapped,V2,https://www.ratedpeople.com/sitemap/trades/a,alphabetical_trade_sitemap,2026-09-05,Public A-Z trade and skill sitemap.,London
Rated People,Heat Pump (Air source/ Ground Source),Heat Pump (Air source/ Ground Source),Heat Pump (Air source/ Ground Source),Other / Unmapped,V2,https://www.ratedpeople.com/sitemap/trades/a,alphabetical_trade_sitemap,2026-09-05,Public A-Z trade and skill sitemap.,London
Rated People,Help & FAQs,Help & FAQs,Help & FAQs,Other / Unmapped,V2,https://www.ratedpeople.com/sitemap/trades/a,alphabetical_trade_sitemap,2026-09-05,Public A-Z trade and skill sitemap.,London
Rated People,Herefordshire,Herefordshire,Herefordshire,Other / Unmapped,V2,https://www.ratedpeople.com/sitemap/trades/a,alphabetical_trade_sitemap,2026-09-05,Public A-Z trade and skill sitemap.,London
Rated People,Hertfordshire,Hertfordshire,Hertfordshire,Other / Unmapped,V2,https://www.ratedpeople.com/sitemap/trades/a,alphabetical_trade_sitemap,2026-09-05,Public A-Z trade and skill sitemap.,London
Rated People,Home Improvements,Home Improvements,Home Improvements,Other / Unmapped,V2,https://www.ratedpeople.com/sitemap/trades/a,alphabetical_trade_sitemap,2026-09-05,Public A-Z trade and skill sitemap.,London
Rated People,Home Maintenance / Repair,Home Maintenance / Repair,Home Maintenance / Repair,Other / Unmapped,V2,https://www.ratedpeople.com/sitemap/trades/a,alphabetical_trade_sitemap,2026-09-05,Public A-Z trade and skill sitemap.,London
Rated People,Homeowner advice centre,Homeowner advice centre,Homeowner advice centre,Other / Unmapped,V2,https://www.ratedpeople.com/sitemap/trades/a,alphabetical_trade_sitemap,2026-09-05,Public A-Z trade and skill sitemap.,London
Rated People,Hot Tub Installation / Repair,Hot Tub Installation / Repair,Hot Tub Installation / Repair,Other / Unmapped,V2,https://www.ratedpeople.com/sitemap/trades/a,alphabetical_trade_sitemap,2026-09-05,Public A-Z trade and skill sitemap.,London
Rated People,Hot Water Tank/Appliance Tank Thermostats,Hot Water Tank/Appliance Tank Thermostats,Hot Water Tank/Appliance Tank Thermostats,Other / Unmapped,V2,https://www.ratedpeople.com/sitemap/trades/a,alphabetical_trade_sitemap,2026-09-05,Public A-Z trade and skill sitemap.,London
Rated People,House Clearance,House Clearance,House Clearance,Other / Unmapped,V2,https://www.ratedpeople.com/sitemap/trades/a,alphabetical_trade_sitemap,2026-09-05,Public A-Z trade and skill sitemap.,London
Rated People,House Extension,House Extension,Building & Construction,Home & Trades,V2,https://www.ratedpeople.com/sitemap/trades/a,alphabetical_trade_sitemap,2026-09-05,Public A-Z trade and skill sitemap.,London
Rated People,House Removals,House Removals,Removals & Moving,Cleaning & Household,V2,https://www.ratedpeople.com/sitemap/trades/a,alphabetical_trade_sitemap,2026-09-05,Public A-Z trade and skill sitemap.,London
Rated People,Inspiration centre,Inspiration centre,Inspiration centre,Other / Unmapped,V2,https://www.ratedpeople.com/sitemap/trades/a,alphabetical_trade_sitemap,2026-09-05,Public A-Z trade and skill sitemap.,London
Rated People,Internal Lighting,Internal Lighting,Electrical Services,Home & Trades,V2,https://www.ratedpeople.com/sitemap/trades/a,alphabetical_trade_sitemap,2026-09-05,Public A-Z trade and skill sitemap.,London
Rated People,Internal Painting & Decorating,Internal Painting & Decorating,Painting & Decorating,Home & Trades,V2,https://www.ratedpeople.com/sitemap/trades/a,alphabetical_trade_sitemap,2026-09-05,Public A-Z trade and skill sitemap.,London
Rated People,Internal Rendering,Internal Rendering,Plastering & Rendering,Home & Trades,V2,https://www.ratedpeople.com/sitemap/trades/a,alphabetical_trade_sitemap,2026-09-05,Public A-Z trade and skill sitemap.,London
Rated People,Inverness,Inverness,Inverness,Other / Unmapped,V2,https://www.ratedpeople.com/sitemap/trades/a,alphabetical_trade_sitemap,2026-09-05,Public A-Z trade and skill sitemap.,London
Rated People,Isle of Wight,Isle of Wight,Isle of Wight,Other / Unmapped,V2,https://www.ratedpeople.com/sitemap/trades/a,alphabetical_trade_sitemap,2026-09-05,Public A-Z trade and skill sitemap.,London
Rated People,Jet / Power Washing,Jet / Power Washing,Jet / Power Washing,Other / Unmapped,V2,https://www.ratedpeople.com/sitemap/trades/a,alphabetical_trade_sitemap,2026-09-05,Public A-Z trade and skill sitemap.,London
Rated People,Kent,Kent,Kent,Other / Unmapped,V2,https://www.ratedpeople.com/sitemap/trades/a,alphabetical_trade_sitemap,2026-09-05,Public A-Z trade and skill sitemap.,London
Rated People,Kincardineshire,Kincardineshire,Kincardineshire,Other / Unmapped,V2,https://www.ratedpeople.com/sitemap/trades/a,alphabetical_trade_sitemap,2026-09-05,Public A-Z trade and skill sitemap.,London
Rated People,Kitchen Design / Installation,Kitchen Design / Installation,Kitchen Services,Home & Trades,V2,https://www.ratedpeople.com/sitemap/trades/a,alphabetical_trade_sitemap,2026-09-05,Public A-Z trade and skill sitemap.,London
Rated People,Kitchen Specialist,Kitchen Specialist,Kitchen Services,Home & Trades,V1,https://www.ratedpeople.com/sitemap/trades/k,alphabetical_trade_sitemap,2026-08-22,Rated People public trade-and-skill sitemap.,
Rated People,All Kitchen Specialists,Kitchen Specialists,Kitchen Services,Home & Trades,V2,https://www.ratedpeople.com/sitemap/trades/a,alphabetical_trade_sitemap,2026-09-05,Public A-Z trade and skill sitemap.,London
Rated People,Kitchen Tiling,Kitchen Tiling,Tiling,Home & Trades,V2,https://www.ratedpeople.com/sitemap/trades/a,alphabetical_trade_sitemap,2026-09-05,Public A-Z trade and skill sitemap.,London
Rated People,Kitchen Worktops - Stone,Kitchen Worktops - Stone,Kitchen Services,Home & Trades,V2,https://www.ratedpeople.com/sitemap/trades/a,alphabetical_trade_sitemap,2026-09-05,Public A-Z trade and skill sitemap.,London
Rated People,Laminate / Wooden Kitchen Worktops,Laminate / Wooden Kitchen Worktops,Flooring,Home & Trades,V2,https://www.ratedpeople.com/sitemap/trades/a,alphabetical_trade_sitemap,2026-09-05,Public A-Z trade and skill sitemap.,London
Rated People,Laminate Flooring,Laminate Flooring,Flooring,Home & Trades,V2,https://www.ratedpeople.com/sitemap/trades/a,alphabetical_trade_sitemap,2026-09-05,Public A-Z trade and skill sitemap.,London
Rated People,Lanarkshire,Lanarkshire,Lanarkshire,Other / Unmapped,V2,https://www.ratedpeople.com/sitemap/trades/a,alphabetical_trade_sitemap,2026-09-05,Public A-Z trade and skill sitemap.,London
Rated People,Lancashire,Lancashire,Lancashire,Other / Unmapped,V2,https://www.ratedpeople.com/sitemap/trades/a,alphabetical_trade_sitemap,2026-09-05,Public A-Z trade and skill sitemap.,London
Rated People,Landlord Reports / Safety Checks,Landlord Reports / Safety Checks,Landlord Reports / Safety Checks,Other / Unmapped,V2,https://www.ratedpeople.com/sitemap/trades/a,alphabetical_trade_sitemap,2026-09-05,Public A-Z trade and skill sitemap.,London
Rated People,Landscaping,Landscaping,Gardening & Landscaping,Home & Trades,V2,https://www.ratedpeople.com/sitemap/trades/a,alphabetical_trade_sitemap,2026-09-05,Public A-Z trade and skill sitemap.,London
Rated People,Lawn Care Services - Grass Cutting / Turfing / Seeding,Lawn Care Services - Grass Cutting / Turfing / Seeding,Gardening & Landscaping,Home & Trades,V2,https://www.ratedpeople.com/sitemap/trades/a,alphabetical_trade_sitemap,2026-09-05,Public A-Z trade and skill sitemap.,London
Rated People,Leadwork,Leadwork,Leadwork,Other / Unmapped,V2,https://www.ratedpeople.com/sitemap/trades/a,alphabetical_trade_sitemap,2026-09-05,Public A-Z trade and skill sitemap.,London
Rated People,Leicestershire,Leicestershire,Leicestershire,Other / Unmapped,V2,https://www.ratedpeople.com/sitemap/trades/a,alphabetical_trade_sitemap,2026-09-05,Public A-Z trade and skill sitemap.,London
Rated People,Lincolnshire,Lincolnshire,Lincolnshire,Other / Unmapped,V2,https://www.ratedpeople.com/sitemap/trades/a,alphabetical_trade_sitemap,2026-09-05,Public A-Z trade and skill sitemap.,London
Rated People,Linoleum Flooring,Linoleum Flooring,Flooring,Home & Trades,V2,https://www.ratedpeople.com/sitemap/trades/a,alphabetical_trade_sitemap,2026-09-05,Public A-Z trade and skill sitemap.,London
Rated People,Lock Fitting / Repair,Lock Fitting / Repair,Lock Fitting / Repair,Other / Unmapped,V2,https://www.ratedpeople.com/sitemap/trades/a,alphabetical_trade_sitemap,2026-09-05,Public A-Z trade and skill sitemap.,London
Rated People,Locksmith,Locksmith,Locksmith,Home & Trades,V1,https://www.ratedpeople.com/sitemap/trades/l,alphabetical_trade_sitemap,2026-08-22,Rated People public trade-and-skill sitemap.,
Rated People,All Locksmiths,Locksmiths,Locksmith,Home & Trades,V2,https://www.ratedpeople.com/sitemap/trades/a,alphabetical_trade_sitemap,2026-09-05,Public A-Z trade and skill sitemap.,London
Rated People,Loft Conversion,Loft Conversion,Loft Conversion,Other / Unmapped,V2,https://www.ratedpeople.com/sitemap/trades/a,alphabetical_trade_sitemap,2026-09-05,Public A-Z trade and skill sitemap.,London
Rated People,Loft Conversion Specialist,Loft Conversion Specialist,Loft Conversion Specialist,Other / Unmapped,V1,https://www.ratedpeople.com/sitemap/trades/l,alphabetical_trade_sitemap,2026-08-22,Rated People public trade-and-skill sitemap.,
Rated People,All Loft Conversion Specialists,Loft Conversion Specialists,Loft Conversion Specialists,Other / Unmapped,V2,https://www.ratedpeople.com/sitemap/trades/a,alphabetical_trade_sitemap,2026-09-05,Public A-Z trade and skill sitemap.,London
Rated People,Log Cabins / Timber Framed Building,Log Cabins / Timber Framed Building,Building & Construction,Home & Trades,V2,https://www.ratedpeople.com/sitemap/trades/a,alphabetical_trade_sitemap,2026-09-05,Public A-Z trade and skill sitemap.,London
Rated People,Londonderry,Londonderry,Londonderry,Other / Unmapped,V2,https://www.ratedpeople.com/sitemap/trades/a,alphabetical_trade_sitemap,2026-09-05,Public A-Z trade and skill sitemap.,London
Rated People,Man/Woman with a Van,Man/Woman with a Van,Man/Woman with a Van,Other / Unmapped,V2,https://www.ratedpeople.com/sitemap/trades/a,alphabetical_trade_sitemap,2026-09-05,Public A-Z trade and skill sitemap.,London
Rated People,Merseyside,Merseyside,Merseyside,Other / Unmapped,V2,https://www.ratedpeople.com/sitemap/trades/a,alphabetical_trade_sitemap,2026-09-05,Public A-Z trade and skill sitemap.,London
Rated People,Metal Kitchen Worktops,Metal Kitchen Worktops,Kitchen Services,Home & Trades,V2,https://www.ratedpeople.com/sitemap/trades/a,alphabetical_trade_sitemap,2026-09-05,Public A-Z trade and skill sitemap.,London
Rated People,Metal Staircases,Metal Staircases,Metal Staircases,Other / Unmapped,V2,https://www.ratedpeople.com/sitemap/trades/a,alphabetical_trade_sitemap,2026-09-05,Public A-Z trade and skill sitemap.,London
Rated People,Mid Glamorgan,Mid Glamorgan,Mid Glamorgan,Other / Unmapped,V2,https://www.ratedpeople.com/sitemap/trades/a,alphabetical_trade_sitemap,2026-09-05,Public A-Z trade and skill sitemap.,London
Rated People,Midlothian,Midlothian,Midlothian,Other / Unmapped,V2,https://www.ratedpeople.com/sitemap/trades/a,alphabetical_trade_sitemap,2026-09-05,Public A-Z trade and skill sitemap.,London
Rated People,Moray,Moray,Moray,Other / Unmapped,V2,https://www.ratedpeople.com/sitemap/trades/a,alphabetical_trade_sitemap,2026-09-05,Public A-Z trade and skill sitemap.,London
Rated People,Mould / Damp Control,Mould / Damp Control,Damp & Waterproofing,Home & Trades,V2,https://www.ratedpeople.com/sitemap/trades/a,alphabetical_trade_sitemap,2026-09-05,Public A-Z trade and skill sitemap.,London
Rated People,Nairn,Nairn,Nairn,Other / Unmapped,V2,https://www.ratedpeople.com/sitemap/trades/a,alphabetical_trade_sitemap,2026-09-05,Public A-Z trade and skill sitemap.,London
Rated People,Norfolk,Norfolk,Norfolk,Other / Unmapped,V2,https://www.ratedpeople.com/sitemap/trades/a,alphabetical_trade_sitemap,2026-09-05,Public A-Z trade and skill sitemap.,London
Rated People,North Yorkshire,North Yorkshire,North Yorkshire,Other / Unmapped,V2,https://www.ratedpeople.com/sitemap/trades/a,alphabetical_trade_sitemap,2026-09-05,Public A-Z trade and skill sitemap.,London
Rated People,Northamptonshire,Northamptonshire,Northamptonshire,Other / Unmapped,V2,https://www.ratedpeople.com/sitemap/trades/a,alphabetical_trade_sitemap,2026-09-05,Public A-Z trade and skill sitemap.,London
Rated People,Northumberland,Northumberland,Northumberland,Other / Unmapped,V2,https://www.ratedpeople.com/sitemap/trades/a,alphabetical_trade_sitemap,2026-09-05,Public A-Z trade and skill sitemap.,London
Rated People,Nottinghamshire,Nottinghamshire,Nottinghamshire,Other / Unmapped,V2,https://www.ratedpeople.com/sitemap/trades/a,alphabetical_trade_sitemap,2026-09-05,Public A-Z trade and skill sitemap.,London
Rated People,Office / Commercial Cleaning,Office / Commercial Cleaning,Cleaning,Cleaning & Household,V2,https://www.ratedpeople.com/sitemap/trades/a,alphabetical_trade_sitemap,2026-09-05,Public A-Z trade and skill sitemap.,London
Rated People,Oil-Fired Boiler,Oil-Fired Boiler,Heating & Boiler Services,Home & Trades,V2,https://www.ratedpeople.com/sitemap/trades/a,alphabetical_trade_sitemap,2026-09-05,Public A-Z trade and skill sitemap.,London
Rated People,Orkney,Orkney,Orkney,Other / Unmapped,V2,https://www.ratedpeople.com/sitemap/trades/a,alphabetical_trade_sitemap,2026-09-05,Public A-Z trade and skill sitemap.,London
Rated People,Oven Cleaning,Oven Cleaning,Cleaning,Cleaning & Household,V2,https://www.ratedpeople.com/sitemap/trades/a,alphabetical_trade_sitemap,2026-09-05,Public A-Z trade and skill sitemap.,London
Rated People,Oxfordshire,Oxfordshire,Oxfordshire,Other / Unmapped,V2,https://www.ratedpeople.com/sitemap/trades/a,alphabetical_trade_sitemap,2026-09-05,Public A-Z trade and skill sitemap.,London
Rated People,Painter and decorator,Painter and decorator,Painting & Decorating,Home & Trades,V1,https://www.ratedpeople.com/sitemap/trades/p,alphabetical_trade_sitemap,2026-08-22,Rated People public trade-and-skill sitemap.,
Rated People,All Painter and decorators,Painter and decorators,Painting & Decorating,Home & Trades,V2,https://www.ratedpeople.com/sitemap/trades/a,alphabetical_trade_sitemap,2026-09-05,Public A-Z trade and skill sitemap.,London
Rated People,Partition Wall,Partition Wall,Partition Wall,Other / Unmapped,V2,https://www.ratedpeople.com/sitemap/trades/a,alphabetical_trade_sitemap,2026-09-05,Public A-Z trade and skill sitemap.,London
Rated People,Pebble Dashing,Pebble Dashing,Pebble Dashing,Other / Unmapped,V2,https://www.ratedpeople.com/sitemap/trades/a,alphabetical_trade_sitemap,2026-09-05,Public A-Z trade and skill sitemap.,London
Rated People,Period / Listed Building Works,Period / Listed Building Works,Building & Construction,Home & Trades,V2,https://www.ratedpeople.com/sitemap/trades/a,alphabetical_trade_sitemap,2026-09-05,Public A-Z trade and skill sitemap.,London
Rated People,Period Restoration,Period Restoration,Period Restoration,Other / Unmapped,V2,https://www.ratedpeople.com/sitemap/trades/a,alphabetical_trade_sitemap,2026-09-05,Public A-Z trade and skill sitemap.,London
Rated People,Perspex / Protective Screens,Perspex / Protective Screens,Perspex / Protective Screens,Other / Unmapped,V2,https://www.ratedpeople.com/sitemap/trades/a,alphabetical_trade_sitemap,2026-09-05,Public A-Z trade and skill sitemap.,London
Rated People,Perth and Kinross,Perth and Kinross,Perth and Kinross,Other / Unmapped,V2,https://www.ratedpeople.com/sitemap/trades/a,alphabetical_trade_sitemap,2026-09-05,Public A-Z trade and skill sitemap.,London
Rated People,Pest Control,Pest Control,Pest Control,Home & Trades,V1,https://www.ratedpeople.com/sitemap/trades/p,alphabetical_trade_sitemap,2026-08-22,Rated People public trade-and-skill sitemap.,
Rated People,All Pest Controlers,Pest Controlers,Pest Control,Home & Trades,V2,https://www.ratedpeople.com/sitemap/trades/a,alphabetical_trade_sitemap,2026-09-05,Public A-Z trade and skill sitemap.,London
Rated People,Pizza Oven,Pizza Oven,Pizza Oven,Other / Unmapped,V2,https://www.ratedpeople.com/sitemap/trades/a,alphabetical_trade_sitemap,2026-09-05,Public A-Z trade and skill sitemap.,London
Rated People,Planting,Planting,Planting,Other / Unmapped,V2,https://www.ratedpeople.com/sitemap/trades/a,alphabetical_trade_sitemap,2026-09-05,Public A-Z trade and skill sitemap.,London
Rated People,Plaster Skimming,Plaster Skimming,Plastering & Rendering,Home & Trades,V2,https://www.ratedpeople.com/sitemap/trades/a,alphabetical_trade_sitemap,2026-09-05,Public A-Z trade and skill sitemap.,London
Rated People,Plasterer / Renderer,Plasterer / Renderer,Plastering & Rendering,Home & Trades,V1,https://www.ratedpeople.com/sitemap/trades/p,alphabetical_trade_sitemap,2026-08-22,Rated People public trade-and-skill sitemap.,
Rated People,All Plasterer / Renderers,Plasterer / Renderers,Plastering & Rendering,Home & Trades,V2,https://www.ratedpeople.com/sitemap/trades/a,alphabetical_trade_sitemap,2026-09-05,Public A-Z trade and skill sitemap.,London
Rated People,Plastic / Rubber Flooring,Plastic / Rubber Flooring,Flooring,Home & Trades,V2,https://www.ratedpeople.com/sitemap/trades/a,alphabetical_trade_sitemap,2026-09-05,Public A-Z trade and skill sitemap.,London
Rated People,Plumber,Plumber,Plumbing,Home & Trades,V1,https://www.ratedpeople.com/sitemap/trades/p,alphabetical_trade_sitemap,2026-08-22,Rated People public trade-and-skill sitemap.,
Rated People,All Plumbers,Plumbers,Plumbing,Home & Trades,V2,https://www.ratedpeople.com/sitemap/trades/a,alphabetical_trade_sitemap,2026-09-05,Public A-Z trade and skill sitemap.,London
Rated People,Plumbing Repair & Maintenance,Plumbing Repair & Maintenance,Plumbing,Home & Trades,V2,https://www.ratedpeople.com/sitemap/trades/a,alphabetical_trade_sitemap,2026-09-05,Public A-Z trade and skill sitemap.,London
Rated People,Pointing / Repointing,Pointing / Repointing,Pointing / Repointing,Other / Unmapped,V2,https://www.ratedpeople.com/sitemap/trades/a,alphabetical_trade_sitemap,2026-09-05,Public A-Z trade and skill sitemap.,London
Rated People,Polished / Other Plaster Finish,Polished / Other Plaster Finish,Plastering & Rendering,Home & Trades,V2,https://www.ratedpeople.com/sitemap/trades/a,alphabetical_trade_sitemap,2026-09-05,Public A-Z trade and skill sitemap.,London
Rated People,Polished Concrete,Polished Concrete,Polished Concrete,Other / Unmapped,V2,https://www.ratedpeople.com/sitemap/trades/a,alphabetical_trade_sitemap,2026-09-05,Public A-Z trade and skill sitemap.,London
Rated People,Pond & Water Feature,Pond & Water Feature,Pond & Water Feature,Other / Unmapped,V2,https://www.ratedpeople.com/sitemap/trades/a,alphabetical_trade_sitemap,2026-09-05,Public A-Z trade and skill sitemap.,London
Rated People,Porch / Canopy,Porch / Canopy,Porch / Canopy,Other / Unmapped,V2,https://www.ratedpeople.com/sitemap/trades/a,alphabetical_trade_sitemap,2026-09-05,Public A-Z trade and skill sitemap.,London
Rated People,Post Construction Cleaning,Post Construction Cleaning,Cleaning,Cleaning & Household,V2,https://www.ratedpeople.com/sitemap/trades/a,alphabetical_trade_sitemap,2026-09-05,Public A-Z trade and skill sitemap.,London
Rated People,Post a job,Post a job,Post a job,Other / Unmapped,V2,https://www.ratedpeople.com/sitemap/trades/a,alphabetical_trade_sitemap,2026-09-05,Public A-Z trade and skill sitemap.,London
Rated People,Power Showers and Pump,Power Showers and Pump,Bathroom Services,Home & Trades,V2,https://www.ratedpeople.com/sitemap/trades/a,alphabetical_trade_sitemap,2026-09-05,Public A-Z trade and skill sitemap.,London
Rated People,Powys,Powys,Powys,Other / Unmapped,V2,https://www.ratedpeople.com/sitemap/trades/a,alphabetical_trade_sitemap,2026-09-05,Public A-Z trade and skill sitemap.,London
Rated People,Radiator,Radiator,Heating & Boiler Services,Home & Trades,V2,https://www.ratedpeople.com/sitemap/trades/a,alphabetical_trade_sitemap,2026-09-05,Public A-Z trade and skill sitemap.,London
Rated People,Radiator Covers,Radiator Covers,Heating & Boiler Services,Home & Trades,V2,https://www.ratedpeople.com/sitemap/trades/a,alphabetical_trade_sitemap,2026-09-05,Public A-Z trade and skill sitemap.,London
Rated People,Rated Group,Rated Group,Rated Group,Other / Unmapped,V2,https://www.ratedpeople.com/sitemap/trades/a,alphabetical_trade_sitemap,2026-09-05,Public A-Z trade and skill sitemap.,London
Rated People,All Removal Services,Removal Services,Removals & Moving,Cleaning & Household,V2,https://www.ratedpeople.com/sitemap/trades/a,alphabetical_trade_sitemap,2026-09-05,Public A-Z trade and skill sitemap.,London
Rated People,Renewable Energy Specialist,Renewable Energy Specialist,Renewable Energy Specialist,Other / Unmapped,V1,https://www.ratedpeople.com/sitemap/trades/r,alphabetical_trade_sitemap,2026-08-22,Rated People public trade-and-skill sitemap.,
Rated People,All Renewable Energy Specialists,Renewable Energy Specialists,Renewable Energy Specialists,Other / Unmapped,V2,https://www.ratedpeople.com/sitemap/trades/a,alphabetical_trade_sitemap,2026-09-05,Public A-Z trade and skill sitemap.,London
Rated People,Renfrewshire,Renfrewshire,Renfrewshire,Other / Unmapped,V2,https://www.ratedpeople.com/sitemap/trades/a,alphabetical_trade_sitemap,2026-09-05,Public A-Z trade and skill sitemap.,London
Rated People,Repeat Garden Maintenance,Repeat Garden Maintenance,Gardening & Landscaping,Home & Trades,V2,https://www.ratedpeople.com/sitemap/trades/a,alphabetical_trade_sitemap,2026-09-05,Public A-Z trade and skill sitemap.,London
Rated People,Repeat Wheelie Bin Clean,Repeat Wheelie Bin Clean,Cleaning,Cleaning & Household,V2,https://www.ratedpeople.com/sitemap/trades/a,alphabetical_trade_sitemap,2026-09-05,Public A-Z trade and skill sitemap.,London
Rated People,Residential Pest Control,Residential Pest Control,Pest Control,Home & Trades,V2,https://www.ratedpeople.com/sitemap/trades/a,alphabetical_trade_sitemap,2026-09-05,Public A-Z trade and skill sitemap.,London
Rated People,Resin Driveway,Resin Driveway,Driveways & Paving,Home & Trades,V2,https://www.ratedpeople.com/sitemap/trades/a,alphabetical_trade_sitemap,2026-09-05,Public A-Z trade and skill sitemap.,London
Rated People,Roller Shutters - Installation / Repair,Roller Shutters - Installation / Repair,Roller Shutters - Installation / Repair,Other / Unmapped,V2,https://www.ratedpeople.com/sitemap/trades/a,alphabetical_trade_sitemap,2026-09-05,Public A-Z trade and skill sitemap.,London
Rated People,Roof Cleaning,Roof Cleaning,Roofing & Guttering,Home & Trades,V2,https://www.ratedpeople.com/sitemap/trades/a,alphabetical_trade_sitemap,2026-09-05,Public A-Z trade and skill sitemap.,London
Rated People,Roof Insulation,Roof Insulation,Roofing & Guttering,Home & Trades,V2,https://www.ratedpeople.com/sitemap/trades/a,alphabetical_trade_sitemap,2026-09-05,Public A-Z trade and skill sitemap.,London
Rated People,Roofer,Roofer,Roofing & Guttering,Home & Trades,V1,https://www.ratedpeople.com/sitemap/trades/r,alphabetical_trade_sitemap,2026-08-22,Rated People public trade-and-skill sitemap.,
Rated People,All Roofers,Roofers,Roofing & Guttering,Home & Trades,V2,https://www.ratedpeople.com/sitemap/trades/a,alphabetical_trade_sitemap,2026-09-05,Public A-Z trade and skill sitemap.,London
Rated People,Ross and Cromarty,Ross and Cromarty,Ross and Cromarty,Other / Unmapped,V2,https://www.ratedpeople.com/sitemap/trades/a,alphabetical_trade_sitemap,2026-09-05,Public A-Z trade and skill sitemap.,London
Rated People,Roxburgh- Ettrick and Lauderdale,Roxburgh- Ettrick and Lauderdale,Roxburgh- Ettrick and Lauderdale,Other / Unmapped,V2,https://www.ratedpeople.com/sitemap/trades/a,alphabetical_trade_sitemap,2026-09-05,Public A-Z trade and skill sitemap.,London
Rated People,Rutland,Rutland,Rutland,Other / Unmapped,V2,https://www.ratedpeople.com/sitemap/trades/a,alphabetical_trade_sitemap,2026-09-05,Public A-Z trade and skill sitemap.,London
Rated People,Scaffolding,Scaffolding,Scaffolding,Home & Trades,V2,https://www.ratedpeople.com/sitemap/trades/a,alphabetical_trade_sitemap,2026-09-05,Public A-Z trade and skill sitemap.,London
Rated People,Screeding,Screeding,Screeding,Other / Unmapped,V2,https://www.ratedpeople.com/sitemap/trades/a,alphabetical_trade_sitemap,2026-09-05,Public A-Z trade and skill sitemap.,London
Rated People,Security Fencing,Security Fencing,Fencing & Gates,Home & Trades,V2,https://www.ratedpeople.com/sitemap/trades/a,alphabetical_trade_sitemap,2026-09-05,Public A-Z trade and skill sitemap.,London
Rated People,Security Gates & Bollard,Security Gates & Bollard,Security Systems,Home & Trades,V2,https://www.ratedpeople.com/sitemap/trades/a,alphabetical_trade_sitemap,2026-09-05,Public A-Z trade and skill sitemap.,London
Rated People,Security Grill,Security Grill,Security Systems,Home & Trades,V2,https://www.ratedpeople.com/sitemap/trades/a,alphabetical_trade_sitemap,2026-09-05,Public A-Z trade and skill sitemap.,London
Rated People,All Security systems / Alarms,Security systems / Alarms,Security Systems,Home & Trades,V2,https://www.ratedpeople.com/sitemap/trades/a,alphabetical_trade_sitemap,2026-09-05,Public A-Z trade and skill sitemap.,London
Rated People,Septic Tanks - Installation / Emptying / Cleaning,Septic Tanks - Installation / Emptying / Cleaning,Cleaning,Cleaning & Household,V2,https://www.ratedpeople.com/sitemap/trades/a,alphabetical_trade_sitemap,2026-09-05,Public A-Z trade and skill sitemap.,London
Rated People,Shetland,Shetland,Shetland,Other / Unmapped,V2,https://www.ratedpeople.com/sitemap/trades/a,alphabetical_trade_sitemap,2026-09-05,Public A-Z trade and skill sitemap.,London
Rated People,Shropshire,Shropshire,Shropshire,Other / Unmapped,V2,https://www.ratedpeople.com/sitemap/trades/a,alphabetical_trade_sitemap,2026-09-05,Public A-Z trade and skill sitemap.,London
Rated People,Single / Double Glazing,Single / Double Glazing,Windows & Glazing,Home & Trades,V2,https://www.ratedpeople.com/sitemap/trades/a,alphabetical_trade_sitemap,2026-09-05,Public A-Z trade and skill sitemap.,London
Rated People,Skirting Board Installation,Skirting Board Installation,Skirting Board Installation,Other / Unmapped,V2,https://www.ratedpeople.com/sitemap/trades/a,alphabetical_trade_sitemap,2026-09-05,Public A-Z trade and skill sitemap.,London
Rated People,Slate & Tiled Roof,Slate & Tiled Roof,Roofing & Guttering,Home & Trades,V2,https://www.ratedpeople.com/sitemap/trades/a,alphabetical_trade_sitemap,2026-09-05,Public A-Z trade and skill sitemap.,London
Rated People,Smoke Alarm - Installation,Smoke Alarm - Installation,Security Systems,Home & Trades,V2,https://www.ratedpeople.com/sitemap/trades/a,alphabetical_trade_sitemap,2026-09-05,Public A-Z trade and skill sitemap.,London
Rated People,Soil Irrigation / Drainage,Soil Irrigation / Drainage,Soil Irrigation / Drainage,Other / Unmapped,V2,https://www.ratedpeople.com/sitemap/trades/a,alphabetical_trade_sitemap,2026-09-05,Public A-Z trade and skill sitemap.,London
Rated People,Solar Panel Cleaning & Repair,Solar Panel Cleaning & Repair,Cleaning,Cleaning & Household,V2,https://www.ratedpeople.com/sitemap/trades/a,alphabetical_trade_sitemap,2026-09-05,Public A-Z trade and skill sitemap.,London
Rated People,Solar Panel Installation,Solar Panel Installation,Solar Panel Installation,Other / Unmapped,V2,https://www.ratedpeople.com/sitemap/trades/a,alphabetical_trade_sitemap,2026-09-05,Public A-Z trade and skill sitemap.,London
Rated People,Solid Wood Flooring,Solid Wood Flooring,Flooring,Home & Trades,V2,https://www.ratedpeople.com/sitemap/trades/a,alphabetical_trade_sitemap,2026-09-05,Public A-Z trade and skill sitemap.,London
Rated People,Somerset,Somerset,Somerset,Other / Unmapped,V2,https://www.ratedpeople.com/sitemap/trades/a,alphabetical_trade_sitemap,2026-09-05,Public A-Z trade and skill sitemap.,London
Rated People,Sound & Audio Visual Installation,Sound & Audio Visual Installation,Sound & Audio Visual Installation,Other / Unmapped,V2,https://www.ratedpeople.com/sitemap/trades/a,alphabetical_trade_sitemap,2026-09-05,Public A-Z trade and skill sitemap.,London
Rated People,Sound Proofing,Sound Proofing,Sound Proofing,Other / Unmapped,V2,https://www.ratedpeople.com/sitemap/trades/a,alphabetical_trade_sitemap,2026-09-05,Public A-Z trade and skill sitemap.,London
Rated People,South Glamorgan,South Glamorgan,South Glamorgan,Other / Unmapped,V2,https://www.ratedpeople.com/sitemap/trades/a,alphabetical_trade_sitemap,2026-09-05,Public A-Z trade and skill sitemap.,London
Rated People,South Yorkshire,South Yorkshire,South Yorkshire,Other / Unmapped,V2,https://www.ratedpeople.com/sitemap/trades/a,alphabetical_trade_sitemap,2026-09-05,Public A-Z trade and skill sitemap.,London
Rated People,Specialist Removals,Specialist Removals,Removals & Moving,Cleaning & Household,V2,https://www.ratedpeople.com/sitemap/trades/a,alphabetical_trade_sitemap,2026-09-05,Public A-Z trade and skill sitemap.,London
Rated People,Specialist Tradesperson,Specialist Tradesperson,Specialist Tradesperson,Other / Unmapped,V1,https://www.ratedpeople.com/sitemap/trades/s,alphabetical_trade_sitemap,2026-08-22,Rated People public trade-and-skill sitemap.,
Rated People,All Specialist Tradespersons,Specialist Tradespersons,Specialist Tradespersons,Other / Unmapped,V2,https://www.ratedpeople.com/sitemap/trades/a,alphabetical_trade_sitemap,2026-09-05,Public A-Z trade and skill sitemap.,London
Rated People,Sprinkler System,Sprinkler System,Sprinkler System,Other / Unmapped,V2,https://www.ratedpeople.com/sitemap/trades/a,alphabetical_trade_sitemap,2026-09-05,Public A-Z trade and skill sitemap.,London
Rated People,Staffordshire,Staffordshire,Staffordshire,Other / Unmapped,V2,https://www.ratedpeople.com/sitemap/trades/a,alphabetical_trade_sitemap,2026-09-05,Public A-Z trade and skill sitemap.,London
Rated People,Standard Coving,Standard Coving,Standard Coving,Other / Unmapped,V2,https://www.ratedpeople.com/sitemap/trades/a,alphabetical_trade_sitemap,2026-09-05,Public A-Z trade and skill sitemap.,London
Rated People,Steel Fabrication / Structural steelwork,Steel Fabrication / Structural steelwork,Steel Fabrication / Structural steelwork,Other / Unmapped,V2,https://www.ratedpeople.com/sitemap/trades/a,alphabetical_trade_sitemap,2026-09-05,Public A-Z trade and skill sitemap.,London
Rated People,Stirling and Falkirk,Stirling and Falkirk,Stirling and Falkirk,Other / Unmapped,V2,https://www.ratedpeople.com/sitemap/trades/a,alphabetical_trade_sitemap,2026-09-05,Public A-Z trade and skill sitemap.,London
Rated People,Stone / Concrete Paving,Stone / Concrete Paving,Driveways & Paving,Home & Trades,V2,https://www.ratedpeople.com/sitemap/trades/a,alphabetical_trade_sitemap,2026-09-05,Public A-Z trade and skill sitemap.,London
Rated People,Stonework / Stone Cladding,Stonework / Stone Cladding,Building & Construction,Home & Trades,V2,https://www.ratedpeople.com/sitemap/trades/a,alphabetical_trade_sitemap,2026-09-05,Public A-Z trade and skill sitemap.,London
Rated People,Stoneworker / Stonemason,Stoneworker / Stonemason,Building & Construction,Home & Trades,V1,https://www.ratedpeople.com/sitemap/trades/s,alphabetical_trade_sitemap,2026-08-22,Rated People public trade-and-skill sitemap.,
Rated People,All Stoneworker / Stonemasons,Stoneworker / Stonemasons,Building & Construction,Home & Trades,V2,https://www.ratedpeople.com/sitemap/trades/a,alphabetical_trade_sitemap,2026-09-05,Public A-Z trade and skill sitemap.,London
Rated People,Storage,Storage,Storage,Other / Unmapped,V2,https://www.ratedpeople.com/sitemap/trades/a,alphabetical_trade_sitemap,2026-09-05,Public A-Z trade and skill sitemap.,London
Rated People,Stored Gas,Stored Gas,Stored Gas,Other / Unmapped,V2,https://www.ratedpeople.com/sitemap/trades/a,alphabetical_trade_sitemap,2026-09-05,Public A-Z trade and skill sitemap.,London
Rated People,Stored Oil,Stored Oil,Stored Oil,Other / Unmapped,V2,https://www.ratedpeople.com/sitemap/trades/a,alphabetical_trade_sitemap,2026-09-05,Public A-Z trade and skill sitemap.,London
Rated People,Stump Grinding,Stump Grinding,Stump Grinding,Other / Unmapped,V2,https://www.ratedpeople.com/sitemap/trades/a,alphabetical_trade_sitemap,2026-09-05,Public A-Z trade and skill sitemap.,London
Rated People,Suffolk,Suffolk,Suffolk,Other / Unmapped,V2,https://www.ratedpeople.com/sitemap/trades/a,alphabetical_trade_sitemap,2026-09-05,Public A-Z trade and skill sitemap.,London
Rated People,Surrey,Surrey,Surrey,Other / Unmapped,V2,https://www.ratedpeople.com/sitemap/trades/a,alphabetical_trade_sitemap,2026-09-05,Public A-Z trade and skill sitemap.,London
Rated People,Suspended Ceiling,Suspended Ceiling,Suspended Ceiling,Other / Unmapped,V2,https://www.ratedpeople.com/sitemap/trades/a,alphabetical_trade_sitemap,2026-09-05,Public A-Z trade and skill sitemap.,London
Rated People,Sutherland,Sutherland,Sutherland,Other / Unmapped,V2,https://www.ratedpeople.com/sitemap/trades/a,alphabetical_trade_sitemap,2026-09-05,Public A-Z trade and skill sitemap.,London
Rated People,Swimming Pool Design,Swimming Pool Design,Swimming Pool Design,Other / Unmapped,V2,https://www.ratedpeople.com/sitemap/trades/a,alphabetical_trade_sitemap,2026-09-05,Public A-Z trade and skill sitemap.,London
Rated People,Swimming Pool Installation,Swimming Pool Installation,Swimming Pool Installation,Other / Unmapped,V2,https://www.ratedpeople.com/sitemap/trades/a,alphabetical_trade_sitemap,2026-09-05,Public A-Z trade and skill sitemap.,London
Rated People,Swimming Pool Maintenance,Swimming Pool Maintenance,Swimming Pool Maintenance,Other / Unmapped,V2,https://www.ratedpeople.com/sitemap/trades/a,alphabetical_trade_sitemap,2026-09-05,Public A-Z trade and skill sitemap.,London
Rated People,Swimming Pool Specialist,Swimming Pool Specialist,Swimming Pool Specialist,Other / Unmapped,V1,https://www.ratedpeople.com/sitemap/trades/s,alphabetical_trade_sitemap,2026-08-22,Rated People public trade-and-skill sitemap.,
Rated People,All Swimming Pool Specialists,Swimming Pool Specialists,Swimming Pool Specialists,Other / Unmapped,V2,https://www.ratedpeople.com/sitemap/trades/a,alphabetical_trade_sitemap,2026-09-05,Public A-Z trade and skill sitemap.,London
Rated People,Tarmac Driveway,Tarmac Driveway,Driveways & Paving,Home & Trades,V2,https://www.ratedpeople.com/sitemap/trades/a,alphabetical_trade_sitemap,2026-09-05,Public A-Z trade and skill sitemap.,London
Rated People,Terms of Use,Terms of Use,Terms of Use,Other / Unmapped,V2,https://www.ratedpeople.com/sitemap/trades/a,alphabetical_trade_sitemap,2026-09-05,Public A-Z trade and skill sitemap.,London
Rated People,Testimonials,Testimonials,Testimonials,Other / Unmapped,V2,https://www.ratedpeople.com/sitemap/trades/a,alphabetical_trade_sitemap,2026-09-05,Public A-Z trade and skill sitemap.,London
Rated People,Thatched Roof,Thatched Roof,Roofing & Guttering,Home & Trades,V2,https://www.ratedpeople.com/sitemap/trades/a,alphabetical_trade_sitemap,2026-09-05,Public A-Z trade and skill sitemap.,London
Rated People,The Stewartry of Kirkcudbright,The Stewartry of Kirkcudbright,The Stewartry of Kirkcudbright,Other / Unmapped,V2,https://www.ratedpeople.com/sitemap/trades/a,alphabetical_trade_sitemap,2026-09-05,Public A-Z trade and skill sitemap.,London
Rated People,Thermal Insulation,Thermal Insulation,Insulation,Home & Trades,V2,https://www.ratedpeople.com/sitemap/trades/a,alphabetical_trade_sitemap,2026-09-05,Public A-Z trade and skill sitemap.,London
Rated People,Tiler,Tiler,Tiling,Home & Trades,V1,https://www.ratedpeople.com/sitemap/trades/t,alphabetical_trade_sitemap,2026-08-22,Rated People public trade-and-skill sitemap.,
Rated People,All Tilers,Tilers,Tiling,Home & Trades,V2,https://www.ratedpeople.com/sitemap/trades/a,alphabetical_trade_sitemap,2026-09-05,Public A-Z trade and skill sitemap.,London
Rated People,"Timber Preservation, Woodworm & Rot","Timber Preservation, Woodworm & Rot","Timber Preservation, Woodworm & Rot",Other / Unmapped,V2,https://www.ratedpeople.com/sitemap/trades/a,alphabetical_trade_sitemap,2026-09-05,Public A-Z trade and skill sitemap.,London
Rated People,Trade advice centre,Trade advice centre,Trade advice centre,Other / Unmapped,V2,https://www.ratedpeople.com/sitemap/trades/a,alphabetical_trade_sitemap,2026-09-05,Public A-Z trade and skill sitemap.,London
Rated People,Tradesperson sign up,Tradesperson sign up,Tradesperson sign up,Other / Unmapped,V2,https://www.ratedpeople.com/sitemap/trades/a,alphabetical_trade_sitemap,2026-09-05,Public A-Z trade and skill sitemap.,London
Rated People,Traditional Craftsperson,Traditional Craftsperson,Traditional Craftsperson,Other / Unmapped,V1,https://www.ratedpeople.com/sitemap/trades/t,alphabetical_trade_sitemap,2026-08-22,Rated People public trade-and-skill sitemap.,
Rated People,All Traditional Craftspersons,Traditional Craftspersons,Traditional Craftspersons,Other / Unmapped,V2,https://www.ratedpeople.com/sitemap/trades/a,alphabetical_trade_sitemap,2026-09-05,Public A-Z trade and skill sitemap.,London
Rated People,Tree Felling,Tree Felling,Tree Felling,Other / Unmapped,V2,https://www.ratedpeople.com/sitemap/trades/a,alphabetical_trade_sitemap,2026-09-05,Public A-Z trade and skill sitemap.,London
Rated People,Tree Surgeon,Tree Surgeon,Gardening & Landscaping,Home & Trades,V1,https://www.ratedpeople.com/sitemap/trades/t,alphabetical_trade_sitemap,2026-08-22,Rated People public trade-and-skill sitemap.,
Rated People,All Tree Surgeons,Tree Surgeons,Gardening & Landscaping,Home & Trades,V2,https://www.ratedpeople.com/sitemap/trades/a,alphabetical_trade_sitemap,2026-09-05,Public A-Z trade and skill sitemap.,London
Rated People,Tree Surgery / Consultancy,Tree Surgery / Consultancy,Tree Surgery / Consultancy,Other / Unmapped,V2,https://www.ratedpeople.com/sitemap/trades/a,alphabetical_trade_sitemap,2026-09-05,Public A-Z trade and skill sitemap.,London
Rated People,Trends report,Trends report,Trends report,Other / Unmapped,V2,https://www.ratedpeople.com/sitemap/trades/a,alphabetical_trade_sitemap,2026-09-05,Public A-Z trade and skill sitemap.,London
Rated People,Tweeddale,Tweeddale,Tweeddale,Other / Unmapped,V2,https://www.ratedpeople.com/sitemap/trades/a,alphabetical_trade_sitemap,2026-09-05,Public A-Z trade and skill sitemap.,London
Rated People,Tyne & Wear,Tyne & Wear,Tyne & Wear,Other / Unmapped,V2,https://www.ratedpeople.com/sitemap/trades/a,alphabetical_trade_sitemap,2026-09-05,Public A-Z trade and skill sitemap.,London
Rated People,Tyrone,Tyrone,Tyrone,Other / Unmapped,V2,https://www.ratedpeople.com/sitemap/trades/a,alphabetical_trade_sitemap,2026-09-05,Public A-Z trade and skill sitemap.,London
Rated People,Underfloor Insulation,Underfloor Insulation,Insulation,Home & Trades,V2,https://www.ratedpeople.com/sitemap/trades/a,alphabetical_trade_sitemap,2026-09-05,Public A-Z trade and skill sitemap.,London
Rated People,Underpinning / Piling / Foundations,Underpinning / Piling / Foundations,Underpinning / Piling / Foundations,Other / Unmapped,V2,https://www.ratedpeople.com/sitemap/trades/a,alphabetical_trade_sitemap,2026-09-05,Public A-Z trade and skill sitemap.,London
Rated People,User agreement,User agreement,User agreement,Other / Unmapped,V2,https://www.ratedpeople.com/sitemap/trades/a,alphabetical_trade_sitemap,2026-09-05,Public A-Z trade and skill sitemap.,London
Rated People,Velux / Skylight Window,Velux / Skylight Window,Windows & Glazing,Home & Trades,V2,https://www.ratedpeople.com/sitemap/trades/a,alphabetical_trade_sitemap,2026-09-05,Public A-Z trade and skill sitemap.,London
Rated People,Vinyl Flooring,Vinyl Flooring,Flooring,Home & Trades,V2,https://www.ratedpeople.com/sitemap/trades/a,alphabetical_trade_sitemap,2026-09-05,Public A-Z trade and skill sitemap.,London
Rated People,Wall Murals / Paint Effects,Wall Murals / Paint Effects,Painting & Decorating,Home & Trades,V2,https://www.ratedpeople.com/sitemap/trades/a,alphabetical_trade_sitemap,2026-09-05,Public A-Z trade and skill sitemap.,London
Rated People,Wall Tiling,Wall Tiling,Tiling,Home & Trades,V2,https://www.ratedpeople.com/sitemap/trades/a,alphabetical_trade_sitemap,2026-09-05,Public A-Z trade and skill sitemap.,London
Rated People,Warwickshire,Warwickshire,Warwickshire,Other / Unmapped,V2,https://www.ratedpeople.com/sitemap/trades/a,alphabetical_trade_sitemap,2026-09-05,Public A-Z trade and skill sitemap.,London
Rated People,Waste Removal,Waste Removal,Rubbish Removal,Cleaning & Household,V2,https://www.ratedpeople.com/sitemap/trades/a,alphabetical_trade_sitemap,2026-09-05,Public A-Z trade and skill sitemap.,London
Rated People,Water Tanks and Immersion Heater,Water Tanks and Immersion Heater,Water Tanks and Immersion Heater,Other / Unmapped,V2,https://www.ratedpeople.com/sitemap/trades/a,alphabetical_trade_sitemap,2026-09-05,Public A-Z trade and skill sitemap.,London
Rated People,Water Underfloor Heating,Water Underfloor Heating,Water Underfloor Heating,Other / Unmapped,V2,https://www.ratedpeople.com/sitemap/trades/a,alphabetical_trade_sitemap,2026-09-05,Public A-Z trade and skill sitemap.,London
Rated People,West Glamorgan,West Glamorgan,West Glamorgan,Other / Unmapped,V2,https://www.ratedpeople.com/sitemap/trades/a,alphabetical_trade_sitemap,2026-09-05,Public A-Z trade and skill sitemap.,London
Rated People,West Lothian,West Lothian,West Lothian,Other / Unmapped,V2,https://www.ratedpeople.com/sitemap/trades/a,alphabetical_trade_sitemap,2026-09-05,Public A-Z trade and skill sitemap.,London
Rated People,West Midlands,West Midlands,West Midlands,Other / Unmapped,V2,https://www.ratedpeople.com/sitemap/trades/a,alphabetical_trade_sitemap,2026-09-05,Public A-Z trade and skill sitemap.,London
Rated People,West Sussex,West Sussex,West Sussex,Other / Unmapped,V2,https://www.ratedpeople.com/sitemap/trades/a,alphabetical_trade_sitemap,2026-09-05,Public A-Z trade and skill sitemap.,London
Rated People,West Yorkshire,West Yorkshire,West Yorkshire,Other / Unmapped,V2,https://www.ratedpeople.com/sitemap/trades/a,alphabetical_trade_sitemap,2026-09-05,Public A-Z trade and skill sitemap.,London
Rated People,Western Isles,Western Isles,Western Isles,Other / Unmapped,V2,https://www.ratedpeople.com/sitemap/trades/a,alphabetical_trade_sitemap,2026-09-05,Public A-Z trade and skill sitemap.,London
Rated People,Wet Room Installation,Wet Room Installation,Bathroom Services,Home & Trades,V2,https://www.ratedpeople.com/sitemap/trades/a,alphabetical_trade_sitemap,2026-09-05,Public A-Z trade and skill sitemap.,London
Rated People,Whole Internal Refurbishment,Whole Internal Refurbishment,Whole Internal Refurbishment,Other / Unmapped,V2,https://www.ratedpeople.com/sitemap/trades/a,alphabetical_trade_sitemap,2026-09-05,Public A-Z trade and skill sitemap.,London
Rated People,Wigtown,Wigtown,Wigtown,Other / Unmapped,V2,https://www.ratedpeople.com/sitemap/trades/a,alphabetical_trade_sitemap,2026-09-05,Public A-Z trade and skill sitemap.,London
Rated People,Wiltshire,Wiltshire,Wiltshire,Other / Unmapped,V2,https://www.ratedpeople.com/sitemap/trades/a,alphabetical_trade_sitemap,2026-09-05,Public A-Z trade and skill sitemap.,London
Rated People,Window Cleaning,Window Cleaning,Windows & Glazing,Home & Trades,V2,https://www.ratedpeople.com/sitemap/trades/a,alphabetical_trade_sitemap,2026-09-05,Public A-Z trade and skill sitemap.,London
Rated People,Window fitter / Conservatory installer,Window fitter / Conservatory installer,Windows & Glazing,Home & Trades,V1,https://www.ratedpeople.com/sitemap/trades/w,alphabetical_trade_sitemap,2026-08-22,Rated People public trade-and-skill sitemap.,
Rated People,All Window fitter / Conservatory installers,Window fitter / Conservatory installers,Windows & Glazing,Home & Trades,V2,https://www.ratedpeople.com/sitemap/trades/a,alphabetical_trade_sitemap,2026-09-05,Public A-Z trade and skill sitemap.,London
Rated People,Wood Floor Sanding / Staining,Wood Floor Sanding / Staining,Flooring,Home & Trades,V2,https://www.ratedpeople.com/sitemap/trades/a,alphabetical_trade_sitemap,2026-09-05,Public A-Z trade and skill sitemap.,London
Rated People,Wooden / Metal / Wire Fences,Wooden / Metal / Wire Fences,Fencing & Gates,Home & Trades,V2,https://www.ratedpeople.com/sitemap/trades/a,alphabetical_trade_sitemap,2026-09-05,Public A-Z trade and skill sitemap.,London
Rated People,Wooden / Metal Gates,Wooden / Metal Gates,Wooden / Metal Gates,Other / Unmapped,V2,https://www.ratedpeople.com/sitemap/trades/a,alphabetical_trade_sitemap,2026-09-05,Public A-Z trade and skill sitemap.,London
Rated People,Wooden Casement Window,Wooden Casement Window,Windows & Glazing,Home & Trades,V2,https://www.ratedpeople.com/sitemap/trades/a,alphabetical_trade_sitemap,2026-09-05,Public A-Z trade and skill sitemap.,London
Rated People,Wooden Cladding /Fascias/ Soffits,Wooden Cladding /Fascias/ Soffits,Roofing & Guttering,Home & Trades,V2,https://www.ratedpeople.com/sitemap/trades/a,alphabetical_trade_sitemap,2026-09-05,Public A-Z trade and skill sitemap.,London
Rated People,Wooden Decking,Wooden Decking,Wooden Decking,Other / Unmapped,V2,https://www.ratedpeople.com/sitemap/trades/a,alphabetical_trade_sitemap,2026-09-05,Public A-Z trade and skill sitemap.,London
Rated People,Wooden Doors - External,Wooden Doors - External,Doors & Door Services,Home & Trades,V2,https://www.ratedpeople.com/sitemap/trades/a,alphabetical_trade_sitemap,2026-09-05,Public A-Z trade and skill sitemap.,London
Rated People,Wooden Doors - Internal,Wooden Doors - Internal,Doors & Door Services,Home & Trades,V2,https://www.ratedpeople.com/sitemap/trades/a,alphabetical_trade_sitemap,2026-09-05,Public A-Z trade and skill sitemap.,London
Rated People,Wooden Sash Window,Wooden Sash Window,Windows & Glazing,Home & Trades,V2,https://www.ratedpeople.com/sitemap/trades/a,alphabetical_trade_sitemap,2026-09-05,Public A-Z trade and skill sitemap.,London
Rated People,Wooden Shutter,Wooden Shutter,Wooden Shutter,Other / Unmapped,V2,https://www.ratedpeople.com/sitemap/trades/a,alphabetical_trade_sitemap,2026-09-05,Public A-Z trade and skill sitemap.,London
Rated People,Wooden Staircases,Wooden Staircases,Wooden Staircases,Other / Unmapped,V2,https://www.ratedpeople.com/sitemap/trades/a,alphabetical_trade_sitemap,2026-09-05,Public A-Z trade and skill sitemap.,London
Rated People,Worcestershire,Worcestershire,Worcestershire,Other / Unmapped,V2,https://www.ratedpeople.com/sitemap/trades/a,alphabetical_trade_sitemap,2026-09-05,Public A-Z trade and skill sitemap.,London
Rated People,Zinc / Metal Roof,Zinc / Metal Roof,Roofing & Guttering,Home & Trades,V2,https://www.ratedpeople.com/sitemap/trades/a,alphabetical_trade_sitemap,2026-09-05,Public A-Z trade and skill sitemap.,London
Rated People,uPVC Fascias / Soffits / Cladding,uPVC Fascias / Soffits / Cladding,Roofing & Guttering,Home & Trades,V2,https://www.ratedpeople.com/sitemap/trades/a,alphabetical_trade_sitemap,2026-09-05,Public A-Z trade and skill sitemap.,London
Rated People,uPVC Windows & Door,uPVC Windows & Door,Windows & Glazing,Home & Trades,V2,https://www.ratedpeople.com/sitemap/trades/a,alphabetical_trade_sitemap,2026-09-05,Public A-Z trade and skill sitemap.,London
Treatwell,Body exfoliation,Body exfoliation,Body exfoliation,Other / Unmapped,V2,https://www.treatwell.co.uk/,treatment_taxonomy,2026-09-05,Public treatment-category links from UK marketplace.,London
Treatwell,Fade buzz,Fade buzz,Fade buzz,Other / Unmapped,V2,https://www.treatwell.co.uk/,treatment_taxonomy,2026-09-05,Public treatment-category links from UK marketplace.,London
Treatwell,Glasgow Area,Glasgow Area,Glasgow Area,Other / Unmapped,V1,https://www.treatwell.co.uk/,public_treatment_taxonomy,2026-08-22,Treatwell public treatment-family and treatment-menu links.,
Treatwell,Greater Manchester,Greater Manchester,Greater Manchester,Other / Unmapped,V1,https://www.treatwell.co.uk/,public_treatment_taxonomy,2026-08-22,Treatwell public treatment-family and treatment-menu links.,
Treatwell,Hairdressers,Hairdressers,Hair & Barber Services,Beauty & Wellness,V2,https://www.treatwell.co.uk/,treatment_taxonomy,2026-09-05,Public treatment-category links from UK marketplace.,London
Treatwell,Heart layers,Heart layers,Heart layers,Other / Unmapped,V2,https://www.treatwell.co.uk/,treatment_taxonomy,2026-09-05,Public treatment-category links from UK marketplace.,London
Treatwell,Hydrating Facial,Hydrating Facial,Beauty & Skincare,Beauty & Wellness,V2,https://www.treatwell.co.uk/,treatment_taxonomy,2026-09-05,Public treatment-category links from UK marketplace.,London
Treatwell,Jelly pedi,Jelly pedi,Jelly pedi,Other / Unmapped,V2,https://www.treatwell.co.uk/,treatment_taxonomy,2026-09-05,Public treatment-category links from UK marketplace.,London
Treatwell,Lived-in blonde,Lived-in blonde,Lived-in blonde,Other / Unmapped,V2,https://www.treatwell.co.uk/,treatment_taxonomy,2026-09-05,Public treatment-category links from UK marketplace.,London
Treatwell,Lothians,Lothians,Lothians,Other / Unmapped,V1,https://www.treatwell.co.uk/,public_treatment_taxonomy,2026-08-22,Treatwell public treatment-family and treatment-menu links.,
Treatwell,Men's,Men's,Men's,Other / Unmapped,V2,https://www.treatwell.co.uk/,treatment_taxonomy,2026-09-05,Public treatment-category links from UK marketplace.,London
Treatwell,Nail Salons,Nail Salons,Nail Services,Beauty & Wellness,V2,https://www.treatwell.co.uk/,treatment_taxonomy,2026-09-05,Public treatment-category links from UK marketplace.,London
Treatwell,North West,North West,North West,Other / Unmapped,V1,https://www.treatwell.co.uk/,public_treatment_taxonomy,2026-08-22,Treatwell public treatment-family and treatment-menu links.,
Treatwell,Strathclyde,Strathclyde,Strathclyde,Other / Unmapped,V1,https://www.treatwell.co.uk/,public_treatment_taxonomy,2026-08-22,Treatwell public treatment-family and treatment-menu links.,
Treatwell,Stripey nails,Stripey nails,Nail Services,Beauty & Wellness,V2,https://www.treatwell.co.uk/,treatment_taxonomy,2026-09-05,Public treatment-category links from UK marketplace.,London
Treatwell,United Kingdom,United Kingdom,United Kingdom,Other / Unmapped,V1,https://www.treatwell.co.uk/,public_treatment_taxonomy,2026-08-22,Treatwell public treatment-family and treatment-menu links.,
Yell,Accountants,Accountants,Accounting & Bookkeeping,Professional Services,V1,https://www.yell.com/,public_category_taxonomy,2026-08-22,Public Yell category labels available from its pages. Not claimed to represent Yell's complete internal classification.,
Yell,Architects,Architects,Architectural Services,Professional Services,V1,https://www.yell.com/,public_category_taxonomy,2026-08-22,Public Yell category labels available from its pages. Not claimed to represent Yell's complete internal classification.,
Yell,Barbers,Barbers,Hair & Barber Services,Beauty & Wellness,V1,https://www.yell.com/,public_category_taxonomy,2026-08-22,Public Yell category labels available from its pages. Not claimed to represent Yell's complete internal classification.,
Yell,Beauty salons,Beauty salons,Beauty & Skincare,Beauty & Wellness,V1,https://www.yell.com/,public_category_taxonomy,2026-08-22,Public Yell category labels available from its pages. Not claimed to represent Yell's complete internal classification.,
Yell,Body massage,Body massage,Massage,Beauty & Wellness,V1,https://www.yell.com/,public_category_taxonomy,2026-08-22,Public Yell category labels available from its pages. Not claimed to represent Yell's complete internal classification.,
Yell,Builders,Builders,Building & Construction,Home & Trades,V1,https://www.yell.com/,public_category_taxonomy,2026-08-22,Public Yell category labels available from its pages. Not claimed to represent Yell's complete internal classification.,
Yell,Building surveyors,Building surveyors,Building & Construction,Home & Trades,V1,https://www.yell.com/,public_category_taxonomy,2026-08-22,Public Yell category labels available from its pages. Not claimed to represent Yell's complete internal classification.,
Yell,Cafes & Coffee Shops,Cafes & Coffee Shops,Cafes & Coffee Shops,Other / Unmapped,V1,https://www.yell.com/,public_category_taxonomy,2026-08-22,Public Yell category labels available from its pages. Not claimed to represent Yell's complete internal classification.,
Yell,Car Body Repairs,Car Body Repairs,Car Body Repairs,Other / Unmapped,V1,https://www.yell.com/,public_category_taxonomy,2026-08-22,Public Yell category labels available from its pages. Not claimed to represent Yell's complete internal classification.,
Yell,Carpenters & Joiners,Carpenters & Joiners,Carpentry & Joinery,Home & Trades,V1,https://www.yell.com/,public_category_taxonomy,2026-08-22,Public Yell category labels available from its pages. Not claimed to represent Yell's complete internal classification.,
Yell,Charity Shops,Charity Shops,Charity Shops,Other / Unmapped,V1,https://www.yell.com/,public_category_taxonomy,2026-08-22,Public Yell category labels available from its pages. Not claimed to represent Yell's complete internal classification.,
Yell,Chinese Takeaways,Chinese Takeaways,Chinese Takeaways,Other / Unmapped,V1,https://www.yell.com/,public_category_taxonomy,2026-08-22,Public Yell category labels available from its pages. Not claimed to represent Yell's complete internal classification.,
Yell,Chiropodists and podiatrists,Chiropodists and podiatrists,Chiropodists and podiatrists,Other / Unmapped,V1,https://www.yell.com/,public_category_taxonomy,2026-08-22,Public Yell category labels available from its pages. Not claimed to represent Yell's complete internal classification.,
Yell,Day Nurseries,Day Nurseries,Day Nurseries,Other / Unmapped,V1,https://www.yell.com/,public_category_taxonomy,2026-08-22,Public Yell category labels available from its pages. Not claimed to represent Yell's complete internal classification.,
Yell,Dentists,Dentists,Dentists,Other / Unmapped,V1,https://www.yell.com/,public_category_taxonomy,2026-08-22,Public Yell category labels available from its pages. Not claimed to represent Yell's complete internal classification.,
Yell,Discover,Discover,Discover,Other / Unmapped,V1,https://www.yell.com/,public_category_taxonomy,2026-08-22,Public Yell category labels available from its pages. Not claimed to represent Yell's complete internal classification.,
Yell,Doctors (medical Practitioners),Doctors (medical Practitioners),Doctors (medical Practitioners),Other / Unmapped,V1,https://www.yell.com/,public_category_taxonomy,2026-08-22,Public Yell category labels available from its pages. Not claimed to represent Yell's complete internal classification.,
Yell,Dog Boarding,Dog Boarding,Dog Boarding,Other / Unmapped,V1,https://www.yell.com/,public_category_taxonomy,2026-08-22,Public Yell category labels available from its pages. Not claimed to represent Yell's complete internal classification.,
Yell,Domestic cleaners,Domestic cleaners,Cleaning,Cleaning & Household,V1,https://www.yell.com/,public_category_taxonomy,2026-08-22,Public Yell category labels available from its pages. Not claimed to represent Yell's complete internal classification.,
Yell,Driving instructors,Driving instructors,Driving instructors,Other / Unmapped,V1,https://www.yell.com/,public_category_taxonomy,2026-08-22,Public Yell category labels available from its pages. Not claimed to represent Yell's complete internal classification.,
Yell,Dry Cleaners,Dry Cleaners,Cleaning,Cleaning & Household,V1,https://www.yell.com/,public_category_taxonomy,2026-08-22,Public Yell category labels available from its pages. Not claimed to represent Yell's complete internal classification.,
Yell,Electricians,Electricians,Electrical Services,Home & Trades,V1,https://www.yell.com/,public_category_taxonomy,2026-08-22,Public Yell category labels available from its pages. Not claimed to represent Yell's complete internal classification.,
Yell,Estate agents,Estate agents,Estate agents,Other / Unmapped,V1,https://www.yell.com/,public_category_taxonomy,2026-08-22,Public Yell category labels available from its pages. Not claimed to represent Yell's complete internal classification.,
Yell,Farmers,Farmers,Farmers,Other / Unmapped,V1,https://www.yell.com/,public_category_taxonomy,2026-08-22,Public Yell category labels available from its pages. Not claimed to represent Yell's complete internal classification.,
Yell,Fencing contractors,Fencing contractors,Fencing & Gates,Home & Trades,V1,https://www.yell.com/,public_category_taxonomy,2026-08-22,Public Yell category labels available from its pages. Not claimed to represent Yell's complete internal classification.,
Yell,Financial advisers,Financial advisers,Financial advisers,Other / Unmapped,V1,https://www.yell.com/,public_category_taxonomy,2026-08-22,Public Yell category labels available from its pages. Not claimed to represent Yell's complete internal classification.,
Yell,Florists,Florists,Florists,Other / Unmapped,V1,https://www.yell.com/,public_category_taxonomy,2026-08-22,Public Yell category labels available from its pages. Not claimed to represent Yell's complete internal classification.,
Yell,Furniture Shops,Furniture Shops,Furniture Shops,Other / Unmapped,V1,https://www.yell.com/,public_category_taxonomy,2026-08-22,Public Yell category labels available from its pages. Not claimed to represent Yell's complete internal classification.,
Yell,Garage services,Garage services,Garage services,Other / Unmapped,V1,https://www.yell.com/,public_category_taxonomy,2026-08-22,Public Yell category labels available from its pages. Not claimed to represent Yell's complete internal classification.,
Yell,Gardeners,Gardeners,Gardening & Landscaping,Home & Trades,V1,https://www.yell.com/,public_category_taxonomy,2026-08-22,Public Yell category labels available from its pages. Not claimed to represent Yell's complete internal classification.,
Yell,Gas Engineers,Gas Engineers,Gas Services,Home & Trades,V1,https://www.yell.com/,public_category_taxonomy,2026-08-22,Public Yell category labels available from its pages. Not claimed to represent Yell's complete internal classification.,
Yell,Hairdressers,Hairdressers,Hair & Barber Services,Beauty & Wellness,V1,https://www.yell.com/,public_category_taxonomy,2026-08-22,Public Yell category labels available from its pages. Not claimed to represent Yell's complete internal classification.,
Yell,Handyman services,Handyman services,Handyman,Home & Trades,V1,https://www.yell.com/,public_category_taxonomy,2026-08-22,Public Yell category labels available from its pages. Not claimed to represent Yell's complete internal classification.,
Yell,Hotels,Hotels,Hotels,Other / Unmapped,V1,https://www.yell.com/,public_category_taxonomy,2026-08-22,Public Yell category labels available from its pages. Not claimed to represent Yell's complete internal classification.,
Yell,Indian Restaurants,Indian Restaurants,Indian Restaurants,Other / Unmapped,V1,https://www.yell.com/,public_category_taxonomy,2026-08-22,Public Yell category labels available from its pages. Not claimed to represent Yell's complete internal classification.,
Yell,Locksmiths,Locksmiths,Locksmith,Home & Trades,V1,https://www.yell.com/,public_category_taxonomy,2026-08-22,Public Yell category labels available from its pages. Not claimed to represent Yell's complete internal classification.,
Yell,Mobile Hairdressers,Mobile Hairdressers,Hair & Barber Services,Beauty & Wellness,V1,https://www.yell.com/,public_category_taxonomy,2026-08-22,Public Yell category labels available from its pages. Not claimed to represent Yell's complete internal classification.,
Yell,Mobile car valeting,Mobile car valeting,Car Cleaning & Detailing,Automotive,V1,https://www.yell.com/,public_category_taxonomy,2026-08-22,Public Yell category labels available from its pages. Not claimed to represent Yell's complete internal classification.,
Yell,Mobile mechanics,Mobile mechanics,Vehicle Repair,Automotive,V1,https://www.yell.com/,public_category_taxonomy,2026-08-22,Public Yell category labels available from its pages. Not claimed to represent Yell's complete internal classification.,
Yell,Mortgages,Mortgages,Mortgages,Other / Unmapped,V1,https://www.yell.com/,public_category_taxonomy,2026-08-22,Public Yell category labels available from its pages. Not claimed to represent Yell's complete internal classification.,
Yell,Mot Testing,Mot Testing,Mot Testing,Other / Unmapped,V1,https://www.yell.com/,public_category_taxonomy,2026-08-22,Public Yell category labels available from its pages. Not claimed to represent Yell's complete internal classification.,
Yell,Newsagents,Newsagents,Newsagents,Other / Unmapped,V1,https://www.yell.com/,public_category_taxonomy,2026-08-22,Public Yell category labels available from its pages. Not claimed to represent Yell's complete internal classification.,
Yell,Painters & Decorators,Painters & Decorators,Painting & Decorating,Home & Trades,V1,https://www.yell.com/,public_category_taxonomy,2026-08-22,Public Yell category labels available from its pages. Not claimed to represent Yell's complete internal classification.,
Yell,Painters and decorators,Painters and decorators,Painting & Decorating,Home & Trades,V1,https://www.yell.com/,public_category_taxonomy,2026-08-22,Public Yell category labels available from its pages. Not claimed to represent Yell's complete internal classification.,
Yell,Pet grooming,Pet grooming,Pet Grooming,Pet Services,V1,https://www.yell.com/,public_category_taxonomy,2026-08-22,Public Yell category labels available from its pages. Not claimed to represent Yell's complete internal classification.,
Yell,Pharmacies,Pharmacies,Pharmacies,Other / Unmapped,V1,https://www.yell.com/,public_category_taxonomy,2026-08-22,Public Yell category labels available from its pages. Not claimed to represent Yell's complete internal classification.,
Yell,Plumbers,Plumbers,Plumbing,Home & Trades,V1,https://www.yell.com/,public_category_taxonomy,2026-08-22,Public Yell category labels available from its pages. Not claimed to represent Yell's complete internal classification.,
Yell,Popular Locations,Popular Locations,Popular Locations,Other / Unmapped,V1,https://www.yell.com/,public_category_taxonomy,2026-08-22,Public Yell category labels available from its pages. Not claimed to represent Yell's complete internal classification.,
Yell,Pubs,Pubs,Pubs,Other / Unmapped,V1,https://www.yell.com/,public_category_taxonomy,2026-08-22,Public Yell category labels available from its pages. Not claimed to represent Yell's complete internal classification.,
Yell,Roofers,Roofers,Roofing & Guttering,Home & Trades,V1,https://www.yell.com/,public_category_taxonomy,2026-08-22,Public Yell category labels available from its pages. Not claimed to represent Yell's complete internal classification.,
Yell,Skip Hire,Skip Hire,Skip Hire,Other / Unmapped,V1,https://www.yell.com/,public_category_taxonomy,2026-08-22,Public Yell category labels available from its pages. Not claimed to represent Yell's complete internal classification.,
Yell,Solicitors,Solicitors,Legal Services,Professional Services,V1,https://www.yell.com/,public_category_taxonomy,2026-08-22,Public Yell category labels available from its pages. Not claimed to represent Yell's complete internal classification.,
Yell,Supermarkets,Supermarkets,Supermarkets,Other / Unmapped,V1,https://www.yell.com/,public_category_taxonomy,2026-08-22,Public Yell category labels available from its pages. Not claimed to represent Yell's complete internal classification.,
Yell,Takeaway Food,Takeaway Food,Takeaway Food,Other / Unmapped,V1,https://www.yell.com/,public_category_taxonomy,2026-08-22,Public Yell category labels available from its pages. Not claimed to represent Yell's complete internal classification.,
Yell,Taxis & Private Hire Vehicles,Taxis & Private Hire Vehicles,Taxis & Private Hire Vehicles,Other / Unmapped,V1,https://www.yell.com/,public_category_taxonomy,2026-08-22,Public Yell category labels available from its pages. Not claimed to represent Yell's complete internal classification.,
Yell,Taxis and private hire vehicles,Taxis and private hire vehicles,Taxis and private hire vehicles,Other / Unmapped,V1,https://www.yell.com/,public_category_taxonomy,2026-08-22,Public Yell category labels available from its pages. Not claimed to represent Yell's complete internal classification.,
Yell,Tyres,Tyres,Tyre Services,Automotive,V1,https://www.yell.com/,public_category_taxonomy,2026-08-22,Public Yell category labels available from its pages. Not claimed to represent Yell's complete internal classification.,
Yell,Vets,Vets,Vets,Other / Unmapped,V1,https://www.yell.com/,public_category_taxonomy,2026-08-22,Public Yell category labels available from its pages. Not claimed to represent Yell's complete internal classification.,
Yell,Washing machine repairs,Washing machine repairs,Appliance Repair,Repair Services,V1,https://www.yell.com/,public_category_taxonomy,2026-08-22,Public Yell category labels available from its pages. Not claimed to represent Yell's complete internal classification.,
Yell,Window cleaners,Window cleaners,Windows & Glazing,Home & Trades,V1,https://www.yell.com/,public_category_taxonomy,2026-08-22,Public Yell category labels available from its pages. Not claimed to represent Yell's complete internal classification.,
