platform,raw_service_original,raw_service,service_family,sub_service,taxonomy_status,source_version,source_url,source_type,collection_date,coverage_note,geography_scope
Airtasker,Accounting,Accounting,Accounting & Finance Services,Accounting,kept_mapped_final,V2,https://www.airtasker.com/uk/services/,all_services_page,2026-09-05,Airtasker UK service taxonomy.,London
Airtasker,Accounting Tutor,Accounting Tutor,Tutoring & Lessons,General Tutoring & Lessons,kept_mapped,V2,https://www.airtasker.com/uk/services/,all_services_page,2026-09-05,Airtasker UK service taxonomy.,London
Airtasker,Acrylic Worktop Installation,Acrylic Worktop Installation,Kitchen Services,Worktop Installation,kept_mapped,V2,https://www.airtasker.com/uk/services/,all_services_page,2026-09-05,Airtasker UK service taxonomy.,London
Airtasker,Acting Lessons,Acting Lessons,Tutoring & Lessons,General Tutoring & Lessons,kept_mapped,V2,https://www.airtasker.com/uk/services/,all_services_page,2026-09-05,Airtasker UK service taxonomy.,London
Airtasker,Acupuncture,Acupuncture,"Health, Therapy & Wellness",Acupuncture,kept_mapped_final,V2,https://www.airtasker.com/uk/services/,all_services_page,2026-09-05,Airtasker UK service taxonomy.,London
Airtasker,Admin,Admin,Business & Administrative Services,Admin,kept_mapped_final,V2,https://www.airtasker.com/uk/services/,all_services_page,2026-09-05,Airtasker UK service taxonomy.,London
Airtasker,Adobe Photoshop Designer,Adobe Photoshop Designer,Marketing & Creative Services,Adobe Photoshop Designer,kept_mapped_final,V2,https://www.airtasker.com/uk/services/,all_services_page,2026-09-05,Airtasker UK service taxonomy.,London
Airtasker,Adult Swimming Lessons,Adult Swimming Lessons,Tutoring & Lessons,General Tutoring & Lessons,kept_mapped,V2,https://www.airtasker.com/uk/services/,all_services_page,2026-09-05,Airtasker UK service taxonomy.,London
Airtasker,Advertising,Advertising,Marketing & Creative Services,Advertising,kept_mapped_final,V2,https://www.airtasker.com/uk/services/,all_services_page,2026-09-05,Airtasker UK service taxonomy.,London
Airtasker,Aerial and Drone Photographers,Aerial and Drone Photographers,Photography,General Photography,kept_mapped,V2,https://www.airtasker.com/uk/services/,all_services_page,2026-09-05,Airtasker UK service taxonomy.,London
Airtasker,Aerobics Classes,Aerobics Classes,Fitness & Sports Coaching,Aerobics Classes,kept_mapped_final,V2,https://www.airtasker.com/uk/services/,all_services_page,2026-09-05,Airtasker UK service taxonomy.,London
Airtasker,Afro Barbers,Afro Barbers,Hair & Barber Services,Afro Barbering,kept_mapped_final,V2,https://www.airtasker.com/uk/services/,all_services_page,2026-09-05,Airtasker UK service taxonomy.,London
Airtasker,After Builders Cleaning,After Builders Cleaning,Building & Construction,General Building,kept_mapped,V2,https://www.airtasker.com/uk/services/,all_services_page,2026-09-05,Airtasker UK service taxonomy.,London
Airtasker,After School Care & Pick Up,After School Care & Pick Up,Childcare & Care Services,After School Care,kept_mapped_final,V2,https://www.airtasker.com/uk/services/,all_services_page,2026-09-05,Airtasker UK service taxonomy.,London
Airtasker,Aged Care,Aged Care,Childcare & Care Services,Aged Care,kept_mapped_final,V2,https://www.airtasker.com/uk/services/,all_services_page,2026-09-05,Airtasker UK service taxonomy.,London
Airtasker,Air Source Heat Pump Installation & Repairs,Air Source Heat Pump Installation & Repairs,Renewable Energy Services,Air Source Heat Pump Installation,kept_mapped,V2,https://www.airtasker.com/uk/services/,all_services_page,2026-09-05,Airtasker UK service taxonomy.,London
Airtasker,Airbnb Cleaning,Airbnb Cleaning,Cleaning Services,General Cleaning,kept_mapped,V2,https://www.airtasker.com/uk/services/,all_services_page,2026-09-05,Airtasker UK service taxonomy.,London
Airtasker,Aircon Cleaning,Aircon Cleaning,Cleaning Services,General Cleaning,kept_mapped,V2,https://www.airtasker.com/uk/services/,all_services_page,2026-09-05,Airtasker UK service taxonomy.,London
Airtasker,Aircon Installation,Aircon Installation,Air Conditioning & Ventilation,Aircon Installation,kept_mapped_final,V2,https://www.airtasker.com/uk/services/,all_services_page,2026-09-05,Airtasker UK service taxonomy.,London
Airtasker,Aircon Repair,Aircon Repair,Air Conditioning & Ventilation,Aircon Repair,kept_mapped_final,V2,https://www.airtasker.com/uk/services/,all_services_page,2026-09-05,Airtasker UK service taxonomy.,London
Airtasker,Alarm Servicing,Alarm Servicing,Security & Alarm Services,Alarm Servicing,kept_mapped_final,V2,https://www.airtasker.com/uk/services/,all_services_page,2026-09-05,Airtasker UK service taxonomy.,London
Airtasker,Alcohol Counselling,Alcohol Counselling,Therapy & Counselling,Counselling,kept_mapped,V2,https://www.airtasker.com/uk/services/,all_services_page,2026-09-05,Airtasker UK service taxonomy.,London
Airtasker,Aldi Grocery Delivery,Aldi Grocery Delivery,Delivery Services,Grocery Delivery,kept_mapped,V2,https://www.airtasker.com/uk/services/,all_services_page,2026-09-05,Airtasker UK service taxonomy.,London
Airtasker,Alfa Romeo Service,Alfa Romeo Service,Vehicle Services,Vehicle Servicing,kept_mapped_final,V2,https://www.airtasker.com/uk/services/,all_services_page,2026-09-05,Airtasker UK service taxonomy.,London
Airtasker,Alloy Wheel Repair,Alloy Wheel Repair,Vehicle Services,Alloy Wheel Repair,kept_mapped,V2,https://www.airtasker.com/uk/services/,all_services_page,2026-09-05,Airtasker UK service taxonomy.,London
Airtasker,Alterations,Alterations,Tailoring & Clothing Alterations,Alterations,kept_mapped_final,V2,https://www.airtasker.com/uk/services/,all_services_page,2026-09-05,Airtasker UK service taxonomy.,London
Airtasker,Alternator Repair,Alternator Repair,Vehicle Services,Alternator Repair,kept_mapped_final,V2,https://www.airtasker.com/uk/services/,all_services_page,2026-09-05,Airtasker UK service taxonomy.,London
Airtasker,Alternator Replacement,Alternator Replacement,Vehicle Services,Alternator Replacement,kept_mapped_final,V2,https://www.airtasker.com/uk/services/,all_services_page,2026-09-05,Airtasker UK service taxonomy.,London
Airtasker,Aluminium Fencing,Aluminium Fencing,Fencing & Gates,General Fencing,kept_mapped,V2,https://www.airtasker.com/uk/services/,all_services_page,2026-09-05,Airtasker UK service taxonomy.,London
Airtasker,Aluminium Gutters,Aluminium Gutters,Roofing Services,Aluminium Guttering,kept_mapped_final,V2,https://www.airtasker.com/uk/services/,all_services_page,2026-09-05,Airtasker UK service taxonomy.,London
Airtasker,Amplifier Repair,Amplifier Repair,"TV, Aerial & Audio Visual Services",Amplifier Repair,kept_mapped_final,V2,https://www.airtasker.com/uk/services/,all_services_page,2026-09-05,Airtasker UK service taxonomy.,London
Airtasker,Android App Development,Android App Development,Software & Development Services,Android App Development,kept_mapped_final,V2,https://www.airtasker.com/uk/services/,all_services_page,2026-09-05,Airtasker UK service taxonomy.,London
Airtasker,Anger Management Therapy,Anger Management Therapy,Therapy & Counselling,Therapy,kept_mapped,V2,https://www.airtasker.com/uk/services/,all_services_page,2026-09-05,Airtasker UK service taxonomy.,London
Airtasker,Antenna Installation,Antenna Installation,"TV, Aerial & Audio Visual Services",Antenna Installation,kept_mapped_final,V2,https://www.airtasker.com/uk/services/,all_services_page,2026-09-05,Airtasker UK service taxonomy.,London
Airtasker,Anxiety Counselling,Anxiety Counselling,Therapy & Counselling,Counselling,kept_mapped,V2,https://www.airtasker.com/uk/services/,all_services_page,2026-09-05,Airtasker UK service taxonomy.,London
Airtasker,Apartment Cleaning,Apartment Cleaning,Cleaning Services,General Cleaning,kept_mapped,V2,https://www.airtasker.com/uk/services/,all_services_page,2026-09-05,Airtasker UK service taxonomy.,London
Airtasker,Apartment Painting,Apartment Painting,Painting & Decorating,General Painting & Decorating,kept_mapped,V2,https://www.airtasker.com/uk/services/,all_services_page,2026-09-05,Airtasker UK service taxonomy.,London
Airtasker,App Development,App Development,Software & Development Services,App Development,kept_mapped_final,V2,https://www.airtasker.com/uk/services/,all_services_page,2026-09-05,Airtasker UK service taxonomy.,London
Airtasker,Apple Help,Apple Help,IT Support & Device Services,Apple / Mac Support,kept_mapped_final,V2,https://www.airtasker.com/uk/services/,all_services_page,2026-09-05,Airtasker UK service taxonomy.,London
Airtasker,Apple Mac Repairs,Apple Mac Repairs,IT Support & Device Services,Apple / Mac Support,kept_mapped_final,V2,https://www.airtasker.com/uk/services/,all_services_page,2026-09-05,Airtasker UK service taxonomy.,London
Airtasker,Apple TV Setup,Apple TV Setup,"TV, Aerial & Audio Visual Services",Apple TV Setup,kept_mapped_final,V2,https://www.airtasker.com/uk/services/,all_services_page,2026-09-05,Airtasker UK service taxonomy.,London
Airtasker,Appliance Installation,Appliance Installation,Appliance & Equipment Services,Appliance Installation,kept_mapped_final,V2,https://www.airtasker.com/uk/services/,all_services_page,2026-09-05,Airtasker UK service taxonomy.,London
Airtasker,Appliance Removal and Disposal,Appliance Removal and Disposal,Removals & Moving,General Removals,kept_mapped,V2,https://www.airtasker.com/uk/services/,all_services_page,2026-09-05,Airtasker UK service taxonomy.,London
Airtasker,Appliance Removals,Appliance Removals,Removals & Moving,General Removals,kept_mapped,V2,https://www.airtasker.com/uk/services/,all_services_page,2026-09-05,Airtasker UK service taxonomy.,London
Airtasker,Appliance Repair,Appliance Repair,Appliance Repair,General Appliance Repair,kept_mapped,V2,https://www.airtasker.com/uk/services/,all_services_page,2026-09-05,Airtasker UK service taxonomy.,London
Airtasker,Appliances,Appliances,Other Services / Unclassified,Appliances,kept_unclassified,V2,https://www.airtasker.com/uk/services/,all_services_page,2026-09-05,Airtasker UK service taxonomy.,London
Airtasker,Aquarium Maintenance,Aquarium Maintenance,Pet & Animal Services,Aquarium Maintenance,kept_mapped_final,V2,https://www.airtasker.com/uk/services/,all_services_page,2026-09-05,Airtasker UK service taxonomy.,London
Airtasker,Arabic Lessons,Arabic Lessons,Tutoring & Lessons,General Tutoring & Lessons,kept_mapped,V2,https://www.airtasker.com/uk/services/,all_services_page,2026-09-05,Airtasker UK service taxonomy.,London
Airtasker,Arborist,Arborist,Gardening & Landscaping,Arborist,kept_mapped_final,V2,https://www.airtasker.com/uk/services/,all_services_page,2026-09-05,Airtasker UK service taxonomy.,London
Airtasker,Archery Lessons,Archery Lessons,Tutoring & Lessons,General Tutoring & Lessons,kept_mapped,V2,https://www.airtasker.com/uk/services/,all_services_page,2026-09-05,Airtasker UK service taxonomy.,London
Airtasker,Architects,Architects,"Architecture, Surveying & Planning",Architectural Services,kept_mapped_final,V2,https://www.airtasker.com/uk/services/,all_services_page,2026-09-05,Airtasker UK service taxonomy.,London
Airtasker,Architectural Rendering & Visualisation,Architectural Rendering & Visualisation,Plastering & Rendering,Rendering,kept_mapped,V2,https://www.airtasker.com/uk/services/,all_services_page,2026-09-05,Airtasker UK service taxonomy.,London
Airtasker,Argos Furniture Assembly,Argos Furniture Assembly,Furniture Services,Furniture Assembly,kept_mapped,V2,https://www.airtasker.com/uk/services/,all_services_page,2026-09-05,Airtasker UK service taxonomy.,London
Airtasker,Art Removals,Art Removals,Removals & Moving,General Removals,kept_mapped,V2,https://www.airtasker.com/uk/services/,all_services_page,2026-09-05,Airtasker UK service taxonomy.,London
Airtasker,Art Therapy,Art Therapy,Therapy & Counselling,Therapy,kept_mapped,V2,https://www.airtasker.com/uk/services/,all_services_page,2026-09-05,Airtasker UK service taxonomy.,London
Airtasker,Art Tutor,Art Tutor,Tutoring & Lessons,General Tutoring & Lessons,kept_mapped,V2,https://www.airtasker.com/uk/services/,all_services_page,2026-09-05,Airtasker UK service taxonomy.,London
Airtasker,Article Writing,Article Writing,"Writing, Translation & Language Services",Article Writing,kept_mapped_final,V2,https://www.airtasker.com/uk/services/,all_services_page,2026-09-05,Airtasker UK service taxonomy.,London
Airtasker,Artisan Baker,Artisan Baker,"Food, Baking & Personal Chef Services",Artisan Baking,kept_mapped_final,V2,https://www.airtasker.com/uk/services/,all_services_page,2026-09-05,Airtasker UK service taxonomy.,London
Airtasker,Asbestos Removal,Asbestos Removal,Removals & Moving,General Removals,kept_mapped,V2,https://www.airtasker.com/uk/services/,all_services_page,2026-09-05,Airtasker UK service taxonomy.,London
Airtasker,Assembly,Assembly,"Handyman, Assembly & Mounting",Assembly,kept_mapped_final,V2,https://www.airtasker.com/uk/services/,all_services_page,2026-09-05,Airtasker UK service taxonomy.,London
Airtasker,At Home Personal Training,At Home Personal Training,Fitness & Sports Coaching,At-Home Personal Training,kept_mapped_final,V2,https://www.airtasker.com/uk/services/,all_services_page,2026-09-05,Airtasker UK service taxonomy.,London
Airtasker,Attic Cleaning,Attic Cleaning,Cleaning Services,General Cleaning,kept_mapped,V2,https://www.airtasker.com/uk/services/,all_services_page,2026-09-05,Airtasker UK service taxonomy.,London
Airtasker,Attic Ladder Installation,Attic Ladder Installation,"Loft, Attic & Storage Services",Attic Ladder Installation,kept_mapped_final,V2,https://www.airtasker.com/uk/services/,all_services_page,2026-09-05,Airtasker UK service taxonomy.,London
Airtasker,Audi Service,Audi Service,Vehicle Services,Vehicle Servicing,kept_mapped_final,V2,https://www.airtasker.com/uk/services/,all_services_page,2026-09-05,Airtasker UK service taxonomy.,London
Airtasker,Audio Visual,Audio Visual,"TV, Aerial & Audio Visual Services",Audio Visual,kept_mapped_final,V2,https://www.airtasker.com/uk/services/,all_services_page,2026-09-05,Airtasker UK service taxonomy.,London
Airtasker,Auto Electrician,Auto Electrician,Electrical Services,General Electrical Services,kept_mapped,V2,https://www.airtasker.com/uk/services/,all_services_page,2026-09-05,Airtasker UK service taxonomy.,London
Airtasker,Auto Electricians,Auto Electricians,Electrical Services,General Electrical Services,kept_mapped,V2,https://www.airtasker.com/uk/services/,all_services_page,2026-09-05,Airtasker UK service taxonomy.,London
Airtasker,AutoCAD Designer,AutoCAD Designer,Marketing & Creative Services,AutoCAD Designer,kept_mapped_final,V2,https://www.airtasker.com/uk/services/,all_services_page,2026-09-05,Airtasker UK service taxonomy.,London
Airtasker,Awning,Awning,"Curtains, Awnings & Window Dressings",Awnings & Canopies,kept_mapped_final,V2,https://www.airtasker.com/uk/services/,all_services_page,2026-09-05,Airtasker UK service taxonomy.,London
Airtasker,Awning Repair,Awning Repair,"Curtains, Awnings & Window Dressings",Awnings & Canopies,kept_mapped_final,V2,https://www.airtasker.com/uk/services/,all_services_page,2026-09-05,Airtasker UK service taxonomy.,London
Airtasker,BBQ Assembly,BBQ Assembly,"Handyman, Assembly & Mounting",BBQ Assembly,kept_mapped_final,V2,https://www.airtasker.com/uk/services/,all_services_page,2026-09-05,Airtasker UK service taxonomy.,London
Airtasker,BBQ Catering & Help,BBQ Catering & Help,Events & Creative,Catering,kept_mapped,V2,https://www.airtasker.com/uk/services/,all_services_page,2026-09-05,Airtasker UK service taxonomy.,London
Airtasker,BBQ Cleaning,BBQ Cleaning,Cleaning Services,General Cleaning,kept_mapped,V2,https://www.airtasker.com/uk/services/,all_services_page,2026-09-05,Airtasker UK service taxonomy.,London
Airtasker,BBQ Delivery,BBQ Delivery,Delivery Services,General Delivery,kept_mapped,V2,https://www.airtasker.com/uk/services/,all_services_page,2026-09-05,Airtasker UK service taxonomy.,London
Airtasker,BBQ Repair,BBQ Repair,Appliance & Equipment Services,BBQ Repair,kept_mapped_final,V2,https://www.airtasker.com/uk/services/,all_services_page,2026-09-05,Airtasker UK service taxonomy.,London
Airtasker,BMW Service,BMW Service,Vehicle Services,Vehicle Servicing,kept_mapped_final,V2,https://www.airtasker.com/uk/services/,all_services_page,2026-09-05,Airtasker UK service taxonomy.,London
Airtasker,Baby Gift Delivery,Baby Gift Delivery,Delivery Services,Gift Delivery,kept_mapped,V2,https://www.airtasker.com/uk/services/,all_services_page,2026-09-05,Airtasker UK service taxonomy.,London
Airtasker,Baby Proofing,Baby Proofing,Roofing Services,General Roofing,kept_mapped,V2,https://www.airtasker.com/uk/services/,all_services_page,2026-09-05,Airtasker UK service taxonomy.,London
Airtasker,Babysitter,Babysitter,Childcare & Care Services,Babysitting,kept_mapped_final,V2,https://www.airtasker.com/uk/services/,all_services_page,2026-09-05,Airtasker UK service taxonomy.,London
Airtasker,Backhoeing,Backhoeing,"Groundworks, Excavation & Plant Hire",Backhoe Services,kept_mapped_final,V2,https://www.airtasker.com/uk/services/,all_services_page,2026-09-05,Airtasker UK service taxonomy.,London
Airtasker,Bagpipe Lessons,Bagpipe Lessons,Tutoring & Lessons,General Tutoring & Lessons,kept_mapped,V2,https://www.airtasker.com/uk/services/,all_services_page,2026-09-05,Airtasker UK service taxonomy.,London
Airtasker,Bagpiper,Bagpiper,Events & Wedding Services,Bagpiper,kept_mapped_final,V2,https://www.airtasker.com/uk/services/,all_services_page,2026-09-05,Airtasker UK service taxonomy.,London
Airtasker,Bakers,Bakers,"Food, Baking & Personal Chef Services",General Baking,kept_mapped_final,V2,https://www.airtasker.com/uk/services/,all_services_page,2026-09-05,Airtasker UK service taxonomy.,London
Airtasker,Baking Lessons,Baking Lessons,Tutoring & Lessons,General Tutoring & Lessons,kept_mapped,V2,https://www.airtasker.com/uk/services/,all_services_page,2026-09-05,Airtasker UK service taxonomy.,London
Airtasker,Balcony Cleaning,Balcony Cleaning,Cleaning Services,General Cleaning,kept_mapped,V2,https://www.airtasker.com/uk/services/,all_services_page,2026-09-05,Airtasker UK service taxonomy.,London
Airtasker,Ballet Lessons,Ballet Lessons,Tutoring & Lessons,General Tutoring & Lessons,kept_mapped,V2,https://www.airtasker.com/uk/services/,all_services_page,2026-09-05,Airtasker UK service taxonomy.,London
Airtasker,Balloon Artist,Balloon Artist,Events & Wedding Services,Balloon Artist,kept_mapped_final,V2,https://www.airtasker.com/uk/services/,all_services_page,2026-09-05,Airtasker UK service taxonomy.,London
Airtasker,Balloon Decorators,Balloon Decorators,Painting & Decorating,General Painting & Decorating,kept_mapped,V2,https://www.airtasker.com/uk/services/,all_services_page,2026-09-05,Airtasker UK service taxonomy.,London
Airtasker,Balloon Delivery,Balloon Delivery,Delivery Services,General Delivery,kept_mapped,V2,https://www.airtasker.com/uk/services/,all_services_page,2026-09-05,Airtasker UK service taxonomy.,London
Airtasker,Ballroom Dance Lessons,Ballroom Dance Lessons,Tutoring & Lessons,General Tutoring & Lessons,kept_mapped,V2,https://www.airtasker.com/uk/services/,all_services_page,2026-09-05,Airtasker UK service taxonomy.,London
Airtasker,Balustrading,Balustrading,Other Services / Unclassified,Balustrading,kept_unclassified,V2,https://www.airtasker.com/uk/services/,all_services_page,2026-09-05,Airtasker UK service taxonomy.,London
Airtasker,Bamboo Fencing,Bamboo Fencing,Fencing & Gates,General Fencing,kept_mapped,V2,https://www.airtasker.com/uk/services/,all_services_page,2026-09-05,Airtasker UK service taxonomy.,London
Airtasker,Bamboo Flooring,Bamboo Flooring,Flooring,General Flooring,kept_mapped,V2,https://www.airtasker.com/uk/services/,all_services_page,2026-09-05,Airtasker UK service taxonomy.,London
Airtasker,Band Hire,Band Hire,Events & Wedding Services,Band Hire,kept_mapped_final,V2,https://www.airtasker.com/uk/services/,all_services_page,2026-09-05,Airtasker UK service taxonomy.,London
Airtasker,Banjo Lessons,Banjo Lessons,Tutoring & Lessons,General Tutoring & Lessons,kept_mapped,V2,https://www.airtasker.com/uk/services/,all_services_page,2026-09-05,Airtasker UK service taxonomy.,London
Airtasker,Barber,Barber,Hair & Barber Services,Barber Services,kept_mapped,V2,https://www.airtasker.com/uk/services/,all_services_page,2026-09-05,Airtasker UK service taxonomy.,London
Airtasker,Barbers,Barbers,Hair & Barber Services,General Barbering,kept_mapped_final,V2,https://www.airtasker.com/uk/services/,all_services_page,2026-09-05,Airtasker UK service taxonomy.,London
Airtasker,Barista,Barista,Events & Wedding Services,Hospitality Staffing,kept_mapped_final,V2,https://www.airtasker.com/uk/services/,all_services_page,2026-09-05,Airtasker UK service taxonomy.,London
Airtasker,Bartending,Bartending,Events & Wedding Services,Hospitality Staffing,kept_mapped_final,V2,https://www.airtasker.com/uk/services/,all_services_page,2026-09-05,Airtasker UK service taxonomy.,London
Airtasker,Basement Conversion,Basement Conversion,Building & Construction,Basement Conversion,kept_mapped_final,V2,https://www.airtasker.com/uk/services/,all_services_page,2026-09-05,Airtasker UK service taxonomy.,London
Airtasker,Basement Painting,Basement Painting,Painting & Decorating,General Painting & Decorating,kept_mapped,V2,https://www.airtasker.com/uk/services/,all_services_page,2026-09-05,Airtasker UK service taxonomy.,London
Airtasker,Basketball Hoop System Assembly,Basketball Hoop System Assembly,"Handyman, Assembly & Mounting",Basketball Hoop System Assembly,kept_mapped_final,V2,https://www.airtasker.com/uk/services/,all_services_page,2026-09-05,Airtasker UK service taxonomy.,London
Airtasker,Basketball Training,Basketball Training,Fitness & Sports Coaching,Basketball Training,kept_mapped_final,V2,https://www.airtasker.com/uk/services/,all_services_page,2026-09-05,Airtasker UK service taxonomy.,London
Airtasker,Bass Guitar Lessons,Bass Guitar Lessons,Tutoring & Lessons,General Tutoring & Lessons,kept_mapped,V2,https://www.airtasker.com/uk/services/,all_services_page,2026-09-05,Airtasker UK service taxonomy.,London
Airtasker,Bath resurfacing,Bath resurfacing,Bathroom Services,Bath resurfacing,kept_mapped_final,V2,https://www.airtasker.com/uk/services/,all_services_page,2026-09-05,Airtasker UK service taxonomy.,London
Airtasker,Bathroom Cabinet Maker,Bathroom Cabinet Maker,Carpentry & Joinery,Cabinet Making & Installation,kept_mapped,V2,https://www.airtasker.com/uk/services/,all_services_page,2026-09-05,Airtasker UK service taxonomy.,London
Airtasker,Bathroom Carpet Fitting,Bathroom Carpet Fitting,Flooring,Carpet Installation,kept_mapped,V2,https://www.airtasker.com/uk/services/,all_services_page,2026-09-05,Airtasker UK service taxonomy.,London
Airtasker,Bathroom Cladding,Bathroom Cladding,Cladding & Exterior Finishes,Bathroom Cladding,kept_mapped_final,V2,https://www.airtasker.com/uk/services/,all_services_page,2026-09-05,Airtasker UK service taxonomy.,London
Airtasker,Bathroom Designers,Bathroom Designers,Bathroom Services,Bathroom Designers,kept_mapped_final,V2,https://www.airtasker.com/uk/services/,all_services_page,2026-09-05,Airtasker UK service taxonomy.,London
Airtasker,Bathroom Flooring,Bathroom Flooring,Flooring,General Flooring,kept_mapped,V2,https://www.airtasker.com/uk/services/,all_services_page,2026-09-05,Airtasker UK service taxonomy.,London
Airtasker,Bathroom Renovation,Bathroom Renovation,Building & Construction,Bathroom Renovation,kept_mapped_final,V2,https://www.airtasker.com/uk/services/,all_services_page,2026-09-05,Airtasker UK service taxonomy.,London
Airtasker,Baxi Boiler Repair,Baxi Boiler Repair,Heating & Boiler Services,Boiler Repair,kept_mapped,V2,https://www.airtasker.com/uk/services/,all_services_page,2026-09-05,Airtasker UK service taxonomy.,London
Airtasker,Beard Grooming,Beard Grooming,Hair & Barber Services,Beard Grooming,kept_mapped_final,V2,https://www.airtasker.com/uk/services/,all_services_page,2026-09-05,Airtasker UK service taxonomy.,London
Airtasker,Beautician,Beautician,Beauty & Personal Care,Beautician Services,kept_mapped_final,V2,https://www.airtasker.com/uk/services/,all_services_page,2026-09-05,Airtasker UK service taxonomy.,London
Airtasker,Beauticians,Beauticians,Beauty & Personal Care,Beautician Services,kept_mapped_final,V2,https://www.airtasker.com/uk/services/,all_services_page,2026-09-05,Airtasker UK service taxonomy.,London
Airtasker,Bed Bug Removal,Bed Bug Removal,Pest Control Services,Bed Bug Treatment,kept_mapped,V2,https://www.airtasker.com/uk/services/,all_services_page,2026-09-05,Airtasker UK service taxonomy.,London
Airtasker,Bed Repairs,Bed Repairs,Other Services / Unclassified,Bed Repairs,kept_unclassified,V2,https://www.airtasker.com/uk/services/,all_services_page,2026-09-05,Airtasker UK service taxonomy.,London
Airtasker,Belly Dancer,Belly Dancer,Events & Wedding Services,Belly Dance Entertainment,kept_mapped_final,V2,https://www.airtasker.com/uk/services/,all_services_page,2026-09-05,Airtasker UK service taxonomy.,London
Airtasker,Belly Dancing Lessons,Belly Dancing Lessons,Tutoring & Lessons,General Tutoring & Lessons,kept_mapped,V2,https://www.airtasker.com/uk/services/,all_services_page,2026-09-05,Airtasker UK service taxonomy.,London
Airtasker,Ben and Jerry's Delivery,Ben and Jerry's Delivery,Delivery Services,General Delivery,kept_mapped,V2,https://www.airtasker.com/uk/services/,all_services_page,2026-09-05,Airtasker UK service taxonomy.,London
Airtasker,Bereavement & Grief Counselling,Bereavement & Grief Counselling,Therapy & Counselling,Counselling,kept_mapped,V2,https://www.airtasker.com/uk/services/,all_services_page,2026-09-05,Airtasker UK service taxonomy.,London
Airtasker,Bespoke Furniture,Bespoke Furniture,"Furniture, Carpentry & Woodwork",Bespoke Furniture,kept_mapped_final,V2,https://www.airtasker.com/uk/services/,all_services_page,2026-09-05,Airtasker UK service taxonomy.,London
Airtasker,Bicycle Assembly,Bicycle Assembly,"Handyman, Assembly & Mounting",Bicycle Assembly,kept_mapped_final,V2,https://www.airtasker.com/uk/services/,all_services_page,2026-09-05,Airtasker UK service taxonomy.,London
Airtasker,Bicycle Courier,Bicycle Courier,Delivery Services,Courier Services,kept_mapped,V2,https://www.airtasker.com/uk/services/,all_services_page,2026-09-05,Airtasker UK service taxonomy.,London
Airtasker,Bicycle Service,Bicycle Service,Vehicle Services,Bicycle Service,kept_mapped_final,V2,https://www.airtasker.com/uk/services/,all_services_page,2026-09-05,Airtasker UK service taxonomy.,London
Airtasker,Bicycle Tyre Repair,Bicycle Tyre Repair,Vehicle Services,Tyre Repair,kept_mapped,V2,https://www.airtasker.com/uk/services/,all_services_page,2026-09-05,Airtasker UK service taxonomy.,London
Airtasker,Bifold Door Repair,Bifold Door Repair,Doors & Door Services,Door Repair,kept_mapped,V2,https://www.airtasker.com/uk/services/,all_services_page,2026-09-05,Airtasker UK service taxonomy.,London
Airtasker,Bike Frame Painting Service,Bike Frame Painting Service,Painting & Decorating,General Painting & Decorating,kept_mapped,V2,https://www.airtasker.com/uk/services/,all_services_page,2026-09-05,Airtasker UK service taxonomy.,London
Airtasker,Bike Hanging,Bike Hanging,Home Improvement & General Maintenance,Bike Hanging,kept_mapped_final,V2,https://www.airtasker.com/uk/services/,all_services_page,2026-09-05,Airtasker UK service taxonomy.,London
Airtasker,Bike Lessons,Bike Lessons,Tutoring & Lessons,General Tutoring & Lessons,kept_mapped,V2,https://www.airtasker.com/uk/services/,all_services_page,2026-09-05,Airtasker UK service taxonomy.,London
Airtasker,Bikram Yoga,Bikram Yoga,Health & Fitness,Yoga,kept_mapped,V2,https://www.airtasker.com/uk/services/,all_services_page,2026-09-05,Airtasker UK service taxonomy.,London
Airtasker,Biology Tutor,Biology Tutor,Tutoring & Lessons,General Tutoring & Lessons,kept_mapped,V2,https://www.airtasker.com/uk/services/,all_services_page,2026-09-05,Airtasker UK service taxonomy.,London
Airtasker,Biomass Boiler Service,Biomass Boiler Service,Heating & Boiler Services,Boiler Servicing,kept_mapped,V2,https://www.airtasker.com/uk/services/,all_services_page,2026-09-05,Airtasker UK service taxonomy.,London
Airtasker,Bird Control,Bird Control,Pest & Bird Control,Bird Control,kept_mapped_final,V2,https://www.airtasker.com/uk/services/,all_services_page,2026-09-05,Airtasker UK service taxonomy.,London
Airtasker,Bird Sitting,Bird Sitting,Pet & Animal Services,Bird Sitting,kept_mapped_final,V2,https://www.airtasker.com/uk/services/,all_services_page,2026-09-05,Airtasker UK service taxonomy.,London
Airtasker,Birmingham to Edinburgh Removals,Birmingham to Edinburgh Removals,Removals & Moving,General Removals,kept_mapped,V2,https://www.airtasker.com/uk/services/,all_services_page,2026-09-05,Airtasker UK service taxonomy.,London
Airtasker,Birthday Balloon Delivery,Birthday Balloon Delivery,Delivery Services,General Delivery,kept_mapped,V2,https://www.airtasker.com/uk/services/,all_services_page,2026-09-05,Airtasker UK service taxonomy.,London
Airtasker,Birthday Decorators,Birthday Decorators,Painting & Decorating,General Painting & Decorating,kept_mapped,V2,https://www.airtasker.com/uk/services/,all_services_page,2026-09-05,Airtasker UK service taxonomy.,London
Airtasker,Birthday Gift Delivery,Birthday Gift Delivery,Delivery Services,Gift Delivery,kept_mapped,V2,https://www.airtasker.com/uk/services/,all_services_page,2026-09-05,Airtasker UK service taxonomy.,London
Airtasker,Birthday Grams,Birthday Grams,Events & Wedding Services,Birthday Grams,kept_mapped_final,V2,https://www.airtasker.com/uk/services/,all_services_page,2026-09-05,Airtasker UK service taxonomy.,London
Airtasker,Birthday Photographer,Birthday Photographer,Photography,General Photography,kept_mapped,V2,https://www.airtasker.com/uk/services/,all_services_page,2026-09-05,Airtasker UK service taxonomy.,London
Airtasker,Blacksmithing,Blacksmithing,Metalwork & Fabrication,Blacksmithing,kept_mapped_final,V2,https://www.airtasker.com/uk/services/,all_services_page,2026-09-05,Airtasker UK service taxonomy.,London
Airtasker,Blind Cleaning,Blind Cleaning,Blinds & Shutters,General Blinds & Shutters,kept_mapped,V2,https://www.airtasker.com/uk/services/,all_services_page,2026-09-05,Airtasker UK service taxonomy.,London
Airtasker,Blind Repairs,Blind Repairs,Blinds & Shutters,Blind Repair,kept_mapped,V2,https://www.airtasker.com/uk/services/,all_services_page,2026-09-05,Airtasker UK service taxonomy.,London
Airtasker,Blog Writing,Blog Writing,"Writing, Translation & Language Services",Blog Writing,kept_mapped_final,V2,https://www.airtasker.com/uk/services/,all_services_page,2026-09-05,Airtasker UK service taxonomy.,London
Airtasker,Blow Dry,Blow Dry,Hair & Barber Services,Blow Dry,kept_mapped_final,V2,https://www.airtasker.com/uk/services/,all_services_page,2026-09-05,Airtasker UK service taxonomy.,London
Airtasker,Board-Up Service,Board-Up Service,"Doors, Windows & Glazing",Board-Up Service,kept_mapped_final,V2,https://www.airtasker.com/uk/services/,all_services_page,2026-09-05,Airtasker UK service taxonomy.,London
Airtasker,Boat Transport,Boat Transport,Marine & Boat Services,Boat Transport,kept_mapped_final,V2,https://www.airtasker.com/uk/services/,all_services_page,2026-09-05,Airtasker UK service taxonomy.,London
Airtasker,Body Piercing,Body Piercing,Tattoo & Piercing,Piercing Services,kept_mapped,V2,https://www.airtasker.com/uk/services/,all_services_page,2026-09-05,Airtasker UK service taxonomy.,London
Airtasker,Bootcamp Training,Bootcamp Training,Fitness & Sports Coaching,Bootcamp Training,kept_mapped_final,V2,https://www.airtasker.com/uk/services/,all_services_page,2026-09-05,Airtasker UK service taxonomy.,London
Airtasker,Boring Excavation,Boring Excavation,"Groundworks, Excavation & Plant Hire",Boring Excavation,kept_mapped_final,V2,https://www.airtasker.com/uk/services/,all_services_page,2026-09-05,Airtasker UK service taxonomy.,London
Airtasker,Bosch Appliance Repair,Bosch Appliance Repair,Appliance Repair,General Appliance Repair,kept_mapped,V2,https://www.airtasker.com/uk/services/,all_services_page,2026-09-05,Airtasker UK service taxonomy.,London
Airtasker,Boxing Instructor,Boxing Instructor,Fitness & Sports Coaching,Boxing Instructor,kept_mapped_final,V2,https://www.airtasker.com/uk/services/,all_services_page,2026-09-05,Airtasker UK service taxonomy.,London
Airtasker,Brake Pad Replacement,Brake Pad Replacement,Vehicle Services,Brake Pad Replacement,kept_mapped_final,V2,https://www.airtasker.com/uk/services/,all_services_page,2026-09-05,Airtasker UK service taxonomy.,London
Airtasker,Brake Repair,Brake Repair,Vehicle Services,Brake Repair,kept_mapped_final,V2,https://www.airtasker.com/uk/services/,all_services_page,2026-09-05,Airtasker UK service taxonomy.,London
Airtasker,Branding Designer,Branding Designer,Marketing & Creative Services,Branding Designer,kept_mapped_final,V2,https://www.airtasker.com/uk/services/,all_services_page,2026-09-05,Airtasker UK service taxonomy.,London
Airtasker,Bread Delivery,Bread Delivery,Delivery Services,General Delivery,kept_mapped,V2,https://www.airtasker.com/uk/services/,all_services_page,2026-09-05,Airtasker UK service taxonomy.,London
Airtasker,Breakfast Takeaway & Delivery,Breakfast Takeaway & Delivery,Delivery Services,General Delivery,kept_mapped,V2,https://www.airtasker.com/uk/services/,all_services_page,2026-09-05,Airtasker UK service taxonomy.,London
Airtasker,Brick Cleaning,Brick Cleaning,Cleaning Services,General Cleaning,kept_mapped,V2,https://www.airtasker.com/uk/services/,all_services_page,2026-09-05,Airtasker UK service taxonomy.,London
Airtasker,Brick Paving,Brick Paving,Driveways & Paving,Paving,kept_mapped,V2,https://www.airtasker.com/uk/services/,all_services_page,2026-09-05,Airtasker UK service taxonomy.,London
Airtasker,Brick Repair,Brick Repair,Building & Construction,Brickwork Repair,kept_mapped,V2,https://www.airtasker.com/uk/services/,all_services_page,2026-09-05,Airtasker UK service taxonomy.,London
Airtasker,Brick Rubble Removal,Brick Rubble Removal,Removals & Moving,General Removals,kept_mapped,V2,https://www.airtasker.com/uk/services/,all_services_page,2026-09-05,Airtasker UK service taxonomy.,London
Airtasker,Bricklayer,Bricklayer,Building & Construction,Bricklaying,kept_mapped,V2,https://www.airtasker.com/uk/services/,all_services_page,2026-09-05,Airtasker UK service taxonomy.,London
Airtasker,Brownie Delivery,Brownie Delivery,Delivery Services,General Delivery,kept_mapped,V2,https://www.airtasker.com/uk/services/,all_services_page,2026-09-05,Airtasker UK service taxonomy.,London
Airtasker,Budgeting Help,Budgeting Help,Accounting & Finance Services,Budgeting Help,kept_mapped_final,V2,https://www.airtasker.com/uk/services/,all_services_page,2026-09-05,Airtasker UK service taxonomy.,London
Airtasker,Buffet Catering,Buffet Catering,Events & Creative,Catering,kept_mapped,V2,https://www.airtasker.com/uk/services/,all_services_page,2026-09-05,Airtasker UK service taxonomy.,London
Airtasker,Building & Construction,Building & Construction,Building & Construction,Building & Construction,kept_mapped_final,V2,https://www.airtasker.com/uk/services/,all_services_page,2026-09-05,Airtasker UK service taxonomy.,London
Airtasker,Building Consultant,Building Consultant,Building & Construction,Building Consultant,kept_mapped_final,V2,https://www.airtasker.com/uk/services/,all_services_page,2026-09-05,Airtasker UK service taxonomy.,London
Airtasker,Building Contractors,Building Contractors,Building & Construction,General Building,kept_mapped,V2,https://www.airtasker.com/uk/services/,all_services_page,2026-09-05,Airtasker UK service taxonomy.,London
Airtasker,Building Designers,Building Designers,Building & Construction,Building Designers,kept_mapped_final,V2,https://www.airtasker.com/uk/services/,all_services_page,2026-09-05,Airtasker UK service taxonomy.,London
Airtasker,Building Restoration,Building Restoration,Building & Construction,Building Restoration,kept_mapped,V2,https://www.airtasker.com/uk/services/,all_services_page,2026-09-05,Airtasker UK service taxonomy.,London
Airtasker,Building Surveyor,Building Surveyor,"Architecture, Surveying & Planning",Building Surveying,kept_mapped_final,V2,https://www.airtasker.com/uk/services/,all_services_page,2026-09-05,Airtasker UK service taxonomy.,London
Airtasker,Built,Built,Excluded,Built,excluded,V2,https://www.airtasker.com/uk/services/,all_services_page,2026-09-05,Airtasker UK service taxonomy.,London
Airtasker,Bulky Waste Collection,Bulky Waste Collection,Waste Services,Waste Collection,kept_mapped,V2,https://www.airtasker.com/uk/services/,all_services_page,2026-09-05,Airtasker UK service taxonomy.,London
Airtasker,Burger King Delivery,Burger King Delivery,Delivery Services,General Delivery,kept_mapped,V2,https://www.airtasker.com/uk/services/,all_services_page,2026-09-05,Airtasker UK service taxonomy.,London
Airtasker,Burger Takeaway,Burger Takeaway,"Food, Baking & Personal Chef Services",Takeaway Food Services,kept_mapped_final,V2,https://www.airtasker.com/uk/services/,all_services_page,2026-09-05,Airtasker UK service taxonomy.,London
Airtasker,Burglar Alarm Installation,Burglar Alarm Installation,Security & Alarm Services,Burglar Alarm Installation,kept_mapped_final,V2,https://www.airtasker.com/uk/services/,all_services_page,2026-09-05,Airtasker UK service taxonomy.,London
Airtasker,Business Advisory,Business Advisory,Business & Administrative Services,Business Advisory,kept_mapped_final,V2,https://www.airtasker.com/uk/services/,all_services_page,2026-09-05,Airtasker UK service taxonomy.,London
Airtasker,Business Coach,Business Coach,Business & Administrative Services,Business Coach,kept_mapped_final,V2,https://www.airtasker.com/uk/services/,all_services_page,2026-09-05,Airtasker UK service taxonomy.,London
Airtasker,Business Consultant,Business Consultant,Business & Administrative Services,Business Consultant,kept_mapped_final,V2,https://www.airtasker.com/uk/services/,all_services_page,2026-09-05,Airtasker UK service taxonomy.,London
Airtasker,CAD Designer,CAD Designer,Marketing & Creative Services,CAD Designer,kept_mapped_final,V2,https://www.airtasker.com/uk/services/,all_services_page,2026-09-05,Airtasker UK service taxonomy.,London
Airtasker,CCTV Installation,CCTV Installation,Security & Alarm Services,CCTV Installation,kept_mapped_final,V2,https://www.airtasker.com/uk/services/,all_services_page,2026-09-05,Airtasker UK service taxonomy.,London
Airtasker,CPR Training,CPR Training,Training & Instruction,CPR Training,kept_mapped_final,V2,https://www.airtasker.com/uk/services/,all_services_page,2026-09-05,Airtasker UK service taxonomy.,London
Airtasker,Cabinet Design,Cabinet Design,"Furniture, Carpentry & Woodwork",Cabinet Design,kept_mapped_final,V2,https://www.airtasker.com/uk/services/,all_services_page,2026-09-05,Airtasker UK service taxonomy.,London
Airtasker,Cabinet Installation,Cabinet Installation,"Furniture, Carpentry & Woodwork",Cabinet Installation,kept_mapped_final,V2,https://www.airtasker.com/uk/services/,all_services_page,2026-09-05,Airtasker UK service taxonomy.,London
Airtasker,Cabinet Making,Cabinet Making,Carpentry & Joinery,Cabinet Making & Installation,kept_mapped,V2,https://www.airtasker.com/uk/services/,all_services_page,2026-09-05,Airtasker UK service taxonomy.,London
Airtasker,Cake Decorators,Cake Decorators,Painting & Decorating,General Painting & Decorating,kept_mapped,V2,https://www.airtasker.com/uk/services/,all_services_page,2026-09-05,Airtasker UK service taxonomy.,London
Airtasker,Cake Delivery,Cake Delivery,Delivery Services,Cake Delivery,kept_mapped,V2,https://www.airtasker.com/uk/services/,all_services_page,2026-09-05,Airtasker UK service taxonomy.,London
Airtasker,Cake Toppers,Cake Toppers,Other Services / Unclassified,Cake Toppers,kept_unclassified,V2,https://www.airtasker.com/uk/services/,all_services_page,2026-09-05,Airtasker UK service taxonomy.,London
Airtasker,Calligraphy Tutor,Calligraphy Tutor,Tutoring & Lessons,General Tutoring & Lessons,kept_mapped,V2,https://www.airtasker.com/uk/services/,all_services_page,2026-09-05,Airtasker UK service taxonomy.,London
Airtasker,Cambelt Change,Cambelt Change,Vehicle Services,Cambelt Replacement,kept_mapped_final,V2,https://www.airtasker.com/uk/services/,all_services_page,2026-09-05,Airtasker UK service taxonomy.,London
Airtasker,Car Accident Repair,Car Accident Repair,Vehicle Services,Accident Repair,kept_mapped,V2,https://www.airtasker.com/uk/services/,all_services_page,2026-09-05,Airtasker UK service taxonomy.,London
Airtasker,Car Air Conditioning Service,Car Air Conditioning Service,Air Conditioning & Ventilation,Air Conditioning Servicing,kept_mapped,V2,https://www.airtasker.com/uk/services/,all_services_page,2026-09-05,Airtasker UK service taxonomy.,London
Airtasker,Car Aircon Regas,Car Aircon Regas,Air Conditioning & Ventilation,Car Aircon Regas,kept_mapped_final,V2,https://www.airtasker.com/uk/services/,all_services_page,2026-09-05,Airtasker UK service taxonomy.,London
Airtasker,Car Aircon Repair,Car Aircon Repair,Air Conditioning & Ventilation,Car Aircon Repair,kept_mapped_final,V2,https://www.airtasker.com/uk/services/,all_services_page,2026-09-05,Airtasker UK service taxonomy.,London
Airtasker,Car Alarm System Repair,Car Alarm System Repair,Security & Alarm Services,Car Alarm System Repair,kept_mapped_final,V2,https://www.airtasker.com/uk/services/,all_services_page,2026-09-05,Airtasker UK service taxonomy.,London
Airtasker,Car Battery Replacement,Car Battery Replacement,Vehicle Services,Car Battery Replacement,kept_mapped_final,V2,https://www.airtasker.com/uk/services/,all_services_page,2026-09-05,Airtasker UK service taxonomy.,London
Airtasker,Car Body Repair,Car Body Repair,Vehicle Services,Car Body Repair,kept_mapped,V2,https://www.airtasker.com/uk/services/,all_services_page,2026-09-05,Airtasker UK service taxonomy.,London
Airtasker,Car Body Work,Car Body Work,Vehicle Services,Car Bodywork,kept_mapped_final,V2,https://www.airtasker.com/uk/services/,all_services_page,2026-09-05,Airtasker UK service taxonomy.,London
Airtasker,Car Bumper Repair,Car Bumper Repair,Vehicle Services,Bumper Repair,kept_mapped_final,V2,https://www.airtasker.com/uk/services/,all_services_page,2026-09-05,Airtasker UK service taxonomy.,London
Airtasker,Car CD Player Installation,Car CD Player Installation,Vehicle Services,Car CD Player Installation,kept_mapped_final,V2,https://www.airtasker.com/uk/services/,all_services_page,2026-09-05,Airtasker UK service taxonomy.,London
Airtasker,Car Cleaning,Car Cleaning,Cleaning Services,General Cleaning,kept_mapped,V2,https://www.airtasker.com/uk/services/,all_services_page,2026-09-05,Airtasker UK service taxonomy.,London
Airtasker,Car Delivery Service,Car Delivery Service,Delivery Services,General Delivery,kept_mapped,V2,https://www.airtasker.com/uk/services/,all_services_page,2026-09-05,Airtasker UK service taxonomy.,London
Airtasker,Car Detailing,Car Detailing,Vehicle Services,Car Detailing,kept_mapped,V2,https://www.airtasker.com/uk/services/,all_services_page,2026-09-05,Airtasker UK service taxonomy.,London
Airtasker,Car Diagnostics,Car Diagnostics,Vehicle Services,Car Diagnostics,kept_mapped_final,V2,https://www.airtasker.com/uk/services/,all_services_page,2026-09-05,Airtasker UK service taxonomy.,London
Airtasker,Car Electrical Repair,Car Electrical Repair,Electrical Services,Electrical Repair,kept_mapped,V2,https://www.airtasker.com/uk/services/,all_services_page,2026-09-05,Airtasker UK service taxonomy.,London
Airtasker,Car Engine Steam Cleaning,Car Engine Steam Cleaning,Cleaning Services,General Cleaning,kept_mapped,V2,https://www.airtasker.com/uk/services/,all_services_page,2026-09-05,Airtasker UK service taxonomy.,London
Airtasker,Car Glass Repair,Car Glass Repair,Windows & Glazing,Glazing & Glass Repair,kept_mapped,V2,https://www.airtasker.com/uk/services/,all_services_page,2026-09-05,Airtasker UK service taxonomy.,London
Airtasker,Car Inspection,Car Inspection,Vehicle Services,Car Inspection,kept_mapped_final,V2,https://www.airtasker.com/uk/services/,all_services_page,2026-09-05,Airtasker UK service taxonomy.,London
Airtasker,Car Interior Cleaning,Car Interior Cleaning,Cleaning Services,General Cleaning,kept_mapped,V2,https://www.airtasker.com/uk/services/,all_services_page,2026-09-05,Airtasker UK service taxonomy.,London
Airtasker,Car Key Repair,Car Key Repair,"Locksmith, Keys & Safes",Car Key Repair,kept_mapped_final,V2,https://www.airtasker.com/uk/services/,all_services_page,2026-09-05,Airtasker UK service taxonomy.,London
Airtasker,Car Key Replacement,Car Key Replacement,"Locksmith, Keys & Safes",Car Key Replacement,kept_mapped_final,V2,https://www.airtasker.com/uk/services/,all_services_page,2026-09-05,Airtasker UK service taxonomy.,London
Airtasker,Car Keyless Entry System Installation,Car Keyless Entry System Installation,Vehicle Services,Keyless Entry Installation,kept_mapped_final,V2,https://www.airtasker.com/uk/services/,all_services_page,2026-09-05,Airtasker UK service taxonomy.,London
Airtasker,Car Paint Repair,Car Paint Repair,Painting & Decorating,General Painting & Decorating,kept_mapped,V2,https://www.airtasker.com/uk/services/,all_services_page,2026-09-05,Airtasker UK service taxonomy.,London
Airtasker,Car Painting,Car Painting,Painting & Decorating,General Painting & Decorating,kept_mapped,V2,https://www.airtasker.com/uk/services/,all_services_page,2026-09-05,Airtasker UK service taxonomy.,London
Airtasker,Car Repair,Car Repair,Vehicle Services,General Vehicle Repair,kept_mapped,V2,https://www.airtasker.com/uk/services/,all_services_page,2026-09-05,Airtasker UK service taxonomy.,London
Airtasker,Car Respray,Car Respray,Vehicle Services,Vehicle Respraying,kept_mapped_final,V2,https://www.airtasker.com/uk/services/,all_services_page,2026-09-05,Airtasker UK service taxonomy.,London
Airtasker,Car Restoration,Car Restoration,"Damp, Waterproofing & Restoration",Car Restoration,kept_mapped_final,V2,https://www.airtasker.com/uk/services/,all_services_page,2026-09-05,Airtasker UK service taxonomy.,London
Airtasker,Car Roof Lining Repair,Car Roof Lining Repair,Roofing Services,Car Roof Lining Repair,kept_mapped_final,V2,https://www.airtasker.com/uk/services/,all_services_page,2026-09-05,Airtasker UK service taxonomy.,London
Airtasker,Car Scratch Repair,Car Scratch Repair,Vehicle Services,Scratch Repair,kept_mapped_final,V2,https://www.airtasker.com/uk/services/,all_services_page,2026-09-05,Airtasker UK service taxonomy.,London
Airtasker,Car Seat Repair,Car Seat Repair,Vehicle Services,Car Seat Repair,kept_mapped_final,V2,https://www.airtasker.com/uk/services/,all_services_page,2026-09-05,Airtasker UK service taxonomy.,London
Airtasker,Car Service,Car Service,Vehicle Services,Vehicle Servicing,kept_mapped,V2,https://www.airtasker.com/uk/services/,all_services_page,2026-09-05,Airtasker UK service taxonomy.,London
Airtasker,Car Servicing and MOT,Car Servicing and MOT,Vehicle Services,Vehicle Servicing,kept_mapped,V2,https://www.airtasker.com/uk/services/,all_services_page,2026-09-05,Airtasker UK service taxonomy.,London
Airtasker,Car Speaker Installation,Car Speaker Installation,Vehicle Services,Car Speaker Installation,kept_mapped_final,V2,https://www.airtasker.com/uk/services/,all_services_page,2026-09-05,Airtasker UK service taxonomy.,London
Airtasker,Car Stereo Installation,Car Stereo Installation,Vehicle Services,Car Stereo Installation,kept_mapped_final,V2,https://www.airtasker.com/uk/services/,all_services_page,2026-09-05,Airtasker UK service taxonomy.,London
Airtasker,Car Upholstery Repair,Car Upholstery Repair,Vehicle Services,Car Upholstery Repair,kept_mapped_final,V2,https://www.airtasker.com/uk/services/,all_services_page,2026-09-05,Airtasker UK service taxonomy.,London
Airtasker,Car Valet,Car Valet,Vehicle Services,Car Valeting,kept_mapped,V2,https://www.airtasker.com/uk/services/,all_services_page,2026-09-05,Airtasker UK service taxonomy.,London
Airtasker,Car Wash,Car Wash,Vehicle Services,Car Wash,kept_mapped_final,V2,https://www.airtasker.com/uk/services/,all_services_page,2026-09-05,Airtasker UK service taxonomy.,London
Airtasker,Car Welding,Car Welding,Metalwork & Fabrication,Car Welding,kept_mapped_final,V2,https://www.airtasker.com/uk/services/,all_services_page,2026-09-05,Airtasker UK service taxonomy.,London
Airtasker,Car Window Repair,Car Window Repair,Windows & Glazing,Window Repair,kept_mapped,V2,https://www.airtasker.com/uk/services/,all_services_page,2026-09-05,Airtasker UK service taxonomy.,London
Airtasker,Car Window Replacement,Car Window Replacement,"Doors, Windows & Glazing",Car Window Replacement,kept_mapped_final,V2,https://www.airtasker.com/uk/services/,all_services_page,2026-09-05,Airtasker UK service taxonomy.,London
Airtasker,Car Window Tinting,Car Window Tinting,"Doors, Windows & Glazing",Car Window Tinting,kept_mapped_final,V2,https://www.airtasker.com/uk/services/,all_services_page,2026-09-05,Airtasker UK service taxonomy.,London
Airtasker,Car Wrapping,Car Wrapping,Vehicle Services,Vehicle Wrapping,kept_mapped_final,V2,https://www.airtasker.com/uk/services/,all_services_page,2026-09-05,Airtasker UK service taxonomy.,London
Airtasker,Caravan Transport,Caravan Transport,Transport & Transfer Services,Caravan Transport,kept_mapped_final,V2,https://www.airtasker.com/uk/services/,all_services_page,2026-09-05,Airtasker UK service taxonomy.,London
Airtasker,Carbon Bike Repair,Carbon Bike Repair,Vehicle Services,Bicycle Repair,kept_mapped_final,V2,https://www.airtasker.com/uk/services/,all_services_page,2026-09-05,Airtasker UK service taxonomy.,London
Airtasker,Carburetor Tuning,Carburetor Tuning,Other Services / Unclassified,Carburetor Tuning,kept_unclassified,V2,https://www.airtasker.com/uk/services/,all_services_page,2026-09-05,Airtasker UK service taxonomy.,London
Airtasker,Career Coach,Career Coach,Business & Administrative Services,Career Coaching,kept_mapped_final,V2,https://www.airtasker.com/uk/services/,all_services_page,2026-09-05,Airtasker UK service taxonomy.,London
Airtasker,Carpentry,Carpentry,Carpentry & Joinery,General Carpentry & Joinery,kept_mapped,V2,https://www.airtasker.com/uk/services/,all_services_page,2026-09-05,Airtasker UK service taxonomy.,London
Airtasker,Carpet Cleaning,Carpet Cleaning,Cleaning Services,General Cleaning,kept_mapped,V2,https://www.airtasker.com/uk/services/,all_services_page,2026-09-05,Airtasker UK service taxonomy.,London
Airtasker,Carpet Laying & Installation,Carpet Laying & Installation,Flooring & Tiling Services,Carpet Installation,kept_mapped_final,V2,https://www.airtasker.com/uk/services/,all_services_page,2026-09-05,Airtasker UK service taxonomy.,London
Airtasker,Case Study Writing,Case Study Writing,"Writing, Translation & Language Services",Case Study Writing,kept_mapped_final,V2,https://www.airtasker.com/uk/services/,all_services_page,2026-09-05,Airtasker UK service taxonomy.,London
Airtasker,Cat Boarding,Cat Boarding,Pet & Animal Services,Cat Boarding,kept_mapped_final,V2,https://www.airtasker.com/uk/services/,all_services_page,2026-09-05,Airtasker UK service taxonomy.,London
Airtasker,Cat Care,Cat Care,Pet & Animal Services,Cat Care,kept_mapped_final,V2,https://www.airtasker.com/uk/services/,all_services_page,2026-09-05,Airtasker UK service taxonomy.,London
Airtasker,Cat Door Installation,Cat Door Installation,Doors & Door Services,Door Installation,kept_mapped,V2,https://www.airtasker.com/uk/services/,all_services_page,2026-09-05,Airtasker UK service taxonomy.,London
Airtasker,Cat Flap Fitter,Cat Flap Fitter,Pet & Animal Services,Cat Flap Fitter,kept_mapped_final,V2,https://www.airtasker.com/uk/services/,all_services_page,2026-09-05,Airtasker UK service taxonomy.,London
Airtasker,Cat Grooming,Cat Grooming,Pet & Animal Services,Cat Grooming,kept_mapped_final,V2,https://www.airtasker.com/uk/services/,all_services_page,2026-09-05,Airtasker UK service taxonomy.,London
Airtasker,Cat Sitting,Cat Sitting,Pet Services,Pet Sitting,kept_mapped,V2,https://www.airtasker.com/uk/services/,all_services_page,2026-09-05,Airtasker UK service taxonomy.,London
Airtasker,Cat Training,Cat Training,Pet & Animal Services,Cat Training,kept_mapped_final,V2,https://www.airtasker.com/uk/services/,all_services_page,2026-09-05,Airtasker UK service taxonomy.,London
Airtasker,Catalogue Delivery,Catalogue Delivery,Delivery Services,General Delivery,kept_mapped,V2,https://www.airtasker.com/uk/services/,all_services_page,2026-09-05,Airtasker UK service taxonomy.,London
Airtasker,Catering,Catering,Events & Creative,Catering,kept_mapped,V2,https://www.airtasker.com/uk/services/,all_services_page,2026-09-05,Airtasker UK service taxonomy.,London
Airtasker,Cavity Wall Insulation,Cavity Wall Insulation,Insulation Services,Cavity Wall Insulation,kept_mapped,V2,https://www.airtasker.com/uk/services/,all_services_page,2026-09-05,Airtasker UK service taxonomy.,London
Airtasker,Ceiling Cladding,Ceiling Cladding,Ceiling & Interior Finishes,General Ceiling Services,kept_mapped,V2,https://www.airtasker.com/uk/services/,all_services_page,2026-09-05,Airtasker UK service taxonomy.,London
Airtasker,Ceiling Cleaning,Ceiling Cleaning,Ceiling & Interior Finishes,General Ceiling Services,kept_mapped,V2,https://www.airtasker.com/uk/services/,all_services_page,2026-09-05,Airtasker UK service taxonomy.,London
Airtasker,Ceiling Fan Installation,Ceiling Fan Installation,Ceiling & Interior Finishes,General Ceiling Services,kept_mapped,V2,https://www.airtasker.com/uk/services/,all_services_page,2026-09-05,Airtasker UK service taxonomy.,London
Airtasker,Ceiling Fan Repair,Ceiling Fan Repair,Ceiling & Interior Finishes,General Ceiling Services,kept_mapped,V2,https://www.airtasker.com/uk/services/,all_services_page,2026-09-05,Airtasker UK service taxonomy.,London
Airtasker,Celebration Cakes,Celebration Cakes,"Food, Baking & Personal Chef Services",Custom Cakes,kept_mapped_final,V2,https://www.airtasker.com/uk/services/,all_services_page,2026-09-05,Airtasker UK service taxonomy.,London
Airtasker,Cellar & Basement Clearance,Cellar & Basement Clearance,Waste Services,General Clearance,kept_mapped,V2,https://www.airtasker.com/uk/services/,all_services_page,2026-09-05,Airtasker UK service taxonomy.,London
Airtasker,Cello Lessons,Cello Lessons,Tutoring & Lessons,General Tutoring & Lessons,kept_mapped,V2,https://www.airtasker.com/uk/services/,all_services_page,2026-09-05,Airtasker UK service taxonomy.,London
Airtasker,Central Heating,Central Heating,Heating & Boiler Services,General Heating Services,kept_mapped,V2,https://www.airtasker.com/uk/services/,all_services_page,2026-09-05,Airtasker UK service taxonomy.,London
Airtasker,Central Locking Installation,Central Locking Installation,Other Services / Unclassified,Central Locking Installation,kept_unclassified,V2,https://www.airtasker.com/uk/services/,all_services_page,2026-09-05,Airtasker UK service taxonomy.,London
Airtasker,Chain Link Fencing,Chain Link Fencing,Fencing & Gates,General Fencing,kept_mapped,V2,https://www.airtasker.com/uk/services/,all_services_page,2026-09-05,Airtasker UK service taxonomy.,London
Airtasker,Chainsaw Service & Repair,Chainsaw Service & Repair,Appliance & Equipment Services,Chainsaw Service & Repair,kept_mapped_final,V2,https://www.airtasker.com/uk/services/,all_services_page,2026-09-05,Airtasker UK service taxonomy.,London
Airtasker,Chainsawing,Chainsawing,Other Services / Unclassified,Chainsawing,kept_unclassified,V2,https://www.airtasker.com/uk/services/,all_services_page,2026-09-05,Airtasker UK service taxonomy.,London
Airtasker,Chair Repair,Chair Repair,"Furniture, Carpentry & Woodwork",Chair Repair,kept_mapped_final,V2,https://www.airtasker.com/uk/services/,all_services_page,2026-09-05,Airtasker UK service taxonomy.,London
Airtasker,Chandelier Installation,Chandelier Installation,Electrical Services,Chandelier Installation,kept_mapped_final,V2,https://www.airtasker.com/uk/services/,all_services_page,2026-09-05,Airtasker UK service taxonomy.,London
Airtasker,Chef,Chef,"Food, Baking & Personal Chef Services",Chef Services,kept_mapped_final,V2,https://www.airtasker.com/uk/services/,all_services_page,2026-09-05,Airtasker UK service taxonomy.,London
Airtasker,Chemistry Tutor,Chemistry Tutor,Tutoring & Lessons,General Tutoring & Lessons,kept_mapped,V2,https://www.airtasker.com/uk/services/,all_services_page,2026-09-05,Airtasker UK service taxonomy.,London
Airtasker,Chess Lessons,Chess Lessons,Tutoring & Lessons,General Tutoring & Lessons,kept_mapped,V2,https://www.airtasker.com/uk/services/,all_services_page,2026-09-05,Airtasker UK service taxonomy.,London
Airtasker,Chicken Runs,Chicken Runs,Other Services / Unclassified,Chicken Runs,kept_unclassified,V2,https://www.airtasker.com/uk/services/,all_services_page,2026-09-05,Airtasker UK service taxonomy.,London
Airtasker,Chicken Takeaway,Chicken Takeaway,"Food, Baking & Personal Chef Services",Takeaway Food Services,kept_mapped_final,V2,https://www.airtasker.com/uk/services/,all_services_page,2026-09-05,Airtasker UK service taxonomy.,London
Airtasker,Child Counselling,Child Counselling,Therapy & Counselling,Counselling,kept_mapped,V2,https://www.airtasker.com/uk/services/,all_services_page,2026-09-05,Airtasker UK service taxonomy.,London
Airtasker,Childcare & Safety,Childcare & Safety,Childcare & Care Services,Childcare & Safety,kept_mapped_final,V2,https://www.airtasker.com/uk/services/,all_services_page,2026-09-05,Airtasker UK service taxonomy.,London
Airtasker,Childminders,Childminders,Childcare & Care Services,Childminding,kept_mapped_final,V2,https://www.airtasker.com/uk/services/,all_services_page,2026-09-05,Airtasker UK service taxonomy.,London
Airtasker,Chimney Repair,Chimney Repair,Chimney Services,Chimney Repair,kept_mapped,V2,https://www.airtasker.com/uk/services/,all_services_page,2026-09-05,Airtasker UK service taxonomy.,London
Airtasker,Chimney Services,Chimney Services,Chimney Services,General Chimney Services,kept_mapped,V2,https://www.airtasker.com/uk/services/,all_services_page,2026-09-05,Airtasker UK service taxonomy.,London
Airtasker,Chimney Sweep,Chimney Sweep,Chimney Services,Chimney Sweeping,kept_mapped,V2,https://www.airtasker.com/uk/services/,all_services_page,2026-09-05,Airtasker UK service taxonomy.,London
Airtasker,Chinese Takeaway,Chinese Takeaway,"Food, Baking & Personal Chef Services",Takeaway Food Services,kept_mapped_final,V2,https://www.airtasker.com/uk/services/,all_services_page,2026-09-05,Airtasker UK service taxonomy.,London
Airtasker,Chinese Tutor,Chinese Tutor,Tutoring & Lessons,General Tutoring & Lessons,kept_mapped,V2,https://www.airtasker.com/uk/services/,all_services_page,2026-09-05,Airtasker UK service taxonomy.,London
Airtasker,Chisel Sharpening,Chisel Sharpening,Specialist Repair Services,Sharpening Services,kept_mapped_final,V2,https://www.airtasker.com/uk/services/,all_services_page,2026-09-05,Airtasker UK service taxonomy.,London
Airtasker,Chocolate Delivery,Chocolate Delivery,Delivery Services,General Delivery,kept_mapped,V2,https://www.airtasker.com/uk/services/,all_services_page,2026-09-05,Airtasker UK service taxonomy.,London
Airtasker,Christian Counselling,Christian Counselling,Therapy & Counselling,Counselling,kept_mapped,V2,https://www.airtasker.com/uk/services/,all_services_page,2026-09-05,Airtasker UK service taxonomy.,London
Airtasker,Christmas Decorating,Christmas Decorating,Painting & Decorating,General Painting & Decorating,kept_mapped,V2,https://www.airtasker.com/uk/services/,all_services_page,2026-09-05,Airtasker UK service taxonomy.,London
Airtasker,Christmas Gift Delivery,Christmas Gift Delivery,Delivery Services,Gift Delivery,kept_mapped,V2,https://www.airtasker.com/uk/services/,all_services_page,2026-09-05,Airtasker UK service taxonomy.,London
Airtasker,Christmas Light Installations,Christmas Light Installations,Electrical Services,Lighting Installation,kept_mapped,V2,https://www.airtasker.com/uk/services/,all_services_page,2026-09-05,Airtasker UK service taxonomy.,London
Airtasker,Christmas Tree Delivery,Christmas Tree Delivery,Delivery Services,General Delivery,kept_mapped,V2,https://www.airtasker.com/uk/services/,all_services_page,2026-09-05,Airtasker UK service taxonomy.,London
Airtasker,Christmas Tree Disposal,Christmas Tree Disposal,"Waste, Clearance & Recycling",Christmas Tree Disposal,kept_mapped_final,V2,https://www.airtasker.com/uk/services/,all_services_page,2026-09-05,Airtasker UK service taxonomy.,London
Airtasker,Circuit Board Repair,Circuit Board Repair,Electronics Repair Services,Circuit Board Repair,kept_mapped_final,V2,https://www.airtasker.com/uk/services/,all_services_page,2026-09-05,Airtasker UK service taxonomy.,London
Airtasker,Cladding,Cladding,Cladding & Exterior Finishes,Cladding,kept_mapped_final,V2,https://www.airtasker.com/uk/services/,all_services_page,2026-09-05,Airtasker UK service taxonomy.,London
Airtasker,Cladding Cleaning,Cladding Cleaning,Cleaning Services,General Cleaning,kept_mapped,V2,https://www.airtasker.com/uk/services/,all_services_page,2026-09-05,Airtasker UK service taxonomy.,London
Airtasker,Cladding Repairs,Cladding Repairs,Cladding & Exterior Finishes,Cladding Repairs,kept_mapped_final,V2,https://www.airtasker.com/uk/services/,all_services_page,2026-09-05,Airtasker UK service taxonomy.,London
Airtasker,Cladding Replacement,Cladding Replacement,Cladding & Exterior Finishes,Cladding Replacement,kept_mapped_final,V2,https://www.airtasker.com/uk/services/,all_services_page,2026-09-05,Airtasker UK service taxonomy.,London
Airtasker,Clarinet Lessons,Clarinet Lessons,Tutoring & Lessons,General Tutoring & Lessons,kept_mapped,V2,https://www.airtasker.com/uk/services/,all_services_page,2026-09-05,Airtasker UK service taxonomy.,London
Airtasker,Cleaning,Cleaning,Cleaning Services,General Cleaning,kept_mapped,V2,https://www.airtasker.com/uk/services/,all_services_page,2026-09-05,Airtasker UK service taxonomy.,London
Airtasker,Cleaning Services,Cleaning Services,Cleaning Services,General Cleaning,kept_mapped,V2,https://www.airtasker.com/uk/services/,all_services_page,2026-09-05,Airtasker UK service taxonomy.,London
Airtasker,Clearance Services,Clearance Services,Waste Services,General Clearance,kept_mapped,V2,https://www.airtasker.com/uk/services/,all_services_page,2026-09-05,Airtasker UK service taxonomy.,London
Airtasker,Climbing Frame Installer,Climbing Frame Installer,"Handyman, Assembly & Mounting",Play Equipment Assembly,kept_mapped_final,V2,https://www.airtasker.com/uk/services/,all_services_page,2026-09-05,Airtasker UK service taxonomy.,London
Airtasker,Clock Repair,Clock Repair,Specialist Repair Services,Clock Repair,kept_mapped_final,V2,https://www.airtasker.com/uk/services/,all_services_page,2026-09-05,Airtasker UK service taxonomy.,London
Airtasker,Clothesline Installation,Clothesline Installation,Other Services / Unclassified,Clothesline Installation,kept_unclassified,V2,https://www.airtasker.com/uk/services/,all_services_page,2026-09-05,Airtasker UK service taxonomy.,London
Airtasker,Clothing Repair,Clothing Repair,"Fabric, Clothing & Specialist Repair",Clothing Repair,kept_mapped_final,V2,https://www.airtasker.com/uk/services/,all_services_page,2026-09-05,Airtasker UK service taxonomy.,London
Airtasker,Clown,Clown,Events & Wedding Services,Clown Entertainment,kept_mapped_final,V2,https://www.airtasker.com/uk/services/,all_services_page,2026-09-05,Airtasker UK service taxonomy.,London
Airtasker,Clutch Replacement,Clutch Replacement,Vehicle Services,Clutch Replacement,kept_mapped_final,V2,https://www.airtasker.com/uk/services/,all_services_page,2026-09-05,Airtasker UK service taxonomy.,London
Airtasker,Coaching,Coaching,Coaching & Personal Development,Coaching,kept_mapped_final,V2,https://www.airtasker.com/uk/services/,all_services_page,2026-09-05,Airtasker UK service taxonomy.,London
Airtasker,Coat Repair,Coat Repair,Tailoring & Clothing Alterations,Coat Repair,kept_mapped_final,V2,https://www.airtasker.com/uk/services/,all_services_page,2026-09-05,Airtasker UK service taxonomy.,London
Airtasker,Coding Tutor,Coding Tutor,Tutoring & Lessons,General Tutoring & Lessons,kept_mapped,V2,https://www.airtasker.com/uk/services/,all_services_page,2026-09-05,Airtasker UK service taxonomy.,London
Airtasker,Coffee Catering,Coffee Catering,Events & Creative,Catering,kept_mapped,V2,https://www.airtasker.com/uk/services/,all_services_page,2026-09-05,Airtasker UK service taxonomy.,London
Airtasker,Coffee Delivery,Coffee Delivery,Delivery Services,General Delivery,kept_mapped,V2,https://www.airtasker.com/uk/services/,all_services_page,2026-09-05,Airtasker UK service taxonomy.,London
Airtasker,Coffee Machine Repairs,Coffee Machine Repairs,Appliance & Equipment Services,Coffee Machine Repair,kept_mapped_final,V2,https://www.airtasker.com/uk/services/,all_services_page,2026-09-05,Airtasker UK service taxonomy.,London
Airtasker,Coffee Shop Designers,Coffee Shop Designers,Interior Design & Fit-Out,Coffee Shop Designers,kept_mapped_final,V2,https://www.airtasker.com/uk/services/,all_services_page,2026-09-05,Airtasker UK service taxonomy.,London
Airtasker,Coffee Table Repair,Coffee Table Repair,"Furniture, Carpentry & Woodwork",Coffee Table Repair,kept_mapped_final,V2,https://www.airtasker.com/uk/services/,all_services_page,2026-09-05,Airtasker UK service taxonomy.,London
Airtasker,Cognitive Behavioural Therapy,Cognitive Behavioural Therapy,Therapy & Counselling,Therapy,kept_mapped,V2,https://www.airtasker.com/uk/services/,all_services_page,2026-09-05,Airtasker UK service taxonomy.,London
Airtasker,Combi Boiler Repair,Combi Boiler Repair,Heating & Boiler Services,Boiler Repair,kept_mapped,V2,https://www.airtasker.com/uk/services/,all_services_page,2026-09-05,Airtasker UK service taxonomy.,London
Airtasker,Comedians,Comedians,Events & Wedding Services,Comedy Entertainment,kept_mapped_final,V2,https://www.airtasker.com/uk/services/,all_services_page,2026-09-05,Airtasker UK service taxonomy.,London
Airtasker,Commercial Cleaning,Commercial Cleaning,Cleaning Services,General Cleaning,kept_mapped,V2,https://www.airtasker.com/uk/services/,all_services_page,2026-09-05,Airtasker UK service taxonomy.,London
Airtasker,Commercial Kitchen Cleaning,Commercial Kitchen Cleaning,Cleaning Services,General Cleaning,kept_mapped,V2,https://www.airtasker.com/uk/services/,all_services_page,2026-09-05,Airtasker UK service taxonomy.,London
Airtasker,Commercial Landscaping,Commercial Landscaping,Gardening & Landscaping,Landscaping,kept_mapped,V2,https://www.airtasker.com/uk/services/,all_services_page,2026-09-05,Airtasker UK service taxonomy.,London
Airtasker,Commercial Laundry,Commercial Laundry,"Laundry, Housekeeping & Organisation",Laundry Services,kept_mapped_final,V2,https://www.airtasker.com/uk/services/,all_services_page,2026-09-05,Airtasker UK service taxonomy.,London
Airtasker,Commercial Painting,Commercial Painting,Painting & Decorating,General Painting & Decorating,kept_mapped,V2,https://www.airtasker.com/uk/services/,all_services_page,2026-09-05,Airtasker UK service taxonomy.,London
Airtasker,Commercial Photographer,Commercial Photographer,Photography,General Photography,kept_mapped,V2,https://www.airtasker.com/uk/services/,all_services_page,2026-09-05,Airtasker UK service taxonomy.,London
Airtasker,Commercial Roofing,Commercial Roofing,Roofing Services,General Roofing,kept_mapped,V2,https://www.airtasker.com/uk/services/,all_services_page,2026-09-05,Airtasker UK service taxonomy.,London
Airtasker,Commercial Waste Collection,Commercial Waste Collection,Waste Services,Waste Collection,kept_mapped,V2,https://www.airtasker.com/uk/services/,all_services_page,2026-09-05,Airtasker UK service taxonomy.,London
Airtasker,Commercial Window Cleaning,Commercial Window Cleaning,Cleaning Services,General Cleaning,kept_mapped,V2,https://www.airtasker.com/uk/services/,all_services_page,2026-09-05,Airtasker UK service taxonomy.,London
Airtasker,Computer Hardware,Computer Hardware,IT Support & Device Services,Computer Hardware,kept_mapped_final,V2,https://www.airtasker.com/uk/services/,all_services_page,2026-09-05,Airtasker UK service taxonomy.,London
Airtasker,Computer Repairs,Computer Repairs,IT Support & Device Services,Computer Repair,kept_mapped_final,V2,https://www.airtasker.com/uk/services/,all_services_page,2026-09-05,Airtasker UK service taxonomy.,London
Airtasker,Computer Science Tutor,Computer Science Tutor,Tutoring & Lessons,General Tutoring & Lessons,kept_mapped,V2,https://www.airtasker.com/uk/services/,all_services_page,2026-09-05,Airtasker UK service taxonomy.,London
Airtasker,Computer Support,Computer Support,IT Support & Device Services,Computer Support,kept_mapped_final,V2,https://www.airtasker.com/uk/services/,all_services_page,2026-09-05,Airtasker UK service taxonomy.,London
Airtasker,Computer Training,Computer Training,IT Support & Device Services,Computer Training,kept_mapped_final,V2,https://www.airtasker.com/uk/services/,all_services_page,2026-09-05,Airtasker UK service taxonomy.,London
Airtasker,Computer Upgrades,Computer Upgrades,IT Support & Device Services,Computer Upgrades,kept_mapped_final,V2,https://www.airtasker.com/uk/services/,all_services_page,2026-09-05,Airtasker UK service taxonomy.,London
Airtasker,Computers & IT,Computers & IT,IT Support & Device Services,Computers & IT,kept_mapped_final,V2,https://www.airtasker.com/uk/services/,all_services_page,2026-09-05,Airtasker UK service taxonomy.,London
Airtasker,Concert Photographer,Concert Photographer,Photography,General Photography,kept_mapped,V2,https://www.airtasker.com/uk/services/,all_services_page,2026-09-05,Airtasker UK service taxonomy.,London
Airtasker,Concrete Cutting,Concrete Cutting,Concrete & Aggregate Services,Concrete Cutting,kept_mapped_final,V2,https://www.airtasker.com/uk/services/,all_services_page,2026-09-05,Airtasker UK service taxonomy.,London
Airtasker,Concrete Delivery,Concrete Delivery,Delivery Services,General Delivery,kept_mapped,V2,https://www.airtasker.com/uk/services/,all_services_page,2026-09-05,Airtasker UK service taxonomy.,London
Airtasker,Concrete Floor Cleaning,Concrete Floor Cleaning,Cleaning Services,General Cleaning,kept_mapped,V2,https://www.airtasker.com/uk/services/,all_services_page,2026-09-05,Airtasker UK service taxonomy.,London
Airtasker,Concrete Floor Polishing,Concrete Floor Polishing,Concrete & Aggregate Services,Concrete Floor Polishing,kept_mapped_final,V2,https://www.airtasker.com/uk/services/,all_services_page,2026-09-05,Airtasker UK service taxonomy.,London
Airtasker,Concrete Flooring,Concrete Flooring,Flooring,General Flooring,kept_mapped,V2,https://www.airtasker.com/uk/services/,all_services_page,2026-09-05,Airtasker UK service taxonomy.,London
Airtasker,Concrete Repair,Concrete Repair,Concrete & Aggregate Services,Concrete Repair,kept_mapped_final,V2,https://www.airtasker.com/uk/services/,all_services_page,2026-09-05,Airtasker UK service taxonomy.,London
Airtasker,Concrete Resurfacing,Concrete Resurfacing,Concrete & Aggregate Services,Concrete Resurfacing,kept_mapped_final,V2,https://www.airtasker.com/uk/services/,all_services_page,2026-09-05,Airtasker UK service taxonomy.,London
Airtasker,Concreting,Concreting,Concrete & Aggregate Services,Concrete Work,kept_mapped_final,V2,https://www.airtasker.com/uk/services/,all_services_page,2026-09-05,Airtasker UK service taxonomy.,London
Airtasker,Conservatory Blinds Installation,Conservatory Blinds Installation,Conservatory Services,Conservatory Installation,kept_mapped,V2,https://www.airtasker.com/uk/services/,all_services_page,2026-09-05,Airtasker UK service taxonomy.,London
Airtasker,Conservatory Cleaning,Conservatory Cleaning,Conservatory Services,General Conservatory Services,kept_mapped,V2,https://www.airtasker.com/uk/services/,all_services_page,2026-09-05,Airtasker UK service taxonomy.,London
Airtasker,Conservatory Extension,Conservatory Extension,Conservatory Services,General Conservatory Services,kept_mapped,V2,https://www.airtasker.com/uk/services/,all_services_page,2026-09-05,Airtasker UK service taxonomy.,London
Airtasker,Conservatory Insulation,Conservatory Insulation,Insulation Services,General Insulation,kept_mapped,V2,https://www.airtasker.com/uk/services/,all_services_page,2026-09-05,Airtasker UK service taxonomy.,London
Airtasker,Conservatory Repairs,Conservatory Repairs,Conservatory Services,Conservatory Repair,kept_mapped,V2,https://www.airtasker.com/uk/services/,all_services_page,2026-09-05,Airtasker UK service taxonomy.,London
Airtasker,Conservatory Roof Replacement,Conservatory Roof Replacement,Conservatory Services,Conservatory Roofing,kept_mapped,V2,https://www.airtasker.com/uk/services/,all_services_page,2026-09-05,Airtasker UK service taxonomy.,London
Airtasker,Console Repair,Console Repair,Electronics Repair Services,Games Console Repair,kept_mapped_final,V2,https://www.airtasker.com/uk/services/,all_services_page,2026-09-05,Airtasker UK service taxonomy.,London
Airtasker,Content Creation,Content Creation,Marketing & Creative Services,Content Creation,kept_mapped_final,V2,https://www.airtasker.com/uk/services/,all_services_page,2026-09-05,Airtasker UK service taxonomy.,London
Airtasker,Cooker Hood Installation & Repair,Cooker Hood Installation & Repair,Appliance & Equipment Services,Cooker Hood Installation & Repair,kept_mapped_final,V2,https://www.airtasker.com/uk/services/,all_services_page,2026-09-05,Airtasker UK service taxonomy.,London
Airtasker,Cooking,Cooking,"Food, Baking & Personal Chef Services",Cooking,kept_mapped_final,V2,https://www.airtasker.com/uk/services/,all_services_page,2026-09-05,Airtasker UK service taxonomy.,London
Airtasker,Cooking Lessons,Cooking Lessons,Tutoring & Lessons,General Tutoring & Lessons,kept_mapped,V2,https://www.airtasker.com/uk/services/,all_services_page,2026-09-05,Airtasker UK service taxonomy.,London
Airtasker,Cooktop Installation,Cooktop Installation,Appliance & Equipment Services,Cooktop Installation,kept_mapped_final,V2,https://www.airtasker.com/uk/services/,all_services_page,2026-09-05,Airtasker UK service taxonomy.,London
Airtasker,Copywriting,Copywriting,"Writing, Translation & Language Services",Copywriting,kept_mapped_final,V2,https://www.airtasker.com/uk/services/,all_services_page,2026-09-05,Airtasker UK service taxonomy.,London
Airtasker,Cork Flooring,Cork Flooring,Flooring,General Flooring,kept_mapped,V2,https://www.airtasker.com/uk/services/,all_services_page,2026-09-05,Airtasker UK service taxonomy.,London
Airtasker,Cornice Repair,Cornice Repair,"Painting, Decorating & Wall Finishes",Cornice Repair,kept_mapped_final,V2,https://www.airtasker.com/uk/services/,all_services_page,2026-09-05,Airtasker UK service taxonomy.,London
Airtasker,Corporate Photographers,Corporate Photographers,Photography,General Photography,kept_mapped,V2,https://www.airtasker.com/uk/services/,all_services_page,2026-09-05,Airtasker UK service taxonomy.,London
Airtasker,Costa Coffee Delivery,Costa Coffee Delivery,Delivery Services,General Delivery,kept_mapped,V2,https://www.airtasker.com/uk/services/,all_services_page,2026-09-05,Airtasker UK service taxonomy.,London
Airtasker,Costume Maker,Costume Maker,"Fabric, Clothing & Specialist Repair",Costume Maker,kept_mapped_final,V2,https://www.airtasker.com/uk/services/,all_services_page,2026-09-05,Airtasker UK service taxonomy.,London
Airtasker,Couch Cleaning,Couch Cleaning,Cleaning Services,General Cleaning,kept_mapped,V2,https://www.airtasker.com/uk/services/,all_services_page,2026-09-05,Airtasker UK service taxonomy.,London
Airtasker,Counselling & Therapy,Counselling & Therapy,Therapy & Counselling,Counselling,kept_mapped,V2,https://www.airtasker.com/uk/services/,all_services_page,2026-09-05,Airtasker UK service taxonomy.,London
Airtasker,Couple Photoshoots,Couple Photoshoots,Other Services / Unclassified,Couple Photoshoots,kept_unclassified,V2,https://www.airtasker.com/uk/services/,all_services_page,2026-09-05,Airtasker UK service taxonomy.,London
Airtasker,Courier Services,Courier Services,Delivery Services,Courier Services,kept_mapped,V2,https://www.airtasker.com/uk/services/,all_services_page,2026-09-05,Airtasker UK service taxonomy.,London
Airtasker,Creative Writer,Creative Writer,"Writing, Translation & Language Services",Creative Writing,kept_mapped_final,V2,https://www.airtasker.com/uk/services/,all_services_page,2026-09-05,Airtasker UK service taxonomy.,London
Airtasker,Cube Storage Assembly,Cube Storage Assembly,"Handyman, Assembly & Mounting",Cube Storage Assembly,kept_mapped_final,V2,https://www.airtasker.com/uk/services/,all_services_page,2026-09-05,Airtasker UK service taxonomy.,London
Airtasker,Curly Hair Specialists,Curly Hair Specialists,Hair & Barber Services,Curly Hair Services,kept_mapped_final,V2,https://www.airtasker.com/uk/services/,all_services_page,2026-09-05,Airtasker UK service taxonomy.,London
Airtasker,Curtain Cleaning,Curtain Cleaning,Cleaning Services,General Cleaning,kept_mapped,V2,https://www.airtasker.com/uk/services/,all_services_page,2026-09-05,Airtasker UK service taxonomy.,London
Airtasker,Curtain Dry Cleaning,Curtain Dry Cleaning,Cleaning Services,General Cleaning,kept_mapped,V2,https://www.airtasker.com/uk/services/,all_services_page,2026-09-05,Airtasker UK service taxonomy.,London
Airtasker,Curtain Rod Installation,Curtain Rod Installation,"Curtains, Awnings & Window Dressings",Curtain Track & Pole Installation,kept_mapped_final,V2,https://www.airtasker.com/uk/services/,all_services_page,2026-09-05,Airtasker UK service taxonomy.,London
Airtasker,Curtains & Blinds Fitters,Curtains & Blinds Fitters,Blinds & Shutters,General Blinds & Shutters,kept_mapped,V2,https://www.airtasker.com/uk/services/,all_services_page,2026-09-05,Airtasker UK service taxonomy.,London
Airtasker,Custom Birthday Cakes,Custom Birthday Cakes,Other Services / Unclassified,Custom Birthday Cakes,kept_unclassified,V2,https://www.airtasker.com/uk/services/,all_services_page,2026-09-05,Airtasker UK service taxonomy.,London
Airtasker,Custom Cakes,Custom Cakes,"Food, Baking & Personal Chef Services",Custom Cakes,kept_mapped_final,V2,https://www.airtasker.com/uk/services/,all_services_page,2026-09-05,Airtasker UK service taxonomy.,London
Airtasker,Custom Shelving,Custom Shelving,"Furniture, Carpentry & Woodwork",Custom Shelving,kept_mapped_final,V2,https://www.airtasker.com/uk/services/,all_services_page,2026-09-05,Airtasker UK service taxonomy.,London
Airtasker,Cycling Training,Cycling Training,Training & Instruction,Cycling Training,kept_mapped_final,V2,https://www.airtasker.com/uk/services/,all_services_page,2026-09-05,Airtasker UK service taxonomy.,London
Airtasker,DBT Therapy,DBT Therapy,Therapy & Counselling,Therapy,kept_mapped,V2,https://www.airtasker.com/uk/services/,all_services_page,2026-09-05,Airtasker UK service taxonomy.,London
Airtasker,DJ,DJ,Events & Creative,DJ Services,kept_mapped,V2,https://www.airtasker.com/uk/services/,all_services_page,2026-09-05,Airtasker UK service taxonomy.,London
Airtasker,Damp Proofing,Damp Proofing,Roofing Services,General Roofing,kept_mapped,V2,https://www.airtasker.com/uk/services/,all_services_page,2026-09-05,Airtasker UK service taxonomy.,London
Airtasker,Damp Surveyor,Damp Surveyor,"Architecture, Surveying & Planning",Damp Surveyor,kept_mapped_final,V2,https://www.airtasker.com/uk/services/,all_services_page,2026-09-05,Airtasker UK service taxonomy.,London
Airtasker,Dance Lessons,Dance Lessons,Tutoring & Lessons,General Tutoring & Lessons,kept_mapped,V2,https://www.airtasker.com/uk/services/,all_services_page,2026-09-05,Airtasker UK service taxonomy.,London
Airtasker,Dancer,Dancer,Events & Wedding Services,Dance Entertainment,kept_mapped_final,V2,https://www.airtasker.com/uk/services/,all_services_page,2026-09-05,Airtasker UK service taxonomy.,London
Airtasker,Dash Cam Installation,Dash Cam Installation,Other Services / Unclassified,Dash Cam Installation,kept_unclassified,V2,https://www.airtasker.com/uk/services/,all_services_page,2026-09-05,Airtasker UK service taxonomy.,London
Airtasker,Data Cable Installation,Data Cable Installation,"Smart Home, Network & Cabling",Data & Network Cabling,kept_mapped_final,V2,https://www.airtasker.com/uk/services/,all_services_page,2026-09-05,Airtasker UK service taxonomy.,London
Airtasker,Data Entry,Data Entry,Business & Administrative Services,Data Entry,kept_mapped_final,V2,https://www.airtasker.com/uk/services/,all_services_page,2026-09-05,Airtasker UK service taxonomy.,London
Airtasker,Data Recovery,Data Recovery,IT Support & Device Services,Data Recovery,kept_mapped_final,V2,https://www.airtasker.com/uk/services/,all_services_page,2026-09-05,Airtasker UK service taxonomy.,London
Airtasker,Database Developer,Database Developer,Software & Development Services,Database Services,kept_mapped_final,V2,https://www.airtasker.com/uk/services/,all_services_page,2026-09-05,Airtasker UK service taxonomy.,London
Airtasker,Deck Repair,Deck Repair,Decking Services,Deck Repair,kept_mapped_final,V2,https://www.airtasker.com/uk/services/,all_services_page,2026-09-05,Airtasker UK service taxonomy.,London
Airtasker,Deck Sealing,Deck Sealing,Decking Services,Deck Sealing,kept_mapped_final,V2,https://www.airtasker.com/uk/services/,all_services_page,2026-09-05,Airtasker UK service taxonomy.,London
Airtasker,Deck Staining,Deck Staining,Decking Services,Deck Staining,kept_mapped_final,V2,https://www.airtasker.com/uk/services/,all_services_page,2026-09-05,Airtasker UK service taxonomy.,London
Airtasker,Decking,Decking,Decking Services,General Decking,kept_mapped_final,V2,https://www.airtasker.com/uk/services/,all_services_page,2026-09-05,Airtasker UK service taxonomy.,London
Airtasker,Decluttering,Decluttering,"Laundry, Housekeeping & Organisation",Decluttering,kept_mapped_final,V2,https://www.airtasker.com/uk/services/,all_services_page,2026-09-05,Airtasker UK service taxonomy.,London
Airtasker,Delivery,Delivery,Delivery Services,General Delivery,kept_mapped,V2,https://www.airtasker.com/uk/services/,all_services_page,2026-09-05,Airtasker UK service taxonomy.,London
Airtasker,Demolition,Demolition,Building & Construction,Demolition,kept_mapped,V2,https://www.airtasker.com/uk/services/,all_services_page,2026-09-05,Airtasker UK service taxonomy.,London
Airtasker,Depression Counselling,Depression Counselling,Therapy & Counselling,Counselling,kept_mapped,V2,https://www.airtasker.com/uk/services/,all_services_page,2026-09-05,Airtasker UK service taxonomy.,London
Airtasker,Design,Design,Other Services / Unclassified,Design,kept_unclassified,V2,https://www.airtasker.com/uk/services/,all_services_page,2026-09-05,Airtasker UK service taxonomy.,London
Airtasker,Dessert Catering,Dessert Catering,Events & Creative,Catering,kept_mapped,V2,https://www.airtasker.com/uk/services/,all_services_page,2026-09-05,Airtasker UK service taxonomy.,London
Airtasker,Dessert Delivery,Dessert Delivery,Delivery Services,General Delivery,kept_mapped,V2,https://www.airtasker.com/uk/services/,all_services_page,2026-09-05,Airtasker UK service taxonomy.,London
Airtasker,Destination Wedding Photographer,Destination Wedding Photographer,Photography,Wedding Photography,kept_mapped,V2,https://www.airtasker.com/uk/services/,all_services_page,2026-09-05,Airtasker UK service taxonomy.,London
Airtasker,Dietitian,Dietitian,"Health, Therapy & Wellness",Dietitian,kept_mapped_final,V2,https://www.airtasker.com/uk/services/,all_services_page,2026-09-05,Airtasker UK service taxonomy.,London
Airtasker,Digital Design,Digital Design,Marketing & Creative Services,Digital Design,kept_mapped_final,V2,https://www.airtasker.com/uk/services/,all_services_page,2026-09-05,Airtasker UK service taxonomy.,London
Airtasker,Dining Chair Repair,Dining Chair Repair,"Furniture, Carpentry & Woodwork",Dining Chair Repair,kept_mapped_final,V2,https://www.airtasker.com/uk/services/,all_services_page,2026-09-05,Airtasker UK service taxonomy.,London
Airtasker,Dining Room Painting,Dining Room Painting,Painting & Decorating,General Painting & Decorating,kept_mapped,V2,https://www.airtasker.com/uk/services/,all_services_page,2026-09-05,Airtasker UK service taxonomy.,London
Airtasker,Dinner Delivery,Dinner Delivery,Delivery Services,General Delivery,kept_mapped,V2,https://www.airtasker.com/uk/services/,all_services_page,2026-09-05,Airtasker UK service taxonomy.,London
Airtasker,Disassembly,Disassembly,Home Improvement & General Maintenance,Disassembly,kept_mapped_final,V2,https://www.airtasker.com/uk/services/,all_services_page,2026-09-05,Airtasker UK service taxonomy.,London
Airtasker,Dishwasher Not Draining,Dishwasher Not Draining,Appliance & Equipment Services,Dishwasher Not Draining,kept_mapped_final,V2,https://www.airtasker.com/uk/services/,all_services_page,2026-09-05,Airtasker UK service taxonomy.,London
Airtasker,Dishwasher Removal,Dishwasher Removal,Removals & Moving,General Removals,kept_mapped,V2,https://www.airtasker.com/uk/services/,all_services_page,2026-09-05,Airtasker UK service taxonomy.,London
Airtasker,Dishwasher Repair,Dishwasher Repair,Appliance Repair,Dishwasher Repair,kept_mapped,V2,https://www.airtasker.com/uk/services/,all_services_page,2026-09-05,Airtasker UK service taxonomy.,London
Airtasker,Diving Lessons,Diving Lessons,Tutoring & Lessons,General Tutoring & Lessons,kept_mapped,V2,https://www.airtasker.com/uk/services/,all_services_page,2026-09-05,Airtasker UK service taxonomy.,London
Airtasker,Divorce Counselling,Divorce Counselling,Therapy & Counselling,Counselling,kept_mapped,V2,https://www.airtasker.com/uk/services/,all_services_page,2026-09-05,Airtasker UK service taxonomy.,London
Airtasker,Document Filing,Document Filing,Business & Administrative Services,Document Filing,kept_mapped_final,V2,https://www.airtasker.com/uk/services/,all_services_page,2026-09-05,Airtasker UK service taxonomy.,London
Airtasker,Documentary Wedding Photographer,Documentary Wedding Photographer,Photography,Wedding Photography,kept_mapped,V2,https://www.airtasker.com/uk/services/,all_services_page,2026-09-05,Airtasker UK service taxonomy.,London
Airtasker,Dog Boarding,Dog Boarding,Pet & Animal Services,Dog Boarding,kept_mapped_final,V2,https://www.airtasker.com/uk/services/,all_services_page,2026-09-05,Airtasker UK service taxonomy.,London
Airtasker,Dog Care,Dog Care,Pet & Animal Services,Dog Care,kept_mapped_final,V2,https://www.airtasker.com/uk/services/,all_services_page,2026-09-05,Airtasker UK service taxonomy.,London
Airtasker,Dog Day Care,Dog Day Care,Pet & Animal Services,Dog Day Care,kept_mapped_final,V2,https://www.airtasker.com/uk/services/,all_services_page,2026-09-05,Airtasker UK service taxonomy.,London
Airtasker,Dog Door Installation,Dog Door Installation,Doors & Door Services,Door Installation,kept_mapped,V2,https://www.airtasker.com/uk/services/,all_services_page,2026-09-05,Airtasker UK service taxonomy.,London
Airtasker,Dog Food Delivery,Dog Food Delivery,Delivery Services,Food Delivery,kept_mapped,V2,https://www.airtasker.com/uk/services/,all_services_page,2026-09-05,Airtasker UK service taxonomy.,London
Airtasker,Dog Grooming,Dog Grooming,Pet Services,Pet Grooming,kept_mapped,V2,https://www.airtasker.com/uk/services/,all_services_page,2026-09-05,Airtasker UK service taxonomy.,London
Airtasker,Dog House Builder,Dog House Builder,Building & Construction,General Building,kept_mapped,V2,https://www.airtasker.com/uk/services/,all_services_page,2026-09-05,Airtasker UK service taxonomy.,London
Airtasker,Dog Sitting,Dog Sitting,Pet Services,Pet Sitting,kept_mapped,V2,https://www.airtasker.com/uk/services/,all_services_page,2026-09-05,Airtasker UK service taxonomy.,London
Airtasker,Dog Training,Dog Training,Pet Services,Pet Training,kept_mapped,V2,https://www.airtasker.com/uk/services/,all_services_page,2026-09-05,Airtasker UK service taxonomy.,London
Airtasker,Dog Walking,Dog Walking,Pet Services,Dog Walking,kept_mapped,V2,https://www.airtasker.com/uk/services/,all_services_page,2026-09-05,Airtasker UK service taxonomy.,London
Airtasker,Dog Wash,Dog Wash,Pet & Animal Services,Dog Wash,kept_mapped_final,V2,https://www.airtasker.com/uk/services/,all_services_page,2026-09-05,Airtasker UK service taxonomy.,London
Airtasker,Donut Delivery,Donut Delivery,Delivery Services,General Delivery,kept_mapped,V2,https://www.airtasker.com/uk/services/,all_services_page,2026-09-05,Airtasker UK service taxonomy.,London
Airtasker,Door Frame Fitting,Door Frame Fitting,"Doors, Windows & Glazing",Door Frame Fitting,kept_mapped_final,V2,https://www.airtasker.com/uk/services/,all_services_page,2026-09-05,Airtasker UK service taxonomy.,London
Airtasker,Door Frame Installation,Door Frame Installation,Doors & Door Services,Door Installation,kept_mapped,V2,https://www.airtasker.com/uk/services/,all_services_page,2026-09-05,Airtasker UK service taxonomy.,London
Airtasker,Door Handle Fitting & Repair,Door Handle Fitting & Repair,Doors & Door Services,Door Repair,kept_mapped,V2,https://www.airtasker.com/uk/services/,all_services_page,2026-09-05,Airtasker UK service taxonomy.,London
Airtasker,Door Hanging,Door Hanging,Carpentry & Joinery,Door Fitting,kept_mapped,V2,https://www.airtasker.com/uk/services/,all_services_page,2026-09-05,Airtasker UK service taxonomy.,London
Airtasker,Door Installation,Door Installation,Doors & Door Services,Door Installation,kept_mapped,V2,https://www.airtasker.com/uk/services/,all_services_page,2026-09-05,Airtasker UK service taxonomy.,London
Airtasker,Door Knob Installation,Door Knob Installation,Doors & Door Services,Door Installation,kept_mapped,V2,https://www.airtasker.com/uk/services/,all_services_page,2026-09-05,Airtasker UK service taxonomy.,London
Airtasker,Door Repair,Door Repair,Doors & Door Services,Door Repair,kept_mapped,V2,https://www.airtasker.com/uk/services/,all_services_page,2026-09-05,Airtasker UK service taxonomy.,London
Airtasker,Double Glazing,Double Glazing,Windows & Glazing,Double Glazing,kept_mapped,V2,https://www.airtasker.com/uk/services/,all_services_page,2026-09-05,Airtasker UK service taxonomy.,London
Airtasker,Double Glazing Replacement,Double Glazing Replacement,Windows & Glazing,Double Glazing,kept_mapped,V2,https://www.airtasker.com/uk/services/,all_services_page,2026-09-05,Airtasker UK service taxonomy.,London
Airtasker,Downlights Installation,Downlights Installation,Other Services / Unclassified,Downlights Installation,kept_unclassified,V2,https://www.airtasker.com/uk/services/,all_services_page,2026-09-05,Airtasker UK service taxonomy.,London
Airtasker,Downpipe Installation & Repair,Downpipe Installation & Repair,Roofing Services,Downpipe Installation & Repair,kept_mapped_final,V2,https://www.airtasker.com/uk/services/,all_services_page,2026-09-05,Airtasker UK service taxonomy.,London
Airtasker,Drafting,Drafting,Business & Administrative Services,Drafting,kept_mapped_final,V2,https://www.airtasker.com/uk/services/,all_services_page,2026-09-05,Airtasker UK service taxonomy.,London
Airtasker,Draftsman,Draftsman,Business & Administrative Services,Drafting Services,kept_mapped_final,V2,https://www.airtasker.com/uk/services/,all_services_page,2026-09-05,Airtasker UK service taxonomy.,London
Airtasker,Drain Cleaning,Drain Cleaning,Cleaning Services,General Cleaning,kept_mapped,V2,https://www.airtasker.com/uk/services/,all_services_page,2026-09-05,Airtasker UK service taxonomy.,London
Airtasker,Draught Proofing,Draught Proofing,Roofing Services,General Roofing,kept_mapped,V2,https://www.airtasker.com/uk/services/,all_services_page,2026-09-05,Airtasker UK service taxonomy.,London
Airtasker,Drawing,Drawing,"Printing, Signage & Art Services",Drawing Services,kept_mapped_final,V2,https://www.airtasker.com/uk/services/,all_services_page,2026-09-05,Airtasker UK service taxonomy.,London
Airtasker,Drawing Lessons,Drawing Lessons,Tutoring & Lessons,General Tutoring & Lessons,kept_mapped,V2,https://www.airtasker.com/uk/services/,all_services_page,2026-09-05,Airtasker UK service taxonomy.,London
Airtasker,Dressmakers,Dressmakers,Tailoring & Clothing Alterations,Dressmakers,kept_mapped_final,V2,https://www.airtasker.com/uk/services/,all_services_page,2026-09-05,Airtasker UK service taxonomy.,London
Airtasker,Dried Flower Delivery,Dried Flower Delivery,Delivery Services,Flower Delivery,kept_mapped,V2,https://www.airtasker.com/uk/services/,all_services_page,2026-09-05,Airtasker UK service taxonomy.,London
Airtasker,Drip Irrigation Systems,Drip Irrigation Systems,Agricultural & Rural Services,Drip Irrigation Systems,kept_mapped_final,V2,https://www.airtasker.com/uk/services/,all_services_page,2026-09-05,Airtasker UK service taxonomy.,London
Airtasker,Driveway Cleaning,Driveway Cleaning,Cleaning Services,General Cleaning,kept_mapped,V2,https://www.airtasker.com/uk/services/,all_services_page,2026-09-05,Airtasker UK service taxonomy.,London
Airtasker,Driveway Repair,Driveway Repair,Driveways & Paving,Driveway Repair,kept_mapped,V2,https://www.airtasker.com/uk/services/,all_services_page,2026-09-05,Airtasker UK service taxonomy.,London
Airtasker,Driveway Sealing,Driveway Sealing,"Driveways, Paving & Surfacing",Driveway Sealing,kept_mapped_final,V2,https://www.airtasker.com/uk/services/,all_services_page,2026-09-05,Airtasker UK service taxonomy.,London
Airtasker,Driving,Driving,Other Services / Unclassified,Driving,kept_unclassified,V2,https://www.airtasker.com/uk/services/,all_services_page,2026-09-05,Airtasker UK service taxonomy.,London
Airtasker,Driving Lessons,Driving Lessons,Tutoring & Lessons,General Tutoring & Lessons,kept_mapped,V2,https://www.airtasker.com/uk/services/,all_services_page,2026-09-05,Airtasker UK service taxonomy.,London
Airtasker,Drone Repair,Drone Repair,Appliance & Equipment Services,Drone Repair,kept_mapped_final,V2,https://www.airtasker.com/uk/services/,all_services_page,2026-09-05,Airtasker UK service taxonomy.,London
Airtasker,Drone Training,Drone Training,Training & Instruction,Drone Training,kept_mapped_final,V2,https://www.airtasker.com/uk/services/,all_services_page,2026-09-05,Airtasker UK service taxonomy.,London
Airtasker,Drum Lessons,Drum Lessons,Tutoring & Lessons,General Tutoring & Lessons,kept_mapped,V2,https://www.airtasker.com/uk/services/,all_services_page,2026-09-05,Airtasker UK service taxonomy.,London
Airtasker,Dry Carpet Cleaning,Dry Carpet Cleaning,Cleaning Services,General Cleaning,kept_mapped,V2,https://www.airtasker.com/uk/services/,all_services_page,2026-09-05,Airtasker UK service taxonomy.,London
Airtasker,Dry Rot Treatment,Dry Rot Treatment,"Damp, Waterproofing & Restoration",Dry Rot Treatment,kept_mapped_final,V2,https://www.airtasker.com/uk/services/,all_services_page,2026-09-05,Airtasker UK service taxonomy.,London
Airtasker,Dryer Installation,Dryer Installation,Appliance & Equipment Services,Dryer Installation,kept_mapped_final,V2,https://www.airtasker.com/uk/services/,all_services_page,2026-09-05,Airtasker UK service taxonomy.,London
Airtasker,Dryer Repair,Dryer Repair,Appliance & Equipment Services,Dryer Repair,kept_mapped_final,V2,https://www.airtasker.com/uk/services/,all_services_page,2026-09-05,Airtasker UK service taxonomy.,London
Airtasker,Drywall Repair & Patch,Drywall Repair & Patch,"Painting, Decorating & Wall Finishes",Drywall Repair,kept_mapped_final,V2,https://www.airtasker.com/uk/services/,all_services_page,2026-09-05,Airtasker UK service taxonomy.,London
Airtasker,Duct Cleaning,Duct Cleaning,Cleaning Services,General Cleaning,kept_mapped,V2,https://www.airtasker.com/uk/services/,all_services_page,2026-09-05,Airtasker UK service taxonomy.,London
Airtasker,Dunelm Furniture Assembly,Dunelm Furniture Assembly,Furniture Services,Furniture Assembly,kept_mapped,V2,https://www.airtasker.com/uk/services/,all_services_page,2026-09-05,Airtasker UK service taxonomy.,London
Airtasker,Dusting,Dusting,Other Services / Unclassified,Dusting,kept_unclassified,V2,https://www.airtasker.com/uk/services/,all_services_page,2026-09-05,Airtasker UK service taxonomy.,London
Airtasker,Dutch Lessons,Dutch Lessons,Tutoring & Lessons,General Tutoring & Lessons,kept_mapped,V2,https://www.airtasker.com/uk/services/,all_services_page,2026-09-05,Airtasker UK service taxonomy.,London
Airtasker,Duvet Dry Cleaning,Duvet Dry Cleaning,Cleaning Services,General Cleaning,kept_mapped,V2,https://www.airtasker.com/uk/services/,all_services_page,2026-09-05,Airtasker UK service taxonomy.,London
Airtasker,Dyson Wall Mounting,Dyson Wall Mounting,"Handyman, Assembly & Mounting",Dyson Wall Mounting,kept_mapped_final,V2,https://www.airtasker.com/uk/services/,all_services_page,2026-09-05,Airtasker UK service taxonomy.,London
Airtasker,EMDR Therapy,EMDR Therapy,Therapy & Counselling,Therapy,kept_mapped,V2,https://www.airtasker.com/uk/services/,all_services_page,2026-09-05,Airtasker UK service taxonomy.,London
Airtasker,EPDM Roofing,EPDM Roofing,Roofing Services,General Roofing,kept_mapped,V2,https://www.airtasker.com/uk/services/,all_services_page,2026-09-05,Airtasker UK service taxonomy.,London
Airtasker,EV Services,EV Services,Other Services / Unclassified,EV Services,kept_unclassified,V2,https://www.airtasker.com/uk/services/,all_services_page,2026-09-05,Airtasker UK service taxonomy.,London
Airtasker,Ear Piercing,Ear Piercing,Tattoo & Piercing,Piercing Services,kept_mapped,V2,https://www.airtasker.com/uk/services/,all_services_page,2026-09-05,Airtasker UK service taxonomy.,London
Airtasker,Earthmoving Contractors,Earthmoving Contractors,"Groundworks, Excavation & Plant Hire",Earthmoving,kept_mapped_final,V2,https://www.airtasker.com/uk/services/,all_services_page,2026-09-05,Airtasker UK service taxonomy.,London
Airtasker,Eating Disorder Therapy,Eating Disorder Therapy,Therapy & Counselling,Therapy,kept_mapped,V2,https://www.airtasker.com/uk/services/,all_services_page,2026-09-05,Airtasker UK service taxonomy.,London
Airtasker,Economics Tutor,Economics Tutor,Tutoring & Lessons,General Tutoring & Lessons,kept_mapped,V2,https://www.airtasker.com/uk/services/,all_services_page,2026-09-05,Airtasker UK service taxonomy.,London
Airtasker,Edinburgh to Aberdeen Removals,Edinburgh to Aberdeen Removals,Removals & Moving,General Removals,kept_mapped,V2,https://www.airtasker.com/uk/services/,all_services_page,2026-09-05,Airtasker UK service taxonomy.,London
Airtasker,Edinburgh to Cambridge Removals,Edinburgh to Cambridge Removals,Removals & Moving,General Removals,kept_mapped,V2,https://www.airtasker.com/uk/services/,all_services_page,2026-09-05,Airtasker UK service taxonomy.,London
Airtasker,Edinburgh to Croydon Removals,Edinburgh to Croydon Removals,Removals & Moving,General Removals,kept_mapped,V2,https://www.airtasker.com/uk/services/,all_services_page,2026-09-05,Airtasker UK service taxonomy.,London
Airtasker,Edinburgh to Dover Removals,Edinburgh to Dover Removals,Removals & Moving,General Removals,kept_mapped,V2,https://www.airtasker.com/uk/services/,all_services_page,2026-09-05,Airtasker UK service taxonomy.,London
Airtasker,Edinburgh to Dundee Removals,Edinburgh to Dundee Removals,Removals & Moving,General Removals,kept_mapped,V2,https://www.airtasker.com/uk/services/,all_services_page,2026-09-05,Airtasker UK service taxonomy.,London
Airtasker,Edinburgh to Glasgow Removals,Edinburgh to Glasgow Removals,Removals & Moving,General Removals,kept_mapped,V2,https://www.airtasker.com/uk/services/,all_services_page,2026-09-05,Airtasker UK service taxonomy.,London
Airtasker,Edinburgh to Leeds Removals,Edinburgh to Leeds Removals,Removals & Moving,General Removals,kept_mapped,V2,https://www.airtasker.com/uk/services/,all_services_page,2026-09-05,Airtasker UK service taxonomy.,London
Airtasker,Edinburgh to Liverpool Removals,Edinburgh to Liverpool Removals,Removals & Moving,General Removals,kept_mapped,V2,https://www.airtasker.com/uk/services/,all_services_page,2026-09-05,Airtasker UK service taxonomy.,London
Airtasker,Edinburgh to Newcastle Removals,Edinburgh to Newcastle Removals,Removals & Moving,General Removals,kept_mapped,V2,https://www.airtasker.com/uk/services/,all_services_page,2026-09-05,Airtasker UK service taxonomy.,London
Airtasker,Electric Bike Repair,Electric Bike Repair,Vehicle Services,Bicycle Repair,kept_mapped_final,V2,https://www.airtasker.com/uk/services/,all_services_page,2026-09-05,Airtasker UK service taxonomy.,London
Airtasker,Electric Boiler Installation & Repairs,Electric Boiler Installation & Repairs,Heating & Boiler Services,Boiler Installation,kept_mapped,V2,https://www.airtasker.com/uk/services/,all_services_page,2026-09-05,Airtasker UK service taxonomy.,London
Airtasker,Electric Car Service,Electric Car Service,Vehicle Services,Vehicle Servicing,kept_mapped,V2,https://www.airtasker.com/uk/services/,all_services_page,2026-09-05,Airtasker UK service taxonomy.,London
Airtasker,Electric Cooker Installation and Repair,Electric Cooker Installation and Repair,Electrical Services,Electric Cooker Installation and Repair,kept_mapped_final,V2,https://www.airtasker.com/uk/services/,all_services_page,2026-09-05,Airtasker UK service taxonomy.,London
Airtasker,Electric Guitar Lessons,Electric Guitar Lessons,Tutoring & Lessons,General Tutoring & Lessons,kept_mapped,V2,https://www.airtasker.com/uk/services/,all_services_page,2026-09-05,Airtasker UK service taxonomy.,London
Airtasker,Electric Scooter Repair,Electric Scooter Repair,Electrical Services,Electric Scooter Repair,kept_mapped_final,V2,https://www.airtasker.com/uk/services/,all_services_page,2026-09-05,Airtasker UK service taxonomy.,London
Airtasker,Electric Shower Installation,Electric Shower Installation,Plumbing & Drainage Services,Electric Shower Installation,kept_mapped_final,V2,https://www.airtasker.com/uk/services/,all_services_page,2026-09-05,Airtasker UK service taxonomy.,London
Airtasker,Electrical Inspection and Testing,Electrical Inspection and Testing,Electrical Services,Electrical Inspection & EICR,kept_mapped,V2,https://www.airtasker.com/uk/services/,all_services_page,2026-09-05,Airtasker UK service taxonomy.,London
Airtasker,Electrical Installation,Electrical Installation,Electrical Services,Electrical Installation,kept_mapped_final,V2,https://www.airtasker.com/uk/services/,all_services_page,2026-09-05,Airtasker UK service taxonomy.,London
Airtasker,Electrical Rewiring,Electrical Rewiring,Electrical Services,Rewiring,kept_mapped,V2,https://www.airtasker.com/uk/services/,all_services_page,2026-09-05,Airtasker UK service taxonomy.,London
Airtasker,Electricians,Electricians,Electrical Services,General Electrical Services,kept_mapped,V2,https://www.airtasker.com/uk/services/,all_services_page,2026-09-05,Airtasker UK service taxonomy.,London
Airtasker,Electronic Repair,Electronic Repair,Electronics Repair Services,General Electronics Repair,kept_mapped_final,V2,https://www.airtasker.com/uk/services/,all_services_page,2026-09-05,Airtasker UK service taxonomy.,London
Airtasker,Elocution Lessons,Elocution Lessons,Tutoring & Lessons,General Tutoring & Lessons,kept_mapped,V2,https://www.airtasker.com/uk/services/,all_services_page,2026-09-05,Airtasker UK service taxonomy.,London
Airtasker,Email Setup,Email Setup,IT Support & Device Services,Email Setup,kept_mapped_final,V2,https://www.airtasker.com/uk/services/,all_services_page,2026-09-05,Airtasker UK service taxonomy.,London
Airtasker,Embroidery Services,Embroidery Services,"Fabric, Clothing & Specialist Repair",Embroidery Services,kept_mapped_final,V2,https://www.airtasker.com/uk/services/,all_services_page,2026-09-05,Airtasker UK service taxonomy.,London
Airtasker,Emergency Glazing,Emergency Glazing,"Doors, Windows & Glazing",Emergency Glazing,kept_mapped_final,V2,https://www.airtasker.com/uk/services/,all_services_page,2026-09-05,Airtasker UK service taxonomy.,London
Airtasker,Emergency Locksmith,Emergency Locksmith,Locksmith Services,Emergency Locksmith,kept_mapped,V2,https://www.airtasker.com/uk/services/,all_services_page,2026-09-05,Airtasker UK service taxonomy.,London
Airtasker,End of Lease Cleaning,End of Lease Cleaning,Cleaning Services,General Cleaning,kept_mapped,V2,https://www.airtasker.com/uk/services/,all_services_page,2026-09-05,Airtasker UK service taxonomy.,London
Airtasker,End of Tenancy Cleaning,End of Tenancy Cleaning,Cleaning Services,General Cleaning,kept_mapped,V2,https://www.airtasker.com/uk/services/,all_services_page,2026-09-05,Airtasker UK service taxonomy.,London
Airtasker,Engagement Photographer,Engagement Photographer,Photography,General Photography,kept_mapped,V2,https://www.airtasker.com/uk/services/,all_services_page,2026-09-05,Airtasker UK service taxonomy.,London
Airtasker,Engine Rebuild,Engine Rebuild,Vehicle Services,Engine Rebuild,kept_mapped_final,V2,https://www.airtasker.com/uk/services/,all_services_page,2026-09-05,Airtasker UK service taxonomy.,London
Airtasker,Engine Replacement,Engine Replacement,Vehicle Services,Engine Replacement,kept_mapped_final,V2,https://www.airtasker.com/uk/services/,all_services_page,2026-09-05,Airtasker UK service taxonomy.,London
Airtasker,English Tutor,English Tutor,Tutoring & Lessons,English Tutoring,kept_mapped,V2,https://www.airtasker.com/uk/services/,all_services_page,2026-09-05,Airtasker UK service taxonomy.,London
Airtasker,Engraving,Engraving,"Printing, Signage & Art Services",Engraving,kept_mapped_final,V2,https://www.airtasker.com/uk/services/,all_services_page,2026-09-05,Airtasker UK service taxonomy.,London
Airtasker,Entertainment,Entertainment,Events & Wedding Services,Entertainment,kept_mapped_final,V2,https://www.airtasker.com/uk/services/,all_services_page,2026-09-05,Airtasker UK service taxonomy.,London
Airtasker,Environment Science Tutor,Environment Science Tutor,Tutoring & Lessons,General Tutoring & Lessons,kept_mapped,V2,https://www.airtasker.com/uk/services/,all_services_page,2026-09-05,Airtasker UK service taxonomy.,London
Airtasker,Epoxy Floor Coating,Epoxy Floor Coating,Flooring & Tiling Services,Epoxy Floor Coating,kept_mapped_final,V2,https://www.airtasker.com/uk/services/,all_services_page,2026-09-05,Airtasker UK service taxonomy.,London
Airtasker,Equestrian Fencing,Equestrian Fencing,Fencing & Gates,General Fencing,kept_mapped,V2,https://www.airtasker.com/uk/services/,all_services_page,2026-09-05,Airtasker UK service taxonomy.,London
Airtasker,Errand Runners,Errand Runners,Business & Administrative Services,Errand Running,kept_mapped_final,V2,https://www.airtasker.com/uk/services/,all_services_page,2026-09-05,Airtasker UK service taxonomy.,London
Airtasker,Esol Tutor,Esol Tutor,Tutoring & Lessons,General Tutoring & Lessons,kept_mapped,V2,https://www.airtasker.com/uk/services/,all_services_page,2026-09-05,Airtasker UK service taxonomy.,London
Airtasker,Event Decorator,Event Decorator,Painting & Decorating,General Painting & Decorating,kept_mapped,V2,https://www.airtasker.com/uk/services/,all_services_page,2026-09-05,Airtasker UK service taxonomy.,London
Airtasker,Event Photographers,Event Photographers,Photography,General Photography,kept_mapped,V2,https://www.airtasker.com/uk/services/,all_services_page,2026-09-05,Airtasker UK service taxonomy.,London
Airtasker,Event Security,Event Security,Security & Alarm Services,Event Security,kept_mapped_final,V2,https://www.airtasker.com/uk/services/,all_services_page,2026-09-05,Airtasker UK service taxonomy.,London
Airtasker,Event Setup & Cleaning,Event Setup & Cleaning,Cleaning Services,General Cleaning,kept_mapped,V2,https://www.airtasker.com/uk/services/,all_services_page,2026-09-05,Airtasker UK service taxonomy.,London
Airtasker,Event Staff,Event Staff,Events & Wedding Services,Event Staffing,kept_mapped_final,V2,https://www.airtasker.com/uk/services/,all_services_page,2026-09-05,Airtasker UK service taxonomy.,London
Airtasker,Events,Events,Other Services / Unclassified,Events,kept_unclassified,V2,https://www.airtasker.com/uk/services/,all_services_page,2026-09-05,Airtasker UK service taxonomy.,London
Airtasker,Executive Coach,Executive Coach,Coaching & Personal Development,Executive Coaching,kept_mapped_final,V2,https://www.airtasker.com/uk/services/,all_services_page,2026-09-05,Airtasker UK service taxonomy.,London
Airtasker,Exercise Bike Assembly,Exercise Bike Assembly,"Handyman, Assembly & Mounting",Exercise Bike Assembly,kept_mapped_final,V2,https://www.airtasker.com/uk/services/,all_services_page,2026-09-05,Airtasker UK service taxonomy.,London
Airtasker,Exhaust Repair,Exhaust Repair,Vehicle Services,Exhaust Repair,kept_mapped_final,V2,https://www.airtasker.com/uk/services/,all_services_page,2026-09-05,Airtasker UK service taxonomy.,London
Airtasker,Exterior Painting,Exterior Painting,Painting & Decorating,General Painting & Decorating,kept_mapped,V2,https://www.airtasker.com/uk/services/,all_services_page,2026-09-05,Airtasker UK service taxonomy.,London
Airtasker,Exterior Wall Cleaning,Exterior Wall Cleaning,Cleaning Services,General Cleaning,kept_mapped,V2,https://www.airtasker.com/uk/services/,all_services_page,2026-09-05,Airtasker UK service taxonomy.,London
Airtasker,Extractor Fan Installation,Extractor Fan Installation,Electrical Services,Extractor Fan Installation,kept_mapped_final,V2,https://www.airtasker.com/uk/services/,all_services_page,2026-09-05,Airtasker UK service taxonomy.,London
Airtasker,Eyebrow Microblading,Eyebrow Microblading,Beauty & Skincare,Eyebrow Services,kept_mapped,V2,https://www.airtasker.com/uk/services/,all_services_page,2026-09-05,Airtasker UK service taxonomy.,London
Airtasker,Eyebrow Threading,Eyebrow Threading,Hair Removal,Threading,kept_mapped,V2,https://www.airtasker.com/uk/services/,all_services_page,2026-09-05,Airtasker UK service taxonomy.,London
Airtasker,Eyebrow Waxing,Eyebrow Waxing,Hair Removal,Waxing,kept_mapped,V2,https://www.airtasker.com/uk/services/,all_services_page,2026-09-05,Airtasker UK service taxonomy.,London
Airtasker,Eyelash Extensions,Eyelash Extensions,Beauty & Skincare,Eyelash Services,kept_mapped,V2,https://www.airtasker.com/uk/services/,all_services_page,2026-09-05,Airtasker UK service taxonomy.,London
Airtasker,Eyelash Lift and Tint,Eyelash Lift and Tint,Beauty & Skincare,Eyelash Services,kept_mapped,V2,https://www.airtasker.com/uk/services/,all_services_page,2026-09-05,Airtasker UK service taxonomy.,London
Airtasker,Eyelash Perming,Eyelash Perming,Beauty & Skincare,Eyelash Services,kept_mapped,V2,https://www.airtasker.com/uk/services/,all_services_page,2026-09-05,Airtasker UK service taxonomy.,London
Airtasker,Face Painting,Face Painting,Painting & Decorating,General Painting & Decorating,kept_mapped,V2,https://www.airtasker.com/uk/services/,all_services_page,2026-09-05,Airtasker UK service taxonomy.,London
Airtasker,Face Piercing,Face Piercing,Tattoo & Piercing,Piercing Services,kept_mapped,V2,https://www.airtasker.com/uk/services/,all_services_page,2026-09-05,Airtasker UK service taxonomy.,London
Airtasker,Facebook Marketing,Facebook Marketing,Professional Services,Marketing Services,kept_mapped,V2,https://www.airtasker.com/uk/services/,all_services_page,2026-09-05,Airtasker UK service taxonomy.,London
Airtasker,Facial Hair Removal,Facial Hair Removal,Removals & Moving,General Removals,kept_mapped,V2,https://www.airtasker.com/uk/services/,all_services_page,2026-09-05,Airtasker UK service taxonomy.,London
Airtasker,Family Photoshoots,Family Photoshoots,Other Services / Unclassified,Family Photoshoots,kept_unclassified,V2,https://www.airtasker.com/uk/services/,all_services_page,2026-09-05,Airtasker UK service taxonomy.,London
Airtasker,Family Therapy,Family Therapy,Therapy & Counselling,Therapy,kept_mapped,V2,https://www.airtasker.com/uk/services/,all_services_page,2026-09-05,Airtasker UK service taxonomy.,London
Airtasker,Fan Belt Replacement,Fan Belt Replacement,Vehicle Services,Fan Belt Replacement,kept_mapped_final,V2,https://www.airtasker.com/uk/services/,all_services_page,2026-09-05,Airtasker UK service taxonomy.,London
Airtasker,Fascias and Guttering,Fascias and Guttering,Roofing Services,Fascia & Soffit Services,kept_mapped,V2,https://www.airtasker.com/uk/services/,all_services_page,2026-09-05,Airtasker UK service taxonomy.,London
Airtasker,Fashion Photographer,Fashion Photographer,Photography,General Photography,kept_mapped,V2,https://www.airtasker.com/uk/services/,all_services_page,2026-09-05,Airtasker UK service taxonomy.,London
Airtasker,Fast Food Delivery,Fast Food Delivery,Delivery Services,Food Delivery,kept_mapped,V2,https://www.airtasker.com/uk/services/,all_services_page,2026-09-05,Airtasker UK service taxonomy.,London
Airtasker,Father's Day Gift Delivery,Father's Day Gift Delivery,Delivery Services,Gift Delivery,kept_mapped,V2,https://www.airtasker.com/uk/services/,all_services_page,2026-09-05,Airtasker UK service taxonomy.,London
Airtasker,Felt Roofing,Felt Roofing,Roofing Services,General Roofing,kept_mapped,V2,https://www.airtasker.com/uk/services/,all_services_page,2026-09-05,Airtasker UK service taxonomy.,London
Airtasker,Female Personal Training,Female Personal Training,Other Services / Unclassified,Female Personal Training,kept_unclassified,V2,https://www.airtasker.com/uk/services/,all_services_page,2026-09-05,Airtasker UK service taxonomy.,London
Airtasker,Fence Installation,Fence Installation,"Fencing, Gates & Outdoor Structures",Fence Installation,kept_mapped_final,V2,https://www.airtasker.com/uk/services/,all_services_page,2026-09-05,Airtasker UK service taxonomy.,London
Airtasker,Fence Painting,Fence Painting,Painting & Decorating,General Painting & Decorating,kept_mapped,V2,https://www.airtasker.com/uk/services/,all_services_page,2026-09-05,Airtasker UK service taxonomy.,London
Airtasker,Fence Repair,Fence Repair,Fencing & Gates,Fence Repair,kept_mapped,V2,https://www.airtasker.com/uk/services/,all_services_page,2026-09-05,Airtasker UK service taxonomy.,London
Airtasker,Fence Staining,Fence Staining,"Fencing, Gates & Outdoor Structures",Fence Staining,kept_mapped_final,V2,https://www.airtasker.com/uk/services/,all_services_page,2026-09-05,Airtasker UK service taxonomy.,London
Airtasker,Fencing,Fencing,Fencing & Gates,General Fencing,kept_mapped,V2,https://www.airtasker.com/uk/services/,all_services_page,2026-09-05,Airtasker UK service taxonomy.,London
Airtasker,Fencing Lessons,Fencing Lessons,Fencing & Gates,General Fencing,kept_mapped,V2,https://www.airtasker.com/uk/services/,all_services_page,2026-09-05,Airtasker UK service taxonomy.,London
Airtasker,Fiat Service,Fiat Service,Vehicle Services,Vehicle Servicing,kept_mapped_final,V2,https://www.airtasker.com/uk/services/,all_services_page,2026-09-05,Airtasker UK service taxonomy.,London
Airtasker,Fibreglass Roofing,Fibreglass Roofing,Roofing Services,General Roofing,kept_mapped,V2,https://www.airtasker.com/uk/services/,all_services_page,2026-09-05,Airtasker UK service taxonomy.,London
Airtasker,File Conversion Help,File Conversion Help,IT Support & Device Services,File Conversion,kept_mapped_final,V2,https://www.airtasker.com/uk/services/,all_services_page,2026-09-05,Airtasker UK service taxonomy.,London
Airtasker,Financial Advisor,Financial Advisor,Accounting & Finance Services,Financial Advisor,kept_mapped_final,V2,https://www.airtasker.com/uk/services/,all_services_page,2026-09-05,Airtasker UK service taxonomy.,London
Airtasker,Financial Modelling,Financial Modelling,Accounting & Finance Services,Financial Modelling,kept_mapped_final,V2,https://www.airtasker.com/uk/services/,all_services_page,2026-09-05,Airtasker UK service taxonomy.,London
Airtasker,Financial Planning,Financial Planning,Accounting & Finance Services,Financial Planning,kept_mapped_final,V2,https://www.airtasker.com/uk/services/,all_services_page,2026-09-05,Airtasker UK service taxonomy.,London
Airtasker,Financial Reporting,Financial Reporting,Accounting & Finance Services,Financial Reporting,kept_mapped_final,V2,https://www.airtasker.com/uk/services/,all_services_page,2026-09-05,Airtasker UK service taxonomy.,London
Airtasker,Fire Alarm Installation,Fire Alarm Installation,Fire & Safety Systems,Fire Alarm Installation,kept_mapped,V2,https://www.airtasker.com/uk/services/,all_services_page,2026-09-05,Airtasker UK service taxonomy.,London
Airtasker,Fire Damage,Fire Damage,"Damp, Waterproofing & Restoration",Fire Damage Restoration,kept_mapped_final,V2,https://www.airtasker.com/uk/services/,all_services_page,2026-09-05,Airtasker UK service taxonomy.,London
Airtasker,Fire Door Installation,Fire Door Installation,Doors & Door Services,Door Installation,kept_mapped,V2,https://www.airtasker.com/uk/services/,all_services_page,2026-09-05,Airtasker UK service taxonomy.,London
Airtasker,Fire Risk Assessment Service,Fire Risk Assessment Service,Security & Alarm Services,Fire Risk Assessment,kept_mapped_final,V2,https://www.airtasker.com/uk/services/,all_services_page,2026-09-05,Airtasker UK service taxonomy.,London
Airtasker,Fireplace Installation,Fireplace Installation,Chimney & Fireplace Services,Fireplace Installation,kept_mapped_final,V2,https://www.airtasker.com/uk/services/,all_services_page,2026-09-05,Airtasker UK service taxonomy.,London
Airtasker,First Aid Training,First Aid Training,Training & Instruction,First Aid Training,kept_mapped_final,V2,https://www.airtasker.com/uk/services/,all_services_page,2026-09-05,Airtasker UK service taxonomy.,London
Airtasker,Fish & Chips Takeaway,Fish & Chips Takeaway,"Food, Baking & Personal Chef Services",Takeaway Food Services,kept_mapped_final,V2,https://www.airtasker.com/uk/services/,all_services_page,2026-09-05,Airtasker UK service taxonomy.,London
Airtasker,Fish Tank Cleaning,Fish Tank Cleaning,Cleaning Services,General Cleaning,kept_mapped,V2,https://www.airtasker.com/uk/services/,all_services_page,2026-09-05,Airtasker UK service taxonomy.,London
Airtasker,Fish Tank Repair,Fish Tank Repair,Pet & Animal Services,Fish Tank Repair,kept_mapped_final,V2,https://www.airtasker.com/uk/services/,all_services_page,2026-09-05,Airtasker UK service taxonomy.,London
Airtasker,Fishing Lessons,Fishing Lessons,Tutoring & Lessons,General Tutoring & Lessons,kept_mapped,V2,https://www.airtasker.com/uk/services/,all_services_page,2026-09-05,Airtasker UK service taxonomy.,London
Airtasker,Fitness,Fitness,Fitness & Sports Coaching,Fitness,kept_mapped_final,V2,https://www.airtasker.com/uk/services/,all_services_page,2026-09-05,Airtasker UK service taxonomy.,London
Airtasker,Fitness Equipment Installation,Fitness Equipment Installation,Fitness & Sports Coaching,Fitness Equipment Installation,kept_mapped_final,V2,https://www.airtasker.com/uk/services/,all_services_page,2026-09-05,Airtasker UK service taxonomy.,London
Airtasker,Flat Clearance,Flat Clearance,Waste Services,General Clearance,kept_mapped,V2,https://www.airtasker.com/uk/services/,all_services_page,2026-09-05,Airtasker UK service taxonomy.,London
Airtasker,Flat Roofing,Flat Roofing,Roofing Services,General Roofing,kept_mapped,V2,https://www.airtasker.com/uk/services/,all_services_page,2026-09-05,Airtasker UK service taxonomy.,London
Airtasker,Flea Exterminator,Flea Exterminator,Pest Control Services,General Pest Control,kept_mapped,V2,https://www.airtasker.com/uk/services/,all_services_page,2026-09-05,Airtasker UK service taxonomy.,London
Airtasker,Floating Flooring,Floating Flooring,Flooring,General Flooring,kept_mapped,V2,https://www.airtasker.com/uk/services/,all_services_page,2026-09-05,Airtasker UK service taxonomy.,London
Airtasker,Floor Planning,Floor Planning,Flooring & Tiling Services,Floor Planning,kept_mapped_final,V2,https://www.airtasker.com/uk/services/,all_services_page,2026-09-05,Airtasker UK service taxonomy.,London
Airtasker,Floor Repair,Floor Repair,Flooring,Floor Repair,kept_mapped,V2,https://www.airtasker.com/uk/services/,all_services_page,2026-09-05,Airtasker UK service taxonomy.,London
Airtasker,Floor Sanding,Floor Sanding,Flooring & Tiling Services,Floor Sanding,kept_mapped_final,V2,https://www.airtasker.com/uk/services/,all_services_page,2026-09-05,Airtasker UK service taxonomy.,London
Airtasker,Floorboards,Floorboards,Other Services / Unclassified,Floorboards,kept_unclassified,V2,https://www.airtasker.com/uk/services/,all_services_page,2026-09-05,Airtasker UK service taxonomy.,London
Airtasker,Flooring,Flooring,Flooring,General Flooring,kept_mapped,V2,https://www.airtasker.com/uk/services/,all_services_page,2026-09-05,Airtasker UK service taxonomy.,London
Airtasker,Florist,Florist,Events & Wedding Services,Florist,kept_mapped_final,V2,https://www.airtasker.com/uk/services/,all_services_page,2026-09-05,Airtasker UK service taxonomy.,London
Airtasker,Flower & Balloon Delivery,Flower & Balloon Delivery,Delivery Services,General Delivery,kept_mapped,V2,https://www.airtasker.com/uk/services/,all_services_page,2026-09-05,Airtasker UK service taxonomy.,London
Airtasker,Flower Arrangements,Flower Arrangements,Events & Wedding Services,Flower Arrangements,kept_mapped_final,V2,https://www.airtasker.com/uk/services/,all_services_page,2026-09-05,Airtasker UK service taxonomy.,London
Airtasker,Flower Delivery,Flower Delivery,Delivery Services,Flower Delivery,kept_mapped,V2,https://www.airtasker.com/uk/services/,all_services_page,2026-09-05,Airtasker UK service taxonomy.,London
Airtasker,Flower Wall,Flower Wall,Events & Wedding Services,Flower Wall Hire,kept_mapped_final,V2,https://www.airtasker.com/uk/services/,all_services_page,2026-09-05,Airtasker UK service taxonomy.,London
Airtasker,Flute Lessons,Flute Lessons,Tutoring & Lessons,General Tutoring & Lessons,kept_mapped,V2,https://www.airtasker.com/uk/services/,all_services_page,2026-09-05,Airtasker UK service taxonomy.,London
Airtasker,Flyer Design,Flyer Design,Marketing & Creative Services,Flyer Design,kept_mapped_final,V2,https://www.airtasker.com/uk/services/,all_services_page,2026-09-05,Airtasker UK service taxonomy.,London
Airtasker,Flying Lessons,Flying Lessons,Tutoring & Lessons,General Tutoring & Lessons,kept_mapped,V2,https://www.airtasker.com/uk/services/,all_services_page,2026-09-05,Airtasker UK service taxonomy.,London
Airtasker,Flyscreen Installation,Flyscreen Installation,"Doors, Windows & Glazing",Flyscreen Installation,kept_mapped_final,V2,https://www.airtasker.com/uk/services/,all_services_page,2026-09-05,Airtasker UK service taxonomy.,London
Airtasker,Food Delivery,Food Delivery,Delivery Services,Food Delivery,kept_mapped,V2,https://www.airtasker.com/uk/services/,all_services_page,2026-09-05,Airtasker UK service taxonomy.,London
Airtasker,Food Waste Disposal,Food Waste Disposal,"Waste, Clearance & Recycling",Food Waste Disposal,kept_mapped_final,V2,https://www.airtasker.com/uk/services/,all_services_page,2026-09-05,Airtasker UK service taxonomy.,London
Airtasker,Football Lessons,Football Lessons,Tutoring & Lessons,General Tutoring & Lessons,kept_mapped,V2,https://www.airtasker.com/uk/services/,all_services_page,2026-09-05,Airtasker UK service taxonomy.,London
Airtasker,Ford Service,Ford Service,Vehicle Services,Vehicle Servicing,kept_mapped_final,V2,https://www.airtasker.com/uk/services/,all_services_page,2026-09-05,Airtasker UK service taxonomy.,London
Airtasker,Fragile Removals,Fragile Removals,Removals & Moving,General Removals,kept_mapped,V2,https://www.airtasker.com/uk/services/,all_services_page,2026-09-05,Airtasker UK service taxonomy.,London
Airtasker,Freezer Installation,Freezer Installation,Appliance & Equipment Services,Freezer Installation,kept_mapped_final,V2,https://www.airtasker.com/uk/services/,all_services_page,2026-09-05,Airtasker UK service taxonomy.,London
Airtasker,Freezer Repair,Freezer Repair,Appliance & Equipment Services,Freezer Repair,kept_mapped_final,V2,https://www.airtasker.com/uk/services/,all_services_page,2026-09-05,Airtasker UK service taxonomy.,London
Airtasker,French Baker,French Baker,"Food, Baking & Personal Chef Services",French Baker,kept_mapped_final,V2,https://www.airtasker.com/uk/services/,all_services_page,2026-09-05,Airtasker UK service taxonomy.,London
Airtasker,French Polishing,French Polishing,Other Services / Unclassified,French Polishing,kept_unclassified,V2,https://www.airtasker.com/uk/services/,all_services_page,2026-09-05,Airtasker UK service taxonomy.,London
Airtasker,French Tutor,French Tutor,Tutoring & Lessons,General Tutoring & Lessons,kept_mapped,V2,https://www.airtasker.com/uk/services/,all_services_page,2026-09-05,Airtasker UK service taxonomy.,London
Airtasker,Fresh Food Delivery,Fresh Food Delivery,Delivery Services,Food Delivery,kept_mapped,V2,https://www.airtasker.com/uk/services/,all_services_page,2026-09-05,Airtasker UK service taxonomy.,London
Airtasker,Fridge Cleaning,Fridge Cleaning,Cleaning Services,General Cleaning,kept_mapped,V2,https://www.airtasker.com/uk/services/,all_services_page,2026-09-05,Airtasker UK service taxonomy.,London
Airtasker,Fridge Removal and Disposal,Fridge Removal and Disposal,Removals & Moving,General Removals,kept_mapped,V2,https://www.airtasker.com/uk/services/,all_services_page,2026-09-05,Airtasker UK service taxonomy.,London
Airtasker,Fridge Removals,Fridge Removals,Removals & Moving,General Removals,kept_mapped,V2,https://www.airtasker.com/uk/services/,all_services_page,2026-09-05,Airtasker UK service taxonomy.,London
Airtasker,Fridge Repair & Installation,Fridge Repair & Installation,Appliance Repair,Fridge Repair,kept_mapped,V2,https://www.airtasker.com/uk/services/,all_services_page,2026-09-05,Airtasker UK service taxonomy.,London
Airtasker,Fruit Delivery,Fruit Delivery,Delivery Services,General Delivery,kept_mapped,V2,https://www.airtasker.com/uk/services/,all_services_page,2026-09-05,Airtasker UK service taxonomy.,London
Airtasker,Fuel Injection Repair,Fuel Injection Repair,Vehicle Services,Fuel Injection Repair,kept_mapped_final,V2,https://www.airtasker.com/uk/services/,all_services_page,2026-09-05,Airtasker UK service taxonomy.,London
Airtasker,Fuel Pump Replacement,Fuel Pump Replacement,Vehicle Services,Fuel Pump Replacement,kept_mapped_final,V2,https://www.airtasker.com/uk/services/,all_services_page,2026-09-05,Airtasker UK service taxonomy.,London
Airtasker,Full English Breakfast Delivery,Full English Breakfast Delivery,Delivery Services,General Delivery,kept_mapped,V2,https://www.airtasker.com/uk/services/,all_services_page,2026-09-05,Airtasker UK service taxonomy.,London
Airtasker,Furniture Assembly,Furniture Assembly,Furniture Services,Furniture Assembly,kept_mapped,V2,https://www.airtasker.com/uk/services/,all_services_page,2026-09-05,Airtasker UK service taxonomy.,London
Airtasker,Furniture Delivery,Furniture Delivery,Delivery Services,Furniture Delivery,kept_mapped,V2,https://www.airtasker.com/uk/services/,all_services_page,2026-09-05,Airtasker UK service taxonomy.,London
Airtasker,Furniture Disassembly,Furniture Disassembly,"Furniture, Carpentry & Woodwork",Furniture Disassembly,kept_mapped_final,V2,https://www.airtasker.com/uk/services/,all_services_page,2026-09-05,Airtasker UK service taxonomy.,London
Airtasker,Furniture Makers,Furniture Makers,"Furniture, Carpentry & Woodwork",Furniture Makers,kept_mapped_final,V2,https://www.airtasker.com/uk/services/,all_services_page,2026-09-05,Airtasker UK service taxonomy.,London
Airtasker,Furniture Painting,Furniture Painting,Painting & Decorating,General Painting & Decorating,kept_mapped,V2,https://www.airtasker.com/uk/services/,all_services_page,2026-09-05,Airtasker UK service taxonomy.,London
Airtasker,Furniture Removals,Furniture Removals,Removals & Moving,General Removals,kept_mapped,V2,https://www.airtasker.com/uk/services/,all_services_page,2026-09-05,Airtasker UK service taxonomy.,London
Airtasker,Furniture Repair,Furniture Repair,Furniture Services,Furniture Repair,kept_mapped,V2,https://www.airtasker.com/uk/services/,all_services_page,2026-09-05,Airtasker UK service taxonomy.,London
Airtasker,GHD Repair,GHD Repair,Appliance & Equipment Services,GHD Repair,kept_mapped_final,V2,https://www.airtasker.com/uk/services/,all_services_page,2026-09-05,Airtasker UK service taxonomy.,London
Airtasker,GMAT Tutor,GMAT Tutor,Tutoring & Lessons,General Tutoring & Lessons,kept_mapped,V2,https://www.airtasker.com/uk/services/,all_services_page,2026-09-05,Airtasker UK service taxonomy.,London
Airtasker,GSCE Tutor,GSCE Tutor,Tutoring & Lessons,General Tutoring & Lessons,kept_mapped,V2,https://www.airtasker.com/uk/services/,all_services_page,2026-09-05,Airtasker UK service taxonomy.,London
Airtasker,Garage Clearance,Garage Clearance,Waste Services,General Clearance,kept_mapped,V2,https://www.airtasker.com/uk/services/,all_services_page,2026-09-05,Airtasker UK service taxonomy.,London
Airtasker,Garage Conversion,Garage Conversion,Building & Construction,Garage Conversion,kept_mapped,V2,https://www.airtasker.com/uk/services/,all_services_page,2026-09-05,Airtasker UK service taxonomy.,London
Airtasker,Garage Door Installation,Garage Door Installation,Doors & Door Services,Garage Door Installation,kept_mapped,V2,https://www.airtasker.com/uk/services/,all_services_page,2026-09-05,Airtasker UK service taxonomy.,London
Airtasker,Garage Door Repair,Garage Door Repair,Doors & Door Services,Garage Door Repair,kept_mapped,V2,https://www.airtasker.com/uk/services/,all_services_page,2026-09-05,Airtasker UK service taxonomy.,London
Airtasker,Garage Roof Replacement,Garage Roof Replacement,Roofing Services,Roof Replacement,kept_mapped,V2,https://www.airtasker.com/uk/services/,all_services_page,2026-09-05,Airtasker UK service taxonomy.,London
Airtasker,Garden Centre Delivery,Garden Centre Delivery,Delivery Services,General Delivery,kept_mapped,V2,https://www.airtasker.com/uk/services/,all_services_page,2026-09-05,Airtasker UK service taxonomy.,London
Airtasker,Garden Clearance,Garden Clearance,Gardening & Landscaping,Garden Clearance,kept_mapped,V2,https://www.airtasker.com/uk/services/,all_services_page,2026-09-05,Airtasker UK service taxonomy.,London
Airtasker,Garden Designers,Garden Designers,Gardening & Landscaping,Garden Designers,kept_mapped_final,V2,https://www.airtasker.com/uk/services/,all_services_page,2026-09-05,Airtasker UK service taxonomy.,London
Airtasker,Garden Edging,Garden Edging,Gardening & Landscaping,Garden Edging,kept_mapped_final,V2,https://www.airtasker.com/uk/services/,all_services_page,2026-09-05,Airtasker UK service taxonomy.,London
Airtasker,Garden Machinery Servicing,Garden Machinery Servicing,Gardening & Landscaping,Garden Machinery Servicing,kept_mapped_final,V2,https://www.airtasker.com/uk/services/,all_services_page,2026-09-05,Airtasker UK service taxonomy.,London
Airtasker,Garden Planting,Garden Planting,Gardening & Landscaping,Garden Planting,kept_mapped_final,V2,https://www.airtasker.com/uk/services/,all_services_page,2026-09-05,Airtasker UK service taxonomy.,London
Airtasker,Garden Pond Maintenance,Garden Pond Maintenance,Gardening & Landscaping,Garden Pond Maintenance,kept_mapped_final,V2,https://www.airtasker.com/uk/services/,all_services_page,2026-09-05,Airtasker UK service taxonomy.,London
Airtasker,Garden Seat Installation,Garden Seat Installation,Gardening & Landscaping,Garden Seat Installation,kept_mapped_final,V2,https://www.airtasker.com/uk/services/,all_services_page,2026-09-05,Airtasker UK service taxonomy.,London
Airtasker,Garden Shed Installation & Repair,Garden Shed Installation & Repair,Gardening & Landscaping,Garden Shed Installation & Repair,kept_mapped_final,V2,https://www.airtasker.com/uk/services/,all_services_page,2026-09-05,Airtasker UK service taxonomy.,London
Airtasker,Garden Tidy Up,Garden Tidy Up,Gardening & Landscaping,Garden Tidy Up,kept_mapped_final,V2,https://www.airtasker.com/uk/services/,all_services_page,2026-09-05,Airtasker UK service taxonomy.,London
Airtasker,Garden Tool Repair,Garden Tool Repair,Gardening & Landscaping,Garden Tool Repair,kept_mapped_final,V2,https://www.airtasker.com/uk/services/,all_services_page,2026-09-05,Airtasker UK service taxonomy.,London
Airtasker,Garden Tool Sharpening,Garden Tool Sharpening,Gardening & Landscaping,Garden Tool Sharpening,kept_mapped_final,V2,https://www.airtasker.com/uk/services/,all_services_page,2026-09-05,Airtasker UK service taxonomy.,London
Airtasker,Garden Waste Collection,Garden Waste Collection,Waste Services,Waste Collection,kept_mapped,V2,https://www.airtasker.com/uk/services/,all_services_page,2026-09-05,Airtasker UK service taxonomy.,London
Airtasker,Gardening,Gardening,Gardening & Landscaping,General Gardening,kept_mapped,V2,https://www.airtasker.com/uk/services/,all_services_page,2026-09-05,Airtasker UK service taxonomy.,London
Airtasker,Gardening Services,Gardening Services,Gardening & Landscaping,General Gardening,kept_mapped,V2,https://www.airtasker.com/uk/services/,all_services_page,2026-09-05,Airtasker UK service taxonomy.,London
Airtasker,Gas Boiler Services,Gas Boiler Services,Heating & Boiler Services,Boiler Servicing,kept_mapped,V2,https://www.airtasker.com/uk/services/,all_services_page,2026-09-05,Airtasker UK service taxonomy.,London
Airtasker,Gas Burner Repair,Gas Burner Repair,Other Services / Unclassified,Gas Burner Repair,kept_unclassified,V2,https://www.airtasker.com/uk/services/,all_services_page,2026-09-05,Airtasker UK service taxonomy.,London
Airtasker,Gas Fitters,Gas Fitters,"Heating, Boiler & Gas Services",Gas Fitting,kept_mapped_final,V2,https://www.airtasker.com/uk/services/,all_services_page,2026-09-05,Airtasker UK service taxonomy.,London
Airtasker,Gas Hob Repair,Gas Hob Repair,"Heating, Boiler & Gas Services",Gas Hob Repair,kept_mapped_final,V2,https://www.airtasker.com/uk/services/,all_services_page,2026-09-05,Airtasker UK service taxonomy.,London
Airtasker,Gas Oven Repair and Installation,Gas Oven Repair and Installation,Appliance Repair,Oven Repair,kept_mapped,V2,https://www.airtasker.com/uk/services/,all_services_page,2026-09-05,Airtasker UK service taxonomy.,London
Airtasker,Gas Stove Installation & Repair,Gas Stove Installation & Repair,"Heating, Boiler & Gas Services",Gas Stove Installation & Repair,kept_mapped_final,V2,https://www.airtasker.com/uk/services/,all_services_page,2026-09-05,Airtasker UK service taxonomy.,London
Airtasker,Gate Installation,Gate Installation,"Fencing, Gates & Outdoor Structures",Gate Installation,kept_mapped_final,V2,https://www.airtasker.com/uk/services/,all_services_page,2026-09-05,Airtasker UK service taxonomy.,London
Airtasker,Gazebo Installation & Repair,Gazebo Installation & Repair,Gardening & Landscaping,Gazebo Installation & Repair,kept_mapped_final,V2,https://www.airtasker.com/uk/services/,all_services_page,2026-09-05,Airtasker UK service taxonomy.,London
Airtasker,Gearbox Repair,Gearbox Repair,Vehicle Services,Gearbox Repair,kept_mapped_final,V2,https://www.airtasker.com/uk/services/,all_services_page,2026-09-05,Airtasker UK service taxonomy.,London
Airtasker,General Contractors,General Contractors,Other Services / Unclassified,General Contractors,kept_unclassified,V2,https://www.airtasker.com/uk/services/,all_services_page,2026-09-05,Airtasker UK service taxonomy.,London
Airtasker,General Labour,General Labour,Home Improvement & General Maintenance,General Labour,kept_mapped_final,V2,https://www.airtasker.com/uk/services/,all_services_page,2026-09-05,Airtasker UK service taxonomy.,London
Airtasker,Generator Repair,Generator Repair,Appliance & Equipment Services,Generator Repair,kept_mapped_final,V2,https://www.airtasker.com/uk/services/,all_services_page,2026-09-05,Airtasker UK service taxonomy.,London
Airtasker,German Tutor,German Tutor,Tutoring & Lessons,General Tutoring & Lessons,kept_mapped,V2,https://www.airtasker.com/uk/services/,all_services_page,2026-09-05,Airtasker UK service taxonomy.,London
Airtasker,Ghostwriting,Ghostwriting,"Writing, Translation & Language Services",Ghostwriting,kept_mapped_final,V2,https://www.airtasker.com/uk/services/,all_services_page,2026-09-05,Airtasker UK service taxonomy.,London
Airtasker,Gift Basket Delivery,Gift Basket Delivery,Delivery Services,General Delivery,kept_mapped,V2,https://www.airtasker.com/uk/services/,all_services_page,2026-09-05,Airtasker UK service taxonomy.,London
Airtasker,Gift Delivery,Gift Delivery,Delivery Services,Gift Delivery,kept_mapped,V2,https://www.airtasker.com/uk/services/,all_services_page,2026-09-05,Airtasker UK service taxonomy.,London
Airtasker,Gift Wrapping,Gift Wrapping,Other Services / Unclassified,Gift Wrapping,kept_unclassified,V2,https://www.airtasker.com/uk/services/,all_services_page,2026-09-05,Airtasker UK service taxonomy.,London
Airtasker,Glass Cutting,Glass Cutting,"Doors, Windows & Glazing",Glass Cutting,kept_mapped_final,V2,https://www.airtasker.com/uk/services/,all_services_page,2026-09-05,Airtasker UK service taxonomy.,London
Airtasker,Glass Fencing,Glass Fencing,Fencing & Gates,General Fencing,kept_mapped,V2,https://www.airtasker.com/uk/services/,all_services_page,2026-09-05,Airtasker UK service taxonomy.,London
Airtasker,Glass Repair,Glass Repair,Windows & Glazing,Glazing & Glass Repair,kept_mapped,V2,https://www.airtasker.com/uk/services/,all_services_page,2026-09-05,Airtasker UK service taxonomy.,London
Airtasker,Glaziers,Glaziers,Windows & Glazing,Glazing & Glass Repair,kept_mapped,V2,https://www.airtasker.com/uk/services/,all_services_page,2026-09-05,Airtasker UK service taxonomy.,London
Airtasker,Glow Plug Replacement,Glow Plug Replacement,Vehicle Services,Glow Plug Replacement,kept_mapped_final,V2,https://www.airtasker.com/uk/services/,all_services_page,2026-09-05,Airtasker UK service taxonomy.,London
Airtasker,Gluten Free Baker,Gluten Free Baker,"Food, Baking & Personal Chef Services",Gluten-Free Baking,kept_mapped_final,V2,https://www.airtasker.com/uk/services/,all_services_page,2026-09-05,Airtasker UK service taxonomy.,London
Airtasker,Gluten Free Cake Delivery,Gluten Free Cake Delivery,Delivery Services,Cake Delivery,kept_mapped,V2,https://www.airtasker.com/uk/services/,all_services_page,2026-09-05,Airtasker UK service taxonomy.,London
Airtasker,Gluten Free Takeaway,Gluten Free Takeaway,"Food, Baking & Personal Chef Services",Takeaway Food Services,kept_mapped_final,V2,https://www.airtasker.com/uk/services/,all_services_page,2026-09-05,Airtasker UK service taxonomy.,London
Airtasker,Golf Lessons,Golf Lessons,Tutoring & Lessons,General Tutoring & Lessons,kept_mapped,V2,https://www.airtasker.com/uk/services/,all_services_page,2026-09-05,Airtasker UK service taxonomy.,London
Airtasker,Google Analytics,Google Analytics,Web & Digital Services,Google Analytics,kept_mapped_final,V2,https://www.airtasker.com/uk/services/,all_services_page,2026-09-05,Airtasker UK service taxonomy.,London
Airtasker,Graffiti Removal,Graffiti Removal,Removals & Moving,General Removals,kept_mapped,V2,https://www.airtasker.com/uk/services/,all_services_page,2026-09-05,Airtasker UK service taxonomy.,London
Airtasker,Graphic Designer,Graphic Designer,Marketing & Creative Services,Graphic Design,kept_mapped_final,V2,https://www.airtasker.com/uk/services/,all_services_page,2026-09-05,Airtasker UK service taxonomy.,London
Airtasker,Greek Baker,Greek Baker,"Food, Baking & Personal Chef Services",Greek Baker,kept_mapped_final,V2,https://www.airtasker.com/uk/services/,all_services_page,2026-09-05,Airtasker UK service taxonomy.,London
Airtasker,Greek Takeaway,Greek Takeaway,"Food, Baking & Personal Chef Services",Takeaway Food Services,kept_mapped_final,V2,https://www.airtasker.com/uk/services/,all_services_page,2026-09-05,Airtasker UK service taxonomy.,London
Airtasker,Green Waste Collection,Green Waste Collection,Waste Services,Waste Collection,kept_mapped,V2,https://www.airtasker.com/uk/services/,all_services_page,2026-09-05,Airtasker UK service taxonomy.,London
Airtasker,Grocery Delivery,Grocery Delivery,Delivery Services,Grocery Delivery,kept_mapped,V2,https://www.airtasker.com/uk/services/,all_services_page,2026-09-05,Airtasker UK service taxonomy.,London
Airtasker,Group Therapy,Group Therapy,Therapy & Counselling,Therapy,kept_mapped,V2,https://www.airtasker.com/uk/services/,all_services_page,2026-09-05,Airtasker UK service taxonomy.,London
Airtasker,Guitar Lessons,Guitar Lessons,Tutoring & Lessons,General Tutoring & Lessons,kept_mapped,V2,https://www.airtasker.com/uk/services/,all_services_page,2026-09-05,Airtasker UK service taxonomy.,London
Airtasker,Gutter Cleaning,Gutter Cleaning,Cleaning Services,General Cleaning,kept_mapped,V2,https://www.airtasker.com/uk/services/,all_services_page,2026-09-05,Airtasker UK service taxonomy.,London
Airtasker,Gutter Guard Installation,Gutter Guard Installation,Roofing Services,Gutter Guard Installation,kept_mapped_final,V2,https://www.airtasker.com/uk/services/,all_services_page,2026-09-05,Airtasker UK service taxonomy.,London
Airtasker,Gutter Repair,Gutter Repair,Roofing Services,Gutter Repair,kept_mapped,V2,https://www.airtasker.com/uk/services/,all_services_page,2026-09-05,Airtasker UK service taxonomy.,London
Airtasker,Gym Buddy,Gym Buddy,Fitness & Sports Coaching,Gym Buddy,kept_mapped_final,V2,https://www.airtasker.com/uk/services/,all_services_page,2026-09-05,Airtasker UK service taxonomy.,London
Airtasker,Gym Equipment Removals,Gym Equipment Removals,Removals & Moving,General Removals,kept_mapped,V2,https://www.airtasker.com/uk/services/,all_services_page,2026-09-05,Airtasker UK service taxonomy.,London
Airtasker,Gymnastics Lessons,Gymnastics Lessons,Tutoring & Lessons,General Tutoring & Lessons,kept_mapped,V2,https://www.airtasker.com/uk/services/,all_services_page,2026-09-05,Airtasker UK service taxonomy.,London
Airtasker,HIIT Training,HIIT Training,Fitness & Sports Coaching,HIIT Training,kept_mapped_final,V2,https://www.airtasker.com/uk/services/,all_services_page,2026-09-05,Airtasker UK service taxonomy.,London
Airtasker,HR Services,HR Services,Business & Administrative Services,HR Services,kept_mapped_final,V2,https://www.airtasker.com/uk/services/,all_services_page,2026-09-05,Airtasker UK service taxonomy.,London
Airtasker,Habitat Furniture Assembly,Habitat Furniture Assembly,Furniture Services,Furniture Assembly,kept_mapped,V2,https://www.airtasker.com/uk/services/,all_services_page,2026-09-05,Airtasker UK service taxonomy.,London
Airtasker,Hair Braiding,Hair Braiding,Hair & Barber Services,Hair Braiding,kept_mapped_final,V2,https://www.airtasker.com/uk/services/,all_services_page,2026-09-05,Airtasker UK service taxonomy.,London
Airtasker,Hair Removal,Hair Removal,Removals & Moving,General Removals,kept_mapped,V2,https://www.airtasker.com/uk/services/,all_services_page,2026-09-05,Airtasker UK service taxonomy.,London
Airtasker,Hair Stylist,Hair Stylist,Hair & Barber Services,Hairdressing,kept_mapped,V2,https://www.airtasker.com/uk/services/,all_services_page,2026-09-05,Airtasker UK service taxonomy.,London
Airtasker,Haircut and Trimming,Haircut and Trimming,Hair & Barber Services,Haircut & Trimming,kept_mapped_final,V2,https://www.airtasker.com/uk/services/,all_services_page,2026-09-05,Airtasker UK service taxonomy.,London
Airtasker,Hairdressers,Hairdressers,Hair & Barber Services,Hairdressing,kept_mapped,V2,https://www.airtasker.com/uk/services/,all_services_page,2026-09-05,Airtasker UK service taxonomy.,London
Airtasker,Halal Takeaway,Halal Takeaway,"Food, Baking & Personal Chef Services",Takeaway Food Services,kept_mapped_final,V2,https://www.airtasker.com/uk/services/,all_services_page,2026-09-05,Airtasker UK service taxonomy.,London
Airtasker,Halloween Face Painter,Halloween Face Painter,Painting & Decorating,General Painting & Decorating,kept_mapped,V2,https://www.airtasker.com/uk/services/,all_services_page,2026-09-05,Airtasker UK service taxonomy.,London
Airtasker,Hand Therapy,Hand Therapy,Therapy & Counselling,Therapy,kept_mapped,V2,https://www.airtasker.com/uk/services/,all_services_page,2026-09-05,Airtasker UK service taxonomy.,London
Airtasker,Handyman,Handyman,"Handyman, Assembly & Mounting",General Handyman,kept_mapped_final,V2,https://www.airtasker.com/uk/services/,all_services_page,2026-09-05,Airtasker UK service taxonomy.,London
Airtasker,Handyman Services,Handyman Services,"Handyman, Assembly & Mounting",General Handyman,kept_mapped_final,V2,https://www.airtasker.com/uk/services/,all_services_page,2026-09-05,Airtasker UK service taxonomy.,London
Airtasker,Hard Landscaping,Hard Landscaping,Gardening & Landscaping,Landscaping,kept_mapped,V2,https://www.airtasker.com/uk/services/,all_services_page,2026-09-05,Airtasker UK service taxonomy.,London
Airtasker,Hardwood Flooring,Hardwood Flooring,Flooring,General Flooring,kept_mapped,V2,https://www.airtasker.com/uk/services/,all_services_page,2026-09-05,Airtasker UK service taxonomy.,London
Airtasker,Harmonica Lessons,Harmonica Lessons,Tutoring & Lessons,General Tutoring & Lessons,kept_mapped,V2,https://www.airtasker.com/uk/services/,all_services_page,2026-09-05,Airtasker UK service taxonomy.,London
Airtasker,Head Gasket Repair,Head Gasket Repair,Vehicle Services,Head Gasket Repair,kept_mapped_final,V2,https://www.airtasker.com/uk/services/,all_services_page,2026-09-05,Airtasker UK service taxonomy.,London
Airtasker,Head Unit Installation,Head Unit Installation,"TV, Aerial & Audio Visual Services",Head Unit Installation,kept_mapped_final,V2,https://www.airtasker.com/uk/services/,all_services_page,2026-09-05,Airtasker UK service taxonomy.,London
Airtasker,Headlight Bulb Replacement,Headlight Bulb Replacement,Vehicle Services,Headlight Bulb Replacement,kept_mapped_final,V2,https://www.airtasker.com/uk/services/,all_services_page,2026-09-05,Airtasker UK service taxonomy.,London
Airtasker,Headphone Repair,Headphone Repair,Electronics Repair Services,Headphone Repair,kept_mapped_final,V2,https://www.airtasker.com/uk/services/,all_services_page,2026-09-05,Airtasker UK service taxonomy.,London
Airtasker,Healthy Takeaway,Healthy Takeaway,"Food, Baking & Personal Chef Services",Takeaway Food Services,kept_mapped_final,V2,https://www.airtasker.com/uk/services/,all_services_page,2026-09-05,Airtasker UK service taxonomy.,London
Airtasker,Heated Floor Installation,Heated Floor Installation,Flooring & Tiling Services,Heated Floor Installation,kept_mapped_final,V2,https://www.airtasker.com/uk/services/,all_services_page,2026-09-05,Airtasker UK service taxonomy.,London
Airtasker,Heating & Cooling,Heating & Cooling,"Heating, Boiler & Gas Services",Heating & Cooling,kept_mapped_final,V2,https://www.airtasker.com/uk/services/,all_services_page,2026-09-05,Airtasker UK service taxonomy.,London
Airtasker,Heavy Lifting,Heavy Lifting,"Removals, Delivery & Courier Services",Heavy Lifting,kept_mapped_final,V2,https://www.airtasker.com/uk/services/,all_services_page,2026-09-05,Airtasker UK service taxonomy.,London
Airtasker,Hedge Planting,Hedge Planting,Gardening & Landscaping,Hedge Planting,kept_mapped_final,V2,https://www.airtasker.com/uk/services/,all_services_page,2026-09-05,Airtasker UK service taxonomy.,London
Airtasker,Hedging,Hedging,Gardening & Landscaping,Hedging,kept_mapped_final,V2,https://www.airtasker.com/uk/services/,all_services_page,2026-09-05,Airtasker UK service taxonomy.,London
Airtasker,Henna Tattoo,Henna Tattoo,Tattoo & Piercing,Tattoo Services,kept_mapped,V2,https://www.airtasker.com/uk/services/,all_services_page,2026-09-05,Airtasker UK service taxonomy.,London
Airtasker,Hifi Repair,Hifi Repair,Electronics Repair Services,Hi-Fi Repair,kept_mapped_final,V2,https://www.airtasker.com/uk/services/,all_services_page,2026-09-05,Airtasker UK service taxonomy.,London
Airtasker,High Pressure Cleaning,High Pressure Cleaning,Cleaning Services,General Cleaning,kept_mapped,V2,https://www.airtasker.com/uk/services/,all_services_page,2026-09-05,Airtasker UK service taxonomy.,London
Airtasker,History Tutor,History Tutor,Tutoring & Lessons,General Tutoring & Lessons,kept_mapped,V2,https://www.airtasker.com/uk/services/,all_services_page,2026-09-05,Airtasker UK service taxonomy.,London
Airtasker,Hob Installation,Hob Installation,Appliance & Equipment Services,Hob Installation,kept_mapped_final,V2,https://www.airtasker.com/uk/services/,all_services_page,2026-09-05,Airtasker UK service taxonomy.,London
Airtasker,Home & Lifestyle,Home & Lifestyle,Other Services / Unclassified,Home & Lifestyle,kept_unclassified,V2,https://www.airtasker.com/uk/services/,all_services_page,2026-09-05,Airtasker UK service taxonomy.,London
Airtasker,Home Automation and Security,Home Automation and Security,Smart Home & Automation,Home Automation,kept_mapped,V2,https://www.airtasker.com/uk/services/,all_services_page,2026-09-05,Airtasker UK service taxonomy.,London
Airtasker,Home Bar Designers,Home Bar Designers,Interior Design & Fit-Out,Home Bar Design,kept_mapped_final,V2,https://www.airtasker.com/uk/services/,all_services_page,2026-09-05,Airtasker UK service taxonomy.,London
Airtasker,Home Care,Home Care,Childcare & Care Services,Home Care,kept_mapped_final,V2,https://www.airtasker.com/uk/services/,all_services_page,2026-09-05,Airtasker UK service taxonomy.,London
Airtasker,Home Chef,Home Chef,"Food, Baking & Personal Chef Services",Home Chef,kept_mapped_final,V2,https://www.airtasker.com/uk/services/,all_services_page,2026-09-05,Airtasker UK service taxonomy.,London
Airtasker,Home Cinema Design,Home Cinema Design,Smart Home & Automation,Home Cinema Installation,kept_mapped,V2,https://www.airtasker.com/uk/services/,all_services_page,2026-09-05,Airtasker UK service taxonomy.,London
Airtasker,Home Cooking,Home Cooking,"Food, Baking & Personal Chef Services",Home Cooking,kept_mapped_final,V2,https://www.airtasker.com/uk/services/,all_services_page,2026-09-05,Airtasker UK service taxonomy.,London
Airtasker,Home Gym Assembly,Home Gym Assembly,"Handyman, Assembly & Mounting",Home Gym Assembly,kept_mapped_final,V2,https://www.airtasker.com/uk/services/,all_services_page,2026-09-05,Airtasker UK service taxonomy.,London
Airtasker,Home Network Setup,Home Network Setup,"Smart Home, Network & Cabling",Home Network Setup,kept_mapped_final,V2,https://www.airtasker.com/uk/services/,all_services_page,2026-09-05,Airtasker UK service taxonomy.,London
Airtasker,Home Organiser,Home Organiser,"Laundry, Housekeeping & Organisation",Home Organisation,kept_mapped_final,V2,https://www.airtasker.com/uk/services/,all_services_page,2026-09-05,Airtasker UK service taxonomy.,London
Airtasker,Home Stagers,Home Stagers,Other Services / Unclassified,Home Stagers,kept_unclassified,V2,https://www.airtasker.com/uk/services/,all_services_page,2026-09-05,Airtasker UK service taxonomy.,London
Airtasker,Home Theatre,Home Theatre,"Smart Home, Network & Cabling",Home Theatre,kept_mapped_final,V2,https://www.airtasker.com/uk/services/,all_services_page,2026-09-05,Airtasker UK service taxonomy.,London
Airtasker,Homeopathy,Homeopathy,"Health, Therapy & Wellness",Homeopathy,kept_mapped_final,V2,https://www.airtasker.com/uk/services/,all_services_page,2026-09-05,Airtasker UK service taxonomy.,London
Airtasker,Honda Service,Honda Service,Vehicle Services,Vehicle Servicing,kept_mapped_final,V2,https://www.airtasker.com/uk/services/,all_services_page,2026-09-05,Airtasker UK service taxonomy.,London
Airtasker,Horse Riding Lessons,Horse Riding Lessons,Tutoring & Lessons,General Tutoring & Lessons,kept_mapped,V2,https://www.airtasker.com/uk/services/,all_services_page,2026-09-05,Airtasker UK service taxonomy.,London
Airtasker,Hot Tub Cleaning,Hot Tub Cleaning,Pool & Hot Tub Services,Hot Tub Services,kept_mapped,V2,https://www.airtasker.com/uk/services/,all_services_page,2026-09-05,Airtasker UK service taxonomy.,London
Airtasker,Hot Tub Maintenance,Hot Tub Maintenance,Pool & Hot Tub Services,Hot Tub Services,kept_mapped,V2,https://www.airtasker.com/uk/services/,all_services_page,2026-09-05,Airtasker UK service taxonomy.,London
Airtasker,Hot Tub Removal and Disposal,Hot Tub Removal and Disposal,Pool & Hot Tub Services,Hot Tub Services,kept_mapped,V2,https://www.airtasker.com/uk/services/,all_services_page,2026-09-05,Airtasker UK service taxonomy.,London
Airtasker,Hot Tub Removals,Hot Tub Removals,Pool & Hot Tub Services,Hot Tub Services,kept_mapped,V2,https://www.airtasker.com/uk/services/,all_services_page,2026-09-05,Airtasker UK service taxonomy.,London
Airtasker,Hot Tub Repair,Hot Tub Repair,Pool & Hot Tub Services,Hot Tub Repair,kept_mapped,V2,https://www.airtasker.com/uk/services/,all_services_page,2026-09-05,Airtasker UK service taxonomy.,London
Airtasker,Hot Water System Installation & Repair,Hot Water System Installation & Repair,"Heating, Boiler & Gas Services",Hot Water System Installation & Repair,kept_mapped_final,V2,https://www.airtasker.com/uk/services/,all_services_page,2026-09-05,Airtasker UK service taxonomy.,London
Airtasker,House Cleaning,House Cleaning,Cleaning Services,Domestic Cleaning,kept_mapped,V2,https://www.airtasker.com/uk/services/,all_services_page,2026-09-05,Airtasker UK service taxonomy.,London
Airtasker,House Clearance,House Clearance,Waste Services,House Clearance,kept_mapped,V2,https://www.airtasker.com/uk/services/,all_services_page,2026-09-05,Airtasker UK service taxonomy.,London
Airtasker,House Extensions,House Extensions,Building & Construction,Home Extensions,kept_mapped,V2,https://www.airtasker.com/uk/services/,all_services_page,2026-09-05,Airtasker UK service taxonomy.,London
Airtasker,House Painters,House Painters,Painting & Decorating,General Painting & Decorating,kept_mapped,V2,https://www.airtasker.com/uk/services/,all_services_page,2026-09-05,Airtasker UK service taxonomy.,London
Airtasker,House Removals,House Removals,Removals & Moving,House Removals,kept_mapped,V2,https://www.airtasker.com/uk/services/,all_services_page,2026-09-05,Airtasker UK service taxonomy.,London
Airtasker,House Renovation,House Renovation,Building & Construction,House Renovation,kept_mapped_final,V2,https://www.airtasker.com/uk/services/,all_services_page,2026-09-05,Airtasker UK service taxonomy.,London
Airtasker,House Sitters,House Sitters,Other Services / Unclassified,House Sitters,kept_unclassified,V2,https://www.airtasker.com/uk/services/,all_services_page,2026-09-05,Airtasker UK service taxonomy.,London
Airtasker,House Surveyor,House Surveyor,"Architecture, Surveying & Planning",House Surveyor,kept_mapped_final,V2,https://www.airtasker.com/uk/services/,all_services_page,2026-09-05,Airtasker UK service taxonomy.,London
Airtasker,Household Waste Disposal,Household Waste Disposal,"Waste, Clearance & Recycling",Household Waste Disposal,kept_mapped_final,V2,https://www.airtasker.com/uk/services/,all_services_page,2026-09-05,Airtasker UK service taxonomy.,London
Airtasker,Housekeepers,Housekeepers,Other Services / Unclassified,Housekeepers,kept_unclassified,V2,https://www.airtasker.com/uk/services/,all_services_page,2026-09-05,Airtasker UK service taxonomy.,London
Airtasker,Hyundai Service,Hyundai Service,Vehicle Services,Vehicle Servicing,kept_mapped_final,V2,https://www.airtasker.com/uk/services/,all_services_page,2026-09-05,Airtasker UK service taxonomy.,London
Airtasker,IKEA Assembly,IKEA Assembly,"Handyman, Assembly & Mounting",IKEA Assembly,kept_mapped_final,V2,https://www.airtasker.com/uk/services/,all_services_page,2026-09-05,Airtasker UK service taxonomy.,London
Airtasker,IKEA Delivery,IKEA Delivery,Delivery Services,General Delivery,kept_mapped,V2,https://www.airtasker.com/uk/services/,all_services_page,2026-09-05,Airtasker UK service taxonomy.,London
Airtasker,IT Support,IT Support,IT Support & Device Services,General IT Support,kept_mapped_final,V2,https://www.airtasker.com/uk/services/,all_services_page,2026-09-05,Airtasker UK service taxonomy.,London
Airtasker,Ice Cream Cake Delivery,Ice Cream Cake Delivery,Delivery Services,Cake Delivery,kept_mapped,V2,https://www.airtasker.com/uk/services/,all_services_page,2026-09-05,Airtasker UK service taxonomy.,London
Airtasker,Ice Cream Delivery,Ice Cream Delivery,Delivery Services,General Delivery,kept_mapped,V2,https://www.airtasker.com/uk/services/,all_services_page,2026-09-05,Airtasker UK service taxonomy.,London
Airtasker,Ice Machine Repair & Installation,Ice Machine Repair & Installation,Appliance & Equipment Services,Ice Machine Repair & Installation,kept_mapped_final,V2,https://www.airtasker.com/uk/services/,all_services_page,2026-09-05,Airtasker UK service taxonomy.,London
Airtasker,Ice Skating Lessons,Ice Skating Lessons,Tutoring & Lessons,General Tutoring & Lessons,kept_mapped,V2,https://www.airtasker.com/uk/services/,all_services_page,2026-09-05,Airtasker UK service taxonomy.,London
Airtasker,Ignition Systems Repair,Ignition Systems Repair,Vehicle Services,Ignition System Repair,kept_mapped_final,V2,https://www.airtasker.com/uk/services/,all_services_page,2026-09-05,Airtasker UK service taxonomy.,London
Airtasker,Illustrators,Illustrators,Marketing & Creative Services,Illustrators,kept_mapped_final,V2,https://www.airtasker.com/uk/services/,all_services_page,2026-09-05,Airtasker UK service taxonomy.,London
Airtasker,Imprinted Concrete Driveway Services,Imprinted Concrete Driveway Services,Concrete & Aggregate Services,Concrete Driveways,kept_mapped_final,V2,https://www.airtasker.com/uk/services/,all_services_page,2026-09-05,Airtasker UK service taxonomy.,London
Airtasker,Indian Takeaway,Indian Takeaway,"Food, Baking & Personal Chef Services",Takeaway Food Services,kept_mapped_final,V2,https://www.airtasker.com/uk/services/,all_services_page,2026-09-05,Airtasker UK service taxonomy.,London
Airtasker,Inflated Helium Balloons Delivery,Inflated Helium Balloons Delivery,Delivery Services,General Delivery,kept_mapped,V2,https://www.airtasker.com/uk/services/,all_services_page,2026-09-05,Airtasker UK service taxonomy.,London
Airtasker,Instagram Marketing,Instagram Marketing,Professional Services,Marketing Services,kept_mapped,V2,https://www.airtasker.com/uk/services/,all_services_page,2026-09-05,Airtasker UK service taxonomy.,London
Airtasker,Insulation,Insulation,Insulation Services,General Insulation,kept_mapped,V2,https://www.airtasker.com/uk/services/,all_services_page,2026-09-05,Airtasker UK service taxonomy.,London
Airtasker,Interior Architects,Interior Architects,"Architecture, Surveying & Planning",Architectural Services,kept_mapped_final,V2,https://www.airtasker.com/uk/services/,all_services_page,2026-09-05,Airtasker UK service taxonomy.,London
Airtasker,Interior Designer,Interior Designer,Interior Design & Fit-Out,Interior Design,kept_mapped_final,V2,https://www.airtasker.com/uk/services/,all_services_page,2026-09-05,Airtasker UK service taxonomy.,London
Airtasker,Interior Lighting Designers,Interior Lighting Designers,Electrical Services,Interior Lighting Designers,kept_mapped_final,V2,https://www.airtasker.com/uk/services/,all_services_page,2026-09-05,Airtasker UK service taxonomy.,London
Airtasker,Interior Painting,Interior Painting,Painting & Decorating,General Painting & Decorating,kept_mapped,V2,https://www.airtasker.com/uk/services/,all_services_page,2026-09-05,Airtasker UK service taxonomy.,London
Airtasker,Interior Wall Cladding,Interior Wall Cladding,Cladding & Exterior Finishes,Interior Wall Cladding,kept_mapped_final,V2,https://www.airtasker.com/uk/services/,all_services_page,2026-09-05,Airtasker UK service taxonomy.,London
Airtasker,Internal Door Installation,Internal Door Installation,Doors & Door Services,Door Installation,kept_mapped,V2,https://www.airtasker.com/uk/services/,all_services_page,2026-09-05,Airtasker UK service taxonomy.,London
Airtasker,Internet Help,Internet Help,IT Support & Device Services,Internet Help,kept_mapped_final,V2,https://www.airtasker.com/uk/services/,all_services_page,2026-09-05,Airtasker UK service taxonomy.,London
Airtasker,Inversion Table Assembly,Inversion Table Assembly,"Handyman, Assembly & Mounting",Inversion Table Assembly,kept_mapped_final,V2,https://www.airtasker.com/uk/services/,all_services_page,2026-09-05,Airtasker UK service taxonomy.,London
Airtasker,Irish Dance Lessons,Irish Dance Lessons,Tutoring & Lessons,General Tutoring & Lessons,kept_mapped,V2,https://www.airtasker.com/uk/services/,all_services_page,2026-09-05,Airtasker UK service taxonomy.,London
Airtasker,Iron Fencing,Iron Fencing,Fencing & Gates,General Fencing,kept_mapped,V2,https://www.airtasker.com/uk/services/,all_services_page,2026-09-05,Airtasker UK service taxonomy.,London
Airtasker,Ironing Service,Ironing Service,"Laundry, Housekeeping & Organisation",Ironing,kept_mapped_final,V2,https://www.airtasker.com/uk/services/,all_services_page,2026-09-05,Airtasker UK service taxonomy.,London
Airtasker,Irrigation Repair,Irrigation Repair,Agricultural & Rural Services,Irrigation Repair,kept_mapped_final,V2,https://www.airtasker.com/uk/services/,all_services_page,2026-09-05,Airtasker UK service taxonomy.,London
Airtasker,Italian Takeaway,Italian Takeaway,"Food, Baking & Personal Chef Services",Takeaway Food Services,kept_mapped_final,V2,https://www.airtasker.com/uk/services/,all_services_page,2026-09-05,Airtasker UK service taxonomy.,London
Airtasker,Italian Tutor,Italian Tutor,Tutoring & Lessons,General Tutoring & Lessons,kept_mapped,V2,https://www.airtasker.com/uk/services/,all_services_page,2026-09-05,Airtasker UK service taxonomy.,London
Airtasker,Jaguar Service,Jaguar Service,Vehicle Services,Vehicle Servicing,kept_mapped_final,V2,https://www.airtasker.com/uk/services/,all_services_page,2026-09-05,Airtasker UK service taxonomy.,London
Airtasker,Jamaican Takeaway,Jamaican Takeaway,"Food, Baking & Personal Chef Services",Takeaway Food Services,kept_mapped_final,V2,https://www.airtasker.com/uk/services/,all_services_page,2026-09-05,Airtasker UK service taxonomy.,London
Airtasker,Janitorial Services,Janitorial Services,"Laundry, Housekeeping & Organisation",Janitorial Services,kept_mapped_final,V2,https://www.airtasker.com/uk/services/,all_services_page,2026-09-05,Airtasker UK service taxonomy.,London
Airtasker,Japanese Baker,Japanese Baker,"Food, Baking & Personal Chef Services",Japanese Baker,kept_mapped_final,V2,https://www.airtasker.com/uk/services/,all_services_page,2026-09-05,Airtasker UK service taxonomy.,London
Airtasker,Japanese Takeaway,Japanese Takeaway,"Food, Baking & Personal Chef Services",Takeaway Food Services,kept_mapped_final,V2,https://www.airtasker.com/uk/services/,all_services_page,2026-09-05,Airtasker UK service taxonomy.,London
Airtasker,Japanese Tutor,Japanese Tutor,Tutoring & Lessons,General Tutoring & Lessons,kept_mapped,V2,https://www.airtasker.com/uk/services/,all_services_page,2026-09-05,Airtasker UK service taxonomy.,London
Airtasker,Java Developer,Java Developer,Software & Development Services,Java Developer,kept_mapped_final,V2,https://www.airtasker.com/uk/services/,all_services_page,2026-09-05,Airtasker UK service taxonomy.,London
Airtasker,Jeep Service,Jeep Service,Vehicle Services,Vehicle Servicing,kept_mapped_final,V2,https://www.airtasker.com/uk/services/,all_services_page,2026-09-05,Airtasker UK service taxonomy.,London
Airtasker,Jiu Jitsu Classes,Jiu Jitsu Classes,Fitness & Sports Coaching,Jiu Jitsu Classes,kept_mapped_final,V2,https://www.airtasker.com/uk/services/,all_services_page,2026-09-05,Airtasker UK service taxonomy.,London
Airtasker,Jollibee Delivery,Jollibee Delivery,Delivery Services,General Delivery,kept_mapped,V2,https://www.airtasker.com/uk/services/,all_services_page,2026-09-05,Airtasker UK service taxonomy.,London
Airtasker,Journalist,Journalist,"Writing, Translation & Language Services",Journalism,kept_mapped_final,V2,https://www.airtasker.com/uk/services/,all_services_page,2026-09-05,Airtasker UK service taxonomy.,London
Airtasker,Judo Classes,Judo Classes,Fitness & Sports Coaching,Judo Classes,kept_mapped_final,V2,https://www.airtasker.com/uk/services/,all_services_page,2026-09-05,Airtasker UK service taxonomy.,London
Airtasker,Jugglers,Jugglers,Events & Wedding Services,Juggling Entertainment,kept_mapped_final,V2,https://www.airtasker.com/uk/services/,all_services_page,2026-09-05,Airtasker UK service taxonomy.,London
Airtasker,Juice Delivery,Juice Delivery,Delivery Services,General Delivery,kept_mapped,V2,https://www.airtasker.com/uk/services/,all_services_page,2026-09-05,Airtasker UK service taxonomy.,London
Airtasker,KFC Delivery,KFC Delivery,Delivery Services,General Delivery,kept_mapped,V2,https://www.airtasker.com/uk/services/,all_services_page,2026-09-05,Airtasker UK service taxonomy.,London
Airtasker,Karate Lessons,Karate Lessons,Tutoring & Lessons,General Tutoring & Lessons,kept_mapped,V2,https://www.airtasker.com/uk/services/,all_services_page,2026-09-05,Airtasker UK service taxonomy.,London
Airtasker,Kayak Lessons,Kayak Lessons,Tutoring & Lessons,General Tutoring & Lessons,kept_mapped,V2,https://www.airtasker.com/uk/services/,all_services_page,2026-09-05,Airtasker UK service taxonomy.,London
Airtasker,Kebab Delivery,Kebab Delivery,Delivery Services,General Delivery,kept_mapped,V2,https://www.airtasker.com/uk/services/,all_services_page,2026-09-05,Airtasker UK service taxonomy.,London
Airtasker,Keto Baker,Keto Baker,"Food, Baking & Personal Chef Services",Keto Baker,kept_mapped_final,V2,https://www.airtasker.com/uk/services/,all_services_page,2026-09-05,Airtasker UK service taxonomy.,London
Airtasker,Keto Meal Prep,Keto Meal Prep,"Food, Baking & Personal Chef Services",Meal Preparation,kept_mapped_final,V2,https://www.airtasker.com/uk/services/,all_services_page,2026-09-05,Airtasker UK service taxonomy.,London
Airtasker,Key Cutting,Key Cutting,"Locksmith, Keys & Safes",Key Cutting,kept_mapped_final,V2,https://www.airtasker.com/uk/services/,all_services_page,2026-09-05,Airtasker UK service taxonomy.,London
Airtasker,Keyboard Lessons,Keyboard Lessons,Tutoring & Lessons,General Tutoring & Lessons,kept_mapped,V2,https://www.airtasker.com/uk/services/,all_services_page,2026-09-05,Airtasker UK service taxonomy.,London
Airtasker,Kia Service,Kia Service,Vehicle Services,Vehicle Servicing,kept_mapped_final,V2,https://www.airtasker.com/uk/services/,all_services_page,2026-09-05,Airtasker UK service taxonomy.,London
Airtasker,Kickboxing Training,Kickboxing Training,Fitness & Sports Coaching,Kickboxing Training,kept_mapped_final,V2,https://www.airtasker.com/uk/services/,all_services_page,2026-09-05,Airtasker UK service taxonomy.,London
Airtasker,Kids Bike Assembly,Kids Bike Assembly,"Handyman, Assembly & Mounting",Kids Bike Assembly,kept_mapped_final,V2,https://www.airtasker.com/uk/services/,all_services_page,2026-09-05,Airtasker UK service taxonomy.,London
Airtasker,Kids Haircut,Kids Haircut,Hair & Barber Services,Kids Haircuts,kept_mapped_final,V2,https://www.airtasker.com/uk/services/,all_services_page,2026-09-05,Airtasker UK service taxonomy.,London
Airtasker,Kids Swimming Lessons,Kids Swimming Lessons,Tutoring & Lessons,General Tutoring & Lessons,kept_mapped,V2,https://www.airtasker.com/uk/services/,all_services_page,2026-09-05,Airtasker UK service taxonomy.,London
Airtasker,Kitchen Assistant,Kitchen Assistant,Kitchen Services,Kitchen Assistant,kept_mapped_final,V2,https://www.airtasker.com/uk/services/,all_services_page,2026-09-05,Airtasker UK service taxonomy.,London
Airtasker,Kitchen Cabinet Maker,Kitchen Cabinet Maker,Carpentry & Joinery,Cabinet Making & Installation,kept_mapped,V2,https://www.airtasker.com/uk/services/,all_services_page,2026-09-05,Airtasker UK service taxonomy.,London
Airtasker,Kitchen Cabinet Painting,Kitchen Cabinet Painting,Painting & Decorating,General Painting & Decorating,kept_mapped,V2,https://www.airtasker.com/uk/services/,all_services_page,2026-09-05,Airtasker UK service taxonomy.,London
Airtasker,Kitchen Cupboard Repair,Kitchen Cupboard Repair,Kitchen Services,Kitchen Cupboard Repair,kept_mapped_final,V2,https://www.airtasker.com/uk/services/,all_services_page,2026-09-05,Airtasker UK service taxonomy.,London
Airtasker,Kitchen Designers,Kitchen Designers,Kitchen Services,Kitchen Designers,kept_mapped_final,V2,https://www.airtasker.com/uk/services/,all_services_page,2026-09-05,Airtasker UK service taxonomy.,London
Airtasker,Kitchen Drawer Repair,Kitchen Drawer Repair,Kitchen Services,Kitchen Drawer Repair,kept_mapped_final,V2,https://www.airtasker.com/uk/services/,all_services_page,2026-09-05,Airtasker UK service taxonomy.,London
Airtasker,Kitchen Installation,Kitchen Installation,Kitchen Services,Kitchen Installation,kept_mapped,V2,https://www.airtasker.com/uk/services/,all_services_page,2026-09-05,Airtasker UK service taxonomy.,London
Airtasker,Kitchen Renovation,Kitchen Renovation,Building & Construction,Kitchen Renovation,kept_mapped_final,V2,https://www.airtasker.com/uk/services/,all_services_page,2026-09-05,Airtasker UK service taxonomy.,London
Airtasker,Kitchen Sink Installation,Kitchen Sink Installation,Kitchen Services,Kitchen Sink Installation,kept_mapped_final,V2,https://www.airtasker.com/uk/services/,all_services_page,2026-09-05,Airtasker UK service taxonomy.,London
Airtasker,Kitchen Waste Disposal,Kitchen Waste Disposal,Kitchen Services,Kitchen Waste Disposal,kept_mapped_final,V2,https://www.airtasker.com/uk/services/,all_services_page,2026-09-05,Airtasker UK service taxonomy.,London
Airtasker,Kitesurfing Lessons,Kitesurfing Lessons,Tutoring & Lessons,General Tutoring & Lessons,kept_mapped,V2,https://www.airtasker.com/uk/services/,all_services_page,2026-09-05,Airtasker UK service taxonomy.,London
Airtasker,Korean Lessons,Korean Lessons,Tutoring & Lessons,General Tutoring & Lessons,kept_mapped,V2,https://www.airtasker.com/uk/services/,all_services_page,2026-09-05,Airtasker UK service taxonomy.,London
Airtasker,Korean Takeaway,Korean Takeaway,"Food, Baking & Personal Chef Services",Takeaway Food Services,kept_mapped_final,V2,https://www.airtasker.com/uk/services/,all_services_page,2026-09-05,Airtasker UK service taxonomy.,London
Airtasker,Krispy Kreme Delivery,Krispy Kreme Delivery,Delivery Services,General Delivery,kept_mapped,V2,https://www.airtasker.com/uk/services/,all_services_page,2026-09-05,Airtasker UK service taxonomy.,London
Airtasker,LCD Screen Repair,LCD Screen Repair,Electronics Repair Services,Screen Repair,kept_mapped_final,V2,https://www.airtasker.com/uk/services/,all_services_page,2026-09-05,Airtasker UK service taxonomy.,London
Airtasker,LED Lights Installation,LED Lights Installation,Other Services / Unclassified,LED Lights Installation,kept_unclassified,V2,https://www.airtasker.com/uk/services/,all_services_page,2026-09-05,Airtasker UK service taxonomy.,London
Airtasker,LG TV Repair & Setup,LG TV Repair & Setup,"TV, Aerial & Audio Visual Services",TV Repair,kept_mapped_final,V2,https://www.airtasker.com/uk/services/,all_services_page,2026-09-05,Airtasker UK service taxonomy.,London
Airtasker,LPG Engineer,LPG Engineer,"Heating, Boiler & Gas Services",LPG Engineer,kept_mapped_final,V2,https://www.airtasker.com/uk/services/,all_services_page,2026-09-05,Airtasker UK service taxonomy.,London
Airtasker,Ladies' Bikini Waxing,Ladies' Bikini Waxing,Hair Removal,Waxing,kept_mapped,V2,https://www.airtasker.com/uk/services/,all_services_page,2026-09-05,Airtasker UK service taxonomy.,London
Airtasker,Laminate Flooring,Laminate Flooring,Flooring,General Flooring,kept_mapped,V2,https://www.airtasker.com/uk/services/,all_services_page,2026-09-05,Airtasker UK service taxonomy.,London
Airtasker,Lamp Repairs,Lamp Repairs,Other Services / Unclassified,Lamp Repairs,kept_unclassified,V2,https://www.airtasker.com/uk/services/,all_services_page,2026-09-05,Airtasker UK service taxonomy.,London
Airtasker,Land Clearing,Land Clearing,Gardening & Landscaping,Land Clearing,kept_mapped_final,V2,https://www.airtasker.com/uk/services/,all_services_page,2026-09-05,Airtasker UK service taxonomy.,London
Airtasker,Land Rover Service,Land Rover Service,Vehicle Services,Vehicle Servicing,kept_mapped_final,V2,https://www.airtasker.com/uk/services/,all_services_page,2026-09-05,Airtasker UK service taxonomy.,London
Airtasker,Land Surveyor,Land Surveyor,"Architecture, Surveying & Planning",Land Surveyor,kept_mapped_final,V2,https://www.airtasker.com/uk/services/,all_services_page,2026-09-05,Airtasker UK service taxonomy.,London
Airtasker,Landscape Contractors,Landscape Contractors,Gardening & Landscaping,Landscape Contractors,kept_mapped_final,V2,https://www.airtasker.com/uk/services/,all_services_page,2026-09-05,Airtasker UK service taxonomy.,London
Airtasker,Landscape Designers,Landscape Designers,Gardening & Landscaping,Landscape Design,kept_mapped_final,V2,https://www.airtasker.com/uk/services/,all_services_page,2026-09-05,Airtasker UK service taxonomy.,London
Airtasker,Landscape Lighting,Landscape Lighting,Electrical Services,Landscape Lighting,kept_mapped_final,V2,https://www.airtasker.com/uk/services/,all_services_page,2026-09-05,Airtasker UK service taxonomy.,London
Airtasker,Landscaping,Landscaping,Gardening & Landscaping,Landscaping,kept_mapped,V2,https://www.airtasker.com/uk/services/,all_services_page,2026-09-05,Airtasker UK service taxonomy.,London
Airtasker,Language Tutor,Language Tutor,Tutoring & Lessons,General Tutoring & Lessons,kept_mapped,V2,https://www.airtasker.com/uk/services/,all_services_page,2026-09-05,Airtasker UK service taxonomy.,London
Airtasker,Laptop Repair,Laptop Repair,IT Support & Device Services,Laptop Repair,kept_mapped_final,V2,https://www.airtasker.com/uk/services/,all_services_page,2026-09-05,Airtasker UK service taxonomy.,London
Airtasker,Laundry,Laundry,"Laundry, Housekeeping & Organisation",Laundry Services,kept_mapped_final,V2,https://www.airtasker.com/uk/services/,all_services_page,2026-09-05,Airtasker UK service taxonomy.,London
Airtasker,Laundry Services,Laundry Services,"Laundry, Housekeeping & Organisation",Laundry Services,kept_mapped_final,V2,https://www.airtasker.com/uk/services/,all_services_page,2026-09-05,Airtasker UK service taxonomy.,London
Airtasker,Lawn Aeration,Lawn Aeration,Gardening & Landscaping,Lawn Aeration,kept_mapped_final,V2,https://www.airtasker.com/uk/services/,all_services_page,2026-09-05,Airtasker UK service taxonomy.,London
Airtasker,Lawn Care,Lawn Care,Gardening & Landscaping,Lawn Care,kept_mapped,V2,https://www.airtasker.com/uk/services/,all_services_page,2026-09-05,Airtasker UK service taxonomy.,London
Airtasker,Lawn Care & Maintenance,Lawn Care & Maintenance,Gardening & Landscaping,Lawn Care,kept_mapped,V2,https://www.airtasker.com/uk/services/,all_services_page,2026-09-05,Airtasker UK service taxonomy.,London
Airtasker,Lawn Fertilisation,Lawn Fertilisation,Gardening & Landscaping,Lawn Fertilisation,kept_mapped_final,V2,https://www.airtasker.com/uk/services/,all_services_page,2026-09-05,Airtasker UK service taxonomy.,London
Airtasker,Lawn Mower Blade Sharpening,Lawn Mower Blade Sharpening,Gardening & Landscaping,Lawn Mower Blade Sharpening,kept_mapped_final,V2,https://www.airtasker.com/uk/services/,all_services_page,2026-09-05,Airtasker UK service taxonomy.,London
Airtasker,Lawn Mower Repair,Lawn Mower Repair,Gardening & Landscaping,Lawn Mower Repair,kept_mapped_final,V2,https://www.airtasker.com/uk/services/,all_services_page,2026-09-05,Airtasker UK service taxonomy.,London
Airtasker,Lawn Mowing,Lawn Mowing,Gardening & Landscaping,Lawn Mowing,kept_mapped,V2,https://www.airtasker.com/uk/services/,all_services_page,2026-09-05,Airtasker UK service taxonomy.,London
Airtasker,Lawn Repair,Lawn Repair,Gardening & Landscaping,Lawn Repair,kept_mapped_final,V2,https://www.airtasker.com/uk/services/,all_services_page,2026-09-05,Airtasker UK service taxonomy.,London
Airtasker,Lawn Seeding,Lawn Seeding,Gardening & Landscaping,Lawn Seeding,kept_mapped_final,V2,https://www.airtasker.com/uk/services/,all_services_page,2026-09-05,Airtasker UK service taxonomy.,London
Airtasker,Lawn Treatment,Lawn Treatment,Gardening & Landscaping,Lawn Treatment,kept_mapped_final,V2,https://www.airtasker.com/uk/services/,all_services_page,2026-09-05,Airtasker UK service taxonomy.,London
Airtasker,Leaded Glass Repair,Leaded Glass Repair,Windows & Glazing,Glazing & Glass Repair,kept_mapped,V2,https://www.airtasker.com/uk/services/,all_services_page,2026-09-05,Airtasker UK service taxonomy.,London
Airtasker,Leaftlet Distribution,Leaftlet Distribution,Other Services / Unclassified,Leaftlet Distribution,kept_unclassified,V2,https://www.airtasker.com/uk/services/,all_services_page,2026-09-05,Airtasker UK service taxonomy.,London
Airtasker,Leak Detection,Leak Detection,Plumbing Services,Leak Detection,kept_mapped,V2,https://www.airtasker.com/uk/services/,all_services_page,2026-09-05,Airtasker UK service taxonomy.,London
Airtasker,Leather Car Seat Restoration,Leather Car Seat Restoration,"Damp, Waterproofing & Restoration",Leather Car Seat Restoration,kept_mapped_final,V2,https://www.airtasker.com/uk/services/,all_services_page,2026-09-05,Airtasker UK service taxonomy.,London
Airtasker,Leather Cleaning,Leather Cleaning,Cleaning Services,General Cleaning,kept_mapped,V2,https://www.airtasker.com/uk/services/,all_services_page,2026-09-05,Airtasker UK service taxonomy.,London
Airtasker,Leather Furniture Repair,Leather Furniture Repair,Furniture Services,Furniture Repair,kept_mapped,V2,https://www.airtasker.com/uk/services/,all_services_page,2026-09-05,Airtasker UK service taxonomy.,London
Airtasker,Leeds to London Removals,Leeds to London Removals,Removals & Moving,General Removals,kept_mapped,V2,https://www.airtasker.com/uk/services/,all_services_page,2026-09-05,Airtasker UK service taxonomy.,London
Airtasker,Legal Services,Legal Services,Legal Services,General Legal Services,kept_mapped_final,V2,https://www.airtasker.com/uk/services/,all_services_page,2026-09-05,Airtasker UK service taxonomy.,London
Airtasker,Lessons,Lessons,Tutoring & Lessons,General Tutoring & Lessons,kept_mapped,V2,https://www.airtasker.com/uk/services/,all_services_page,2026-09-05,Airtasker UK service taxonomy.,London
Airtasker,Letterbox Replacement,Letterbox Replacement,"Doors, Windows & Glazing",Letterbox Replacement,kept_mapped_final,V2,https://www.airtasker.com/uk/services/,all_services_page,2026-09-05,Airtasker UK service taxonomy.,London
Airtasker,Levelling,Levelling,Other Services / Unclassified,Levelling,kept_unclassified,V2,https://www.airtasker.com/uk/services/,all_services_page,2026-09-05,Airtasker UK service taxonomy.,London
Airtasker,Lexus Service,Lexus Service,Vehicle Services,Vehicle Servicing,kept_mapped_final,V2,https://www.airtasker.com/uk/services/,all_services_page,2026-09-05,Airtasker UK service taxonomy.,London
Airtasker,Life Coach,Life Coach,Coaching & Personal Development,Life Coaching,kept_mapped_final,V2,https://www.airtasker.com/uk/services/,all_services_page,2026-09-05,Airtasker UK service taxonomy.,London
Airtasker,Light Installation,Light Installation,Electrical Services,Lighting Installation,kept_mapped,V2,https://www.airtasker.com/uk/services/,all_services_page,2026-09-05,Airtasker UK service taxonomy.,London
Airtasker,Light Repair,Light Repair,Electrical Services,Lighting Repair,kept_mapped,V2,https://www.airtasker.com/uk/services/,all_services_page,2026-09-05,Airtasker UK service taxonomy.,London
Airtasker,Lime Plastering,Lime Plastering,Plastering & Rendering,Plastering,kept_mapped,V2,https://www.airtasker.com/uk/services/,all_services_page,2026-09-05,Airtasker UK service taxonomy.,London
Airtasker,Line Dancing Lessons,Line Dancing Lessons,Tutoring & Lessons,General Tutoring & Lessons,kept_mapped,V2,https://www.airtasker.com/uk/services/,all_services_page,2026-09-05,Airtasker UK service taxonomy.,London
Airtasker,LinkedIn Profile Writing,LinkedIn Profile Writing,"Writing, Translation & Language Services",LinkedIn Profile Writing,kept_mapped_final,V2,https://www.airtasker.com/uk/services/,all_services_page,2026-09-05,Airtasker UK service taxonomy.,London
Airtasker,Linoleum Flooring,Linoleum Flooring,Flooring,General Flooring,kept_mapped,V2,https://www.airtasker.com/uk/services/,all_services_page,2026-09-05,Airtasker UK service taxonomy.,London
Airtasker,Littlehampton to Rustington Removals,Littlehampton to Rustington Removals,Removals & Moving,General Removals,kept_mapped,V2,https://www.airtasker.com/uk/services/,all_services_page,2026-09-05,Airtasker UK service taxonomy.,London
Airtasker,Local Mobile Mechanic,Local Mobile Mechanic,Vehicle Services,Mobile Mechanic,kept_mapped,V2,https://www.airtasker.com/uk/services/,all_services_page,2026-09-05,Airtasker UK service taxonomy.,London
Airtasker,Lock Installation,Lock Installation,"Locksmith, Keys & Safes",Lock Installation,kept_mapped_final,V2,https://www.airtasker.com/uk/services/,all_services_page,2026-09-05,Airtasker UK service taxonomy.,London
Airtasker,Lock Replacement,Lock Replacement,Locksmith Services,Lock Replacement,kept_mapped,V2,https://www.airtasker.com/uk/services/,all_services_page,2026-09-05,Airtasker UK service taxonomy.,London
Airtasker,Locksmith,Locksmith,Locksmith Services,General Locksmith,kept_mapped,V2,https://www.airtasker.com/uk/services/,all_services_page,2026-09-05,Airtasker UK service taxonomy.,London
Airtasker,Loft Conversion,Loft Conversion,Building & Construction,Loft Conversion,kept_mapped,V2,https://www.airtasker.com/uk/services/,all_services_page,2026-09-05,Airtasker UK service taxonomy.,London
Airtasker,Loft Insulation,Loft Insulation,Insulation Services,Loft Insulation,kept_mapped,V2,https://www.airtasker.com/uk/services/,all_services_page,2026-09-05,Airtasker UK service taxonomy.,London
Airtasker,Loft Ladder Installation,Loft Ladder Installation,"Loft, Attic & Storage Services",Loft Ladder Installation,kept_mapped_final,V2,https://www.airtasker.com/uk/services/,all_services_page,2026-09-05,Airtasker UK service taxonomy.,London
Airtasker,Loft and Attic Clearance,Loft and Attic Clearance,Waste Services,General Clearance,kept_mapped,V2,https://www.airtasker.com/uk/services/,all_services_page,2026-09-05,Airtasker UK service taxonomy.,London
Airtasker,Logo Design,Logo Design,Marketing & Creative Services,Logo Design,kept_mapped_final,V2,https://www.airtasker.com/uk/services/,all_services_page,2026-09-05,Airtasker UK service taxonomy.,London
Airtasker,London to Belfast Removals,London to Belfast Removals,Removals & Moving,General Removals,kept_mapped,V2,https://www.airtasker.com/uk/services/,all_services_page,2026-09-05,Airtasker UK service taxonomy.,London
Airtasker,London to Birmingham Removals,London to Birmingham Removals,Removals & Moving,General Removals,kept_mapped,V2,https://www.airtasker.com/uk/services/,all_services_page,2026-09-05,Airtasker UK service taxonomy.,London
Airtasker,London to Brighton Removals,London to Brighton Removals,Removals & Moving,General Removals,kept_mapped,V2,https://www.airtasker.com/uk/services/,all_services_page,2026-09-05,Airtasker UK service taxonomy.,London
Airtasker,London to Bristol Removals,London to Bristol Removals,Removals & Moving,General Removals,kept_mapped,V2,https://www.airtasker.com/uk/services/,all_services_page,2026-09-05,Airtasker UK service taxonomy.,London
Airtasker,London to Edinburgh Removals,London to Edinburgh Removals,Removals & Moving,General Removals,kept_mapped,V2,https://www.airtasker.com/uk/services/,all_services_page,2026-09-05,Airtasker UK service taxonomy.,London
Airtasker,London to Exeter Removals,London to Exeter Removals,Removals & Moving,General Removals,kept_mapped,V2,https://www.airtasker.com/uk/services/,all_services_page,2026-09-05,Airtasker UK service taxonomy.,London
Airtasker,London to Glasgow Removals,London to Glasgow Removals,Removals & Moving,General Removals,kept_mapped,V2,https://www.airtasker.com/uk/services/,all_services_page,2026-09-05,Airtasker UK service taxonomy.,London
Airtasker,London to Liverpool Removals,London to Liverpool Removals,Removals & Moving,General Removals,kept_mapped,V2,https://www.airtasker.com/uk/services/,all_services_page,2026-09-05,Airtasker UK service taxonomy.,London
Airtasker,London to Manchester Removals,London to Manchester Removals,Removals & Moving,General Removals,kept_mapped,V2,https://www.airtasker.com/uk/services/,all_services_page,2026-09-05,Airtasker UK service taxonomy.,London
Airtasker,Long Distance Removals,Long Distance Removals,Removals & Moving,General Removals,kept_mapped,V2,https://www.airtasker.com/uk/services/,all_services_page,2026-09-05,Airtasker UK service taxonomy.,London
Airtasker,Lounge Repair,Lounge Repair,"Furniture, Carpentry & Woodwork",Lounge Furniture Repair,kept_mapped_final,V2,https://www.airtasker.com/uk/services/,all_services_page,2026-09-05,Airtasker UK service taxonomy.,London
Airtasker,Lunch Delivery,Lunch Delivery,Delivery Services,General Delivery,kept_mapped,V2,https://www.airtasker.com/uk/services/,all_services_page,2026-09-05,Airtasker UK service taxonomy.,London
Airtasker,MDF Cutting,MDF Cutting,Other Services / Unclassified,MDF Cutting,kept_unclassified,V2,https://www.airtasker.com/uk/services/,all_services_page,2026-09-05,Airtasker UK service taxonomy.,London
Airtasker,MDF Installation,MDF Installation,Other Services / Unclassified,MDF Installation,kept_unclassified,V2,https://www.airtasker.com/uk/services/,all_services_page,2026-09-05,Airtasker UK service taxonomy.,London
Airtasker,MMA Training,MMA Training,Fitness & Sports Coaching,MMA Training,kept_mapped_final,V2,https://www.airtasker.com/uk/services/,all_services_page,2026-09-05,Airtasker UK service taxonomy.,London
Airtasker,Macbook Air Repair,Macbook Air Repair,IT Support & Device Services,MacBook Repair,kept_mapped_final,V2,https://www.airtasker.com/uk/services/,all_services_page,2026-09-05,Airtasker UK service taxonomy.,London
Airtasker,Macbook Repairs,Macbook Repairs,IT Support & Device Services,MacBook Repair,kept_mapped_final,V2,https://www.airtasker.com/uk/services/,all_services_page,2026-09-05,Airtasker UK service taxonomy.,London
Airtasker,Magento Developer,Magento Developer,Software & Development Services,Magento Developer,kept_mapped_final,V2,https://www.airtasker.com/uk/services/,all_services_page,2026-09-05,Airtasker UK service taxonomy.,London
Airtasker,Magician,Magician,Events & Wedding Services,Magician,kept_mapped_final,V2,https://www.airtasker.com/uk/services/,all_services_page,2026-09-05,Airtasker UK service taxonomy.,London
Airtasker,Makeup Artist,Makeup Artist,Beauty & Personal Care,Makeup Artist,kept_mapped_final,V2,https://www.airtasker.com/uk/services/,all_services_page,2026-09-05,Airtasker UK service taxonomy.,London
Airtasker,Makeup Tutor,Makeup Tutor,Tutoring & Lessons,General Tutoring & Lessons,kept_mapped,V2,https://www.airtasker.com/uk/services/,all_services_page,2026-09-05,Airtasker UK service taxonomy.,London
Airtasker,Malware Removal,Malware Removal,Removals & Moving,General Removals,kept_mapped,V2,https://www.airtasker.com/uk/services/,all_services_page,2026-09-05,Airtasker UK service taxonomy.,London
Airtasker,Man With a Van,Man With a Van,"Removals, Delivery & Courier Services",Man & Van,kept_mapped_final,V2,https://www.airtasker.com/uk/services/,all_services_page,2026-09-05,Airtasker UK service taxonomy.,London
Airtasker,Mandarin Tutor,Mandarin Tutor,Tutoring & Lessons,General Tutoring & Lessons,kept_mapped,V2,https://www.airtasker.com/uk/services/,all_services_page,2026-09-05,Airtasker UK service taxonomy.,London
Airtasker,Mandolin Lessons,Mandolin Lessons,Tutoring & Lessons,General Tutoring & Lessons,kept_mapped,V2,https://www.airtasker.com/uk/services/,all_services_page,2026-09-05,Airtasker UK service taxonomy.,London
Airtasker,Manicure,Manicure,Nail Services,Manicure,kept_mapped,V2,https://www.airtasker.com/uk/services/,all_services_page,2026-09-05,Airtasker UK service taxonomy.,London
Airtasker,Marble Floor Cleaning,Marble Floor Cleaning,Cleaning Services,General Cleaning,kept_mapped,V2,https://www.airtasker.com/uk/services/,all_services_page,2026-09-05,Airtasker UK service taxonomy.,London
Airtasker,Marble Flooring,Marble Flooring,Flooring,General Flooring,kept_mapped,V2,https://www.airtasker.com/uk/services/,all_services_page,2026-09-05,Airtasker UK service taxonomy.,London
Airtasker,Market Research,Market Research,Business & Administrative Services,Market Research,kept_mapped_final,V2,https://www.airtasker.com/uk/services/,all_services_page,2026-09-05,Airtasker UK service taxonomy.,London
Airtasker,Marketing,Marketing,Professional Services,Marketing Services,kept_mapped,V2,https://www.airtasker.com/uk/services/,all_services_page,2026-09-05,Airtasker UK service taxonomy.,London
Airtasker,Marriage Counselling,Marriage Counselling,Therapy & Counselling,Counselling,kept_mapped,V2,https://www.airtasker.com/uk/services/,all_services_page,2026-09-05,Airtasker UK service taxonomy.,London
Airtasker,Martial Arts,Martial Arts,Fitness & Sports Coaching,Martial Arts,kept_mapped_final,V2,https://www.airtasker.com/uk/services/,all_services_page,2026-09-05,Airtasker UK service taxonomy.,London
Airtasker,Maternity Nurse,Maternity Nurse,Childcare & Care Services,Maternity Nurse,kept_mapped_final,V2,https://www.airtasker.com/uk/services/,all_services_page,2026-09-05,Airtasker UK service taxonomy.,London
Airtasker,Maths Tutor,Maths Tutor,Tutoring & Lessons,Maths Tutoring,kept_mapped,V2,https://www.airtasker.com/uk/services/,all_services_page,2026-09-05,Airtasker UK service taxonomy.,London
Airtasker,Mattress Cleaning,Mattress Cleaning,Cleaning Services,General Cleaning,kept_mapped,V2,https://www.airtasker.com/uk/services/,all_services_page,2026-09-05,Airtasker UK service taxonomy.,London
Airtasker,Mattress Removal,Mattress Removal,Removals & Moving,General Removals,kept_mapped,V2,https://www.airtasker.com/uk/services/,all_services_page,2026-09-05,Airtasker UK service taxonomy.,London
Airtasker,Mazda Service,Mazda Service,Vehicle Services,Vehicle Servicing,kept_mapped_final,V2,https://www.airtasker.com/uk/services/,all_services_page,2026-09-05,Airtasker UK service taxonomy.,London
Airtasker,McDonalds Delivery,McDonalds Delivery,Delivery Services,General Delivery,kept_mapped,V2,https://www.airtasker.com/uk/services/,all_services_page,2026-09-05,Airtasker UK service taxonomy.,London
Airtasker,Meal Delivery,Meal Delivery,Delivery Services,General Delivery,kept_mapped,V2,https://www.airtasker.com/uk/services/,all_services_page,2026-09-05,Airtasker UK service taxonomy.,London
Airtasker,Meal Preparation & Planning,Meal Preparation & Planning,"Food, Baking & Personal Chef Services",Meal Preparation,kept_mapped_final,V2,https://www.airtasker.com/uk/services/,all_services_page,2026-09-05,Airtasker UK service taxonomy.,London
Airtasker,Meat Delivery,Meat Delivery,Delivery Services,General Delivery,kept_mapped,V2,https://www.airtasker.com/uk/services/,all_services_page,2026-09-05,Airtasker UK service taxonomy.,London
Airtasker,Mechanic,Mechanic,Vehicle Services,Mechanic,kept_mapped_final,V2,https://www.airtasker.com/uk/services/,all_services_page,2026-09-05,Airtasker UK service taxonomy.,London
Airtasker,Medal Mounting,Medal Mounting,"Handyman, Assembly & Mounting",Medal Mounting,kept_mapped_final,V2,https://www.airtasker.com/uk/services/,all_services_page,2026-09-05,Airtasker UK service taxonomy.,London
Airtasker,Men's Tailoring,Men's Tailoring,Other Services / Unclassified,Men's Tailoring,kept_unclassified,V2,https://www.airtasker.com/uk/services/,all_services_page,2026-09-05,Airtasker UK service taxonomy.,London
Airtasker,Mental Health Services,Mental Health Services,"Health, Therapy & Wellness",Mental Health Services,kept_mapped_final,V2,https://www.airtasker.com/uk/services/,all_services_page,2026-09-05,Airtasker UK service taxonomy.,London
Airtasker,Metal Gate Repair,Metal Gate Repair,Fencing & Gates,Gate Repair,kept_mapped,V2,https://www.airtasker.com/uk/services/,all_services_page,2026-09-05,Airtasker UK service taxonomy.,London
Airtasker,Metal Roofing,Metal Roofing,Roofing Services,General Roofing,kept_mapped,V2,https://www.airtasker.com/uk/services/,all_services_page,2026-09-05,Airtasker UK service taxonomy.,London
Airtasker,Metalworks,Metalworks,Metalwork & Fabrication,Metalwork,kept_mapped_final,V2,https://www.airtasker.com/uk/services/,all_services_page,2026-09-05,Airtasker UK service taxonomy.,London
Airtasker,Mexican Takeaway,Mexican Takeaway,"Food, Baking & Personal Chef Services",Takeaway Food Services,kept_mapped_final,V2,https://www.airtasker.com/uk/services/,all_services_page,2026-09-05,Airtasker UK service taxonomy.,London
Airtasker,Mice Control,Mice Control,Pest Control Services,Rodent Control,kept_mapped,V2,https://www.airtasker.com/uk/services/,all_services_page,2026-09-05,Airtasker UK service taxonomy.,London
Airtasker,Microsoft Excel Help,Microsoft Excel Help,IT Support & Device Services,Microsoft Excel Help,kept_mapped_final,V2,https://www.airtasker.com/uk/services/,all_services_page,2026-09-05,Airtasker UK service taxonomy.,London
Airtasker,Microsoft Help,Microsoft Help,IT Support & Device Services,Microsoft Help,kept_mapped_final,V2,https://www.airtasker.com/uk/services/,all_services_page,2026-09-05,Airtasker UK service taxonomy.,London
Airtasker,Microsoft Powerpoint Help,Microsoft Powerpoint Help,IT Support & Device Services,Microsoft PowerPoint Help,kept_mapped_final,V2,https://www.airtasker.com/uk/services/,all_services_page,2026-09-05,Airtasker UK service taxonomy.,London
Airtasker,Microsoft Windows Help,Microsoft Windows Help,"Doors, Windows & Glazing",Microsoft Windows Help,kept_mapped_final,V2,https://www.airtasker.com/uk/services/,all_services_page,2026-09-05,Airtasker UK service taxonomy.,London
Airtasker,Microsoft Word Help,Microsoft Word Help,IT Support & Device Services,Microsoft Word Help,kept_mapped_final,V2,https://www.airtasker.com/uk/services/,all_services_page,2026-09-05,Airtasker UK service taxonomy.,London
Airtasker,Microwave Repair,Microwave Repair,Appliance & Equipment Services,Microwave Repair,kept_mapped_final,V2,https://www.airtasker.com/uk/services/,all_services_page,2026-09-05,Airtasker UK service taxonomy.,London
Airtasker,Milk Delivery,Milk Delivery,Delivery Services,General Delivery,kept_mapped,V2,https://www.airtasker.com/uk/services/,all_services_page,2026-09-05,Airtasker UK service taxonomy.,London
Airtasker,Mime Artist,Mime Artist,"Printing, Signage & Art Services",Mime Artist,kept_mapped_final,V2,https://www.airtasker.com/uk/services/,all_services_page,2026-09-05,Airtasker UK service taxonomy.,London
Airtasker,Mini Service,Mini Service,Vehicle Services,Vehicle Servicing,kept_mapped_final,V2,https://www.airtasker.com/uk/services/,all_services_page,2026-09-05,Airtasker UK service taxonomy.,London
Airtasker,Mira Shower Repair,Mira Shower Repair,Plumbing Services,Shower Repair,kept_mapped,V2,https://www.airtasker.com/uk/services/,all_services_page,2026-09-05,Airtasker UK service taxonomy.,London
Airtasker,Mirror Cutting,Mirror Cutting,"Doors, Windows & Glazing",Mirror Cutting,kept_mapped_final,V2,https://www.airtasker.com/uk/services/,all_services_page,2026-09-05,Airtasker UK service taxonomy.,London
Airtasker,Mirror Hanging,Mirror Hanging,"Handyman, Assembly & Mounting",Wall Hanging & Mounting,kept_mapped_final,V2,https://www.airtasker.com/uk/services/,all_services_page,2026-09-05,Airtasker UK service taxonomy.,London
Airtasker,Mirror Repair,Mirror Repair,"Doors, Windows & Glazing",Mirror Repair,kept_mapped_final,V2,https://www.airtasker.com/uk/services/,all_services_page,2026-09-05,Airtasker UK service taxonomy.,London
Airtasker,Misted Double Glazing,Misted Double Glazing,Windows & Glazing,Double Glazing,kept_mapped,V2,https://www.airtasker.com/uk/services/,all_services_page,2026-09-05,Airtasker UK service taxonomy.,London
Airtasker,Mobile Alloy Wheel Repair,Mobile Alloy Wheel Repair,Vehicle Services,Alloy Wheel Repair,kept_mapped,V2,https://www.airtasker.com/uk/services/,all_services_page,2026-09-05,Airtasker UK service taxonomy.,London
Airtasker,Mobile App Development,Mobile App Development,Software & Development Services,App Development,kept_mapped_final,V2,https://www.airtasker.com/uk/services/,all_services_page,2026-09-05,Airtasker UK service taxonomy.,London
Airtasker,Mobile Auto Electrician,Mobile Auto Electrician,Electrical Services,General Electrical Services,kept_mapped,V2,https://www.airtasker.com/uk/services/,all_services_page,2026-09-05,Airtasker UK service taxonomy.,London
Airtasker,Mobile Barbers,Mobile Barbers,Hair & Barber Services,Mobile Barbering,kept_mapped_final,V2,https://www.airtasker.com/uk/services/,all_services_page,2026-09-05,Airtasker UK service taxonomy.,London
Airtasker,Mobile Bicycle Repair,Mobile Bicycle Repair,Vehicle Services,Bicycle Repair,kept_mapped_final,V2,https://www.airtasker.com/uk/services/,all_services_page,2026-09-05,Airtasker UK service taxonomy.,London
Airtasker,Mobile Bike Repair,Mobile Bike Repair,Vehicle Services,Bicycle Repair,kept_mapped_final,V2,https://www.airtasker.com/uk/services/,all_services_page,2026-09-05,Airtasker UK service taxonomy.,London
Airtasker,Mobile Car Airconditioning Service,Mobile Car Airconditioning Service,Vehicle Services,Mobile Car Air Conditioning,kept_mapped_final,V2,https://www.airtasker.com/uk/services/,all_services_page,2026-09-05,Airtasker UK service taxonomy.,London
Airtasker,Mobile Car Battery Replacement,Mobile Car Battery Replacement,Vehicle Services,Mobile Car Battery Replacement,kept_mapped_final,V2,https://www.airtasker.com/uk/services/,all_services_page,2026-09-05,Airtasker UK service taxonomy.,London
Airtasker,Mobile Car Dent Repair,Mobile Car Dent Repair,Vehicle Services,Dent Repair,kept_mapped_final,V2,https://www.airtasker.com/uk/services/,all_services_page,2026-09-05,Airtasker UK service taxonomy.,London
Airtasker,Mobile Car Detailing,Mobile Car Detailing,Vehicle Services,Car Detailing,kept_mapped,V2,https://www.airtasker.com/uk/services/,all_services_page,2026-09-05,Airtasker UK service taxonomy.,London
Airtasker,Mobile Car Diagnostics,Mobile Car Diagnostics,Vehicle Services,Car Diagnostics,kept_mapped_final,V2,https://www.airtasker.com/uk/services/,all_services_page,2026-09-05,Airtasker UK service taxonomy.,London
Airtasker,Mobile Car Valet,Mobile Car Valet,Vehicle Services,Car Valeting,kept_mapped,V2,https://www.airtasker.com/uk/services/,all_services_page,2026-09-05,Airtasker UK service taxonomy.,London
Airtasker,Mobile Dog Grooming,Mobile Dog Grooming,Pet Services,Pet Grooming,kept_mapped,V2,https://www.airtasker.com/uk/services/,all_services_page,2026-09-05,Airtasker UK service taxonomy.,London
Airtasker,Mobile Dog Wash,Mobile Dog Wash,Pet & Animal Services,Mobile Dog Wash,kept_mapped_final,V2,https://www.airtasker.com/uk/services/,all_services_page,2026-09-05,Airtasker UK service taxonomy.,London
Airtasker,Mobile Hairdressers,Mobile Hairdressers,Hair & Barber Services,Hairdressing,kept_mapped,V2,https://www.airtasker.com/uk/services/,all_services_page,2026-09-05,Airtasker UK service taxonomy.,London
Airtasker,Mobile Locksmith,Mobile Locksmith,Locksmith Services,General Locksmith,kept_mapped,V2,https://www.airtasker.com/uk/services/,all_services_page,2026-09-05,Airtasker UK service taxonomy.,London
Airtasker,Mobile Mechanic,Mobile Mechanic,Vehicle Services,Mobile Mechanic,kept_mapped,V2,https://www.airtasker.com/uk/services/,all_services_page,2026-09-05,Airtasker UK service taxonomy.,London
Airtasker,Mobile Motorcycle Mechanic,Mobile Motorcycle Mechanic,Vehicle Services,Mobile Motorcycle Mechanic,kept_mapped_final,V2,https://www.airtasker.com/uk/services/,all_services_page,2026-09-05,Airtasker UK service taxonomy.,London
Airtasker,Mobile Pet Services,Mobile Pet Services,Pet & Animal Services,Mobile Pet Services,kept_mapped_final,V2,https://www.airtasker.com/uk/services/,all_services_page,2026-09-05,Airtasker UK service taxonomy.,London
Airtasker,Mobile Scratch Repair,Mobile Scratch Repair,Vehicle Services,Scratch Repair,kept_mapped_final,V2,https://www.airtasker.com/uk/services/,all_services_page,2026-09-05,Airtasker UK service taxonomy.,London
Airtasker,Mobile Tattoo Artists,Mobile Tattoo Artists,Tattoo & Piercing,Tattoo Services,kept_mapped,V2,https://www.airtasker.com/uk/services/,all_services_page,2026-09-05,Airtasker UK service taxonomy.,London
Airtasker,Mobile Tyre Fitting,Mobile Tyre Fitting,Vehicle Services,Tyre Fitting,kept_mapped,V2,https://www.airtasker.com/uk/services/,all_services_page,2026-09-05,Airtasker UK service taxonomy.,London
Airtasker,Mobile Tyre Repair,Mobile Tyre Repair,Vehicle Services,Tyre Repair,kept_mapped,V2,https://www.airtasker.com/uk/services/,all_services_page,2026-09-05,Airtasker UK service taxonomy.,London
Airtasker,Mobile Waxing,Mobile Waxing,Hair Removal,Waxing,kept_mapped,V2,https://www.airtasker.com/uk/services/,all_services_page,2026-09-05,Airtasker UK service taxonomy.,London
Airtasker,Mobile Welding,Mobile Welding,Metalwork & Fabrication,Mobile Welding,kept_mapped_final,V2,https://www.airtasker.com/uk/services/,all_services_page,2026-09-05,Airtasker UK service taxonomy.,London
Airtasker,Mobile Wheel Refurbishment,Mobile Wheel Refurbishment,Building & Construction,Mobile Wheel Refurbishment,kept_mapped_final,V2,https://www.airtasker.com/uk/services/,all_services_page,2026-09-05,Airtasker UK service taxonomy.,London
Airtasker,Mobility Scooter Service,Mobility Scooter Service,Accessibility & Mobility Services,Mobility Scooter Service,kept_mapped_final,V2,https://www.airtasker.com/uk/services/,all_services_page,2026-09-05,Airtasker UK service taxonomy.,London
Airtasker,Models,Models,Other Services / Unclassified,Models,kept_unclassified,V2,https://www.airtasker.com/uk/services/,all_services_page,2026-09-05,Airtasker UK service taxonomy.,London
Airtasker,Moped Repair,Moped Repair,Vehicle Services,Moped Repair,kept_mapped_final,V2,https://www.airtasker.com/uk/services/,all_services_page,2026-09-05,Airtasker UK service taxonomy.,London
Airtasker,Mopping,Mopping,Cleaning Services,Mopping,kept_mapped_final,V2,https://www.airtasker.com/uk/services/,all_services_page,2026-09-05,Airtasker UK service taxonomy.,London
Airtasker,Morrisons Grocery Delivery,Morrisons Grocery Delivery,Delivery Services,Grocery Delivery,kept_mapped,V2,https://www.airtasker.com/uk/services/,all_services_page,2026-09-05,Airtasker UK service taxonomy.,London
Airtasker,Mortgage Advisor,Mortgage Advisor,Accounting & Finance Services,Mortgage Advisor,kept_mapped_final,V2,https://www.airtasker.com/uk/services/,all_services_page,2026-09-05,Airtasker UK service taxonomy.,London
Airtasker,Mother's Day Gift Delivery,Mother's Day Gift Delivery,Delivery Services,Gift Delivery,kept_mapped,V2,https://www.airtasker.com/uk/services/,all_services_page,2026-09-05,Airtasker UK service taxonomy.,London
Airtasker,Mother's Help,Mother's Help,Other Services / Unclassified,Mother's Help,kept_unclassified,V2,https://www.airtasker.com/uk/services/,all_services_page,2026-09-05,Airtasker UK service taxonomy.,London
Airtasker,Motivational Speaker,Motivational Speaker,Coaching & Personal Development,Motivational Speaking,kept_mapped_final,V2,https://www.airtasker.com/uk/services/,all_services_page,2026-09-05,Airtasker UK service taxonomy.,London
Airtasker,Motorcycle Lessons,Motorcycle Lessons,Tutoring & Lessons,General Tutoring & Lessons,kept_mapped,V2,https://www.airtasker.com/uk/services/,all_services_page,2026-09-05,Airtasker UK service taxonomy.,London
Airtasker,Motorcycle MOT,Motorcycle MOT,Vehicle Services,MOT Testing,kept_mapped_final,V2,https://www.airtasker.com/uk/services/,all_services_page,2026-09-05,Airtasker UK service taxonomy.,London
Airtasker,Motorcycle Mechanic,Motorcycle Mechanic,Vehicle Services,Motorcycle Mechanic,kept_mapped_final,V2,https://www.airtasker.com/uk/services/,all_services_page,2026-09-05,Airtasker UK service taxonomy.,London
Airtasker,Motorcycle Seat Repair,Motorcycle Seat Repair,Vehicle Services,Motorcycle Seat Repair,kept_mapped_final,V2,https://www.airtasker.com/uk/services/,all_services_page,2026-09-05,Airtasker UK service taxonomy.,London
Airtasker,Motorcycle Transport,Motorcycle Transport,Vehicle Services,Motorcycle Transport,kept_mapped_final,V2,https://www.airtasker.com/uk/services/,all_services_page,2026-09-05,Airtasker UK service taxonomy.,London
Airtasker,Motorcycle Tyre Repair,Motorcycle Tyre Repair,Vehicle Services,Tyre Repair,kept_mapped,V2,https://www.airtasker.com/uk/services/,all_services_page,2026-09-05,Airtasker UK service taxonomy.,London
Airtasker,Mould Removal,Mould Removal,Removals & Moving,General Removals,kept_mapped,V2,https://www.airtasker.com/uk/services/,all_services_page,2026-09-05,Airtasker UK service taxonomy.,London
Airtasker,Move,Move,Other Services / Unclassified,Move,kept_unclassified,V2,https://www.airtasker.com/uk/services/,all_services_page,2026-09-05,Airtasker UK service taxonomy.,London
Airtasker,Moving Services,Moving Services,Removals & Moving,General Removals,kept_mapped,V2,https://www.airtasker.com/uk/services/,all_services_page,2026-09-05,Airtasker UK service taxonomy.,London
Airtasker,Moving to Storage,Moving to Storage,"Removals, Delivery & Courier Services",Move to Storage,kept_mapped_final,V2,https://www.airtasker.com/uk/services/,all_services_page,2026-09-05,Airtasker UK service taxonomy.,London
Airtasker,Mulching,Mulching,Tree & Grounds Services,Mulching,kept_mapped_final,V2,https://www.airtasker.com/uk/services/,all_services_page,2026-09-05,Airtasker UK service taxonomy.,London
Airtasker,Muralists,Muralists,"Printing, Signage & Art Services",Muralists,kept_mapped_final,V2,https://www.airtasker.com/uk/services/,all_services_page,2026-09-05,Airtasker UK service taxonomy.,London
Airtasker,Music Lessons,Music Lessons,Tutoring & Lessons,Music Lessons,kept_mapped,V2,https://www.airtasker.com/uk/services/,all_services_page,2026-09-05,Airtasker UK service taxonomy.,London
Airtasker,Mystery Shopping,Mystery Shopping,Business & Administrative Services,Mystery Shopping,kept_mapped_final,V2,https://www.airtasker.com/uk/services/,all_services_page,2026-09-05,Airtasker UK service taxonomy.,London
Airtasker,Nail Technicians,Nail Technicians,Nail Services,General Nail Services,kept_mapped,V2,https://www.airtasker.com/uk/services/,all_services_page,2026-09-05,Airtasker UK service taxonomy.,London
Airtasker,Nanny,Nanny,Childcare & Care Services,Nanny Services,kept_mapped_final,V2,https://www.airtasker.com/uk/services/,all_services_page,2026-09-05,Airtasker UK service taxonomy.,London
Airtasker,Nature Photographers,Nature Photographers,Photography,General Photography,kept_mapped,V2,https://www.airtasker.com/uk/services/,all_services_page,2026-09-05,Airtasker UK service taxonomy.,London
Airtasker,Nest Thermostat Installation,Nest Thermostat Installation,"Heating, Boiler & Gas Services",Nest Thermostat Installation,kept_mapped_final,V2,https://www.airtasker.com/uk/services/,all_services_page,2026-09-05,Airtasker UK service taxonomy.,London
Airtasker,Netflix Setup,Netflix Setup,IT Support & Device Services,Netflix Setup,kept_mapped_final,V2,https://www.airtasker.com/uk/services/,all_services_page,2026-09-05,Airtasker UK service taxonomy.,London
Airtasker,Network Troubleshooting,Network Troubleshooting,IT Support & Device Services,Network Support,kept_mapped_final,V2,https://www.airtasker.com/uk/services/,all_services_page,2026-09-05,Airtasker UK service taxonomy.,London
Airtasker,Nissan Service,Nissan Service,Vehicle Services,Vehicle Servicing,kept_mapped_final,V2,https://www.airtasker.com/uk/services/,all_services_page,2026-09-05,Airtasker UK service taxonomy.,London
Airtasker,Nordictrack Assembly,Nordictrack Assembly,"Handyman, Assembly & Mounting",Nordictrack Assembly,kept_mapped_final,V2,https://www.airtasker.com/uk/services/,all_services_page,2026-09-05,Airtasker UK service taxonomy.,London
Airtasker,Nutritionist,Nutritionist,"Health, Therapy & Wellness",Nutritionist,kept_mapped_final,V2,https://www.airtasker.com/uk/services/,all_services_page,2026-09-05,Airtasker UK service taxonomy.,London
Airtasker,Occupational Therapy,Occupational Therapy,Therapy & Counselling,Therapy,kept_mapped,V2,https://www.airtasker.com/uk/services/,all_services_page,2026-09-05,Airtasker UK service taxonomy.,London
Airtasker,Odour Control,Odour Control,"Damp, Waterproofing & Restoration",Odour Control,kept_mapped_final,V2,https://www.airtasker.com/uk/services/,all_services_page,2026-09-05,Airtasker UK service taxonomy.,London
Airtasker,Office Chair Repair,Office Chair Repair,"Furniture, Carpentry & Woodwork",Office Chair Repair,kept_mapped_final,V2,https://www.airtasker.com/uk/services/,all_services_page,2026-09-05,Airtasker UK service taxonomy.,London
Airtasker,Office Cleaning,Office Cleaning,Cleaning Services,Commercial Cleaning,kept_mapped,V2,https://www.airtasker.com/uk/services/,all_services_page,2026-09-05,Airtasker UK service taxonomy.,London
Airtasker,Office Clearance,Office Clearance,Waste Services,Office Clearance,kept_mapped,V2,https://www.airtasker.com/uk/services/,all_services_page,2026-09-05,Airtasker UK service taxonomy.,London
Airtasker,Office Decorator,Office Decorator,Painting & Decorating,General Painting & Decorating,kept_mapped,V2,https://www.airtasker.com/uk/services/,all_services_page,2026-09-05,Airtasker UK service taxonomy.,London
Airtasker,Office Fit Out,Office Fit Out,Interior Design & Fit-Out,Office Fit-Out,kept_mapped_final,V2,https://www.airtasker.com/uk/services/,all_services_page,2026-09-05,Airtasker UK service taxonomy.,London
Airtasker,Office Furniture Assembly,Office Furniture Assembly,Furniture Services,Furniture Assembly,kept_mapped,V2,https://www.airtasker.com/uk/services/,all_services_page,2026-09-05,Airtasker UK service taxonomy.,London
Airtasker,Office Interior Designers,Office Interior Designers,Interior Design & Fit-Out,Office Interior Design,kept_mapped_final,V2,https://www.airtasker.com/uk/services/,all_services_page,2026-09-05,Airtasker UK service taxonomy.,London
Airtasker,Oil & Filter Change,Oil & Filter Change,Vehicle Services,Oil & Filter Change,kept_mapped_final,V2,https://www.airtasker.com/uk/services/,all_services_page,2026-09-05,Airtasker UK service taxonomy.,London
Airtasker,Oil Boiler Services,Oil Boiler Services,Heating & Boiler Services,Boiler Servicing,kept_mapped,V2,https://www.airtasker.com/uk/services/,all_services_page,2026-09-05,Airtasker UK service taxonomy.,London
Airtasker,Organic Food Delivery,Organic Food Delivery,Delivery Services,Food Delivery,kept_mapped,V2,https://www.airtasker.com/uk/services/,all_services_page,2026-09-05,Airtasker UK service taxonomy.,London
Airtasker,Outdoor Furniture Assembly,Outdoor Furniture Assembly,Furniture Services,Furniture Assembly,kept_mapped,V2,https://www.airtasker.com/uk/services/,all_services_page,2026-09-05,Airtasker UK service taxonomy.,London
Airtasker,Outdoor Lighting Installation,Outdoor Lighting Installation,Electrical Services,Outdoor Lighting Installation,kept_mapped_final,V2,https://www.airtasker.com/uk/services/,all_services_page,2026-09-05,Airtasker UK service taxonomy.,London
Airtasker,Oven Cleaning,Oven Cleaning,Cleaning Services,General Cleaning,kept_mapped,V2,https://www.airtasker.com/uk/services/,all_services_page,2026-09-05,Airtasker UK service taxonomy.,London
Airtasker,Oven Fan Repair,Oven Fan Repair,Appliance & Equipment Services,Oven Fan Repair,kept_mapped_final,V2,https://www.airtasker.com/uk/services/,all_services_page,2026-09-05,Airtasker UK service taxonomy.,London
Airtasker,Oven Repair,Oven Repair,Appliance Repair,Oven Repair,kept_mapped,V2,https://www.airtasker.com/uk/services/,all_services_page,2026-09-05,Airtasker UK service taxonomy.,London
Airtasker,PC Assembly,PC Assembly,"Handyman, Assembly & Mounting",PC Assembly,kept_mapped_final,V2,https://www.airtasker.com/uk/services/,all_services_page,2026-09-05,Airtasker UK service taxonomy.,London
Airtasker,PHP Developer,PHP Developer,Software & Development Services,PHP Developer,kept_mapped_final,V2,https://www.airtasker.com/uk/services/,all_services_page,2026-09-05,Airtasker UK service taxonomy.,London
Airtasker,PTSD Therapy,PTSD Therapy,Therapy & Counselling,Therapy,kept_mapped,V2,https://www.airtasker.com/uk/services/,all_services_page,2026-09-05,Airtasker UK service taxonomy.,London
Airtasker,PVC Fascia & Soffit,PVC Fascia & Soffit,Roofing Services,Fascia & Soffit Services,kept_mapped,V2,https://www.airtasker.com/uk/services/,all_services_page,2026-09-05,Airtasker UK service taxonomy.,London
Airtasker,PVC Fencing,PVC Fencing,Fencing & Gates,General Fencing,kept_mapped,V2,https://www.airtasker.com/uk/services/,all_services_page,2026-09-05,Airtasker UK service taxonomy.,London
Airtasker,PVC Gutters,PVC Gutters,Other Services / Unclassified,PVC Gutters,kept_unclassified,V2,https://www.airtasker.com/uk/services/,all_services_page,2026-09-05,Airtasker UK service taxonomy.,London
Airtasker,PVC Pipe Repair,PVC Pipe Repair,Plumbing Services,Pipe Repair,kept_mapped,V2,https://www.airtasker.com/uk/services/,all_services_page,2026-09-05,Airtasker UK service taxonomy.,London
Airtasker,PVC Spraying,PVC Spraying,Cladding & Exterior Finishes,uPVC Spraying,kept_mapped_final,V2,https://www.airtasker.com/uk/services/,all_services_page,2026-09-05,Airtasker UK service taxonomy.,London
Airtasker,PVC Windows,PVC Windows,"Doors, Windows & Glazing",PVC Windows,kept_mapped_final,V2,https://www.airtasker.com/uk/services/,all_services_page,2026-09-05,Airtasker UK service taxonomy.,London
Airtasker,Paddle Board Lessons,Paddle Board Lessons,Tutoring & Lessons,General Tutoring & Lessons,kept_mapped,V2,https://www.airtasker.com/uk/services/,all_services_page,2026-09-05,Airtasker UK service taxonomy.,London
Airtasker,Paint Stripping,Paint Stripping,Painting & Decorating,General Painting & Decorating,kept_mapped,V2,https://www.airtasker.com/uk/services/,all_services_page,2026-09-05,Airtasker UK service taxonomy.,London
Airtasker,Painter & Decorator,Painter & Decorator,Painting & Decorating,General Painting & Decorating,kept_mapped,V2,https://www.airtasker.com/uk/services/,all_services_page,2026-09-05,Airtasker UK service taxonomy.,London
Airtasker,Painting,Painting,Painting & Decorating,General Painting & Decorating,kept_mapped,V2,https://www.airtasker.com/uk/services/,all_services_page,2026-09-05,Airtasker UK service taxonomy.,London
Airtasker,Painting Lessons,Painting Lessons,Painting & Decorating,General Painting & Decorating,kept_mapped,V2,https://www.airtasker.com/uk/services/,all_services_page,2026-09-05,Airtasker UK service taxonomy.,London
Airtasker,Paintless Dent Removal,Paintless Dent Removal,Painting & Decorating,General Painting & Decorating,kept_mapped,V2,https://www.airtasker.com/uk/services/,all_services_page,2026-09-05,Airtasker UK service taxonomy.,London
Airtasker,Pallet Collection & Disposal,Pallet Collection & Disposal,"Waste, Clearance & Recycling",Pallet Collection & Disposal,kept_mapped_final,V2,https://www.airtasker.com/uk/services/,all_services_page,2026-09-05,Airtasker UK service taxonomy.,London
Airtasker,Pallet Delivery,Pallet Delivery,Delivery Services,General Delivery,kept_mapped,V2,https://www.airtasker.com/uk/services/,all_services_page,2026-09-05,Airtasker UK service taxonomy.,London
Airtasker,Palm Tree Removal,Palm Tree Removal,Gardening & Landscaping,Tree Surgery,kept_mapped,V2,https://www.airtasker.com/uk/services/,all_services_page,2026-09-05,Airtasker UK service taxonomy.,London
Airtasker,Pancake & Waffle Delivery,Pancake & Waffle Delivery,Delivery Services,General Delivery,kept_mapped,V2,https://www.airtasker.com/uk/services/,all_services_page,2026-09-05,Airtasker UK service taxonomy.,London
Airtasker,Panel Beater,Panel Beater,Vehicle Services,Panel Beating,kept_mapped_final,V2,https://www.airtasker.com/uk/services/,all_services_page,2026-09-05,Airtasker UK service taxonomy.,London
Airtasker,Parcel Delivery,Parcel Delivery,Delivery Services,General Delivery,kept_mapped,V2,https://www.airtasker.com/uk/services/,all_services_page,2026-09-05,Airtasker UK service taxonomy.,London
Airtasker,Parking Sensor Replacement,Parking Sensor Replacement,Vehicle Services,Parking Sensor Replacement,kept_mapped_final,V2,https://www.airtasker.com/uk/services/,all_services_page,2026-09-05,Airtasker UK service taxonomy.,London
Airtasker,Parquet Flooring,Parquet Flooring,Flooring,General Flooring,kept_mapped,V2,https://www.airtasker.com/uk/services/,all_services_page,2026-09-05,Airtasker UK service taxonomy.,London
Airtasker,Party Catering,Party Catering,Events & Creative,Catering,kept_mapped,V2,https://www.airtasker.com/uk/services/,all_services_page,2026-09-05,Airtasker UK service taxonomy.,London
Airtasker,Party Cleaning,Party Cleaning,Cleaning Services,General Cleaning,kept_mapped,V2,https://www.airtasker.com/uk/services/,all_services_page,2026-09-05,Airtasker UK service taxonomy.,London
Airtasker,Party Helpers,Party Helpers,Events & Wedding Services,Party Assistance,kept_mapped_final,V2,https://www.airtasker.com/uk/services/,all_services_page,2026-09-05,Airtasker UK service taxonomy.,London
Airtasker,Party Wall Surveyor,Party Wall Surveyor,"Architecture, Surveying & Planning",Party Wall Surveying,kept_mapped_final,V2,https://www.airtasker.com/uk/services/,all_services_page,2026-09-05,Airtasker UK service taxonomy.,London
Airtasker,Pasta Takeaway,Pasta Takeaway,"Food, Baking & Personal Chef Services",Takeaway Food Services,kept_mapped_final,V2,https://www.airtasker.com/uk/services/,all_services_page,2026-09-05,Airtasker UK service taxonomy.,London
Airtasker,Pastry Chef,Pastry Chef,"Food, Baking & Personal Chef Services",Pastry Chef,kept_mapped_final,V2,https://www.airtasker.com/uk/services/,all_services_page,2026-09-05,Airtasker UK service taxonomy.,London
Airtasker,Patio Cleaning,Patio Cleaning,Cleaning Services,General Cleaning,kept_mapped,V2,https://www.airtasker.com/uk/services/,all_services_page,2026-09-05,Airtasker UK service taxonomy.,London
Airtasker,Patio Sliding Door Repair,Patio Sliding Door Repair,Doors & Door Services,Door Repair,kept_mapped,V2,https://www.airtasker.com/uk/services/,all_services_page,2026-09-05,Airtasker UK service taxonomy.,London
Airtasker,Patios,Patios,"Driveways, Paving & Surfacing",Patio Services,kept_mapped_final,V2,https://www.airtasker.com/uk/services/,all_services_page,2026-09-05,Airtasker UK service taxonomy.,London
Airtasker,Pattern Cutter,Pattern Cutter,"Fabric, Clothing & Specialist Repair",Pattern Cutter,kept_mapped_final,V2,https://www.airtasker.com/uk/services/,all_services_page,2026-09-05,Airtasker UK service taxonomy.,London
Airtasker,Paving,Paving,Driveways & Paving,Paving,kept_mapped,V2,https://www.airtasker.com/uk/services/,all_services_page,2026-09-05,Airtasker UK service taxonomy.,London
Airtasker,Paving Repairs,Paving Repairs,Driveways & Paving,Paving,kept_mapped,V2,https://www.airtasker.com/uk/services/,all_services_page,2026-09-05,Airtasker UK service taxonomy.,London
Airtasker,Pedicure,Pedicure,Nail Services,Pedicure,kept_mapped,V2,https://www.airtasker.com/uk/services/,all_services_page,2026-09-05,Airtasker UK service taxonomy.,London
Airtasker,Pension Advisor,Pension Advisor,Accounting & Finance Services,Pension Advice,kept_mapped_final,V2,https://www.airtasker.com/uk/services/,all_services_page,2026-09-05,Airtasker UK service taxonomy.,London
Airtasker,Pergola Installation,Pergola Installation,Gardening & Landscaping,Pergola Installation,kept_mapped_final,V2,https://www.airtasker.com/uk/services/,all_services_page,2026-09-05,Airtasker UK service taxonomy.,London
Airtasker,Personal Assistant,Personal Assistant,Business & Administrative Services,Personal Assistant,kept_mapped_final,V2,https://www.airtasker.com/uk/services/,all_services_page,2026-09-05,Airtasker UK service taxonomy.,London
Airtasker,Personal Concierge,Personal Concierge,Business & Administrative Services,Personal Concierge,kept_mapped_final,V2,https://www.airtasker.com/uk/services/,all_services_page,2026-09-05,Airtasker UK service taxonomy.,London
Airtasker,Personal Shopper,Personal Shopper,Business & Administrative Services,Personal Shopper,kept_mapped_final,V2,https://www.airtasker.com/uk/services/,all_services_page,2026-09-05,Airtasker UK service taxonomy.,London
Airtasker,Personal Stylist,Personal Stylist,Other Services / Unclassified,Personal Stylist,kept_unclassified,V2,https://www.airtasker.com/uk/services/,all_services_page,2026-09-05,Airtasker UK service taxonomy.,London
Airtasker,Personal Training,Personal Training,Fitness & Sports Coaching,Personal Training,kept_mapped_final,V2,https://www.airtasker.com/uk/services/,all_services_page,2026-09-05,Airtasker UK service taxonomy.,London
Airtasker,Personalised Balloon Delivery,Personalised Balloon Delivery,Delivery Services,General Delivery,kept_mapped,V2,https://www.airtasker.com/uk/services/,all_services_page,2026-09-05,Airtasker UK service taxonomy.,London
Airtasker,Personalised Cupcakes,Personalised Cupcakes,"Food, Baking & Personal Chef Services",Personalised Cupcakes,kept_mapped_final,V2,https://www.airtasker.com/uk/services/,all_services_page,2026-09-05,Airtasker UK service taxonomy.,London
Airtasker,Personalised Gift Delivery,Personalised Gift Delivery,Delivery Services,Gift Delivery,kept_mapped,V2,https://www.airtasker.com/uk/services/,all_services_page,2026-09-05,Airtasker UK service taxonomy.,London
Airtasker,Pest Control,Pest Control,Pest Control Services,General Pest Control,kept_mapped,V2,https://www.airtasker.com/uk/services/,all_services_page,2026-09-05,Airtasker UK service taxonomy.,London
Airtasker,Pet Care,Pet Care,Pet & Animal Services,Pet Care,kept_mapped_final,V2,https://www.airtasker.com/uk/services/,all_services_page,2026-09-05,Airtasker UK service taxonomy.,London
Airtasker,Pet Door Installation,Pet Door Installation,Doors & Door Services,Door Installation,kept_mapped,V2,https://www.airtasker.com/uk/services/,all_services_page,2026-09-05,Airtasker UK service taxonomy.,London
Airtasker,Pet Feeding,Pet Feeding,Pet & Animal Services,Pet Feeding,kept_mapped_final,V2,https://www.airtasker.com/uk/services/,all_services_page,2026-09-05,Airtasker UK service taxonomy.,London
Airtasker,Pet Food Delivery,Pet Food Delivery,Delivery Services,Food Delivery,kept_mapped,V2,https://www.airtasker.com/uk/services/,all_services_page,2026-09-05,Airtasker UK service taxonomy.,London
Airtasker,Pet Grooming,Pet Grooming,Pet Services,Pet Grooming,kept_mapped,V2,https://www.airtasker.com/uk/services/,all_services_page,2026-09-05,Airtasker UK service taxonomy.,London
Airtasker,Pet Sitting,Pet Sitting,Pet Services,Pet Sitting,kept_mapped,V2,https://www.airtasker.com/uk/services/,all_services_page,2026-09-05,Airtasker UK service taxonomy.,London
Airtasker,Pet Taxi,Pet Taxi,Pet & Animal Services,Pet Taxi,kept_mapped_final,V2,https://www.airtasker.com/uk/services/,all_services_page,2026-09-05,Airtasker UK service taxonomy.,London
Airtasker,Pet Transport,Pet Transport,Pet & Animal Services,Pet Transport,kept_mapped_final,V2,https://www.airtasker.com/uk/services/,all_services_page,2026-09-05,Airtasker UK service taxonomy.,London
Airtasker,Peugeot Service,Peugeot Service,Vehicle Services,Vehicle Servicing,kept_mapped_final,V2,https://www.airtasker.com/uk/services/,all_services_page,2026-09-05,Airtasker UK service taxonomy.,London
Airtasker,Phonics Lessons,Phonics Lessons,Tutoring & Lessons,General Tutoring & Lessons,kept_mapped,V2,https://www.airtasker.com/uk/services/,all_services_page,2026-09-05,Airtasker UK service taxonomy.,London
Airtasker,Photo Editing and Retouching,Photo Editing and Retouching,"Writing, Translation & Language Services",Photo Editing and Retouching,kept_mapped_final,V2,https://www.airtasker.com/uk/services/,all_services_page,2026-09-05,Airtasker UK service taxonomy.,London
Airtasker,Photo Manipulations,Photo Manipulations,Other Services / Unclassified,Photo Manipulations,kept_unclassified,V2,https://www.airtasker.com/uk/services/,all_services_page,2026-09-05,Airtasker UK service taxonomy.,London
Airtasker,Photo Printing Service,Photo Printing Service,"Printing, Signage & Art Services",Photo Printing Service,kept_mapped_final,V2,https://www.airtasker.com/uk/services/,all_services_page,2026-09-05,Airtasker UK service taxonomy.,London
Airtasker,Photo Restorations,Photo Restorations,Other Services / Unclassified,Photo Restorations,kept_unclassified,V2,https://www.airtasker.com/uk/services/,all_services_page,2026-09-05,Airtasker UK service taxonomy.,London
Airtasker,Photographer,Photographer,Photography,General Photography,kept_mapped,V2,https://www.airtasker.com/uk/services/,all_services_page,2026-09-05,Airtasker UK service taxonomy.,London
Airtasker,Photographers,Photographers,Photography,General Photography,kept_mapped,V2,https://www.airtasker.com/uk/services/,all_services_page,2026-09-05,Airtasker UK service taxonomy.,London
Airtasker,Photography Assistants,Photography Assistants,Photography,General Photography,kept_mapped,V2,https://www.airtasker.com/uk/services/,all_services_page,2026-09-05,Airtasker UK service taxonomy.,London
Airtasker,Photography Workshops,Photography Workshops,Photography,General Photography,kept_mapped,V2,https://www.airtasker.com/uk/services/,all_services_page,2026-09-05,Airtasker UK service taxonomy.,London
Airtasker,Physics Tutor,Physics Tutor,Tutoring & Lessons,General Tutoring & Lessons,kept_mapped,V2,https://www.airtasker.com/uk/services/,all_services_page,2026-09-05,Airtasker UK service taxonomy.,London
Airtasker,Physiotherapist,Physiotherapist,Health & Fitness,Physiotherapy,kept_mapped,V2,https://www.airtasker.com/uk/services/,all_services_page,2026-09-05,Airtasker UK service taxonomy.,London
Airtasker,Piano Lessons,Piano Lessons,Tutoring & Lessons,General Tutoring & Lessons,kept_mapped,V2,https://www.airtasker.com/uk/services/,all_services_page,2026-09-05,Airtasker UK service taxonomy.,London
Airtasker,Piano Removals,Piano Removals,Removals & Moving,General Removals,kept_mapped,V2,https://www.airtasker.com/uk/services/,all_services_page,2026-09-05,Airtasker UK service taxonomy.,London
Airtasker,Picket Fencing,Picket Fencing,Fencing & Gates,General Fencing,kept_mapped,V2,https://www.airtasker.com/uk/services/,all_services_page,2026-09-05,Airtasker UK service taxonomy.,London
Airtasker,Picture Hanging,Picture Hanging,"Handyman, Assembly & Mounting",Wall Hanging & Mounting,kept_mapped_final,V2,https://www.airtasker.com/uk/services/,all_services_page,2026-09-05,Airtasker UK service taxonomy.,London
Airtasker,Pilates Instructor,Pilates Instructor,Fitness & Sports Coaching,Pilates Instructor,kept_mapped_final,V2,https://www.airtasker.com/uk/services/,all_services_page,2026-09-05,Airtasker UK service taxonomy.,London
Airtasker,Pipe Insulation,Pipe Insulation,Insulation Services,General Insulation,kept_mapped,V2,https://www.airtasker.com/uk/services/,all_services_page,2026-09-05,Airtasker UK service taxonomy.,London
Airtasker,Pizza Takeaway,Pizza Takeaway,"Food, Baking & Personal Chef Services",Takeaway Food Services,kept_mapped_final,V2,https://www.airtasker.com/uk/services/,all_services_page,2026-09-05,Airtasker UK service taxonomy.,London
Airtasker,Planning Consultant,Planning Consultant,"Architecture, Surveying & Planning",Planning Consultant,kept_mapped_final,V2,https://www.airtasker.com/uk/services/,all_services_page,2026-09-05,Airtasker UK service taxonomy.,London
Airtasker,Plant Delivery,Plant Delivery,Delivery Services,General Delivery,kept_mapped,V2,https://www.airtasker.com/uk/services/,all_services_page,2026-09-05,Airtasker UK service taxonomy.,London
Airtasker,Plantation Shutter Installation,Plantation Shutter Installation,Blinds & Shutters,Shutter Installation,kept_mapped,V2,https://www.airtasker.com/uk/services/,all_services_page,2026-09-05,Airtasker UK service taxonomy.,London
Airtasker,Plasma TV Repair,Plasma TV Repair,"TV, Aerial & Audio Visual Services",TV Repair,kept_mapped_final,V2,https://www.airtasker.com/uk/services/,all_services_page,2026-09-05,Airtasker UK service taxonomy.,London
Airtasker,Plaster Coving,Plaster Coving,"Painting, Decorating & Wall Finishes",Plaster Coving,kept_mapped_final,V2,https://www.airtasker.com/uk/services/,all_services_page,2026-09-05,Airtasker UK service taxonomy.,London
Airtasker,Plaster Repair,Plaster Repair,Plastering & Rendering,Plaster Repair,kept_mapped,V2,https://www.airtasker.com/uk/services/,all_services_page,2026-09-05,Airtasker UK service taxonomy.,London
Airtasker,Plasterboard Disposal,Plasterboard Disposal,"Painting, Decorating & Wall Finishes",Plasterboard Disposal,kept_mapped_final,V2,https://www.airtasker.com/uk/services/,all_services_page,2026-09-05,Airtasker UK service taxonomy.,London
Airtasker,Plasterboard Installation,Plasterboard Installation,"Painting, Decorating & Wall Finishes",Plasterboard Installation,kept_mapped_final,V2,https://www.airtasker.com/uk/services/,all_services_page,2026-09-05,Airtasker UK service taxonomy.,London
Airtasker,Plasterer,Plasterer,"Painting, Decorating & Wall Finishes",Plastering,kept_mapped_final,V2,https://www.airtasker.com/uk/services/,all_services_page,2026-09-05,Airtasker UK service taxonomy.,London
Airtasker,Playground Assembly,Playground Assembly,"Handyman, Assembly & Mounting",Play Equipment Assembly,kept_mapped_final,V2,https://www.airtasker.com/uk/services/,all_services_page,2026-09-05,Airtasker UK service taxonomy.,London
Airtasker,Plum Play Trampoline Assembly,Plum Play Trampoline Assembly,"Handyman, Assembly & Mounting",Trampoline Assembly,kept_mapped_final,V2,https://www.airtasker.com/uk/services/,all_services_page,2026-09-05,Airtasker UK service taxonomy.,London
Airtasker,Plumbing,Plumbing,Plumbing Services,General Plumbing,kept_mapped,V2,https://www.airtasker.com/uk/services/,all_services_page,2026-09-05,Airtasker UK service taxonomy.,London
Airtasker,Podiatrist,Podiatrist,"Health, Therapy & Wellness",Podiatrist,kept_mapped_final,V2,https://www.airtasker.com/uk/services/,all_services_page,2026-09-05,Airtasker UK service taxonomy.,London
Airtasker,Poetry Writing,Poetry Writing,"Writing, Translation & Language Services",Poetry Writing,kept_mapped_final,V2,https://www.airtasker.com/uk/services/,all_services_page,2026-09-05,Airtasker UK service taxonomy.,London
Airtasker,Pole Dancing Lessons,Pole Dancing Lessons,Tutoring & Lessons,General Tutoring & Lessons,kept_mapped,V2,https://www.airtasker.com/uk/services/,all_services_page,2026-09-05,Airtasker UK service taxonomy.,London
Airtasker,Polished Plaster,Polished Plaster,"Painting, Decorating & Wall Finishes",Polished Plaster,kept_mapped_final,V2,https://www.airtasker.com/uk/services/,all_services_page,2026-09-05,Airtasker UK service taxonomy.,London
Airtasker,Polycarbonate Roofing,Polycarbonate Roofing,Roofing Services,General Roofing,kept_mapped,V2,https://www.airtasker.com/uk/services/,all_services_page,2026-09-05,Airtasker UK service taxonomy.,London
Airtasker,Pool Cleaning,Pool Cleaning,Pool & Hot Tub Services,Swimming Pool Cleaning,kept_mapped,V2,https://www.airtasker.com/uk/services/,all_services_page,2026-09-05,Airtasker UK service taxonomy.,London
Airtasker,Pool Maintenance,Pool Maintenance,Pool & Hot Tub Services,Swimming Pool Services,kept_mapped,V2,https://www.airtasker.com/uk/services/,all_services_page,2026-09-05,Airtasker UK service taxonomy.,London
Airtasker,Pool Table Assembly,Pool Table Assembly,"Handyman, Assembly & Mounting",Pool Table Assembly,kept_mapped_final,V2,https://www.airtasker.com/uk/services/,all_services_page,2026-09-05,Airtasker UK service taxonomy.,London
Airtasker,Pool Table Recovering,Pool Table Recovering,Specialist Repair Services,Pool Table Recovering,kept_mapped_final,V2,https://www.airtasker.com/uk/services/,all_services_page,2026-09-05,Airtasker UK service taxonomy.,London
Airtasker,Pool Table Removals,Pool Table Removals,Removals & Moving,General Removals,kept_mapped,V2,https://www.airtasker.com/uk/services/,all_services_page,2026-09-05,Airtasker UK service taxonomy.,London
Airtasker,Popeye's Delivery,Popeye's Delivery,Delivery Services,General Delivery,kept_mapped,V2,https://www.airtasker.com/uk/services/,all_services_page,2026-09-05,Airtasker UK service taxonomy.,London
Airtasker,Porsche Service,Porsche Service,Vehicle Services,Vehicle Servicing,kept_mapped_final,V2,https://www.airtasker.com/uk/services/,all_services_page,2026-09-05,Airtasker UK service taxonomy.,London
Airtasker,Portrait Photographer,Portrait Photographer,Photography,General Photography,kept_mapped,V2,https://www.airtasker.com/uk/services/,all_services_page,2026-09-05,Airtasker UK service taxonomy.,London
Airtasker,Portuguese Tutor,Portuguese Tutor,Tutoring & Lessons,General Tutoring & Lessons,kept_mapped,V2,https://www.airtasker.com/uk/services/,all_services_page,2026-09-05,Airtasker UK service taxonomy.,London
Airtasker,Poster Design,Poster Design,Marketing & Creative Services,Poster Design,kept_mapped_final,V2,https://www.airtasker.com/uk/services/,all_services_page,2026-09-05,Airtasker UK service taxonomy.,London
Airtasker,Pottery Lessons,Pottery Lessons,Tutoring & Lessons,General Tutoring & Lessons,kept_mapped,V2,https://www.airtasker.com/uk/services/,all_services_page,2026-09-05,Airtasker UK service taxonomy.,London
Airtasker,Power Point Installation,Power Point Installation,Electrical Services,Power Point Installation,kept_mapped_final,V2,https://www.airtasker.com/uk/services/,all_services_page,2026-09-05,Airtasker UK service taxonomy.,London
Airtasker,Pre Purchase Car Inspection,Pre Purchase Car Inspection,Vehicle Services,Car Inspection,kept_mapped_final,V2,https://www.airtasker.com/uk/services/,all_services_page,2026-09-05,Airtasker UK service taxonomy.,London
Airtasker,Pregnancy Fitness,Pregnancy Fitness,Fitness & Sports Coaching,Pregnancy Fitness,kept_mapped_final,V2,https://www.airtasker.com/uk/services/,all_services_page,2026-09-05,Airtasker UK service taxonomy.,London
Airtasker,Prescription Delivery,Prescription Delivery,Delivery Services,General Delivery,kept_mapped,V2,https://www.airtasker.com/uk/services/,all_services_page,2026-09-05,Airtasker UK service taxonomy.,London
Airtasker,Presentations Design,Presentations Design,Other Services / Unclassified,Presentations Design,kept_unclassified,V2,https://www.airtasker.com/uk/services/,all_services_page,2026-09-05,Airtasker UK service taxonomy.,London
Airtasker,Press Release Writing,Press Release Writing,"Writing, Translation & Language Services",Press Release Writing,kept_mapped_final,V2,https://www.airtasker.com/uk/services/,all_services_page,2026-09-05,Airtasker UK service taxonomy.,London
Airtasker,Pressure Washer Repair,Pressure Washer Repair,Cleaning Services,Pressure Washing,kept_mapped,V2,https://www.airtasker.com/uk/services/,all_services_page,2026-09-05,Airtasker UK service taxonomy.,London
Airtasker,Print Design,Print Design,Marketing & Creative Services,Print Design,kept_mapped_final,V2,https://www.airtasker.com/uk/services/,all_services_page,2026-09-05,Airtasker UK service taxonomy.,London
Airtasker,Printer Help,Printer Help,IT Support & Device Services,Printer Help,kept_mapped_final,V2,https://www.airtasker.com/uk/services/,all_services_page,2026-09-05,Airtasker UK service taxonomy.,London
Airtasker,Printing Services,Printing Services,"Printing, Signage & Art Services",Printing Services,kept_mapped_final,V2,https://www.airtasker.com/uk/services/,all_services_page,2026-09-05,Airtasker UK service taxonomy.,London
Airtasker,Private Chef,Private Chef,"Food, Baking & Personal Chef Services",Private Chef,kept_mapped_final,V2,https://www.airtasker.com/uk/services/,all_services_page,2026-09-05,Airtasker UK service taxonomy.,London
Airtasker,Private Doctor,Private Doctor,"Health, Therapy & Wellness",Private Doctor,kept_mapped_final,V2,https://www.airtasker.com/uk/services/,all_services_page,2026-09-05,Airtasker UK service taxonomy.,London
Airtasker,Product Testing,Product Testing,Marketing & Creative Services,Product Testing,kept_mapped_final,V2,https://www.airtasker.com/uk/services/,all_services_page,2026-09-05,Airtasker UK service taxonomy.,London
Airtasker,Project Management,Project Management,Business & Administrative Services,Project Management,kept_mapped_final,V2,https://www.airtasker.com/uk/services/,all_services_page,2026-09-05,Airtasker UK service taxonomy.,London
Airtasker,Projector Installation,Projector Installation,Electronics Repair Services,Projector Installation,kept_mapped_final,V2,https://www.airtasker.com/uk/services/,all_services_page,2026-09-05,Airtasker UK service taxonomy.,London
Airtasker,Prom Dressmaker,Prom Dressmaker,Tailoring & Clothing Alterations,Prom Dressmaker,kept_mapped_final,V2,https://www.airtasker.com/uk/services/,all_services_page,2026-09-05,Airtasker UK service taxonomy.,London
Airtasker,Proofreading,Proofreading,Other Services / Unclassified,Proofreading,kept_unclassified,V2,https://www.airtasker.com/uk/services/,all_services_page,2026-09-05,Airtasker UK service taxonomy.,London
Airtasker,Property & Real Estate Photographers,Property & Real Estate Photographers,Photography,General Photography,kept_mapped,V2,https://www.airtasker.com/uk/services/,all_services_page,2026-09-05,Airtasker UK service taxonomy.,London
Airtasker,Property Maintenance,Property Maintenance,"Property, Landlord & Estate Services",Property Maintenance,kept_mapped_final,V2,https://www.airtasker.com/uk/services/,all_services_page,2026-09-05,Airtasker UK service taxonomy.,London
Airtasker,Proposal Writing,Proposal Writing,"Writing, Translation & Language Services",Proposal Writing,kept_mapped_final,V2,https://www.airtasker.com/uk/services/,all_services_page,2026-09-05,Airtasker UK service taxonomy.,London
Airtasker,Psychologist,Psychologist,"Health, Therapy & Wellness",Psychology Services,kept_mapped_final,V2,https://www.airtasker.com/uk/services/,all_services_page,2026-09-05,Airtasker UK service taxonomy.,London
Airtasker,Psychology Tutor,Psychology Tutor,Tutoring & Lessons,General Tutoring & Lessons,kept_mapped,V2,https://www.airtasker.com/uk/services/,all_services_page,2026-09-05,Airtasker UK service taxonomy.,London
Airtasker,Puppy Training,Puppy Training,Pet & Animal Services,Puppy Training,kept_mapped_final,V2,https://www.airtasker.com/uk/services/,all_services_page,2026-09-05,Airtasker UK service taxonomy.,London
Airtasker,Python Tutor,Python Tutor,Tutoring & Lessons,General Tutoring & Lessons,kept_mapped,V2,https://www.airtasker.com/uk/services/,all_services_page,2026-09-05,Airtasker UK service taxonomy.,London
Airtasker,Quad Bike Repair,Quad Bike Repair,Vehicle Services,Bicycle Repair,kept_mapped_final,V2,https://www.airtasker.com/uk/services/,all_services_page,2026-09-05,Airtasker UK service taxonomy.,London
Airtasker,Quantity Surveyor,Quantity Surveyor,"Architecture, Surveying & Planning",Quantity Surveying,kept_mapped_final,V2,https://www.airtasker.com/uk/services/,all_services_page,2026-09-05,Airtasker UK service taxonomy.,London
Airtasker,Queueing Service,Queueing Service,Business & Administrative Services,Queueing Service,kept_mapped_final,V2,https://www.airtasker.com/uk/services/,all_services_page,2026-09-05,Airtasker UK service taxonomy.,London
Airtasker,Rabbit Boarding,Rabbit Boarding,Pet & Animal Services,Rabbit Boarding,kept_mapped_final,V2,https://www.airtasker.com/uk/services/,all_services_page,2026-09-05,Airtasker UK service taxonomy.,London
Airtasker,Radiator Repair,Radiator Repair,Heating & Boiler Services,Radiator Repair,kept_mapped,V2,https://www.airtasker.com/uk/services/,all_services_page,2026-09-05,Airtasker UK service taxonomy.,London
Airtasker,Rangehood Cleaning,Rangehood Cleaning,Cleaning Services,General Cleaning,kept_mapped,V2,https://www.airtasker.com/uk/services/,all_services_page,2026-09-05,Airtasker UK service taxonomy.,London
Airtasker,Real Estate,Real Estate,"Property, Landlord & Estate Services",Estate Agency,kept_mapped_final,V2,https://www.airtasker.com/uk/services/,all_services_page,2026-09-05,Airtasker UK service taxonomy.,London
Airtasker,Receptionist,Receptionist,Business & Administrative Services,Receptionist,kept_mapped_final,V2,https://www.airtasker.com/uk/services/,all_services_page,2026-09-05,Airtasker UK service taxonomy.,London
Airtasker,Recliner Chair Repair,Recliner Chair Repair,"Furniture, Carpentry & Woodwork",Recliner Chair Repair,kept_mapped_final,V2,https://www.airtasker.com/uk/services/,all_services_page,2026-09-05,Airtasker UK service taxonomy.,London
Airtasker,Recliner Repair,Recliner Repair,"Furniture, Carpentry & Woodwork",Recliner Repair,kept_mapped_final,V2,https://www.airtasker.com/uk/services/,all_services_page,2026-09-05,Airtasker UK service taxonomy.,London
Airtasker,Refinishing,Refinishing,Home Improvement & General Maintenance,Refinishing,kept_mapped_final,V2,https://www.airtasker.com/uk/services/,all_services_page,2026-09-05,Airtasker UK service taxonomy.,London
Airtasker,Regrouting,Regrouting,Flooring & Tiling Services,Regrouting,kept_mapped_final,V2,https://www.airtasker.com/uk/services/,all_services_page,2026-09-05,Airtasker UK service taxonomy.,London
Airtasker,Relationship Coach,Relationship Coach,Coaching & Personal Development,Relationship Coaching,kept_mapped_final,V2,https://www.airtasker.com/uk/services/,all_services_page,2026-09-05,Airtasker UK service taxonomy.,London
Airtasker,Removals,Removals,Removals & Moving,General Removals,kept_mapped,V2,https://www.airtasker.com/uk/services/,all_services_page,2026-09-05,Airtasker UK service taxonomy.,London
Airtasker,Renault Service,Renault Service,Vehicle Services,Vehicle Servicing,kept_mapped_final,V2,https://www.airtasker.com/uk/services/,all_services_page,2026-09-05,Airtasker UK service taxonomy.,London
Airtasker,Render Repair,Render Repair,Plastering & Rendering,Render Repair,kept_mapped,V2,https://www.airtasker.com/uk/services/,all_services_page,2026-09-05,Airtasker UK service taxonomy.,London
Airtasker,Rendering & Resurfacing,Rendering & Resurfacing,Plastering & Rendering,Rendering,kept_mapped,V2,https://www.airtasker.com/uk/services/,all_services_page,2026-09-05,Airtasker UK service taxonomy.,London
Airtasker,Report Writing,Report Writing,"Writing, Translation & Language Services",Report Writing,kept_mapped_final,V2,https://www.airtasker.com/uk/services/,all_services_page,2026-09-05,Airtasker UK service taxonomy.,London
Airtasker,Reptile Boarding,Reptile Boarding,Pet & Animal Services,Reptile Boarding,kept_mapped_final,V2,https://www.airtasker.com/uk/services/,all_services_page,2026-09-05,Airtasker UK service taxonomy.,London
Airtasker,Research Assistant,Research Assistant,Business & Administrative Services,Research Assistant,kept_mapped_final,V2,https://www.airtasker.com/uk/services/,all_services_page,2026-09-05,Airtasker UK service taxonomy.,London
Airtasker,Restaurant Designers,Restaurant Designers,Interior Design & Fit-Out,Restaurant Designers,kept_mapped_final,V2,https://www.airtasker.com/uk/services/,all_services_page,2026-09-05,Airtasker UK service taxonomy.,London
Airtasker,Resume Writing,Resume Writing,"Writing, Translation & Language Services",CV / Resume Writing,kept_mapped_final,V2,https://www.airtasker.com/uk/services/,all_services_page,2026-09-05,Airtasker UK service taxonomy.,London
Airtasker,Retaining Walls,Retaining Walls,Building & Construction,Retaining Walls,kept_mapped_final,V2,https://www.airtasker.com/uk/services/,all_services_page,2026-09-05,Airtasker UK service taxonomy.,London
Airtasker,Return Loads,Return Loads,Transport & Transfer Services,Return Loads,kept_mapped_final,V2,https://www.airtasker.com/uk/services/,all_services_page,2026-09-05,Airtasker UK service taxonomy.,London
Airtasker,Reversing Camera Installation,Reversing Camera Installation,Vehicle Services,Reversing Camera Installation,kept_mapped_final,V2,https://www.airtasker.com/uk/services/,all_services_page,2026-09-05,Airtasker UK service taxonomy.,London
Airtasker,Ring Doorbell Installation,Ring Doorbell Installation,Doors & Door Services,Door Installation,kept_mapped,V2,https://www.airtasker.com/uk/services/,all_services_page,2026-09-05,Airtasker UK service taxonomy.,London
Airtasker,Roast Dinner Delivery,Roast Dinner Delivery,Delivery Services,General Delivery,kept_mapped,V2,https://www.airtasker.com/uk/services/,all_services_page,2026-09-05,Airtasker UK service taxonomy.,London
Airtasker,Roller Shutter Blinds Repair & Installation,Roller Shutter Blinds Repair & Installation,Blinds & Shutters,Blind Installation,kept_mapped,V2,https://www.airtasker.com/uk/services/,all_services_page,2026-09-05,Airtasker UK service taxonomy.,London
Airtasker,Roller Skating Lessons,Roller Skating Lessons,Tutoring & Lessons,General Tutoring & Lessons,kept_mapped,V2,https://www.airtasker.com/uk/services/,all_services_page,2026-09-05,Airtasker UK service taxonomy.,London
Airtasker,Roman Blind Fitter,Roman Blind Fitter,Blinds & Shutters,General Blinds & Shutters,kept_mapped,V2,https://www.airtasker.com/uk/services/,all_services_page,2026-09-05,Airtasker UK service taxonomy.,London
Airtasker,Roman Blinds Installation,Roman Blinds Installation,Blinds & Shutters,Blind Installation,kept_mapped,V2,https://www.airtasker.com/uk/services/,all_services_page,2026-09-05,Airtasker UK service taxonomy.,London
Airtasker,Roof Cleaning,Roof Cleaning,Cleaning Services,General Cleaning,kept_mapped,V2,https://www.airtasker.com/uk/services/,all_services_page,2026-09-05,Airtasker UK service taxonomy.,London
Airtasker,Roof Installation,Roof Installation,Roofing Services,Roof Installation,kept_mapped,V2,https://www.airtasker.com/uk/services/,all_services_page,2026-09-05,Airtasker UK service taxonomy.,London
Airtasker,Roof Repair,Roof Repair,Roofing Services,Roof Repair,kept_mapped,V2,https://www.airtasker.com/uk/services/,all_services_page,2026-09-05,Airtasker UK service taxonomy.,London
Airtasker,Roof Ventilation,Roof Ventilation,Air Conditioning & Ventilation,Ventilation Services,kept_mapped,V2,https://www.airtasker.com/uk/services/,all_services_page,2026-09-05,Airtasker UK service taxonomy.,London
Airtasker,Roofing,Roofing,Roofing Services,General Roofing,kept_mapped,V2,https://www.airtasker.com/uk/services/,all_services_page,2026-09-05,Airtasker UK service taxonomy.,London
Airtasker,Router Modem Setup,Router Modem Setup,IT Support & Device Services,WiFi & Broadband Support,kept_mapped_final,V2,https://www.airtasker.com/uk/services/,all_services_page,2026-09-05,Airtasker UK service taxonomy.,London
Airtasker,Rubbish Removal,Rubbish Removal,Removals & Moving,General Removals,kept_mapped,V2,https://www.airtasker.com/uk/services/,all_services_page,2026-09-05,Airtasker UK service taxonomy.,London
Airtasker,Ruby Developer,Ruby Developer,Software & Development Services,Ruby Developer,kept_mapped_final,V2,https://www.airtasker.com/uk/services/,all_services_page,2026-09-05,Airtasker UK service taxonomy.,London
Airtasker,Russian Lessons,Russian Lessons,Tutoring & Lessons,General Tutoring & Lessons,kept_mapped,V2,https://www.airtasker.com/uk/services/,all_services_page,2026-09-05,Airtasker UK service taxonomy.,London
Airtasker,SAT Tutor,SAT Tutor,Tutoring & Lessons,General Tutoring & Lessons,kept_mapped,V2,https://www.airtasker.com/uk/services/,all_services_page,2026-09-05,Airtasker UK service taxonomy.,London
Airtasker,SEO,SEO,Professional Services,SEO Services,kept_mapped,V2,https://www.airtasker.com/uk/services/,all_services_page,2026-09-05,Airtasker UK service taxonomy.,London
Airtasker,SQL Developer,SQL Developer,Software & Development Services,SQL / Database Services,kept_mapped_final,V2,https://www.airtasker.com/uk/services/,all_services_page,2026-09-05,Airtasker UK service taxonomy.,London
Airtasker,Safe Locksmith,Safe Locksmith,Locksmith Services,General Locksmith,kept_mapped,V2,https://www.airtasker.com/uk/services/,all_services_page,2026-09-05,Airtasker UK service taxonomy.,London
Airtasker,Sailing Lessons,Sailing Lessons,Tutoring & Lessons,General Tutoring & Lessons,kept_mapped,V2,https://www.airtasker.com/uk/services/,all_services_page,2026-09-05,Airtasker UK service taxonomy.,London
Airtasker,Sainsburys Delivery,Sainsburys Delivery,Delivery Services,General Delivery,kept_mapped,V2,https://www.airtasker.com/uk/services/,all_services_page,2026-09-05,Airtasker UK service taxonomy.,London
Airtasker,Salad Delivery,Salad Delivery,Delivery Services,General Delivery,kept_mapped,V2,https://www.airtasker.com/uk/services/,all_services_page,2026-09-05,Airtasker UK service taxonomy.,London
Airtasker,Sales Assistant,Sales Assistant,Business & Administrative Services,Sales Assistance,kept_mapped_final,V2,https://www.airtasker.com/uk/services/,all_services_page,2026-09-05,Airtasker UK service taxonomy.,London
Airtasker,Salsa Lessons,Salsa Lessons,Tutoring & Lessons,General Tutoring & Lessons,kept_mapped,V2,https://www.airtasker.com/uk/services/,all_services_page,2026-09-05,Airtasker UK service taxonomy.,London
Airtasker,Same-Day Dry Cleaning,Same-Day Dry Cleaning,Cleaning Services,General Cleaning,kept_mapped,V2,https://www.airtasker.com/uk/services/,all_services_page,2026-09-05,Airtasker UK service taxonomy.,London
Airtasker,Samsung Fridge Repair,Samsung Fridge Repair,Appliance Repair,Fridge Repair,kept_mapped,V2,https://www.airtasker.com/uk/services/,all_services_page,2026-09-05,Airtasker UK service taxonomy.,London
Airtasker,Samsung TV Repair,Samsung TV Repair,"TV, Aerial & Audio Visual Services",TV Repair,kept_mapped_final,V2,https://www.airtasker.com/uk/services/,all_services_page,2026-09-05,Airtasker UK service taxonomy.,London
Airtasker,Sauna Installation,Sauna Installation,Other Services / Unclassified,Sauna Installation,kept_unclassified,V2,https://www.airtasker.com/uk/services/,all_services_page,2026-09-05,Airtasker UK service taxonomy.,London
Airtasker,Sawblade Sharpening,Sawblade Sharpening,Specialist Repair Services,Sawblade Sharpening,kept_mapped_final,V2,https://www.airtasker.com/uk/services/,all_services_page,2026-09-05,Airtasker UK service taxonomy.,London
Airtasker,Saxophone Lessons,Saxophone Lessons,Tutoring & Lessons,General Tutoring & Lessons,kept_mapped,V2,https://www.airtasker.com/uk/services/,all_services_page,2026-09-05,Airtasker UK service taxonomy.,London
Airtasker,Scanner Setup,Scanner Setup,IT Support & Device Services,Scanner Setup,kept_mapped_final,V2,https://www.airtasker.com/uk/services/,all_services_page,2026-09-05,Airtasker UK service taxonomy.,London
Airtasker,Science Tutor,Science Tutor,Tutoring & Lessons,General Tutoring & Lessons,kept_mapped,V2,https://www.airtasker.com/uk/services/,all_services_page,2026-09-05,Airtasker UK service taxonomy.,London
Airtasker,Scrap Metal Removal,Scrap Metal Removal,Removals & Moving,General Removals,kept_mapped,V2,https://www.airtasker.com/uk/services/,all_services_page,2026-09-05,Airtasker UK service taxonomy.,London
Airtasker,Screeding,Screeding,Flooring & Tiling Services,Screeding,kept_mapped_final,V2,https://www.airtasker.com/uk/services/,all_services_page,2026-09-05,Airtasker UK service taxonomy.,London
Airtasker,Screen Repair,Screen Repair,Electronics Repair Services,Screen Repair,kept_mapped_final,V2,https://www.airtasker.com/uk/services/,all_services_page,2026-09-05,Airtasker UK service taxonomy.,London
Airtasker,Seamstress,Seamstress,Tailoring & Clothing Alterations,Seamstress,kept_mapped_final,V2,https://www.airtasker.com/uk/services/,all_services_page,2026-09-05,Airtasker UK service taxonomy.,London
Airtasker,Search Engine Marketing,Search Engine Marketing,Professional Services,Marketing Services,kept_mapped,V2,https://www.airtasker.com/uk/services/,all_services_page,2026-09-05,Airtasker UK service taxonomy.,London
Airtasker,Security System Installation,Security System Installation,Security & Alarm Services,Security System Installation,kept_mapped_final,V2,https://www.airtasker.com/uk/services/,all_services_page,2026-09-05,Airtasker UK service taxonomy.,London
Airtasker,Self Defence Classes,Self Defence Classes,Training & Instruction,Self Defence Classes,kept_mapped_final,V2,https://www.airtasker.com/uk/services/,all_services_page,2026-09-05,Airtasker UK service taxonomy.,London
Airtasker,Sewing,Sewing,Other Services / Unclassified,Sewing,kept_unclassified,V2,https://www.airtasker.com/uk/services/,all_services_page,2026-09-05,Airtasker UK service taxonomy.,London
Airtasker,Sewing Lessons,Sewing Lessons,Tutoring & Lessons,General Tutoring & Lessons,kept_mapped,V2,https://www.airtasker.com/uk/services/,all_services_page,2026-09-05,Airtasker UK service taxonomy.,London
Airtasker,Sewing Machine Repair,Sewing Machine Repair,"Fabric, Clothing & Specialist Repair",Sewing Machine Repair,kept_mapped_final,V2,https://www.airtasker.com/uk/services/,all_services_page,2026-09-05,Airtasker UK service taxonomy.,London
Airtasker,Sharpening,Sharpening,Specialist Repair Services,Sharpening Services,kept_mapped_final,V2,https://www.airtasker.com/uk/services/,all_services_page,2026-09-05,Airtasker UK service taxonomy.,London
Airtasker,Shed Cladding,Shed Cladding,Cladding & Exterior Finishes,Shed Cladding,kept_mapped_final,V2,https://www.airtasker.com/uk/services/,all_services_page,2026-09-05,Airtasker UK service taxonomy.,London
Airtasker,Shed Installation,Shed Installation,Gardening & Landscaping,Shed Installation,kept_mapped_final,V2,https://www.airtasker.com/uk/services/,all_services_page,2026-09-05,Airtasker UK service taxonomy.,London
Airtasker,Shed Removal and Disposal,Shed Removal and Disposal,Removals & Moving,General Removals,kept_mapped,V2,https://www.airtasker.com/uk/services/,all_services_page,2026-09-05,Airtasker UK service taxonomy.,London
Airtasker,Shed Removals,Shed Removals,Removals & Moving,General Removals,kept_mapped,V2,https://www.airtasker.com/uk/services/,all_services_page,2026-09-05,Airtasker UK service taxonomy.,London
Airtasker,Shed Roof Repair,Shed Roof Repair,Roofing Services,Roof Repair,kept_mapped,V2,https://www.airtasker.com/uk/services/,all_services_page,2026-09-05,Airtasker UK service taxonomy.,London
Airtasker,Shelf Assembly,Shelf Assembly,"Handyman, Assembly & Mounting",Shelf Assembly,kept_mapped_final,V2,https://www.airtasker.com/uk/services/,all_services_page,2026-09-05,Airtasker UK service taxonomy.,London
Airtasker,Shelf Hanging,Shelf Hanging,"Handyman, Assembly & Mounting",Shelf Hanging,kept_mapped_final,V2,https://www.airtasker.com/uk/services/,all_services_page,2026-09-05,Airtasker UK service taxonomy.,London
Airtasker,Shiplap Cladding,Shiplap Cladding,Cladding & Exterior Finishes,Shiplap Cladding,kept_mapped_final,V2,https://www.airtasker.com/uk/services/,all_services_page,2026-09-05,Airtasker UK service taxonomy.,London
Airtasker,Shopify Developer,Shopify Developer,Software & Development Services,Shopify Developer,kept_mapped_final,V2,https://www.airtasker.com/uk/services/,all_services_page,2026-09-05,Airtasker UK service taxonomy.,London
Airtasker,Shower Head Installation,Shower Head Installation,Plumbing & Drainage Services,Shower Head Installation,kept_mapped_final,V2,https://www.airtasker.com/uk/services/,all_services_page,2026-09-05,Airtasker UK service taxonomy.,London
Airtasker,Shower Screen Installation,Shower Screen Installation,Plumbing & Drainage Services,Shower Screen Installation,kept_mapped_final,V2,https://www.airtasker.com/uk/services/,all_services_page,2026-09-05,Airtasker UK service taxonomy.,London
Airtasker,Shrub & Bush Trimming,Shrub & Bush Trimming,Gardening & Landscaping,Shrub & Bush Trimming,kept_mapped_final,V2,https://www.airtasker.com/uk/services/,all_services_page,2026-09-05,Airtasker UK service taxonomy.,London
Airtasker,Sign Hanging,Sign Hanging,"Printing, Signage & Art Services",Wall Hanging & Mounting,kept_mapped_final,V2,https://www.airtasker.com/uk/services/,all_services_page,2026-09-05,Airtasker UK service taxonomy.,London
Airtasker,Sign Language Lessons,Sign Language Lessons,Tutoring & Lessons,General Tutoring & Lessons,kept_mapped,V2,https://www.airtasker.com/uk/services/,all_services_page,2026-09-05,Airtasker UK service taxonomy.,London
Airtasker,Sign Writing,Sign Writing,Vehicle Graphics & Signage,Sign Writing,kept_mapped_final,V2,https://www.airtasker.com/uk/services/,all_services_page,2026-09-05,Airtasker UK service taxonomy.,London
Airtasker,Signage Designer,Signage Designer,"Printing, Signage & Art Services",Signage Designer,kept_mapped_final,V2,https://www.airtasker.com/uk/services/,all_services_page,2026-09-05,Airtasker UK service taxonomy.,London
Airtasker,Signage Installers,Signage Installers,"Printing, Signage & Art Services",Signage Installers,kept_mapped_final,V2,https://www.airtasker.com/uk/services/,all_services_page,2026-09-05,Airtasker UK service taxonomy.,London
Airtasker,Singer,Singer,Events & Wedding Services,Singer,kept_mapped_final,V2,https://www.airtasker.com/uk/services/,all_services_page,2026-09-05,Airtasker UK service taxonomy.,London
Airtasker,Singing Lessons,Singing Lessons,Tutoring & Lessons,General Tutoring & Lessons,kept_mapped,V2,https://www.airtasker.com/uk/services/,all_services_page,2026-09-05,Airtasker UK service taxonomy.,London
Airtasker,Sink Installation,Sink Installation,Plumbing & Drainage Services,Sink Installation,kept_mapped_final,V2,https://www.airtasker.com/uk/services/,all_services_page,2026-09-05,Airtasker UK service taxonomy.,London
Airtasker,Skate Sharpening,Skate Sharpening,Specialist Repair Services,Sharpening Services,kept_mapped_final,V2,https://www.airtasker.com/uk/services/,all_services_page,2026-09-05,Airtasker UK service taxonomy.,London
Airtasker,Skateboard Lessons,Skateboard Lessons,Tutoring & Lessons,General Tutoring & Lessons,kept_mapped,V2,https://www.airtasker.com/uk/services/,all_services_page,2026-09-05,Airtasker UK service taxonomy.,London
Airtasker,Ski Lessons,Ski Lessons,Tutoring & Lessons,General Tutoring & Lessons,kept_mapped,V2,https://www.airtasker.com/uk/services/,all_services_page,2026-09-05,Airtasker UK service taxonomy.,London
Airtasker,Skip Hire,Skip Hire,Waste Services,Skip Hire,kept_mapped,V2,https://www.airtasker.com/uk/services/,all_services_page,2026-09-05,Airtasker UK service taxonomy.,London
Airtasker,Skirting Boards,Skirting Boards,"Furniture, Carpentry & Woodwork",Skirting Boards,kept_mapped_final,V2,https://www.airtasker.com/uk/services/,all_services_page,2026-09-05,Airtasker UK service taxonomy.,London
Airtasker,Slab Laying,Slab Laying,"Driveways, Paving & Surfacing",Slab Laying,kept_mapped_final,V2,https://www.airtasker.com/uk/services/,all_services_page,2026-09-05,Airtasker UK service taxonomy.,London
Airtasker,Slate Roofer,Slate Roofer,Roofing Services,General Roofing,kept_mapped,V2,https://www.airtasker.com/uk/services/,all_services_page,2026-09-05,Airtasker UK service taxonomy.,London
Airtasker,Sleep Therapy,Sleep Therapy,Therapy & Counselling,Therapy,kept_mapped,V2,https://www.airtasker.com/uk/services/,all_services_page,2026-09-05,Airtasker UK service taxonomy.,London
Airtasker,Sliding Door Repair,Sliding Door Repair,Doors & Door Services,Door Repair,kept_mapped,V2,https://www.airtasker.com/uk/services/,all_services_page,2026-09-05,Airtasker UK service taxonomy.,London
Airtasker,Small Animal Boarding,Small Animal Boarding,Pet & Animal Services,Small Animal Boarding,kept_mapped_final,V2,https://www.airtasker.com/uk/services/,all_services_page,2026-09-05,Airtasker UK service taxonomy.,London
Airtasker,Smoke Alarm Installation,Smoke Alarm Installation,Security & Alarm Services,Smoke Alarm Installation,kept_mapped_final,V2,https://www.airtasker.com/uk/services/,all_services_page,2026-09-05,Airtasker UK service taxonomy.,London
Airtasker,Snack Delivery,Snack Delivery,Delivery Services,General Delivery,kept_mapped,V2,https://www.airtasker.com/uk/services/,all_services_page,2026-09-05,Airtasker UK service taxonomy.,London
Airtasker,Snow Plowing & Removal,Snow Plowing & Removal,Removals & Moving,General Removals,kept_mapped,V2,https://www.airtasker.com/uk/services/,all_services_page,2026-09-05,Airtasker UK service taxonomy.,London
Airtasker,Snowboarding Lessons,Snowboarding Lessons,Tutoring & Lessons,General Tutoring & Lessons,kept_mapped,V2,https://www.airtasker.com/uk/services/,all_services_page,2026-09-05,Airtasker UK service taxonomy.,London
Airtasker,Social Media Marketing & Management,Social Media Marketing & Management,Professional Services,Social Media Marketing,kept_mapped,V2,https://www.airtasker.com/uk/services/,all_services_page,2026-09-05,Airtasker UK service taxonomy.,London
Airtasker,Sockets and Switches Installation,Sockets and Switches Installation,Electrical Services,Socket & Switch Installation,kept_mapped_final,V2,https://www.airtasker.com/uk/services/,all_services_page,2026-09-05,Airtasker UK service taxonomy.,London
Airtasker,Sofa Assembly,Sofa Assembly,"Handyman, Assembly & Mounting",Sofa Assembly,kept_mapped_final,V2,https://www.airtasker.com/uk/services/,all_services_page,2026-09-05,Airtasker UK service taxonomy.,London
Airtasker,Sofa Bed Repairs,Sofa Bed Repairs,"Furniture, Carpentry & Woodwork",Bed Repair,kept_mapped_final,V2,https://www.airtasker.com/uk/services/,all_services_page,2026-09-05,Airtasker UK service taxonomy.,London
Airtasker,Sofa Cleaning,Sofa Cleaning,Cleaning Services,General Cleaning,kept_mapped,V2,https://www.airtasker.com/uk/services/,all_services_page,2026-09-05,Airtasker UK service taxonomy.,London
Airtasker,Sofa Removal and Disposal,Sofa Removal and Disposal,Removals & Moving,General Removals,kept_mapped,V2,https://www.airtasker.com/uk/services/,all_services_page,2026-09-05,Airtasker UK service taxonomy.,London
Airtasker,Sofa Removals,Sofa Removals,Removals & Moving,General Removals,kept_mapped,V2,https://www.airtasker.com/uk/services/,all_services_page,2026-09-05,Airtasker UK service taxonomy.,London
Airtasker,Software Help,Software Help,IT Support & Device Services,Software Help,kept_mapped_final,V2,https://www.airtasker.com/uk/services/,all_services_page,2026-09-05,Airtasker UK service taxonomy.,London
Airtasker,Soil & Sand Delivery,Soil & Sand Delivery,Delivery Services,General Delivery,kept_mapped,V2,https://www.airtasker.com/uk/services/,all_services_page,2026-09-05,Airtasker UK service taxonomy.,London
Airtasker,Soil Removal,Soil Removal,Removals & Moving,General Removals,kept_mapped,V2,https://www.airtasker.com/uk/services/,all_services_page,2026-09-05,Airtasker UK service taxonomy.,London
Airtasker,Solar Panel Cleaning,Solar Panel Cleaning,Renewable Energy Services,Solar Energy Services,kept_mapped,V2,https://www.airtasker.com/uk/services/,all_services_page,2026-09-05,Airtasker UK service taxonomy.,London
Airtasker,Solar Panel Installation,Solar Panel Installation,Renewable Energy Services,Solar Panel Installation,kept_mapped,V2,https://www.airtasker.com/uk/services/,all_services_page,2026-09-05,Airtasker UK service taxonomy.,London
Airtasker,Sonos Speaker Repair,Sonos Speaker Repair,"TV, Aerial & Audio Visual Services",Sonos Speaker Repair,kept_mapped_final,V2,https://www.airtasker.com/uk/services/,all_services_page,2026-09-05,Airtasker UK service taxonomy.,London
Airtasker,Sony TV Repair & Setup,Sony TV Repair & Setup,"TV, Aerial & Audio Visual Services",TV Repair,kept_mapped_final,V2,https://www.airtasker.com/uk/services/,all_services_page,2026-09-05,Airtasker UK service taxonomy.,London
Airtasker,Sound System Installation,Sound System Installation,Electronics Repair Services,Sound System Installation,kept_mapped_final,V2,https://www.airtasker.com/uk/services/,all_services_page,2026-09-05,Airtasker UK service taxonomy.,London
Airtasker,Soundproofing,Soundproofing,Roofing Services,General Roofing,kept_mapped,V2,https://www.airtasker.com/uk/services/,all_services_page,2026-09-05,Airtasker UK service taxonomy.,London
Airtasker,Spa Removal,Spa Removal,Removals & Moving,General Removals,kept_mapped,V2,https://www.airtasker.com/uk/services/,all_services_page,2026-09-05,Airtasker UK service taxonomy.,London
Airtasker,Space Planners,Space Planners,Interior Design & Fit-Out,Space Planning,kept_mapped_final,V2,https://www.airtasker.com/uk/services/,all_services_page,2026-09-05,Airtasker UK service taxonomy.,London
Airtasker,Spanish Lessons,Spanish Lessons,Tutoring & Lessons,General Tutoring & Lessons,kept_mapped,V2,https://www.airtasker.com/uk/services/,all_services_page,2026-09-05,Airtasker UK service taxonomy.,London
Airtasker,Spanish Translation,Spanish Translation,"Writing, Translation & Language Services",Translation,kept_mapped_final,V2,https://www.airtasker.com/uk/services/,all_services_page,2026-09-05,Airtasker UK service taxonomy.,London
Airtasker,Speaker Repair,Speaker Repair,"TV, Aerial & Audio Visual Services",Speaker Repair,kept_mapped_final,V2,https://www.airtasker.com/uk/services/,all_services_page,2026-09-05,Airtasker UK service taxonomy.,London
Airtasker,Speech Therapy,Speech Therapy,Therapy & Counselling,Therapy,kept_mapped,V2,https://www.airtasker.com/uk/services/,all_services_page,2026-09-05,Airtasker UK service taxonomy.,London
Airtasker,Speech Writing,Speech Writing,"Writing, Translation & Language Services",Speech Writing,kept_mapped_final,V2,https://www.airtasker.com/uk/services/,all_services_page,2026-09-05,Airtasker UK service taxonomy.,London
Airtasker,Sports Coaches,Sports Coaches,Fitness & Sports Coaching,Sports Coaching,kept_mapped_final,V2,https://www.airtasker.com/uk/services/,all_services_page,2026-09-05,Airtasker UK service taxonomy.,London
Airtasker,Spray Foam Insulation,Spray Foam Insulation,Insulation Services,General Insulation,kept_mapped,V2,https://www.airtasker.com/uk/services/,all_services_page,2026-09-05,Airtasker UK service taxonomy.,London
Airtasker,Spray Tanning,Spray Tanning,Beauty & Wellness,Tanning,kept_mapped,V2,https://www.airtasker.com/uk/services/,all_services_page,2026-09-05,Airtasker UK service taxonomy.,London
Airtasker,Spring Free Trampoline Assembly,Spring Free Trampoline Assembly,"Handyman, Assembly & Mounting",Trampoline Assembly,kept_mapped_final,V2,https://www.airtasker.com/uk/services/,all_services_page,2026-09-05,Airtasker UK service taxonomy.,London
Airtasker,Sprinkler System Installation,Sprinkler System Installation,Fire & Safety Services,Sprinkler System Installation,kept_mapped_final,V2,https://www.airtasker.com/uk/services/,all_services_page,2026-09-05,Airtasker UK service taxonomy.,London
Airtasker,Squarespace Developer,Squarespace Developer,Software & Development Services,Squarespace Developer,kept_mapped_final,V2,https://www.airtasker.com/uk/services/,all_services_page,2026-09-05,Airtasker UK service taxonomy.,London
Airtasker,Staffing,Staffing,Other Services / Unclassified,Staffing,kept_unclassified,V2,https://www.airtasker.com/uk/services/,all_services_page,2026-09-05,Airtasker UK service taxonomy.,London
Airtasker,Stain Removal,Stain Removal,Removals & Moving,General Removals,kept_mapped,V2,https://www.airtasker.com/uk/services/,all_services_page,2026-09-05,Airtasker UK service taxonomy.,London
Airtasker,Stained Glass Repair,Stained Glass Repair,Windows & Glazing,Glazing & Glass Repair,kept_mapped,V2,https://www.airtasker.com/uk/services/,all_services_page,2026-09-05,Airtasker UK service taxonomy.,London
Airtasker,Staining,Staining,Home Improvement & General Maintenance,Staining,kept_mapped_final,V2,https://www.airtasker.com/uk/services/,all_services_page,2026-09-05,Airtasker UK service taxonomy.,London
Airtasker,Staircase Renovation,Staircase Renovation,Carpentry & Joinery,Staircase Services,kept_mapped,V2,https://www.airtasker.com/uk/services/,all_services_page,2026-09-05,Airtasker UK service taxonomy.,London
Airtasker,Starbucks Delivery,Starbucks Delivery,Delivery Services,General Delivery,kept_mapped,V2,https://www.airtasker.com/uk/services/,all_services_page,2026-09-05,Airtasker UK service taxonomy.,London
Airtasker,Starter Motor Repair,Starter Motor Repair,Vehicle Services,General Vehicle Repair,kept_mapped,V2,https://www.airtasker.com/uk/services/,all_services_page,2026-09-05,Airtasker UK service taxonomy.,London
Airtasker,Statistics Tutor,Statistics Tutor,Tutoring & Lessons,General Tutoring & Lessons,kept_mapped,V2,https://www.airtasker.com/uk/services/,all_services_page,2026-09-05,Airtasker UK service taxonomy.,London
Airtasker,Steam Cleaning,Steam Cleaning,Cleaning Services,General Cleaning,kept_mapped,V2,https://www.airtasker.com/uk/services/,all_services_page,2026-09-05,Airtasker UK service taxonomy.,London
Airtasker,Steering Wheel Repair,Steering Wheel Repair,Vehicle Services,Steering Wheel Repair,kept_mapped_final,V2,https://www.airtasker.com/uk/services/,all_services_page,2026-09-05,Airtasker UK service taxonomy.,London
Airtasker,Stone Cladding,Stone Cladding,Stone & Masonry Services,Stone Cladding,kept_mapped_final,V2,https://www.airtasker.com/uk/services/,all_services_page,2026-09-05,Airtasker UK service taxonomy.,London
Airtasker,Stone Flooring,Stone Flooring,Flooring,General Flooring,kept_mapped,V2,https://www.airtasker.com/uk/services/,all_services_page,2026-09-05,Airtasker UK service taxonomy.,London
Airtasker,Stonemasonry,Stonemasonry,Stone & Masonry Services,Stonemasonry,kept_mapped_final,V2,https://www.airtasker.com/uk/services/,all_services_page,2026-09-05,Airtasker UK service taxonomy.,London
Airtasker,Stones Paving,Stones Paving,Driveways & Paving,Paving,kept_mapped,V2,https://www.airtasker.com/uk/services/,all_services_page,2026-09-05,Airtasker UK service taxonomy.,London
Airtasker,Strata Cleaning,Strata Cleaning,Cleaning Services,General Cleaning,kept_mapped,V2,https://www.airtasker.com/uk/services/,all_services_page,2026-09-05,Airtasker UK service taxonomy.,London
Airtasker,Street Dance Lessons,Street Dance Lessons,Tutoring & Lessons,General Tutoring & Lessons,kept_mapped,V2,https://www.airtasker.com/uk/services/,all_services_page,2026-09-05,Airtasker UK service taxonomy.,London
Airtasker,Student Removals,Student Removals,Removals & Moving,General Removals,kept_mapped,V2,https://www.airtasker.com/uk/services/,all_services_page,2026-09-05,Airtasker UK service taxonomy.,London
Airtasker,Suit Tailor,Suit Tailor,Tailoring & Clothing Alterations,Suit Tailor,kept_mapped_final,V2,https://www.airtasker.com/uk/services/,all_services_page,2026-09-05,Airtasker UK service taxonomy.,London
Airtasker,Sunday Dinner Delivery,Sunday Dinner Delivery,Delivery Services,General Delivery,kept_mapped,V2,https://www.airtasker.com/uk/services/,all_services_page,2026-09-05,Airtasker UK service taxonomy.,London
Airtasker,Surf Lessons,Surf Lessons,Tutoring & Lessons,General Tutoring & Lessons,kept_mapped,V2,https://www.airtasker.com/uk/services/,all_services_page,2026-09-05,Airtasker UK service taxonomy.,London
Airtasker,Surveyors,Surveyors,"Architecture, Surveying & Planning",Surveying,kept_mapped_final,V2,https://www.airtasker.com/uk/services/,all_services_page,2026-09-05,Airtasker UK service taxonomy.,London
Airtasker,Sushi Chef,Sushi Chef,"Food, Baking & Personal Chef Services",Chef Services,kept_mapped_final,V2,https://www.airtasker.com/uk/services/,all_services_page,2026-09-05,Airtasker UK service taxonomy.,London
Airtasker,Sushi Delivery,Sushi Delivery,Delivery Services,General Delivery,kept_mapped,V2,https://www.airtasker.com/uk/services/,all_services_page,2026-09-05,Airtasker UK service taxonomy.,London
Airtasker,Suspension Repair,Suspension Repair,Vehicle Services,Suspension Repair,kept_mapped_final,V2,https://www.airtasker.com/uk/services/,all_services_page,2026-09-05,Airtasker UK service taxonomy.,London
Airtasker,Suzuki Service,Suzuki Service,Vehicle Services,Vehicle Servicing,kept_mapped_final,V2,https://www.airtasker.com/uk/services/,all_services_page,2026-09-05,Airtasker UK service taxonomy.,London
Airtasker,Sweets Delivery,Sweets Delivery,Delivery Services,General Delivery,kept_mapped,V2,https://www.airtasker.com/uk/services/,all_services_page,2026-09-05,Airtasker UK service taxonomy.,London
Airtasker,Swimming Lessons,Swimming Lessons,Tutoring & Lessons,General Tutoring & Lessons,kept_mapped,V2,https://www.airtasker.com/uk/services/,all_services_page,2026-09-05,Airtasker UK service taxonomy.,London
Airtasker,Swimming Pool Builders,Swimming Pool Builders,Pool & Hot Tub Services,Swimming Pool Services,kept_mapped,V2,https://www.airtasker.com/uk/services/,all_services_page,2026-09-05,Airtasker UK service taxonomy.,London
Airtasker,Swing Dance Lessons,Swing Dance Lessons,Tutoring & Lessons,General Tutoring & Lessons,kept_mapped,V2,https://www.airtasker.com/uk/services/,all_services_page,2026-09-05,Airtasker UK service taxonomy.,London
Airtasker,Swing Set Assembly,Swing Set Assembly,"Handyman, Assembly & Mounting",Swing Set Assembly,kept_mapped_final,V2,https://www.airtasker.com/uk/services/,all_services_page,2026-09-05,Airtasker UK service taxonomy.,London
Airtasker,T-Shirt Printing,T-Shirt Printing,"Printing, Signage & Art Services",T-Shirt Printing,kept_mapped_final,V2,https://www.airtasker.com/uk/services/,all_services_page,2026-09-05,Airtasker UK service taxonomy.,London
Airtasker,TV Delivery,TV Delivery,Delivery Services,General Delivery,kept_mapped,V2,https://www.airtasker.com/uk/services/,all_services_page,2026-09-05,Airtasker UK service taxonomy.,London
Airtasker,TV Installation & Setup,TV Installation & Setup,"TV, Aerial & Audio Visual Services",TV Installation,kept_mapped_final,V2,https://www.airtasker.com/uk/services/,all_services_page,2026-09-05,Airtasker UK service taxonomy.,London
Airtasker,TV Repairs and Installation,TV Repairs and Installation,"TV, Aerial & Audio Visual Services",TV Repair,kept_mapped_final,V2,https://www.airtasker.com/uk/services/,all_services_page,2026-09-05,Airtasker UK service taxonomy.,London
Airtasker,TV Wall Mounting,TV Wall Mounting,"Handyman, Assembly & Mounting",TV Wall Mounting,kept_mapped_final,V2,https://www.airtasker.com/uk/services/,all_services_page,2026-09-05,Airtasker UK service taxonomy.,London
Airtasker,Table Assembly,Table Assembly,"Handyman, Assembly & Mounting",Table Assembly,kept_mapped_final,V2,https://www.airtasker.com/uk/services/,all_services_page,2026-09-05,Airtasker UK service taxonomy.,London
Airtasker,Table Lamp Repair,Table Lamp Repair,Electronics Repair Services,Table Lamp Repair,kept_mapped_final,V2,https://www.airtasker.com/uk/services/,all_services_page,2026-09-05,Airtasker UK service taxonomy.,London
Airtasker,Table Tennis Coaching,Table Tennis Coaching,Coaching & Personal Development,Table Tennis Coaching,kept_mapped_final,V2,https://www.airtasker.com/uk/services/,all_services_page,2026-09-05,Airtasker UK service taxonomy.,London
Airtasker,Table Tennis Table Assembly,Table Tennis Table Assembly,"Handyman, Assembly & Mounting",Table Tennis Table Assembly,kept_mapped_final,V2,https://www.airtasker.com/uk/services/,all_services_page,2026-09-05,Airtasker UK service taxonomy.,London
Airtasker,Tablet Repair,Tablet Repair,IT Support & Device Services,Tablet Repair,kept_mapped_final,V2,https://www.airtasker.com/uk/services/,all_services_page,2026-09-05,Airtasker UK service taxonomy.,London
Airtasker,Taekwondo Classes,Taekwondo Classes,Fitness & Sports Coaching,Taekwondo Classes,kept_mapped_final,V2,https://www.airtasker.com/uk/services/,all_services_page,2026-09-05,Airtasker UK service taxonomy.,London
Airtasker,Tailors,Tailors,Tailoring & Clothing Alterations,Tailors,kept_mapped_final,V2,https://www.airtasker.com/uk/services/,all_services_page,2026-09-05,Airtasker UK service taxonomy.,London
Airtasker,Takeaway & Delivery,Takeaway & Delivery,Delivery Services,General Delivery,kept_mapped,V2,https://www.airtasker.com/uk/services/,all_services_page,2026-09-05,Airtasker UK service taxonomy.,London
Airtasker,Tap Dance Lessons,Tap Dance Lessons,Tutoring & Lessons,General Tutoring & Lessons,kept_mapped,V2,https://www.airtasker.com/uk/services/,all_services_page,2026-09-05,Airtasker UK service taxonomy.,London
Airtasker,Tarmac Laying,Tarmac Laying,"Driveways, Paving & Surfacing",Tarmac Laying,kept_mapped_final,V2,https://www.airtasker.com/uk/services/,all_services_page,2026-09-05,Airtasker UK service taxonomy.,London
Airtasker,Tattoo Artists,Tattoo Artists,Tattoo & Piercing,Tattoo Services,kept_mapped,V2,https://www.airtasker.com/uk/services/,all_services_page,2026-09-05,Airtasker UK service taxonomy.,London
Airtasker,Tax Advisor,Tax Advisor,Accounting & Finance Services,Tax Advisory,kept_mapped_final,V2,https://www.airtasker.com/uk/services/,all_services_page,2026-09-05,Airtasker UK service taxonomy.,London
Airtasker,Technical Support,Technical Support,IT Support & Device Services,General IT Support,kept_mapped_final,V2,https://www.airtasker.com/uk/services/,all_services_page,2026-09-05,Airtasker UK service taxonomy.,London
Airtasker,Technical Writer,Technical Writer,"Writing, Translation & Language Services",Technical Writing,kept_mapped_final,V2,https://www.airtasker.com/uk/services/,all_services_page,2026-09-05,Airtasker UK service taxonomy.,London
Airtasker,Teen Counselling,Teen Counselling,Therapy & Counselling,Counselling,kept_mapped,V2,https://www.airtasker.com/uk/services/,all_services_page,2026-09-05,Airtasker UK service taxonomy.,London
Airtasker,Telephone Engineers,Telephone Engineers,Telecoms & Telephone Services,Telephone Engineering,kept_mapped_final,V2,https://www.airtasker.com/uk/services/,all_services_page,2026-09-05,Airtasker UK service taxonomy.,London
Airtasker,Temporary Fencing,Temporary Fencing,Fencing & Gates,General Fencing,kept_mapped,V2,https://www.airtasker.com/uk/services/,all_services_page,2026-09-05,Airtasker UK service taxonomy.,London
Airtasker,Temporary Tattoo Artists,Temporary Tattoo Artists,Tattoo & Piercing,Tattoo Services,kept_mapped,V2,https://www.airtasker.com/uk/services/,all_services_page,2026-09-05,Airtasker UK service taxonomy.,London
Airtasker,Tennis Lessons,Tennis Lessons,Tutoring & Lessons,General Tutoring & Lessons,kept_mapped,V2,https://www.airtasker.com/uk/services/,all_services_page,2026-09-05,Airtasker UK service taxonomy.,London
Airtasker,Tent Repair,Tent Repair,"Fabric, Clothing & Specialist Repair",Tent Repair,kept_mapped_final,V2,https://www.airtasker.com/uk/services/,all_services_page,2026-09-05,Airtasker UK service taxonomy.,London
Airtasker,Terrazzo Flooring,Terrazzo Flooring,Flooring,General Flooring,kept_mapped,V2,https://www.airtasker.com/uk/services/,all_services_page,2026-09-05,Airtasker UK service taxonomy.,London
Airtasker,Tesco Grocery Delivery,Tesco Grocery Delivery,Delivery Services,Grocery Delivery,kept_mapped,V2,https://www.airtasker.com/uk/services/,all_services_page,2026-09-05,Airtasker UK service taxonomy.,London
Airtasker,Thai Food Delivery,Thai Food Delivery,Delivery Services,Food Delivery,kept_mapped,V2,https://www.airtasker.com/uk/services/,all_services_page,2026-09-05,Airtasker UK service taxonomy.,London
Airtasker,The Range Curtain Installation,The Range Curtain Installation,"Curtains, Awnings & Window Dressings",Curtain Fitting,kept_mapped_final,V2,https://www.airtasker.com/uk/services/,all_services_page,2026-09-05,Airtasker UK service taxonomy.,London
Airtasker,The Range Furniture Assembly,The Range Furniture Assembly,Furniture Services,Furniture Assembly,kept_mapped,V2,https://www.airtasker.com/uk/services/,all_services_page,2026-09-05,Airtasker UK service taxonomy.,London
Airtasker,The Range Hanging & Mounting,The Range Hanging & Mounting,"Handyman, Assembly & Mounting",The Range Hanging & Mounting,kept_mapped_final,V2,https://www.airtasker.com/uk/services/,all_services_page,2026-09-05,Airtasker UK service taxonomy.,London
Airtasker,The Range Pergola Installation,The Range Pergola Installation,Gardening & Landscaping,The Range Pergola Installation,kept_mapped_final,V2,https://www.airtasker.com/uk/services/,all_services_page,2026-09-05,Airtasker UK service taxonomy.,London
Airtasker,The Range Storage,The Range Storage,Other Services / Unclassified,The Range Storage,kept_unclassified,V2,https://www.airtasker.com/uk/services/,all_services_page,2026-09-05,Airtasker UK service taxonomy.,London
Airtasker,The Range Wallpaper Installation,The Range Wallpaper Installation,Painting & Decorating,Wallpapering,kept_mapped,V2,https://www.airtasker.com/uk/services/,all_services_page,2026-09-05,Airtasker UK service taxonomy.,London
Airtasker,Thermostat Installation,Thermostat Installation,"Heating, Boiler & Gas Services",Thermostat Installation,kept_mapped_final,V2,https://www.airtasker.com/uk/services/,all_services_page,2026-09-05,Airtasker UK service taxonomy.,London
Airtasker,Tile & Grout Cleaning,Tile & Grout Cleaning,Cleaning Services,General Cleaning,kept_mapped,V2,https://www.airtasker.com/uk/services/,all_services_page,2026-09-05,Airtasker UK service taxonomy.,London
Airtasker,Tiling,Tiling,Tiling,General Tiling,kept_mapped,V2,https://www.airtasker.com/uk/services/,all_services_page,2026-09-05,Airtasker UK service taxonomy.,London
Airtasker,Timber Flooring,Timber Flooring,Flooring,General Flooring,kept_mapped,V2,https://www.airtasker.com/uk/services/,all_services_page,2026-09-05,Airtasker UK service taxonomy.,London
Airtasker,Timing Belt Replacement,Timing Belt Replacement,Vehicle Services,Timing Belt Replacement,kept_mapped_final,V2,https://www.airtasker.com/uk/services/,all_services_page,2026-09-05,Airtasker UK service taxonomy.,London
Airtasker,Toaster Repair,Toaster Repair,Appliance & Equipment Services,Toaster Repair,kept_mapped_final,V2,https://www.airtasker.com/uk/services/,all_services_page,2026-09-05,Airtasker UK service taxonomy.,London
Airtasker,Toilet Installation,Toilet Installation,Plumbing Services,Toilet Installation,kept_mapped,V2,https://www.airtasker.com/uk/services/,all_services_page,2026-09-05,Airtasker UK service taxonomy.,London
Airtasker,Toilet Seat Fitting,Toilet Seat Fitting,Plumbing & Drainage Services,Toilet Seat Fitting,kept_mapped_final,V2,https://www.airtasker.com/uk/services/,all_services_page,2026-09-05,Airtasker UK service taxonomy.,London
Airtasker,Tool Repair,Tool Repair,Appliance & Equipment Services,Tool Repair,kept_mapped_final,V2,https://www.airtasker.com/uk/services/,all_services_page,2026-09-05,Airtasker UK service taxonomy.,London
Airtasker,Tool Sharpening,Tool Sharpening,Specialist Repair Services,Sharpening Services,kept_mapped_final,V2,https://www.airtasker.com/uk/services/,all_services_page,2026-09-05,Airtasker UK service taxonomy.,London
Airtasker,Tow Bar Installation,Tow Bar Installation,Vehicle Services,Tow Bar Installation,kept_mapped_final,V2,https://www.airtasker.com/uk/services/,all_services_page,2026-09-05,Airtasker UK service taxonomy.,London
Airtasker,Toy Assembly,Toy Assembly,"Handyman, Assembly & Mounting",Toy Assembly,kept_mapped_final,V2,https://www.airtasker.com/uk/services/,all_services_page,2026-09-05,Airtasker UK service taxonomy.,London
Airtasker,Toyota Service,Toyota Service,Vehicle Services,Vehicle Servicing,kept_mapped_final,V2,https://www.airtasker.com/uk/services/,all_services_page,2026-09-05,Airtasker UK service taxonomy.,London
Airtasker,Tradesman,Tradesman,Excluded,Tradesman,excluded,V2,https://www.airtasker.com/uk/services/,all_services_page,2026-09-05,Airtasker UK service taxonomy.,London
Airtasker,Trampoline Assembly,Trampoline Assembly,"Handyman, Assembly & Mounting",Trampoline Assembly,kept_mapped_final,V2,https://www.airtasker.com/uk/services/,all_services_page,2026-09-05,Airtasker UK service taxonomy.,London
Airtasker,Trampoline Lessons,Trampoline Lessons,Tutoring & Lessons,General Tutoring & Lessons,kept_mapped,V2,https://www.airtasker.com/uk/services/,all_services_page,2026-09-05,Airtasker UK service taxonomy.,London
Airtasker,Trampoline Removals,Trampoline Removals,Removals & Moving,General Removals,kept_mapped,V2,https://www.airtasker.com/uk/services/,all_services_page,2026-09-05,Airtasker UK service taxonomy.,London
Airtasker,Trampoline Repair Service,Trampoline Repair Service,Specialist Repair Services,Trampoline Repair,kept_mapped_final,V2,https://www.airtasker.com/uk/services/,all_services_page,2026-09-05,Airtasker UK service taxonomy.,London
Airtasker,Transcription,Transcription,"Writing, Translation & Language Services",Transcription,kept_mapped_final,V2,https://www.airtasker.com/uk/services/,all_services_page,2026-09-05,Airtasker UK service taxonomy.,London
Airtasker,Translation,Translation,"Writing, Translation & Language Services",Translation,kept_mapped_final,V2,https://www.airtasker.com/uk/services/,all_services_page,2026-09-05,Airtasker UK service taxonomy.,London
Airtasker,Travel Writer,Travel Writer,"Writing, Translation & Language Services",Travel Writing,kept_mapped_final,V2,https://www.airtasker.com/uk/services/,all_services_page,2026-09-05,Airtasker UK service taxonomy.,London
Airtasker,Treadmill Assembly,Treadmill Assembly,"Handyman, Assembly & Mounting",Treadmill Assembly,kept_mapped_final,V2,https://www.airtasker.com/uk/services/,all_services_page,2026-09-05,Airtasker UK service taxonomy.,London
Airtasker,Treadmill Removal and Disposal,Treadmill Removal and Disposal,Removals & Moving,General Removals,kept_mapped,V2,https://www.airtasker.com/uk/services/,all_services_page,2026-09-05,Airtasker UK service taxonomy.,London
Airtasker,Treadmill Removals,Treadmill Removals,Removals & Moving,General Removals,kept_mapped,V2,https://www.airtasker.com/uk/services/,all_services_page,2026-09-05,Airtasker UK service taxonomy.,London
Airtasker,Treadmill Repair,Treadmill Repair,Appliance & Equipment Services,Treadmill Repair,kept_mapped_final,V2,https://www.airtasker.com/uk/services/,all_services_page,2026-09-05,Airtasker UK service taxonomy.,London
Airtasker,Tree Felling,Tree Felling,Tree & Grounds Services,Tree Felling,kept_mapped_final,V2,https://www.airtasker.com/uk/services/,all_services_page,2026-09-05,Airtasker UK service taxonomy.,London
Airtasker,Tree Lopper,Tree Lopper,Tree & Grounds Services,Tree Lopper,kept_mapped_final,V2,https://www.airtasker.com/uk/services/,all_services_page,2026-09-05,Airtasker UK service taxonomy.,London
Airtasker,Tree Pruning,Tree Pruning,Tree & Grounds Services,Tree Pruning,kept_mapped_final,V2,https://www.airtasker.com/uk/services/,all_services_page,2026-09-05,Airtasker UK service taxonomy.,London
Airtasker,Tree Removal,Tree Removal,Gardening & Landscaping,Tree Surgery,kept_mapped,V2,https://www.airtasker.com/uk/services/,all_services_page,2026-09-05,Airtasker UK service taxonomy.,London
Airtasker,Tree Surgeons,Tree Surgeons,Tree & Grounds Services,Tree Surgeons,kept_mapped_final,V2,https://www.airtasker.com/uk/services/,all_services_page,2026-09-05,Airtasker UK service taxonomy.,London
Airtasker,Trench Digging,Trench Digging,"Groundworks, Excavation & Plant Hire",Trench Digging,kept_mapped_final,V2,https://www.airtasker.com/uk/services/,all_services_page,2026-09-05,Airtasker UK service taxonomy.,London
Airtasker,Triathlon Training,Triathlon Training,Fitness & Sports Coaching,Triathlon Training,kept_mapped_final,V2,https://www.airtasker.com/uk/services/,all_services_page,2026-09-05,Airtasker UK service taxonomy.,London
Airtasker,Triple Glazing,Triple Glazing,"Doors, Windows & Glazing",Triple Glazing,kept_mapped_final,V2,https://www.airtasker.com/uk/services/,all_services_page,2026-09-05,Airtasker UK service taxonomy.,London
Airtasker,Troubleshooting,Troubleshooting,IT Support & Device Services,Technical Troubleshooting,kept_mapped_final,V2,https://www.airtasker.com/uk/services/,all_services_page,2026-09-05,Airtasker UK service taxonomy.,London
Airtasker,Trumpet Lessons,Trumpet Lessons,Tutoring & Lessons,General Tutoring & Lessons,kept_mapped,V2,https://www.airtasker.com/uk/services/,all_services_page,2026-09-05,Airtasker UK service taxonomy.,London
Airtasker,Turf Laying,Turf Laying,Gardening & Landscaping,Turf Laying,kept_mapped_final,V2,https://www.airtasker.com/uk/services/,all_services_page,2026-09-05,Airtasker UK service taxonomy.,London
Airtasker,Turf Repair,Turf Repair,Gardening & Landscaping,Turf Repair,kept_mapped_final,V2,https://www.airtasker.com/uk/services/,all_services_page,2026-09-05,Airtasker UK service taxonomy.,London
Airtasker,Turkish Takeaway,Turkish Takeaway,"Food, Baking & Personal Chef Services",Takeaway Food Services,kept_mapped_final,V2,https://www.airtasker.com/uk/services/,all_services_page,2026-09-05,Airtasker UK service taxonomy.,London
Airtasker,Tutoring,Tutoring,Tutoring & Lessons,General Tutoring & Lessons,kept_mapped,V2,https://www.airtasker.com/uk/services/,all_services_page,2026-09-05,Airtasker UK service taxonomy.,London
Airtasker,Typist,Typist,Business & Administrative Services,Typing Services,kept_mapped_final,V2,https://www.airtasker.com/uk/services/,all_services_page,2026-09-05,Airtasker UK service taxonomy.,London
Airtasker,Tyre Fitting,Tyre Fitting,Vehicle Services,Tyre Fitting,kept_mapped,V2,https://www.airtasker.com/uk/services/,all_services_page,2026-09-05,Airtasker UK service taxonomy.,London
Airtasker,Tyre Repair,Tyre Repair,Vehicle Services,Tyre Repair,kept_mapped,V2,https://www.airtasker.com/uk/services/,all_services_page,2026-09-05,Airtasker UK service taxonomy.,London
Airtasker,Ukulele Lessons,Ukulele Lessons,Tutoring & Lessons,General Tutoring & Lessons,kept_mapped,V2,https://www.airtasker.com/uk/services/,all_services_page,2026-09-05,Airtasker UK service taxonomy.,London
Airtasker,Underfloor Heating Installation,Underfloor Heating Installation,"Heating, Boiler & Gas Services",Underfloor Heating Installation,kept_mapped_final,V2,https://www.airtasker.com/uk/services/,all_services_page,2026-09-05,Airtasker UK service taxonomy.,London
Airtasker,University Tutor,University Tutor,Tutoring & Lessons,General Tutoring & Lessons,kept_mapped,V2,https://www.airtasker.com/uk/services/,all_services_page,2026-09-05,Airtasker UK service taxonomy.,London
Airtasker,Upholstery Cleaning,Upholstery Cleaning,Cleaning Services,General Cleaning,kept_mapped,V2,https://www.airtasker.com/uk/services/,all_services_page,2026-09-05,Airtasker UK service taxonomy.,London
Airtasker,Upholstery Repair,Upholstery Repair,"Furniture, Carpentry & Woodwork",Upholstery Repair,kept_mapped_final,V2,https://www.airtasker.com/uk/services/,all_services_page,2026-09-05,Airtasker UK service taxonomy.,London
Airtasker,Vacuum Cleaner Repair,Vacuum Cleaner Repair,Cleaning Services,General Cleaning,kept_mapped,V2,https://www.airtasker.com/uk/services/,all_services_page,2026-09-05,Airtasker UK service taxonomy.,London
Airtasker,Vacuuming,Vacuuming,Cleaning Services,Vacuuming,kept_mapped_final,V2,https://www.airtasker.com/uk/services/,all_services_page,2026-09-05,Airtasker UK service taxonomy.,London
Airtasker,Valentine's Gift Delivery,Valentine's Gift Delivery,Delivery Services,Gift Delivery,kept_mapped,V2,https://www.airtasker.com/uk/services/,all_services_page,2026-09-05,Airtasker UK service taxonomy.,London
Airtasker,Valentines Flower Delivery,Valentines Flower Delivery,Delivery Services,Flower Delivery,kept_mapped,V2,https://www.airtasker.com/uk/services/,all_services_page,2026-09-05,Airtasker UK service taxonomy.,London
Airtasker,Van Lock Fitting,Van Lock Fitting,"Locksmith, Keys & Safes",Van Lock Fitting,kept_mapped_final,V2,https://www.airtasker.com/uk/services/,all_services_page,2026-09-05,Airtasker UK service taxonomy.,London
Airtasker,Van MOT,Van MOT,Vehicle Services,MOT Testing,kept_mapped_final,V2,https://www.airtasker.com/uk/services/,all_services_page,2026-09-05,Airtasker UK service taxonomy.,London
Airtasker,Vanity Mirror Installation,Vanity Mirror Installation,"Doors, Windows & Glazing",Vanity Mirror Installation,kept_mapped_final,V2,https://www.airtasker.com/uk/services/,all_services_page,2026-09-05,Airtasker UK service taxonomy.,London
Airtasker,Vauxhall Service,Vauxhall Service,Vehicle Services,Vehicle Servicing,kept_mapped_final,V2,https://www.airtasker.com/uk/services/,all_services_page,2026-09-05,Airtasker UK service taxonomy.,London
Airtasker,Vegan Baker,Vegan Baker,"Food, Baking & Personal Chef Services",Vegan Baking,kept_mapped_final,V2,https://www.airtasker.com/uk/services/,all_services_page,2026-09-05,Airtasker UK service taxonomy.,London
Airtasker,Vegan Cake Delivery,Vegan Cake Delivery,Delivery Services,Cake Delivery,kept_mapped,V2,https://www.airtasker.com/uk/services/,all_services_page,2026-09-05,Airtasker UK service taxonomy.,London
Airtasker,Vegan Food Delivery,Vegan Food Delivery,Delivery Services,Food Delivery,kept_mapped,V2,https://www.airtasker.com/uk/services/,all_services_page,2026-09-05,Airtasker UK service taxonomy.,London
Airtasker,Vegan Meal Preparation,Vegan Meal Preparation,"Food, Baking & Personal Chef Services",Meal Preparation,kept_mapped_final,V2,https://www.airtasker.com/uk/services/,all_services_page,2026-09-05,Airtasker UK service taxonomy.,London
Airtasker,Vegetable Delivery,Vegetable Delivery,Delivery Services,General Delivery,kept_mapped,V2,https://www.airtasker.com/uk/services/,all_services_page,2026-09-05,Airtasker UK service taxonomy.,London
Airtasker,Vegetarian Food Delivery,Vegetarian Food Delivery,Delivery Services,Food Delivery,kept_mapped,V2,https://www.airtasker.com/uk/services/,all_services_page,2026-09-05,Airtasker UK service taxonomy.,London
Airtasker,Vegetarian Meal Preparation,Vegetarian Meal Preparation,"Food, Baking & Personal Chef Services",Meal Preparation,kept_mapped_final,V2,https://www.airtasker.com/uk/services/,all_services_page,2026-09-05,Airtasker UK service taxonomy.,London
Airtasker,Vehicle MOT,Vehicle MOT,Vehicle Services,MOT Testing,kept_mapped_final,V2,https://www.airtasker.com/uk/services/,all_services_page,2026-09-05,Airtasker UK service taxonomy.,London
Airtasker,Vehicle Transport,Vehicle Transport,Vehicle Services,Vehicle Transport,kept_mapped_final,V2,https://www.airtasker.com/uk/services/,all_services_page,2026-09-05,Airtasker UK service taxonomy.,London
Airtasker,Vehicle Wraps,Vehicle Wraps,Vehicle Graphics & Signage,Vehicle Wrapping,kept_mapped_final,V2,https://www.airtasker.com/uk/services/,all_services_page,2026-09-05,Airtasker UK service taxonomy.,London
Airtasker,Venetian Blind Repair,Venetian Blind Repair,Blinds & Shutters,Blind Repair,kept_mapped,V2,https://www.airtasker.com/uk/services/,all_services_page,2026-09-05,Airtasker UK service taxonomy.,London
Airtasker,Verandah Installation,Verandah Installation,Other Services / Unclassified,Verandah Installation,kept_unclassified,V2,https://www.airtasker.com/uk/services/,all_services_page,2026-09-05,Airtasker UK service taxonomy.,London
Airtasker,Video Editing,Video Editing,Marketing & Creative Services,Video Editing,kept_mapped_final,V2,https://www.airtasker.com/uk/services/,all_services_page,2026-09-05,Airtasker UK service taxonomy.,London
Airtasker,Videographers,Videographers,Events & Creative,Videography,kept_mapped,V2,https://www.airtasker.com/uk/services/,all_services_page,2026-09-05,Airtasker UK service taxonomy.,London
Airtasker,Villaboard Installation,Villaboard Installation,Other Services / Unclassified,Villaboard Installation,kept_unclassified,V2,https://www.airtasker.com/uk/services/,all_services_page,2026-09-05,Airtasker UK service taxonomy.,London
Airtasker,Vinyl Flooring,Vinyl Flooring,Flooring,General Flooring,kept_mapped,V2,https://www.airtasker.com/uk/services/,all_services_page,2026-09-05,Airtasker UK service taxonomy.,London
Airtasker,Violin Lessons,Violin Lessons,Tutoring & Lessons,General Tutoring & Lessons,kept_mapped,V2,https://www.airtasker.com/uk/services/,all_services_page,2026-09-05,Airtasker UK service taxonomy.,London
Airtasker,Virtual Assistant,Virtual Assistant,Business & Administrative Services,Virtual Assistant,kept_mapped_final,V2,https://www.airtasker.com/uk/services/,all_services_page,2026-09-05,Airtasker UK service taxonomy.,London
Airtasker,Virus Removal,Virus Removal,Removals & Moving,General Removals,kept_mapped,V2,https://www.airtasker.com/uk/services/,all_services_page,2026-09-05,Airtasker UK service taxonomy.,London
Airtasker,Vokera Boiler Installation,Vokera Boiler Installation,Heating & Boiler Services,Boiler Installation,kept_mapped,V2,https://www.airtasker.com/uk/services/,all_services_page,2026-09-05,Airtasker UK service taxonomy.,London
Airtasker,Volkswagen Service,Volkswagen Service,Vehicle Services,Vehicle Servicing,kept_mapped_final,V2,https://www.airtasker.com/uk/services/,all_services_page,2026-09-05,Airtasker UK service taxonomy.,London
Airtasker,Volvo Service,Volvo Service,Vehicle Services,Vehicle Servicing,kept_mapped_final,V2,https://www.airtasker.com/uk/services/,all_services_page,2026-09-05,Airtasker UK service taxonomy.,London
Airtasker,Wait Staff,Wait Staff,Events & Wedding Services,Wait Staff,kept_mapped_final,V2,https://www.airtasker.com/uk/services/,all_services_page,2026-09-05,Airtasker UK service taxonomy.,London
Airtasker,Waiter,Waiter,Events & Wedding Services,Hospitality Staffing,kept_mapped_final,V2,https://www.airtasker.com/uk/services/,all_services_page,2026-09-05,Airtasker UK service taxonomy.,London
Airtasker,Waitress,Waitress,Events & Wedding Services,Hospitality Staffing,kept_mapped_final,V2,https://www.airtasker.com/uk/services/,all_services_page,2026-09-05,Airtasker UK service taxonomy.,London
Airtasker,Wales to London Removals,Wales to London Removals,Removals & Moving,General Removals,kept_mapped,V2,https://www.airtasker.com/uk/services/,all_services_page,2026-09-05,Airtasker UK service taxonomy.,London
Airtasker,Wall Hanging & Mounting,Wall Hanging & Mounting,"Handyman, Assembly & Mounting",Wall Hanging & Mounting,kept_mapped_final,V2,https://www.airtasker.com/uk/services/,all_services_page,2026-09-05,Airtasker UK service taxonomy.,London
Airtasker,Wall Hanging and Mounting,Wall Hanging and Mounting,"Handyman, Assembly & Mounting",Wall Hanging & Mounting,kept_mapped_final,V2,https://www.airtasker.com/uk/services/,all_services_page,2026-09-05,Airtasker UK service taxonomy.,London
Airtasker,Wallpaper Repair,Wallpaper Repair,Painting & Decorating,Wallpapering,kept_mapped,V2,https://www.airtasker.com/uk/services/,all_services_page,2026-09-05,Airtasker UK service taxonomy.,London
Airtasker,Wallpapering,Wallpapering,Other Services / Unclassified,Wallpapering,kept_unclassified,V2,https://www.airtasker.com/uk/services/,all_services_page,2026-09-05,Airtasker UK service taxonomy.,London
Airtasker,Wardrobe Assembly,Wardrobe Assembly,"Handyman, Assembly & Mounting",Wardrobe Assembly,kept_mapped_final,V2,https://www.airtasker.com/uk/services/,all_services_page,2026-09-05,Airtasker UK service taxonomy.,London
Airtasker,Wardrobe Delivery,Wardrobe Delivery,Delivery Services,General Delivery,kept_mapped,V2,https://www.airtasker.com/uk/services/,all_services_page,2026-09-05,Airtasker UK service taxonomy.,London
Airtasker,Washing Machine Removals,Washing Machine Removals,Removals & Moving,General Removals,kept_mapped,V2,https://www.airtasker.com/uk/services/,all_services_page,2026-09-05,Airtasker UK service taxonomy.,London
Airtasker,Washing Machine Repairs & Installation,Washing Machine Repairs & Installation,Appliance & Equipment Services,Washing Machine Repairs & Installation,kept_mapped_final,V2,https://www.airtasker.com/uk/services/,all_services_page,2026-09-05,Airtasker UK service taxonomy.,London
Airtasker,Wasp Nest Removal,Wasp Nest Removal,Pest Control Services,Wasp Control,kept_mapped,V2,https://www.airtasker.com/uk/services/,all_services_page,2026-09-05,Airtasker UK service taxonomy.,London
Airtasker,Waste Bag Collection,Waste Bag Collection,"Waste, Clearance & Recycling",Waste Bag Collection,kept_mapped_final,V2,https://www.airtasker.com/uk/services/,all_services_page,2026-09-05,Airtasker UK service taxonomy.,London
Airtasker,Waste Collection & Disposal,Waste Collection & Disposal,Waste Services,Waste Collection,kept_mapped,V2,https://www.airtasker.com/uk/services/,all_services_page,2026-09-05,Airtasker UK service taxonomy.,London
Airtasker,Water Damage,Water Damage,"Damp, Waterproofing & Restoration",Water Damage,kept_mapped_final,V2,https://www.airtasker.com/uk/services/,all_services_page,2026-09-05,Airtasker UK service taxonomy.,London
Airtasker,Water Features,Water Features,Gardening & Landscaping,Water Feature Services,kept_mapped_final,V2,https://www.airtasker.com/uk/services/,all_services_page,2026-09-05,Airtasker UK service taxonomy.,London
Airtasker,Water Heater Repairs and Installation,Water Heater Repairs and Installation,Other Services / Unclassified,Water Heater Repairs and Installation,kept_unclassified,V2,https://www.airtasker.com/uk/services/,all_services_page,2026-09-05,Airtasker UK service taxonomy.,London
Airtasker,Water Pump Repair,Water Pump Repair,"Water Treatment, Tanks & Pumps",Water Pump Services,kept_mapped_final,V2,https://www.airtasker.com/uk/services/,all_services_page,2026-09-05,Airtasker UK service taxonomy.,London
Airtasker,Water Softener Installation,Water Softener Installation,"Water Treatment, Tanks & Pumps",Water Softener Services,kept_mapped_final,V2,https://www.airtasker.com/uk/services/,all_services_page,2026-09-05,Airtasker UK service taxonomy.,London
Airtasker,Water Tank Installation & Repair,Water Tank Installation & Repair,"Water Treatment, Tanks & Pumps",Water Tank Services,kept_mapped_final,V2,https://www.airtasker.com/uk/services/,all_services_page,2026-09-05,Airtasker UK service taxonomy.,London
Airtasker,Waterproofing,Waterproofing,Roofing Services,General Roofing,kept_mapped,V2,https://www.airtasker.com/uk/services/,all_services_page,2026-09-05,Airtasker UK service taxonomy.,London
Airtasker,Waxing,Waxing,Hair Removal,Waxing,kept_mapped,V2,https://www.airtasker.com/uk/services/,all_services_page,2026-09-05,Airtasker UK service taxonomy.,London
Airtasker,Weather Stripping,Weather Stripping,"Doors, Windows & Glazing",Weather Stripping,kept_mapped_final,V2,https://www.airtasker.com/uk/services/,all_services_page,2026-09-05,Airtasker UK service taxonomy.,London
Airtasker,Web,Web,Web & Digital Services,Web,kept_mapped_final,V2,https://www.airtasker.com/uk/services/,all_services_page,2026-09-05,Airtasker UK service taxonomy.,London
Airtasker,Web Design & Development,Web Design & Development,Professional Services,Web Design,kept_mapped,V2,https://www.airtasker.com/uk/services/,all_services_page,2026-09-05,Airtasker UK service taxonomy.,London
Airtasker,Web Hosting,Web Hosting,Web & Digital Services,Web Hosting,kept_mapped_final,V2,https://www.airtasker.com/uk/services/,all_services_page,2026-09-05,Airtasker UK service taxonomy.,London
Airtasker,Website & App Testing,Website & App Testing,Software & Development Services,Website & App Testing,kept_mapped_final,V2,https://www.airtasker.com/uk/services/,all_services_page,2026-09-05,Airtasker UK service taxonomy.,London
Airtasker,Wedding,Wedding,Events & Wedding Services,Wedding,kept_mapped_final,V2,https://www.airtasker.com/uk/services/,all_services_page,2026-09-05,Airtasker UK service taxonomy.,London
Airtasker,Wedding Band Hire,Wedding Band Hire,Events & Wedding Services,Wedding Music,kept_mapped_final,V2,https://www.airtasker.com/uk/services/,all_services_page,2026-09-05,Airtasker UK service taxonomy.,London
Airtasker,Wedding Cakes,Wedding Cakes,Events & Wedding Services,Wedding Cakes,kept_mapped_final,V2,https://www.airtasker.com/uk/services/,all_services_page,2026-09-05,Airtasker UK service taxonomy.,London
Airtasker,Wedding Car Hire,Wedding Car Hire,Events & Wedding Services,Wedding Car Hire,kept_mapped_final,V2,https://www.airtasker.com/uk/services/,all_services_page,2026-09-05,Airtasker UK service taxonomy.,London
Airtasker,Wedding Caterer,Wedding Caterer,Events & Creative,Catering,kept_mapped,V2,https://www.airtasker.com/uk/services/,all_services_page,2026-09-05,Airtasker UK service taxonomy.,London
Airtasker,Wedding Celebrant,Wedding Celebrant,Events & Wedding Services,Wedding Celebrant,kept_mapped_final,V2,https://www.airtasker.com/uk/services/,all_services_page,2026-09-05,Airtasker UK service taxonomy.,London
Airtasker,Wedding DJ,Wedding DJ,Events & Creative,DJ Services,kept_mapped,V2,https://www.airtasker.com/uk/services/,all_services_page,2026-09-05,Airtasker UK service taxonomy.,London
Airtasker,Wedding Dance Lessons,Wedding Dance Lessons,Tutoring & Lessons,General Tutoring & Lessons,kept_mapped,V2,https://www.airtasker.com/uk/services/,all_services_page,2026-09-05,Airtasker UK service taxonomy.,London
Airtasker,Wedding Decorator,Wedding Decorator,Painting & Decorating,General Painting & Decorating,kept_mapped,V2,https://www.airtasker.com/uk/services/,all_services_page,2026-09-05,Airtasker UK service taxonomy.,London
Airtasker,Wedding Dress Alterations,Wedding Dress Alterations,Events & Wedding Services,Wedding Dress Alterations,kept_mapped_final,V2,https://www.airtasker.com/uk/services/,all_services_page,2026-09-05,Airtasker UK service taxonomy.,London
Airtasker,Wedding Dress Designer,Wedding Dress Designer,Events & Wedding Services,Wedding Dress Designer,kept_mapped_final,V2,https://www.airtasker.com/uk/services/,all_services_page,2026-09-05,Airtasker UK service taxonomy.,London
Airtasker,Wedding Dress Dry Cleaning,Wedding Dress Dry Cleaning,Cleaning Services,General Cleaning,kept_mapped,V2,https://www.airtasker.com/uk/services/,all_services_page,2026-09-05,Airtasker UK service taxonomy.,London
Airtasker,Wedding Entertainment,Wedding Entertainment,Events & Wedding Services,Wedding Entertainment,kept_mapped_final,V2,https://www.airtasker.com/uk/services/,all_services_page,2026-09-05,Airtasker UK service taxonomy.,London
Airtasker,Wedding Florist,Wedding Florist,Events & Wedding Services,Wedding Floristry,kept_mapped_final,V2,https://www.airtasker.com/uk/services/,all_services_page,2026-09-05,Airtasker UK service taxonomy.,London
Airtasker,Wedding Hair Stylist,Wedding Hair Stylist,Hair & Barber Services,Hairdressing,kept_mapped,V2,https://www.airtasker.com/uk/services/,all_services_page,2026-09-05,Airtasker UK service taxonomy.,London
Airtasker,Wedding Invitation Designer,Wedding Invitation Designer,Events & Wedding Services,Wedding Invitation Designer,kept_mapped_final,V2,https://www.airtasker.com/uk/services/,all_services_page,2026-09-05,Airtasker UK service taxonomy.,London
Airtasker,Wedding Musicians,Wedding Musicians,Events & Wedding Services,Wedding Music,kept_mapped_final,V2,https://www.airtasker.com/uk/services/,all_services_page,2026-09-05,Airtasker UK service taxonomy.,London
Airtasker,Wedding Photographer,Wedding Photographer,Photography,Wedding Photography,kept_mapped,V2,https://www.airtasker.com/uk/services/,all_services_page,2026-09-05,Airtasker UK service taxonomy.,London
Airtasker,Wedding Singers,Wedding Singers,Events & Wedding Services,Wedding Music,kept_mapped_final,V2,https://www.airtasker.com/uk/services/,all_services_page,2026-09-05,Airtasker UK service taxonomy.,London
Airtasker,Wedding Transportation,Wedding Transportation,Events & Wedding Services,Wedding Transportation,kept_mapped_final,V2,https://www.airtasker.com/uk/services/,all_services_page,2026-09-05,Airtasker UK service taxonomy.,London
Airtasker,Wedding Videographer,Wedding Videographer,Events & Creative,Videography,kept_mapped,V2,https://www.airtasker.com/uk/services/,all_services_page,2026-09-05,Airtasker UK service taxonomy.,London
Airtasker,Weight Loss Training,Weight Loss Training,Fitness & Sports Coaching,Weight Loss Training,kept_mapped_final,V2,https://www.airtasker.com/uk/services/,all_services_page,2026-09-05,Airtasker UK service taxonomy.,London
Airtasker,Wheel & Tyre Service,Wheel & Tyre Service,Vehicle Services,Tyre Services,kept_mapped_final,V2,https://www.airtasker.com/uk/services/,all_services_page,2026-09-05,Airtasker UK service taxonomy.,London
Airtasker,Wheel Alignment,Wheel Alignment,Vehicle Services,Wheel Alignment,kept_mapped_final,V2,https://www.airtasker.com/uk/services/,all_services_page,2026-09-05,Airtasker UK service taxonomy.,London
Airtasker,Wheel Refurbishment,Wheel Refurbishment,Building & Construction,Wheel Refurbishment,kept_mapped_final,V2,https://www.airtasker.com/uk/services/,all_services_page,2026-09-05,Airtasker UK service taxonomy.,London
Airtasker,Wheel Tracking,Wheel Tracking,Vehicle Services,Wheel Tracking,kept_mapped_final,V2,https://www.airtasker.com/uk/services/,all_services_page,2026-09-05,Airtasker UK service taxonomy.,London
Airtasker,Whipper Snippering,Whipper Snippering,Gardening & Landscaping,Grass Trimming,kept_mapped_final,V2,https://www.airtasker.com/uk/services/,all_services_page,2026-09-05,Airtasker UK service taxonomy.,London
Airtasker,White Goods Removal,White Goods Removal,Removals & Moving,General Removals,kept_mapped,V2,https://www.airtasker.com/uk/services/,all_services_page,2026-09-05,Airtasker UK service taxonomy.,London
Airtasker,White Paper Writer,White Paper Writer,"Writing, Translation & Language Services",White Paper Writing,kept_mapped_final,V2,https://www.airtasker.com/uk/services/,all_services_page,2026-09-05,Airtasker UK service taxonomy.,London
Airtasker,Wholesale Baker,Wholesale Baker,"Food, Baking & Personal Chef Services",Wholesale Baking,kept_mapped_final,V2,https://www.airtasker.com/uk/services/,all_services_page,2026-09-05,Airtasker UK service taxonomy.,London
Airtasker,Wifi Extender Setup,Wifi Extender Setup,IT Support & Device Services,WiFi & Broadband Support,kept_mapped_final,V2,https://www.airtasker.com/uk/services/,all_services_page,2026-09-05,Airtasker UK service taxonomy.,London
Airtasker,Wifi Help,Wifi Help,IT Support & Device Services,WiFi & Broadband Support,kept_mapped_final,V2,https://www.airtasker.com/uk/services/,all_services_page,2026-09-05,Airtasker UK service taxonomy.,London
Airtasker,Window Cleaning,Window Cleaning,Cleaning Services,General Cleaning,kept_mapped,V2,https://www.airtasker.com/uk/services/,all_services_page,2026-09-05,Airtasker UK service taxonomy.,London
Airtasker,Window Fitter,Window Fitter,"Doors, Windows & Glazing",Window Fitting,kept_mapped_final,V2,https://www.airtasker.com/uk/services/,all_services_page,2026-09-05,Airtasker UK service taxonomy.,London
Airtasker,Window Frame Repair,Window Frame Repair,Windows & Glazing,Window Repair,kept_mapped,V2,https://www.airtasker.com/uk/services/,all_services_page,2026-09-05,Airtasker UK service taxonomy.,London
Airtasker,Window Lock Repair,Window Lock Repair,Windows & Glazing,Window Repair,kept_mapped,V2,https://www.airtasker.com/uk/services/,all_services_page,2026-09-05,Airtasker UK service taxonomy.,London
Airtasker,Window Repair,Window Repair,Windows & Glazing,Window Repair,kept_mapped,V2,https://www.airtasker.com/uk/services/,all_services_page,2026-09-05,Airtasker UK service taxonomy.,London
Airtasker,Window Sash Repair,Window Sash Repair,Windows & Glazing,Window Repair,kept_mapped,V2,https://www.airtasker.com/uk/services/,all_services_page,2026-09-05,Airtasker UK service taxonomy.,London
Airtasker,Windows & Doors,Windows & Doors,"Doors, Windows & Glazing",Windows & Doors,kept_mapped_final,V2,https://www.airtasker.com/uk/services/,all_services_page,2026-09-05,Airtasker UK service taxonomy.,London
Airtasker,Windows Help,Windows Help,"Doors, Windows & Glazing",Windows Help,kept_mapped_final,V2,https://www.airtasker.com/uk/services/,all_services_page,2026-09-05,Airtasker UK service taxonomy.,London
Airtasker,Windows Installation,Windows Installation,Windows & Glazing,Window Installation,kept_mapped,V2,https://www.airtasker.com/uk/services/,all_services_page,2026-09-05,Airtasker UK service taxonomy.,London
Airtasker,Windscreen Repair & Replacement,Windscreen Repair & Replacement,Vehicle Services,Windscreen Repair,kept_mapped_final,V2,https://www.airtasker.com/uk/services/,all_services_page,2026-09-05,Airtasker UK service taxonomy.,London
Airtasker,Windsurfing Lessons,Windsurfing Lessons,Tutoring & Lessons,General Tutoring & Lessons,kept_mapped,V2,https://www.airtasker.com/uk/services/,all_services_page,2026-09-05,Airtasker UK service taxonomy.,London
Airtasker,Wiper Motor Repair,Wiper Motor Repair,Vehicle Services,General Vehicle Repair,kept_mapped,V2,https://www.airtasker.com/uk/services/,all_services_page,2026-09-05,Airtasker UK service taxonomy.,London
Airtasker,Wix Help,Wix Help,IT Support & Device Services,Wix Help,kept_mapped_final,V2,https://www.airtasker.com/uk/services/,all_services_page,2026-09-05,Airtasker UK service taxonomy.,London
Airtasker,Women's Tailoring,Women's Tailoring,Other Services / Unclassified,Women's Tailoring,kept_unclassified,V2,https://www.airtasker.com/uk/services/,all_services_page,2026-09-05,Airtasker UK service taxonomy.,London
Airtasker,Woocommerce Help,Woocommerce Help,IT Support & Device Services,WooCommerce Help,kept_mapped_final,V2,https://www.airtasker.com/uk/services/,all_services_page,2026-09-05,Airtasker UK service taxonomy.,London
Airtasker,Wood Chipping & Mulching,Wood Chipping & Mulching,Tree & Grounds Services,Wood Chipping & Mulching,kept_mapped_final,V2,https://www.airtasker.com/uk/services/,all_services_page,2026-09-05,Airtasker UK service taxonomy.,London
Airtasker,Wood Fencing,Wood Fencing,Fencing & Gates,General Fencing,kept_mapped,V2,https://www.airtasker.com/uk/services/,all_services_page,2026-09-05,Airtasker UK service taxonomy.,London
Airtasker,Wood Repair,Wood Repair,"Furniture, Carpentry & Woodwork",Wood Repair,kept_mapped_final,V2,https://www.airtasker.com/uk/services/,all_services_page,2026-09-05,Airtasker UK service taxonomy.,London
Airtasker,Wooden Blind Fitter,Wooden Blind Fitter,Blinds & Shutters,General Blinds & Shutters,kept_mapped,V2,https://www.airtasker.com/uk/services/,all_services_page,2026-09-05,Airtasker UK service taxonomy.,London
Airtasker,Writing,Writing,"Writing, Translation & Language Services",General Writing Services,kept_mapped_final,V2,https://www.airtasker.com/uk/services/,all_services_page,2026-09-05,Airtasker UK service taxonomy.,London
Airtasker,Writing Tutor,Writing Tutor,Tutoring & Lessons,General Tutoring & Lessons,kept_mapped,V2,https://www.airtasker.com/uk/services/,all_services_page,2026-09-05,Airtasker UK service taxonomy.,London
Airtasker,Yard Work,Yard Work,Gardening & Landscaping,Yard Work,kept_mapped_final,V2,https://www.airtasker.com/uk/services/,all_services_page,2026-09-05,Airtasker UK service taxonomy.,London
Airtasker,Yoga Instructor,Yoga Instructor,Health & Fitness,Yoga,kept_mapped,V2,https://www.airtasker.com/uk/services/,all_services_page,2026-09-05,Airtasker UK service taxonomy.,London
Airtasker,Zipper Repair,Zipper Repair,"Fabric, Clothing & Specialist Repair",Zipper Repair,kept_mapped_final,V2,https://www.airtasker.com/uk/services/,all_services_page,2026-09-05,Airtasker UK service taxonomy.,London
Airtasker,Zipper Repair and Replacement,Zipper Repair and Replacement,"Fabric, Clothing & Specialist Repair",Zipper Repair,kept_mapped_final,V2,https://www.airtasker.com/uk/services/,all_services_page,2026-09-05,Airtasker UK service taxonomy.,London
Airtasker,Zoopla Removals,Zoopla Removals,Removals & Moving,General Removals,kept_mapped,V2,https://www.airtasker.com/uk/services/,all_services_page,2026-09-05,Airtasker UK service taxonomy.,London
Airtasker,Zumba Classes,Zumba Classes,Fitness & Sports Coaching,Zumba Classes,kept_mapped_final,V2,https://www.airtasker.com/uk/services/,all_services_page,2026-09-05,Airtasker UK service taxonomy.,London
Airtasker,eBay Selling Assistance,eBay Selling Assistance,Business & Administrative Services,eBay Selling Assistance,kept_mapped_final,V2,https://www.airtasker.com/uk/services/,all_services_page,2026-09-05,Airtasker UK service taxonomy.,London
Airtasker,geography tutor,geography tutor,Tutoring & Lessons,General Tutoring & Lessons,kept_mapped,V2,https://www.airtasker.com/uk/services/,all_services_page,2026-09-05,Airtasker UK service taxonomy.,London
Airtasker,iCloud Setup,iCloud Setup,IT Support & Device Services,iCloud Setup,kept_mapped_final,V2,https://www.airtasker.com/uk/services/,all_services_page,2026-09-05,Airtasker UK service taxonomy.,London
Airtasker,iOS Development,iOS Development,Software & Development Services,iOS App Development,kept_mapped_final,V2,https://www.airtasker.com/uk/services/,all_services_page,2026-09-05,Airtasker UK service taxonomy.,London
Airtasker,iPhone Help,iPhone Help,IT Support & Device Services,iPhone Support & Repair,kept_mapped_final,V2,https://www.airtasker.com/uk/services/,all_services_page,2026-09-05,Airtasker UK service taxonomy.,London
Airtasker,iPhone Repair,iPhone Repair,IT Support & Device Services,iPhone Support & Repair,kept_mapped_final,V2,https://www.airtasker.com/uk/services/,all_services_page,2026-09-05,Airtasker UK service taxonomy.,London
Airtasker,iPhone Screen Replacement,iPhone Screen Replacement,Other Services / Unclassified,iPhone Screen Replacement,kept_unclassified,V2,https://www.airtasker.com/uk/services/,all_services_page,2026-09-05,Airtasker UK service taxonomy.,London
Airtasker,iPod Repair,iPod Repair,Electronics Repair Services,iPod Repair,kept_mapped_final,V2,https://www.airtasker.com/uk/services/,all_services_page,2026-09-05,Airtasker UK service taxonomy.,London
Airtasker,o2 Sensor Replacement,o2 Sensor Replacement,Other Services / Unclassified,o2 Sensor Replacement,kept_unclassified,V2,https://www.airtasker.com/uk/services/,all_services_page,2026-09-05,Airtasker UK service taxonomy.,London
Bark,Academic Lessons,Academic Lessons,Tutoring & Lessons,General Tutoring & Lessons,kept_mapped,V2,https://www.bark.com/en/gb/services/,all_services_page,2026-09-05,Bark UK Explore All Services page.,London
Bark,Accounting,Accounting,Accounting & Finance Services,Accounting,kept_mapped_final,V2,https://www.bark.com/en/gb/services/,all_services_page,2026-09-05,Bark UK Explore All Services page.,London
Bark,Advertising and Media Buying,Advertising and Media Buying,Marketing & Creative Services,Advertising and Media Buying,kept_mapped_final,V2,https://www.bark.com/en/gb/services/,all_services_page,2026-09-05,Bark UK Explore All Services page.,London
Bark,"Aerial, Home Cinema & Networking","Aerial, Home Cinema & Networking",Smart Home & Automation,Home Cinema Installation,kept_mapped,V2,https://www.bark.com/en/gb/services/,all_services_page,2026-09-05,Bark UK Explore All Services page.,London
Bark,Affiliates,Affiliates,Excluded,Affiliates,excluded,V2,https://www.bark.com/en/gb/services/,all_services_page,2026-09-05,Bark UK Explore All Services page.,London
Bark,"Architects, Surveyors & Planners","Architects, Surveyors & Planners","Architecture, Surveying & Planning",Architectural Services,kept_mapped_final,V2,https://www.bark.com/en/gb/services/,all_services_page,2026-09-05,Bark UK Explore All Services page.,London
Bark,Bathroom Installation & Remodel,Bathroom Installation & Remodel,Bathroom Services,Bathroom Installation,kept_mapped,V2,https://www.bark.com/en/gb/services/,all_services_page,2026-09-05,Bark UK Explore All Services page.,London
Bark,Bookkeeping Services,Bookkeeping Services,Accounting & Finance Services,Bookkeeping,kept_mapped_final,V2,https://www.bark.com/en/gb/services/,all_services_page,2026-09-05,Bark UK Explore All Services page.,London
Bark,Business Consulting,Business Consulting,Business & Administrative Services,Business Consulting,kept_mapped_final,V2,https://www.bark.com/en/gb/services/,all_services_page,2026-09-05,Bark UK Explore All Services page.,London
Bark,Catering,Catering,Events & Creative,Catering,kept_mapped,V2,https://www.bark.com/en/gb/services/,all_services_page,2026-09-05,Bark UK Explore All Services page.,London
Bark,Commercial & Office Cleaning,Commercial & Office Cleaning,Cleaning Services,Commercial Cleaning,kept_mapped,V2,https://www.bark.com/en/gb/services/,all_services_page,2026-09-05,Bark UK Explore All Services page.,London
Bark,Copywriting Services,Copywriting Services,"Writing, Translation & Language Services",Copywriting,kept_mapped_final,V2,https://www.bark.com/en/gb/services/,all_services_page,2026-09-05,Bark UK Explore All Services page.,London
Bark,Crafts,Crafts,"Printing, Signage & Art Services",Craft Services,kept_mapped_final,V2,https://www.bark.com/en/gb/services/,all_services_page,2026-09-05,Bark UK Explore All Services page.,London
Bark,DJ,DJ,Events & Creative,DJ Services,kept_mapped,V2,https://www.bark.com/en/gb/services/,all_services_page,2026-09-05,Bark UK Explore All Services page.,London
Bark,Design & Web,Design & Web,Web & Digital Services,Design & Web,kept_mapped_final,V2,https://www.bark.com/en/gb/services/,all_services_page,2026-09-05,Bark UK Explore All Services page.,London
Bark,Development and Software,Development and Software,Software & Development Services,Software Development,kept_mapped_final,V2,https://www.bark.com/en/gb/services/,all_services_page,2026-09-05,Bark UK Explore All Services page.,London
Bark,Dog Training,Dog Training,Pet Services,Pet Training,kept_mapped,V2,https://www.bark.com/en/gb/services/,all_services_page,2026-09-05,Bark UK Explore All Services page.,London
Bark,Dog Walking,Dog Walking,Pet Services,Dog Walking,kept_mapped,V2,https://www.bark.com/en/gb/services/,all_services_page,2026-09-05,Bark UK Explore All Services page.,London
Bark,Electrical & Lighting,Electrical & Lighting,Electrical Services,Electrical & Lighting,kept_mapped_final,V2,https://www.bark.com/en/gb/services/,all_services_page,2026-09-05,Bark UK Explore All Services page.,London
Bark,Electricians,Electricians,Electrical Services,General Electrical Services,kept_mapped,V2,https://www.bark.com/en/gb/services/,all_services_page,2026-09-05,Bark UK Explore All Services page.,London
Bark,Employment Law,Employment Law,Legal Services,Employment Law,kept_mapped_final,V2,https://www.bark.com/en/gb/services/,all_services_page,2026-09-05,Bark UK Explore All Services page.,London
Bark,End of Tenancy Cleaning,End of Tenancy Cleaning,Cleaning Services,General Cleaning,kept_mapped,V2,https://www.bark.com/en/gb/services/,all_services_page,2026-09-05,Bark UK Explore All Services page.,London
Bark,Entertainment,Entertainment,Events & Wedding Services,Entertainment,kept_mapped_final,V2,https://www.bark.com/en/gb/services/,all_services_page,2026-09-05,Bark UK Explore All Services page.,London
Bark,Gardening,Gardening,Gardening & Landscaping,General Gardening,kept_mapped,V2,https://www.bark.com/en/gb/services/,all_services_page,2026-09-05,Bark UK Explore All Services page.,London
Bark,Gardening & Landscaping,Gardening & Landscaping,Gardening & Landscaping,Landscaping,kept_mapped,V2,https://www.bark.com/en/gb/services/,all_services_page,2026-09-05,Bark UK Explore All Services page.,London
Bark,General Accounting,General Accounting,Accounting & Finance Services,Accounting,kept_mapped_final,V2,https://www.bark.com/en/gb/services/,all_services_page,2026-09-05,Bark UK Explore All Services page.,London
Bark,General Builders,General Builders,Building & Construction,General Building,kept_mapped,V2,https://www.bark.com/en/gb/services/,all_services_page,2026-09-05,Bark UK Explore All Services page.,London
Bark,General Photography,General Photography,Photography,General Photography,kept_mapped,V2,https://www.bark.com/en/gb/services/,all_services_page,2026-09-05,Bark UK Explore All Services page.,London
Bark,General Plumbing,General Plumbing,Plumbing Services,General Plumbing,kept_mapped,V2,https://www.bark.com/en/gb/services/,all_services_page,2026-09-05,Bark UK Explore All Services page.,London
Bark,Health and Wellness,Health and Wellness,"Health, Therapy & Wellness",Health and Wellness,kept_mapped_final,V2,https://www.bark.com/en/gb/services/,all_services_page,2026-09-05,Bark UK Explore All Services page.,London
Bark,"Heating, Hot Water & Air Conditioning","Heating, Hot Water & Air Conditioning",Air Conditioning & Ventilation,General Air Conditioning,kept_mapped,V2,https://www.bark.com/en/gb/services/,all_services_page,2026-09-05,Bark UK Explore All Services page.,London
Bark,Home & Domiciliary Care,Home & Domiciliary Care,Childcare & Care Services,Home & Domiciliary Care,kept_mapped_final,V2,https://www.bark.com/en/gb/services/,all_services_page,2026-09-05,Bark UK Explore All Services page.,London
Bark,House Cleaning,House Cleaning,Cleaning Services,Domestic Cleaning,kept_mapped,V2,https://www.bark.com/en/gb/services/,all_services_page,2026-09-05,Bark UK Explore All Services page.,London
Bark,Landscaping,Landscaping,Gardening & Landscaping,Landscaping,kept_mapped,V2,https://www.bark.com/en/gb/services/,all_services_page,2026-09-05,Bark UK Explore All Services page.,London
Bark,Language Classes,Language Classes,Tutoring & Lessons,Language Classes,kept_mapped_final,V2,https://www.bark.com/en/gb/services/,all_services_page,2026-09-05,Bark UK Explore All Services page.,London
Bark,"Locksmith, Security & Fire Safety","Locksmith, Security & Fire Safety",Fire & Safety Systems,General Fire Safety,kept_mapped,V2,https://www.bark.com/en/gb/services/,all_services_page,2026-09-05,Bark UK Explore All Services page.,London
Bark,Mobile App,Mobile App,Software & Development Services,Mobile App Development,kept_mapped_final,V2,https://www.bark.com/en/gb/services/,all_services_page,2026-09-05,Bark UK Explore All Services page.,London
Bark,Music Services,Music Services,Events & Wedding Services,Music Services,kept_mapped_final,V2,https://www.bark.com/en/gb/services/,all_services_page,2026-09-05,Bark UK Explore All Services page.,London
Bark,Occupational Lessons,Occupational Lessons,Tutoring & Lessons,General Tutoring & Lessons,kept_mapped,V2,https://www.bark.com/en/gb/services/,all_services_page,2026-09-05,Bark UK Explore All Services page.,London
Bark,Painting & Decoration - Interior,Painting & Decoration - Interior,Painting & Decorating,General Painting & Decorating,kept_mapped,V2,https://www.bark.com/en/gb/services/,all_services_page,2026-09-05,Bark UK Explore All Services page.,London
Bark,Performance Arts Lessons,Performance Arts Lessons,Tutoring & Lessons,General Tutoring & Lessons,kept_mapped,V2,https://www.bark.com/en/gb/services/,all_services_page,2026-09-05,Bark UK Explore All Services page.,London
Bark,Personal Trainers,Personal Trainers,Fitness & Sports Coaching,Personal Training,kept_mapped_final,V2,https://www.bark.com/en/gb/services/,all_services_page,2026-09-05,Bark UK Explore All Services page.,London
Bark,Photography Services,Photography Services,Photography,General Photography,kept_mapped,V2,https://www.bark.com/en/gb/services/,all_services_page,2026-09-05,Bark UK Explore All Services page.,London
Bark,Plumbing & Drainage,Plumbing & Drainage,Plumbing Services,General Plumbing,kept_mapped,V2,https://www.bark.com/en/gb/services/,all_services_page,2026-09-05,Bark UK Explore All Services page.,London
Bark,Private Doctors,Private Doctors,"Health, Therapy & Wellness",Private Doctor,kept_mapped_final,V2,https://www.bark.com/en/gb/services/,all_services_page,2026-09-05,Bark UK Explore All Services page.,London
Bark,Production,Production,Marketing & Creative Services,Production Services,kept_mapped_final,V2,https://www.bark.com/en/gb/services/,all_services_page,2026-09-05,Bark UK Explore All Services page.,London
Bark,Property Extensions,Property Extensions,Building & Construction,Property Extensions,kept_mapped_final,V2,https://www.bark.com/en/gb/services/,all_services_page,2026-09-05,Bark UK Explore All Services page.,London
Bark,Recreational Lessons,Recreational Lessons,Tutoring & Lessons,General Tutoring & Lessons,kept_mapped,V2,https://www.bark.com/en/gb/services/,all_services_page,2026-09-05,Bark UK Explore All Services page.,London
Bark,Repair & Technical Support,Repair & Technical Support,IT Support & Device Services,General IT Support,kept_mapped_final,V2,https://www.bark.com/en/gb/services/,all_services_page,2026-09-05,Bark UK Explore All Services page.,London
Bark,Roof Repair,Roof Repair,Roofing Services,Roof Repair,kept_mapped,V2,https://www.bark.com/en/gb/services/,all_services_page,2026-09-05,Bark UK Explore All Services page.,London
Bark,Roofing Installation or Replacement,Roofing Installation or Replacement,Roofing Services,General Roofing,kept_mapped,V2,https://www.bark.com/en/gb/services/,all_services_page,2026-09-05,Bark UK Explore All Services page.,London
Bark,Security Guard Services,Security Guard Services,Security & Alarm Services,Security Guard Services,kept_mapped_final,V2,https://www.bark.com/en/gb/services/,all_services_page,2026-09-05,Bark UK Explore All Services page.,London
Bark,Social Media Marketing,Social Media Marketing,Professional Services,Social Media Marketing,kept_mapped,V2,https://www.bark.com/en/gb/services/,all_services_page,2026-09-05,Bark UK Explore All Services page.,London
Bark,Specialist Tradesmen,Specialist Tradesmen,Excluded,Specialist Tradesmen,excluded,V2,https://www.bark.com/en/gb/services/,all_services_page,2026-09-05,Bark UK Explore All Services page.,London
Bark,Structural Engineer,Structural Engineer,"Architecture, Surveying & Planning",Structural Engineering,kept_mapped_final,V2,https://www.bark.com/en/gb/services/,all_services_page,2026-09-05,Bark UK Explore All Services page.,London
Bark,Swimming Pools & Hot Tubs,Swimming Pools & Hot Tubs,Pool & Hot Tub Services,Swimming Pool Services,kept_mapped,V2,https://www.bark.com/en/gb/services/,all_services_page,2026-09-05,Bark UK Explore All Services page.,London
Bark,Therapist,Therapist,Therapy & Counselling,Therapy,kept_mapped,V2,https://www.bark.com/en/gb/services/,all_services_page,2026-09-05,Bark UK Explore All Services page.,London
Bark,Transport,Transport,Transport & Transfer Services,General Transport Services,kept_mapped_final,V2,https://www.bark.com/en/gb/services/,all_services_page,2026-09-05,Bark UK Explore All Services page.,London
Bark,Tree Surgery & Removal,Tree Surgery & Removal,Removals & Moving,General Removals,kept_mapped,V2,https://www.bark.com/en/gb/services/,all_services_page,2026-09-05,Bark UK Explore All Services page.,London
Bark,Web Design,Web Design,Professional Services,Web Design,kept_mapped,V2,https://www.bark.com/en/gb/services/,all_services_page,2026-09-05,Bark UK Explore All Services page.,London
Bark,"Writing, Translation and Transcription","Writing, Translation and Transcription","Writing, Translation & Language Services",Translation,kept_mapped_final,V2,https://www.bark.com/en/gb/services/,all_services_page,2026-09-05,Bark UK Explore All Services page.,London
Booksy,Aesthetic Medicine,Aesthetic Medicine,Beauty & Wellness,Aesthetic Treatments,kept_mapped,V2,https://booksy.com/en-gb/,service_category_page,2026-09-05,Booksy UK public marketplace service categories.,London
Booksy,Barber,Barber,Hair & Barber Services,Barber Services,kept_mapped,V2,https://booksy.com/en-gb/,service_category_page,2026-09-05,Booksy UK public marketplace service categories.,London
Booksy,Braids & Locs,Braids & Locs,Hair & Barber Services,Hair Braiding,kept_mapped_final,V2,https://booksy.com/en-gb/,service_category_page,2026-09-05,Booksy UK public marketplace service categories.,London
Booksy,Brows & Lashes,Brows & Lashes,Beauty & Personal Care,Brows & Lashes,kept_mapped_final,V2,https://booksy.com/en-gb/,service_category_page,2026-09-05,Booksy UK public marketplace service categories.,London
Booksy,Dental,Dental,"Health, Therapy & Wellness",Dental Services,kept_mapped_final,V2,https://booksy.com/en-gb/,service_category_page,2026-09-05,Booksy UK public marketplace service categories.,London
Booksy,Hair Removal,Hair Removal,Removals & Moving,General Removals,kept_mapped,V2,https://booksy.com/en-gb/,service_category_page,2026-09-05,Booksy UK public marketplace service categories.,London
Booksy,Hair Salon,Hair Salon,Hair & Barber Services,Hairdressing,kept_mapped,V2,https://booksy.com/en-gb/,service_category_page,2026-09-05,Booksy UK public marketplace service categories.,London
Booksy,Health & Fitness,Health & Fitness,Fitness & Sports Coaching,Health & Fitness,kept_mapped_final,V2,https://booksy.com/en-gb/,service_category_page,2026-09-05,Booksy UK public marketplace service categories.,London
Booksy,Home Services,Home Services,Home Improvement & General Maintenance,Home Services,kept_mapped_final,V2,https://booksy.com/en-gb/,service_category_page,2026-09-05,Booksy UK public marketplace service categories.,London
Booksy,Make-up,Make-up,Beauty & Personal Care,Make-Up Services,kept_mapped_final,V2,https://booksy.com/en-gb/,service_category_page,2026-09-05,Booksy UK public marketplace service categories.,London
Booksy,Massage,Massage,Massage Services,General Massage,kept_mapped,V2,https://booksy.com/en-gb/,service_category_page,2026-09-05,Booksy UK public marketplace service categories.,London
Booksy,Nail Salon,Nail Salon,Nail Services,General Nail Services,kept_mapped,V2,https://booksy.com/en-gb/,service_category_page,2026-09-05,Booksy UK public marketplace service categories.,London
Booksy,Pet Services,Pet Services,Pet & Animal Services,Pet Services,kept_mapped_final,V2,https://booksy.com/en-gb/,service_category_page,2026-09-05,Booksy UK public marketplace service categories.,London
Booksy,Piercing,Piercing,Tattoo & Piercing,Piercing Services,kept_mapped,V2,https://booksy.com/en-gb/,service_category_page,2026-09-05,Booksy UK public marketplace service categories.,London
Booksy,Skin care,Skin care,Beauty & Skincare,Skincare Treatments,kept_mapped,V2,https://booksy.com/en-gb/,service_category_page,2026-09-05,Booksy UK public marketplace service categories.,London
Booksy,Tattoo Shop,Tattoo Shop,Tattoo & Piercing,Tattoo Services,kept_mapped,V2,https://booksy.com/en-gb/,service_category_page,2026-09-05,Booksy UK public marketplace service categories.,London
Booksy,Wellness & Day Spa,Wellness & Day Spa,"Health, Therapy & Wellness",Wellness & Day Spa,kept_mapped_final,V2,https://booksy.com/en-gb/,service_category_page,2026-09-05,Booksy UK public marketplace service categories.,London
Checkatrade,02394 317546,02394 317546,Excluded,02394 317546,excluded,V1,https://join.checkatrade.com/what-you-get/,public_category_page,2026-08-22,Checkatrade public category/onboarding page.,
Checkatrade,Access Ramp Indoor / Outdoor,Access Ramp Indoor / Outdoor,Accessibility & Mobility Services,Access Ramp Installation,kept_mapped,V2,https://www.checkatrade.com/sitemap/locations/London/A,london_trade_sitemap,2026-09-05,London A-Z trade/service sitemap.,London
Checkatrade,Accessible Kitchens,Accessible Kitchens,Accessibility & Mobility Services,Accessible Kitchens,kept_mapped_final,V2,https://www.checkatrade.com/sitemap/locations/London/A,london_trade_sitemap,2026-09-05,London A-Z trade/service sitemap.,London
Checkatrade,Accident Repair,Accident Repair,Vehicle Services,Accident Repair,kept_mapped,V2,https://www.checkatrade.com/sitemap/locations/London/A,london_trade_sitemap,2026-09-05,London A-Z trade/service sitemap.,London
Checkatrade,Adjustable Beds,Adjustable Beds,Accessibility & Mobility Services,Adjustable Beds,kept_mapped_final,V2,https://www.checkatrade.com/sitemap/locations/London/A,london_trade_sitemap,2026-09-05,London A-Z trade/service sitemap.,London
Checkatrade,Aerial Installation,Aerial Installation,"TV, Aerial & Audio Visual Services",Aerial Installation,kept_mapped_final,V2,https://www.checkatrade.com/sitemap/locations/London/A,london_trade_sitemap,2026-09-05,London A-Z trade/service sitemap.,London
Checkatrade,Aerial Repair,Aerial Repair,"TV, Aerial & Audio Visual Services",Aerial Repair,kept_mapped_final,V2,https://www.checkatrade.com/sitemap/locations/London/A,london_trade_sitemap,2026-09-05,London A-Z trade/service sitemap.,London
Checkatrade,Aggregate Supplier,Aggregate Supplier,Concrete & Aggregate Services,Aggregate Supply,kept_mapped_final,V2,https://www.checkatrade.com/sitemap/locations/London/A,london_trade_sitemap,2026-09-05,London A-Z trade/service sitemap.,London
Checkatrade,Agricultural Builders,Agricultural Builders,Building & Construction,General Building,kept_mapped,V2,https://www.checkatrade.com/sitemap/locations/London/A,london_trade_sitemap,2026-09-05,London A-Z trade/service sitemap.,London
Checkatrade,Agricultural Building,Agricultural Building,Agricultural & Rural Services,Agricultural Building,kept_mapped_final,V2,https://www.checkatrade.com/sitemap/locations/London/A,london_trade_sitemap,2026-09-05,London A-Z trade/service sitemap.,London
Checkatrade,Agricultural Contractor,Agricultural Contractor,Agricultural & Rural Services,Agricultural Contractor,kept_mapped_final,V2,https://www.checkatrade.com/sitemap/locations/London/A,london_trade_sitemap,2026-09-05,London A-Z trade/service sitemap.,London
Checkatrade,Agricultural Fencing,Agricultural Fencing,Fencing & Gates,Agricultural Fencing,kept_mapped,V2,https://www.checkatrade.com/sitemap/locations/London/A,london_trade_sitemap,2026-09-05,London A-Z trade/service sitemap.,London
Checkatrade,Agricultural Irrigation,Agricultural Irrigation,Agricultural & Rural Services,Agricultural Irrigation,kept_mapped_final,V2,https://www.checkatrade.com/sitemap/locations/London/A,london_trade_sitemap,2026-09-05,London A-Z trade/service sitemap.,London
Checkatrade,Agricultural Mechanic,Agricultural Mechanic,Vehicle Services,Agricultural Mechanic,kept_mapped_final,V2,https://www.checkatrade.com/sitemap/locations/London/A,london_trade_sitemap,2026-09-05,London A-Z trade/service sitemap.,London
Checkatrade,Agricultural Merchant,Agricultural Merchant,Agricultural & Rural Services,Agricultural Merchant,kept_mapped_final,V2,https://www.checkatrade.com/sitemap/locations/London/A,london_trade_sitemap,2026-09-05,London A-Z trade/service sitemap.,London
Checkatrade,Air Conditioning,Air Conditioning,Air Conditioning & Ventilation,General Air Conditioning,kept_mapped,V2,https://www.checkatrade.com/sitemap/locations/London/A,london_trade_sitemap,2026-09-05,London A-Z trade/service sitemap.,London
Checkatrade,Air Conditioning Installation,Air Conditioning Installation,Air Conditioning & Ventilation,Air Conditioning Installation,kept_mapped,V2,https://www.checkatrade.com/sitemap/locations/London/A,london_trade_sitemap,2026-09-05,London A-Z trade/service sitemap.,London
Checkatrade,Air Conditioning Repair,Air Conditioning Repair,Air Conditioning & Ventilation,Air Conditioning Repair,kept_mapped,V2,https://www.checkatrade.com/sitemap/locations/London/A,london_trade_sitemap,2026-09-05,London A-Z trade/service sitemap.,London
Checkatrade,Air Conditioning Servicing,Air Conditioning Servicing,Air Conditioning & Ventilation,General Air Conditioning,kept_mapped,V2,https://www.checkatrade.com/sitemap/locations/London/A,london_trade_sitemap,2026-09-05,London A-Z trade/service sitemap.,London
Checkatrade,Air Source Heat Pump Engineers,Air Source Heat Pump Engineers,Renewable Energy Services,Heat Pump Services,kept_mapped,V2,https://www.checkatrade.com/sitemap/locations/London/A,london_trade_sitemap,2026-09-05,London A-Z trade/service sitemap.,London
Checkatrade,Air Source Heat Pump Installation - ASHP,Air Source Heat Pump Installation - ASHP,Renewable Energy Services,Air Source Heat Pump Installation,kept_mapped,V2,https://www.checkatrade.com/sitemap/locations/London/A,london_trade_sitemap,2026-09-05,London A-Z trade/service sitemap.,London
Checkatrade,Air Source Heat Pump Installers,Air Source Heat Pump Installers,Renewable Energy Services,Air Source Heat Pump Installation,kept_mapped,V2,https://www.checkatrade.com/sitemap/locations/London/A,london_trade_sitemap,2026-09-05,London A-Z trade/service sitemap.,London
Checkatrade,Air Source Heat Pump Repair,Air Source Heat Pump Repair,Renewable Energy Services,Air Source Heat Pump Repair,kept_mapped,V2,https://www.checkatrade.com/sitemap/locations/London/A,london_trade_sitemap,2026-09-05,London A-Z trade/service sitemap.,London
Checkatrade,Air Source Heat Pump Servicing,Air Source Heat Pump Servicing,Renewable Energy Services,Heat Pump Services,kept_mapped,V2,https://www.checkatrade.com/sitemap/locations/London/A,london_trade_sitemap,2026-09-05,London A-Z trade/service sitemap.,London
Checkatrade,Air Source Heat Pump Servicing / Repair - ASHP,Air Source Heat Pump Servicing / Repair - ASHP,Renewable Energy Services,Air Source Heat Pump Repair,kept_mapped,V2,https://www.checkatrade.com/sitemap/locations/London/A,london_trade_sitemap,2026-09-05,London A-Z trade/service sitemap.,London
Checkatrade,Airport Transfers,Airport Transfers,Transport & Transfer Services,Airport Transfers,kept_mapped_final,V2,https://www.checkatrade.com/sitemap/locations/London/A,london_trade_sitemap,2026-09-05,London A-Z trade/service sitemap.,London
Checkatrade,Alarm Response,Alarm Response,Security & Alarm Services,Alarm Response,kept_mapped_final,V2,https://www.checkatrade.com/sitemap/locations/London/A,london_trade_sitemap,2026-09-05,London A-Z trade/service sitemap.,London
Checkatrade,Alarms / Security,Alarms / Security,Security & Alarm Services,Alarms / Security,kept_mapped_final,V2,https://www.checkatrade.com/sitemap/locations/London/A,london_trade_sitemap,2026-09-05,London A-Z trade/service sitemap.,London
Checkatrade,Alloy Wheel Refurbishment,Alloy Wheel Refurbishment,Vehicle Services,Alloy Wheel Repair,kept_mapped,V2,https://www.checkatrade.com/sitemap/locations/London/A,london_trade_sitemap,2026-09-05,London A-Z trade/service sitemap.,London
Checkatrade,Alloy Wheels Repairs,Alloy Wheels Repairs,Vehicle Services,Alloy Wheel Repair,kept_mapped_final,V2,https://www.checkatrade.com/sitemap/locations/London/A,london_trade_sitemap,2026-09-05,London A-Z trade/service sitemap.,London
Checkatrade,Aluminium Doors Installation,Aluminium Doors Installation,Doors & Door Services,Door Installation,kept_mapped,V2,https://www.checkatrade.com/sitemap/locations/London/A,london_trade_sitemap,2026-09-05,London A-Z trade/service sitemap.,London
Checkatrade,Aluminium Doors Repair,Aluminium Doors Repair,Doors & Door Services,Door Repair,kept_mapped,V2,https://www.checkatrade.com/sitemap/locations/London/A,london_trade_sitemap,2026-09-05,London A-Z trade/service sitemap.,London
Checkatrade,Aluminium Guttering,Aluminium Guttering,Roofing Services,Aluminium Guttering,kept_mapped_final,V2,https://www.checkatrade.com/sitemap/locations/London/A,london_trade_sitemap,2026-09-05,London A-Z trade/service sitemap.,London
Checkatrade,Aluminium Windows Installation,Aluminium Windows Installation,Windows & Glazing,Window Installation,kept_mapped,V2,https://www.checkatrade.com/sitemap/locations/London/A,london_trade_sitemap,2026-09-05,London A-Z trade/service sitemap.,London
Checkatrade,Aluminium Windows Repair,Aluminium Windows Repair,Windows & Glazing,Window Repair,kept_mapped,V2,https://www.checkatrade.com/sitemap/locations/London/A,london_trade_sitemap,2026-09-05,London A-Z trade/service sitemap.,London
Checkatrade,Anti Vandal Coatings,Anti Vandal Coatings,Other Services / Unclassified,Anti Vandal Coatings,kept_unclassified,V2,https://www.checkatrade.com/sitemap/locations/London/A,london_trade_sitemap,2026-09-05,London A-Z trade/service sitemap.,London
Checkatrade,Antique Restoration,Antique Restoration,"Damp, Waterproofing & Restoration",Antique Restoration,kept_mapped_final,V2,https://www.checkatrade.com/sitemap/locations/London/A,london_trade_sitemap,2026-09-05,London A-Z trade/service sitemap.,London
Checkatrade,Antiviral cleaning services,Antiviral cleaning services,Cleaning Services,General Cleaning,kept_mapped,V2,https://www.checkatrade.com/sitemap/locations/London/A,london_trade_sitemap,2026-09-05,London A-Z trade/service sitemap.,London
Checkatrade,Appliance Retailer,Appliance Retailer,Appliance & Equipment Services,Appliance Retailer,kept_mapped_final,V2,https://www.checkatrade.com/sitemap/locations/London/A,london_trade_sitemap,2026-09-05,London A-Z trade/service sitemap.,London
Checkatrade,Appliance Services / Repair,Appliance Services / Repair,Appliance & Equipment Services,Appliance Services / Repair,kept_mapped_final,V2,https://www.checkatrade.com/sitemap/locations/London/A,london_trade_sitemap,2026-09-05,London A-Z trade/service sitemap.,London
Checkatrade,Aquariums,Aquariums,Pet & Animal Services,Aquarium Services,kept_mapped_final,V2,https://www.checkatrade.com/sitemap/locations/London/A,london_trade_sitemap,2026-09-05,London A-Z trade/service sitemap.,London
Checkatrade,Architect,Architect,"Architecture, Surveying & Planning",Architectural Services,kept_mapped_final,V2,https://www.checkatrade.com/sitemap/locations/London/A,london_trade_sitemap,2026-09-05,London A-Z trade/service sitemap.,London
Checkatrade,Architectural Drawings,Architectural Drawings,"Architecture, Surveying & Planning",Architectural Drawings,kept_mapped_final,V2,https://www.checkatrade.com/sitemap/locations/London/A,london_trade_sitemap,2026-09-05,London A-Z trade/service sitemap.,London
Checkatrade,Architectural Services,Architectural Services,"Architecture, Surveying & Planning",Architectural Services,kept_mapped_final,V2,https://www.checkatrade.com/sitemap/locations/London/A,london_trade_sitemap,2026-09-05,London A-Z trade/service sitemap.,London
Checkatrade,Architectural Technician,Architectural Technician,"Architecture, Surveying & Planning",Architectural Technician,kept_mapped_final,V2,https://www.checkatrade.com/sitemap/locations/London/A,london_trade_sitemap,2026-09-05,London A-Z trade/service sitemap.,London
Checkatrade,Architraves,Architraves,"Furniture, Carpentry & Woodwork",Architraves,kept_mapped_final,V2,https://www.checkatrade.com/sitemap/locations/London/A,london_trade_sitemap,2026-09-05,London A-Z trade/service sitemap.,London
Checkatrade,Artexing,Artexing,"Painting, Decorating & Wall Finishes",Artexing,kept_mapped_final,V2,https://www.checkatrade.com/sitemap/locations/London/A,london_trade_sitemap,2026-09-05,London A-Z trade/service sitemap.,London
Checkatrade,Artificial Grass,Artificial Grass,Gardening & Landscaping,Artificial Grass,kept_mapped_final,V2,https://www.checkatrade.com/sitemap/locations/London/A,london_trade_sitemap,2026-09-05,London A-Z trade/service sitemap.,London
Checkatrade,Asbestos Removal - License,Asbestos Removal - License,Removals & Moving,General Removals,kept_mapped,V2,https://www.checkatrade.com/sitemap/locations/London/A,london_trade_sitemap,2026-09-05,London A-Z trade/service sitemap.,London
Checkatrade,Asbestos Removal - non License,Asbestos Removal - non License,Removals & Moving,General Removals,kept_mapped,V2,https://www.checkatrade.com/sitemap/locations/London/A,london_trade_sitemap,2026-09-05,London A-Z trade/service sitemap.,London
Checkatrade,Asbestos Services,Asbestos Services,Asbestos & Hazardous Material Services,Asbestos Services,kept_mapped_final,V2,https://www.checkatrade.com/sitemap/locations/London/A,london_trade_sitemap,2026-09-05,London A-Z trade/service sitemap.,London
Checkatrade,Asbestos Surveys,Asbestos Surveys,Asbestos & Hazardous Material Services,Asbestos Services,kept_mapped_final,V2,https://www.checkatrade.com/sitemap/locations/London/A,london_trade_sitemap,2026-09-05,London A-Z trade/service sitemap.,London
Checkatrade,Asbestos Testing,Asbestos Testing,Asbestos & Hazardous Material Services,Asbestos Testing,kept_mapped_final,V2,https://www.checkatrade.com/sitemap/locations/London/A,london_trade_sitemap,2026-09-05,London A-Z trade/service sitemap.,London
Checkatrade,Asphalt Roofing Installation,Asphalt Roofing Installation,Roofing Services,General Roofing,kept_mapped,V2,https://www.checkatrade.com/sitemap/locations/London/A,london_trade_sitemap,2026-09-05,London A-Z trade/service sitemap.,London
Checkatrade,Asphalt Roofing Repair,Asphalt Roofing Repair,Roofing Services,General Roofing,kept_mapped,V2,https://www.checkatrade.com/sitemap/locations/London/A,london_trade_sitemap,2026-09-05,London A-Z trade/service sitemap.,London
Checkatrade,Audio / Visual Installation,Audio / Visual Installation,"TV, Aerial & Audio Visual Services",Audio / Visual Installation,kept_mapped_final,V2,https://www.checkatrade.com/sitemap/locations/London/A,london_trade_sitemap,2026-09-05,London A-Z trade/service sitemap.,London
Checkatrade,Auto / Vehicle Locksmith,Auto / Vehicle Locksmith,Locksmith Services,General Locksmith,kept_mapped,V2,https://www.checkatrade.com/sitemap/locations/London/A,london_trade_sitemap,2026-09-05,London A-Z trade/service sitemap.,London
Checkatrade,Aviaries,Aviaries,Other Services / Unclassified,Aviaries,kept_unclassified,V2,https://www.checkatrade.com/sitemap/locations/London/A,london_trade_sitemap,2026-09-05,London A-Z trade/service sitemap.,London
Checkatrade,Awnings / Canopies,Awnings / Canopies,Other Services / Unclassified,Awnings / Canopies,kept_unclassified,V2,https://www.checkatrade.com/sitemap/locations/London/A,london_trade_sitemap,2026-09-05,London A-Z trade/service sitemap.,London
Checkatrade,B2B IT Support,B2B IT Support,IT Support & Device Services,General IT Support,kept_mapped_final,V2,https://www.checkatrade.com/sitemap/locations/London/B,london_trade_sitemap,2026-09-05,London A-Z trade/service sitemap.,London
Checkatrade,BBQ Cleaning,BBQ Cleaning,Cleaning Services,General Cleaning,kept_mapped,V2,https://www.checkatrade.com/sitemap/locations/London/B,london_trade_sitemap,2026-09-05,London A-Z trade/service sitemap.,London
Checkatrade,Balcony Roofing Installation,Balcony Roofing Installation,Roofing Services,General Roofing,kept_mapped,V2,https://www.checkatrade.com/sitemap/locations/London/B,london_trade_sitemap,2026-09-05,London A-Z trade/service sitemap.,London
Checkatrade,Balcony Roofing Repair,Balcony Roofing Repair,Roofing Services,General Roofing,kept_mapped,V2,https://www.checkatrade.com/sitemap/locations/London/B,london_trade_sitemap,2026-09-05,London A-Z trade/service sitemap.,London
Checkatrade,Balustrades,Balustrades,Other Services / Unclassified,Balustrades,kept_unclassified,V2,https://www.checkatrade.com/sitemap/locations/London/B,london_trade_sitemap,2026-09-05,London A-Z trade/service sitemap.,London
Checkatrade,Barn Conversion,Barn Conversion,Building & Construction,Barn Conversion,kept_mapped_final,V2,https://www.checkatrade.com/sitemap/locations/London/B,london_trade_sitemap,2026-09-05,London A-Z trade/service sitemap.,London
Checkatrade,Barn Conversions,Barn Conversions,Building & Construction,Barn Conversion,kept_mapped_final,V2,https://www.checkatrade.com/sitemap/locations/London/B,london_trade_sitemap,2026-09-05,London A-Z trade/service sitemap.,London
Checkatrade,Barn Doors,Barn Doors,"Doors, Windows & Glazing",Barn Doors,kept_mapped_final,V2,https://www.checkatrade.com/sitemap/locations/London/B,london_trade_sitemap,2026-09-05,London A-Z trade/service sitemap.,London
Checkatrade,Basement / Cellar Conversions,Basement / Cellar Conversions,Building & Construction,Cellar Conversion,kept_mapped_final,V2,https://www.checkatrade.com/sitemap/locations/London/B,london_trade_sitemap,2026-09-05,London A-Z trade/service sitemap.,London
Checkatrade,Basement Conversions,Basement Conversions,Building & Construction,Basement Conversion,kept_mapped_final,V2,https://www.checkatrade.com/sitemap/locations/London/B,london_trade_sitemap,2026-09-05,London A-Z trade/service sitemap.,London
Checkatrade,Bath / Sink / Shower Trays,Bath / Sink / Shower Trays,Plumbing & Drainage Services,Bath / Sink / Shower Trays,kept_mapped_final,V2,https://www.checkatrade.com/sitemap/locations/London/B,london_trade_sitemap,2026-09-05,London A-Z trade/service sitemap.,London
Checkatrade,Bath Resurfacing,Bath Resurfacing,Bathroom Services,Bath Resurfacing,kept_mapped_final,V2,https://www.checkatrade.com/sitemap/locations/London/B,london_trade_sitemap,2026-09-05,London A-Z trade/service sitemap.,London
Checkatrade,Bathroom & Kitchen Plumbing,Bathroom & Kitchen Plumbing,Plumbing Services,General Plumbing,kept_mapped,V2,https://www.checkatrade.com/sitemap/locations/London/B,london_trade_sitemap,2026-09-05,London A-Z trade/service sitemap.,London
Checkatrade,Bathroom Cladding,Bathroom Cladding,Cladding & Exterior Finishes,Bathroom Cladding,kept_mapped_final,V2,https://www.checkatrade.com/sitemap/locations/London/B,london_trade_sitemap,2026-09-05,London A-Z trade/service sitemap.,London
Checkatrade,Bathroom Cladding Fitters,Bathroom Cladding Fitters,Cladding & Exterior Finishes,Bathroom Cladding Fitters,kept_mapped_final,V2,https://www.checkatrade.com/sitemap/locations/London/B,london_trade_sitemap,2026-09-05,London A-Z trade/service sitemap.,London
Checkatrade,Bathroom Designer,Bathroom Designer,Bathroom Services,Bathroom Designer,kept_mapped_final,V2,https://www.checkatrade.com/sitemap/locations/London/B,london_trade_sitemap,2026-09-05,London A-Z trade/service sitemap.,London
Checkatrade,Bathroom Fitter,Bathroom Fitter,Bathroom Services,Bathroom Fitter,kept_mapped_final,V2,https://www.checkatrade.com/sitemap/locations/London/B,london_trade_sitemap,2026-09-05,London A-Z trade/service sitemap.,London
Checkatrade,Bathroom Fitters,Bathroom Fitters,Bathroom Services,Bathroom Fitters,kept_mapped_final,V2,https://www.checkatrade.com/sitemap/locations/London/A,london_trade_sitemap,2026-09-05,London A-Z trade/service sitemap.,London
Checkatrade,Bathroom Mastic Sealant,Bathroom Mastic Sealant,Bathroom Services,Bathroom Mastic Sealant,kept_mapped_final,V2,https://www.checkatrade.com/sitemap/locations/London/B,london_trade_sitemap,2026-09-05,London A-Z trade/service sitemap.,London
Checkatrade,Bathroom Showroom,Bathroom Showroom,Bathroom Services,Bathroom Showroom,kept_mapped_final,V2,https://www.checkatrade.com/sitemap/locations/London/B,london_trade_sitemap,2026-09-05,London A-Z trade/service sitemap.,London
Checkatrade,Bathroom Supplier,Bathroom Supplier,Bathroom Services,Bathroom Supplier,kept_mapped_final,V2,https://www.checkatrade.com/sitemap/locations/London/B,london_trade_sitemap,2026-09-05,London A-Z trade/service sitemap.,London
Checkatrade,Bathroom Supply & Fit,Bathroom Supply & Fit,Bathroom Services,Bathroom Supply & Fit,kept_mapped_final,V2,https://www.checkatrade.com/sitemap/locations/London/B,london_trade_sitemap,2026-09-05,London A-Z trade/service sitemap.,London
Checkatrade,Bathrooms,Bathrooms,Bathroom Services,General Bathroom Services,kept_mapped_final,V2,https://www.checkatrade.com/sitemap/locations/London/B,london_trade_sitemap,2026-09-05,London A-Z trade/service sitemap.,London
Checkatrade,Battery / Exhaust / Tyres,Battery / Exhaust / Tyres,Vehicle Services,Tyre Services,kept_mapped_final,V2,https://www.checkatrade.com/sitemap/locations/London/B,london_trade_sitemap,2026-09-05,London A-Z trade/service sitemap.,London
Checkatrade,Baxi Boiler Repair,Baxi Boiler Repair,Heating & Boiler Services,Boiler Repair,kept_mapped,V2,https://www.checkatrade.com/sitemap/locations/London/B,london_trade_sitemap,2026-09-05,London A-Z trade/service sitemap.,London
Checkatrade,Bay Windows Installation,Bay Windows Installation,Windows & Glazing,Window Installation,kept_mapped,V2,https://www.checkatrade.com/sitemap/locations/London/B,london_trade_sitemap,2026-09-05,London A-Z trade/service sitemap.,London
Checkatrade,Bay Windows Repair,Bay Windows Repair,Windows & Glazing,Window Repair,kept_mapped,V2,https://www.checkatrade.com/sitemap/locations/London/B,london_trade_sitemap,2026-09-05,London A-Z trade/service sitemap.,London
Checkatrade,Bedroom Planner / Designer,Bedroom Planner / Designer,Interior Design & Fit-Out,Bedroom Design,kept_mapped_final,V2,https://www.checkatrade.com/sitemap/locations/London/B,london_trade_sitemap,2026-09-05,London A-Z trade/service sitemap.,London
Checkatrade,Bedroom Showroom,Bedroom Showroom,Other Services / Unclassified,Bedroom Showroom,kept_unclassified,V2,https://www.checkatrade.com/sitemap/locations/London/B,london_trade_sitemap,2026-09-05,London A-Z trade/service sitemap.,London
Checkatrade,Bedroom Supplier / Installer,Bedroom Supplier / Installer,Other Services / Unclassified,Bedroom Supplier / Installer,kept_unclassified,V2,https://www.checkatrade.com/sitemap/locations/London/B,london_trade_sitemap,2026-09-05,London A-Z trade/service sitemap.,London
Checkatrade,Bedrooms,Bedrooms,Other Services / Unclassified,Bedrooms,kept_unclassified,V2,https://www.checkatrade.com/sitemap/locations/London/B,london_trade_sitemap,2026-09-05,London A-Z trade/service sitemap.,London
Checkatrade,Bespoke Furniture,Bespoke Furniture,"Furniture, Carpentry & Woodwork",Bespoke Furniture,kept_mapped_final,V2,https://www.checkatrade.com/sitemap/locations/London/B,london_trade_sitemap,2026-09-05,London A-Z trade/service sitemap.,London
Checkatrade,Bespoke Kitchens - Supply & Installation,Bespoke Kitchens - Supply & Installation,Other Services / Unclassified,Bespoke Kitchens - Supply & Installation,kept_unclassified,V2,https://www.checkatrade.com/sitemap/locations/London/B,london_trade_sitemap,2026-09-05,London A-Z trade/service sitemap.,London
Checkatrade,Bespoke Metal Fabrication,Bespoke Metal Fabrication,Metalwork & Fabrication,Bespoke Metal Fabrication,kept_mapped_final,V2,https://www.checkatrade.com/sitemap/locations/London/B,london_trade_sitemap,2026-09-05,London A-Z trade/service sitemap.,London
Checkatrade,Bespoke Staircases,Bespoke Staircases,Carpentry & Joinery,Staircase Services,kept_mapped,V2,https://www.checkatrade.com/sitemap/locations/London/B,london_trade_sitemap,2026-09-05,London A-Z trade/service sitemap.,London
Checkatrade,Bespoke Windows / Doors,Bespoke Windows / Doors,"Doors, Windows & Glazing",Bespoke Windows / Doors,kept_mapped_final,V2,https://www.checkatrade.com/sitemap/locations/London/B,london_trade_sitemap,2026-09-05,London A-Z trade/service sitemap.,London
Checkatrade,Bifold Doors Installation,Bifold Doors Installation,Doors & Door Services,Door Installation,kept_mapped,V2,https://www.checkatrade.com/sitemap/locations/London/B,london_trade_sitemap,2026-09-05,London A-Z trade/service sitemap.,London
Checkatrade,Bifold Doors Repair,Bifold Doors Repair,Doors & Door Services,Door Repair,kept_mapped,V2,https://www.checkatrade.com/sitemap/locations/London/B,london_trade_sitemap,2026-09-05,London A-Z trade/service sitemap.,London
Checkatrade,Bike / Bicycle Repairs,Bike / Bicycle Repairs,Vehicle Services,Bicycle Repair,kept_mapped_final,V2,https://www.checkatrade.com/sitemap/locations/London/B,london_trade_sitemap,2026-09-05,London A-Z trade/service sitemap.,London
Checkatrade,Biomass Boiler Installation,Biomass Boiler Installation,Heating & Boiler Services,Boiler Installation,kept_mapped,V2,https://www.checkatrade.com/sitemap/locations/London/B,london_trade_sitemap,2026-09-05,London A-Z trade/service sitemap.,London
Checkatrade,Biomass Boiler Servicing / Repair,Biomass Boiler Servicing / Repair,Heating & Boiler Services,Boiler Servicing,kept_mapped,V2,https://www.checkatrade.com/sitemap/locations/London/B,london_trade_sitemap,2026-09-05,London A-Z trade/service sitemap.,London
Checkatrade,Biomass Energy,Biomass Energy,Renewable Energy & Insulation,Biomass Energy,kept_mapped_final,V2,https://www.checkatrade.com/sitemap/locations/London/B,london_trade_sitemap,2026-09-05,London A-Z trade/service sitemap.,London
Checkatrade,Biometric Security Systems,Biometric Security Systems,Security & Alarm Services,Biometric Security Systems,kept_mapped_final,V2,https://www.checkatrade.com/sitemap/locations/London/B,london_trade_sitemap,2026-09-05,London A-Z trade/service sitemap.,London
Checkatrade,Bird Restriction Measures,Bird Restriction Measures,Pest & Bird Control,Bird Restriction Measures,kept_mapped_final,V2,https://www.checkatrade.com/sitemap/locations/London/B,london_trade_sitemap,2026-09-05,London A-Z trade/service sitemap.,London
Checkatrade,Blind Fitter,Blind Fitter,Blinds & Shutters,General Blinds & Shutters,kept_mapped,V2,https://www.checkatrade.com/sitemap/locations/London/B,london_trade_sitemap,2026-09-05,London A-Z trade/service sitemap.,London
Checkatrade,Blind Supplier,Blind Supplier,Blinds & Shutters,General Blinds & Shutters,kept_mapped,V2,https://www.checkatrade.com/sitemap/locations/London/B,london_trade_sitemap,2026-09-05,London A-Z trade/service sitemap.,London
Checkatrade,Blind Supply & Fit,Blind Supply & Fit,Blinds & Shutters,General Blinds & Shutters,kept_mapped,V2,https://www.checkatrade.com/sitemap/locations/London/B,london_trade_sitemap,2026-09-05,London A-Z trade/service sitemap.,London
Checkatrade,Block Management,Block Management,"Property, Landlord & Estate Services",Block Management,kept_mapped_final,V2,https://www.checkatrade.com/sitemap/locations/London/B,london_trade_sitemap,2026-09-05,London A-Z trade/service sitemap.,London
Checkatrade,Block Paving,Block Paving,Driveways & Paving,Paving,kept_mapped,V2,https://www.checkatrade.com/sitemap/locations/London/B,london_trade_sitemap,2026-09-05,London A-Z trade/service sitemap.,London
Checkatrade,Blocked Baths,Blocked Baths,Plumbing & Drainage Services,Blocked Bath,kept_mapped_final,V2,https://www.checkatrade.com/sitemap/locations/London/B,london_trade_sitemap,2026-09-05,London A-Z trade/service sitemap.,London
Checkatrade,Blocked Drains,Blocked Drains,Plumbing Services,Drain Unblocking,kept_mapped,V2,https://www.checkatrade.com/sitemap/locations/London/B,london_trade_sitemap,2026-09-05,London A-Z trade/service sitemap.,London
Checkatrade,Blocked Sinks,Blocked Sinks,Plumbing & Drainage Services,Blocked Sink,kept_mapped_final,V2,https://www.checkatrade.com/sitemap/locations/London/B,london_trade_sitemap,2026-09-05,London A-Z trade/service sitemap.,London
Checkatrade,Blocked Toilets,Blocked Toilets,Plumbing & Drainage Services,Blocked Toilet,kept_mapped_final,V2,https://www.checkatrade.com/sitemap/locations/London/B,london_trade_sitemap,2026-09-05,London A-Z trade/service sitemap.,London
Checkatrade,Boat Building / Repairs,Boat Building / Repairs,Building & Construction,Boat Building / Repairs,kept_mapped_final,V2,https://www.checkatrade.com/sitemap/locations/London/B,london_trade_sitemap,2026-09-05,London A-Z trade/service sitemap.,London
Checkatrade,Boiler Fitter,Boiler Fitter,"Heating, Boiler & Gas Services",Boiler Fitter,kept_mapped_final,V2,https://www.checkatrade.com/sitemap/locations/London/B,london_trade_sitemap,2026-09-05,London A-Z trade/service sitemap.,London
Checkatrade,Boiler Leaking Water Issues,Boiler Leaking Water Issues,"Heating, Boiler & Gas Services",Boiler Leaking Water Issues,kept_mapped_final,V2,https://www.checkatrade.com/sitemap/locations/London/A,london_trade_sitemap,2026-09-05,London A-Z trade/service sitemap.,London
Checkatrade,Boiler Plumbers,Boiler Plumbers,Plumbing Services,General Plumbing,kept_mapped,V2,https://www.checkatrade.com/sitemap/locations/London/B,london_trade_sitemap,2026-09-05,London A-Z trade/service sitemap.,London
Checkatrade,Boiler Service,Boiler Service,Heating & Boiler Services,Boiler Servicing,kept_mapped,V2,https://www.checkatrade.com/sitemap/locations/London/A,london_trade_sitemap,2026-09-05,London A-Z trade/service sitemap.,London
Checkatrade,Boiler Specialists,Boiler Specialists,"Heating, Boiler & Gas Services",Boiler Specialists,kept_mapped_final,V2,https://www.checkatrade.com/sitemap/locations/London/B,london_trade_sitemap,2026-09-05,London A-Z trade/service sitemap.,London
Checkatrade,Bonded Aggregate Surfacing,Bonded Aggregate Surfacing,"Driveways, Paving & Surfacing",Bonded Aggregate Surfacing,kept_mapped_final,V2,https://www.checkatrade.com/sitemap/locations/London/B,london_trade_sitemap,2026-09-05,London A-Z trade/service sitemap.,London
Checkatrade,Bouncy Castle Hire,Bouncy Castle Hire,Events & Wedding Services,Bouncy Castle Hire,kept_mapped_final,V2,https://www.checkatrade.com/sitemap/locations/London/B,london_trade_sitemap,2026-09-05,London A-Z trade/service sitemap.,London
Checkatrade,Breakdown Assistance,Breakdown Assistance,Vehicle Services,Breakdown Assistance,kept_mapped_final,V2,https://www.checkatrade.com/sitemap/locations/London/B,london_trade_sitemap,2026-09-05,London A-Z trade/service sitemap.,London
Checkatrade,Brick & Stone Cleaning,Brick & Stone Cleaning,Cleaning Services,General Cleaning,kept_mapped,V2,https://www.checkatrade.com/sitemap/locations/London/B,london_trade_sitemap,2026-09-05,London A-Z trade/service sitemap.,London
Checkatrade,Brick / Concrete Structural Repairs,Brick / Concrete Structural Repairs,Concrete & Aggregate Services,Brick / Concrete Structural Repairs,kept_mapped_final,V2,https://www.checkatrade.com/sitemap/locations/London/B,london_trade_sitemap,2026-09-05,London A-Z trade/service sitemap.,London
Checkatrade,Brick Repair,Brick Repair,Building & Construction,Brickwork Repair,kept_mapped,V2,https://www.checkatrade.com/sitemap/locations/London/B,london_trade_sitemap,2026-09-05,London A-Z trade/service sitemap.,London
Checkatrade,Brick Restoration,Brick Restoration,"Damp, Waterproofing & Restoration",Brick Restoration,kept_mapped_final,V2,https://www.checkatrade.com/sitemap/locations/London/B,london_trade_sitemap,2026-09-05,London A-Z trade/service sitemap.,London
Checkatrade,Brick Tiling,Brick Tiling,Tiling,General Tiling,kept_mapped,V2,https://www.checkatrade.com/sitemap/locations/London/B,london_trade_sitemap,2026-09-05,London A-Z trade/service sitemap.,London
Checkatrade,Bricklayer,Bricklayer,Building & Construction,Bricklaying,kept_mapped,V2,https://www.checkatrade.com/sitemap/locations/London/B,london_trade_sitemap,2026-09-05,London A-Z trade/service sitemap.,London
Checkatrade,Brickwork,Brickwork,Building & Construction,Bricklaying,kept_mapped,V2,https://www.checkatrade.com/sitemap/locations/London/B,london_trade_sitemap,2026-09-05,London A-Z trade/service sitemap.,London
Checkatrade,Broadband Fault Finding,Broadband Fault Finding,IT Support & Device Services,WiFi & Broadband Support,kept_mapped_final,V2,https://www.checkatrade.com/sitemap/locations/London/B,london_trade_sitemap,2026-09-05,London A-Z trade/service sitemap.,London
Checkatrade,Broadband repair,Broadband repair,IT Support & Device Services,WiFi & Broadband Support,kept_mapped_final,V2,https://www.checkatrade.com/sitemap/locations/London/B,london_trade_sitemap,2026-09-05,London A-Z trade/service sitemap.,London
Checkatrade,Build your reputation,Build your reputation,Excluded,Build your reputation,excluded,V1,https://join.checkatrade.com/what-you-get/,public_category_page,2026-08-22,Checkatrade public category/onboarding page.,
Checkatrade,Builder,Builder,Building & Construction,General Building,kept_mapped,V2,https://www.checkatrade.com/sitemap/locations/London/B,london_trade_sitemap,2026-09-05,London A-Z trade/service sitemap.,London
Checkatrade,Builders,Builders,Building & Construction,General Building,kept_mapped,V2,https://www.checkatrade.com/sitemap/locations/London/A,london_trade_sitemap,2026-09-05,London A-Z trade/service sitemap.,London
Checkatrade,Building Merchants,Building Merchants,Building & Construction,Building Merchants,kept_mapped_final,V2,https://www.checkatrade.com/sitemap/locations/London/B,london_trade_sitemap,2026-09-05,London A-Z trade/service sitemap.,London
Checkatrade,Building Project Managers,Building Project Managers,Building & Construction,Building Project Managers,kept_mapped_final,V2,https://www.checkatrade.com/sitemap/locations/London/B,london_trade_sitemap,2026-09-05,London A-Z trade/service sitemap.,London
Checkatrade,Building Surveyors,Building Surveyors,Building & Construction,Building Surveyors,kept_mapped_final,V2,https://www.checkatrade.com/sitemap/locations/London/B,london_trade_sitemap,2026-09-05,London A-Z trade/service sitemap.,London
Checkatrade,Built,Built,Excluded,Built,excluded,V2,https://www.checkatrade.com/sitemap/locations/London/B,london_trade_sitemap,2026-09-05,London A-Z trade/service sitemap.,London
Checkatrade,Burglar Alarm - Installation,Burglar Alarm - Installation,Security & Alarm Services,Burglar Alarm - Installation,kept_mapped_final,V2,https://www.checkatrade.com/sitemap/locations/London/B,london_trade_sitemap,2026-09-05,London A-Z trade/service sitemap.,London
Checkatrade,Burglar Alarm - Supply & Installation,Burglar Alarm - Supply & Installation,Security & Alarm Services,Burglar Alarm - Supply & Installation,kept_mapped_final,V2,https://www.checkatrade.com/sitemap/locations/London/B,london_trade_sitemap,2026-09-05,London A-Z trade/service sitemap.,London
Checkatrade,Burglar Alarm - Supply Only,Burglar Alarm - Supply Only,Security & Alarm Services,Burglar Alarm - Supply Only,kept_mapped_final,V2,https://www.checkatrade.com/sitemap/locations/London/B,london_trade_sitemap,2026-09-05,London A-Z trade/service sitemap.,London
Checkatrade,Burglar Alarm Servicing,Burglar Alarm Servicing,Security & Alarm Services,Burglar Alarm Servicing,kept_mapped_final,V2,https://www.checkatrade.com/sitemap/locations/London/B,london_trade_sitemap,2026-09-05,London A-Z trade/service sitemap.,London
Checkatrade,CCTV - Installation,CCTV - Installation,Security & Alarm Services,CCTV - Installation,kept_mapped_final,V2,https://www.checkatrade.com/sitemap/locations/London/C,london_trade_sitemap,2026-09-05,London A-Z trade/service sitemap.,London
Checkatrade,CCTV - Supply & Installation,CCTV - Supply & Installation,Security & Alarm Services,CCTV - Supply & Installation,kept_mapped_final,V2,https://www.checkatrade.com/sitemap/locations/London/C,london_trade_sitemap,2026-09-05,London A-Z trade/service sitemap.,London
Checkatrade,CCTV - Supply Only,CCTV - Supply Only,Security & Alarm Services,CCTV - Supply Only,kept_mapped_final,V2,https://www.checkatrade.com/sitemap/locations/London/C,london_trade_sitemap,2026-09-05,London A-Z trade/service sitemap.,London
Checkatrade,CCTV Repair,CCTV Repair,Security & Alarm Services,CCTV Repair,kept_mapped_final,V2,https://www.checkatrade.com/sitemap/locations/London/C,london_trade_sitemap,2026-09-05,London A-Z trade/service sitemap.,London
Checkatrade,CCTV Surveys for Drains,CCTV Surveys for Drains,Security & Alarm Services,CCTV Surveys for Drains,kept_mapped_final,V2,https://www.checkatrade.com/sitemap/locations/London/C,london_trade_sitemap,2026-09-05,London A-Z trade/service sitemap.,London
Checkatrade,Cabinet Makers / Handmade Furniture,Cabinet Makers / Handmade Furniture,Carpentry & Joinery,Cabinet Making & Installation,kept_mapped,V2,https://www.checkatrade.com/sitemap/locations/London/C,london_trade_sitemap,2026-09-05,London A-Z trade/service sitemap.,London
Checkatrade,Cabling,Cabling,Telecoms & Telephone Services,Cabling Services,kept_mapped_final,V2,https://www.checkatrade.com/sitemap/locations/London/C,london_trade_sitemap,2026-09-05,London A-Z trade/service sitemap.,London
Checkatrade,Call / Door Entry Systems,Call / Door Entry Systems,Security & Alarm Services,Call / Door Entry Systems,kept_mapped_final,V2,https://www.checkatrade.com/sitemap/locations/London/C,london_trade_sitemap,2026-09-05,London A-Z trade/service sitemap.,London
Checkatrade,Cambelts,Cambelts,Vehicle Services,Cambelt Replacement,kept_mapped_final,V2,https://www.checkatrade.com/sitemap/locations/London/C,london_trade_sitemap,2026-09-05,London A-Z trade/service sitemap.,London
Checkatrade,Car / Auto Electrics,Car / Auto Electrics,Vehicle Services,Car / Auto Electrics,kept_mapped_final,V2,https://www.checkatrade.com/sitemap/locations/London/C,london_trade_sitemap,2026-09-05,London A-Z trade/service sitemap.,London
Checkatrade,Car Alarms,Car Alarms,Vehicle Services,Car Alarm Services,kept_mapped_final,V2,https://www.checkatrade.com/sitemap/locations/London/C,london_trade_sitemap,2026-09-05,London A-Z trade/service sitemap.,London
Checkatrade,Car Audio,Car Audio,Vehicle Services,Car Audio,kept_mapped_final,V2,https://www.checkatrade.com/sitemap/locations/London/C,london_trade_sitemap,2026-09-05,London A-Z trade/service sitemap.,London
Checkatrade,Car Dealerships,Car Dealerships,Vehicle Services,Car Dealerships,kept_mapped_final,V2,https://www.checkatrade.com/sitemap/locations/London/C,london_trade_sitemap,2026-09-05,London A-Z trade/service sitemap.,London
Checkatrade,Car Detailing,Car Detailing,Vehicle Services,Car Detailing,kept_mapped,V2,https://www.checkatrade.com/sitemap/locations/London/C,london_trade_sitemap,2026-09-05,London A-Z trade/service sitemap.,London
Checkatrade,Car Key Replacement,Car Key Replacement,"Locksmith, Keys & Safes",Car Key Replacement,kept_mapped_final,V2,https://www.checkatrade.com/sitemap/locations/London/C,london_trade_sitemap,2026-09-05,London A-Z trade/service sitemap.,London
Checkatrade,Car Ports,Car Ports,Vehicle Services,Car Ports,kept_mapped_final,V2,https://www.checkatrade.com/sitemap/locations/London/C,london_trade_sitemap,2026-09-05,London A-Z trade/service sitemap.,London
Checkatrade,Car Repair,Car Repair,Vehicle Services,General Vehicle Repair,kept_mapped,V2,https://www.checkatrade.com/sitemap/locations/London/C,london_trade_sitemap,2026-09-05,London A-Z trade/service sitemap.,London
Checkatrade,Car Sales / Commercial Sales,Car Sales / Commercial Sales,Vehicle Services,Car Sales / Commercial Sales,kept_mapped_final,V2,https://www.checkatrade.com/sitemap/locations/London/C,london_trade_sitemap,2026-09-05,London A-Z trade/service sitemap.,London
Checkatrade,Car Servicing,Car Servicing,Vehicle Services,Vehicle Servicing,kept_mapped,V2,https://www.checkatrade.com/sitemap/locations/London/C,london_trade_sitemap,2026-09-05,London A-Z trade/service sitemap.,London
Checkatrade,Caravan Valeting,Caravan Valeting,Other Services / Unclassified,Caravan Valeting,kept_unclassified,V2,https://www.checkatrade.com/sitemap/locations/London/C,london_trade_sitemap,2026-09-05,London A-Z trade/service sitemap.,London
Checkatrade,Carpenter,Carpenter,Carpentry & Joinery,General Carpentry & Joinery,kept_mapped,V2,https://www.checkatrade.com/sitemap/locations/London/A,london_trade_sitemap,2026-09-05,London A-Z trade/service sitemap.,London
Checkatrade,Carpenters,Carpenters,Carpentry & Joinery,General Carpentry & Joinery,kept_mapped,V2,https://www.checkatrade.com/sitemap/locations/London/A,london_trade_sitemap,2026-09-05,London A-Z trade/service sitemap.,London
Checkatrade,Carpet Cleaning,Carpet Cleaning,Cleaning Services,General Cleaning,kept_mapped,V2,https://www.checkatrade.com/sitemap/locations/London/C,london_trade_sitemap,2026-09-05,London A-Z trade/service sitemap.,London
Checkatrade,Carpet Fitter,Carpet Fitter,Flooring & Tiling Services,Carpet Fitting,kept_mapped_final,V2,https://www.checkatrade.com/sitemap/locations/London/A,london_trade_sitemap,2026-09-05,London A-Z trade/service sitemap.,London
Checkatrade,Carpet Fitting,Carpet Fitting,Flooring,Carpet Installation,kept_mapped,V2,https://www.checkatrade.com/sitemap/locations/London/C,london_trade_sitemap,2026-09-05,London A-Z trade/service sitemap.,London
Checkatrade,Carpet Fitting Cost,Carpet Fitting Cost,Flooring,Carpet Installation,kept_mapped,V2,https://www.checkatrade.com/sitemap/locations/London/A,london_trade_sitemap,2026-09-05,London A-Z trade/service sitemap.,London
Checkatrade,Carpet Repair / Stretching,Carpet Repair / Stretching,Flooring & Tiling Services,Carpet Repair / Stretching,kept_mapped_final,V2,https://www.checkatrade.com/sitemap/locations/London/C,london_trade_sitemap,2026-09-05,London A-Z trade/service sitemap.,London
Checkatrade,Carpet Supplier,Carpet Supplier,Flooring & Tiling Services,Carpet Supply,kept_mapped_final,V2,https://www.checkatrade.com/sitemap/locations/London/C,london_trade_sitemap,2026-09-05,London A-Z trade/service sitemap.,London
Checkatrade,Carpet Supply & Fit,Carpet Supply & Fit,Flooring & Tiling Services,Carpet Supply & Fit,kept_mapped_final,V2,https://www.checkatrade.com/sitemap/locations/London/C,london_trade_sitemap,2026-09-05,London A-Z trade/service sitemap.,London
Checkatrade,Carpet Tiles,Carpet Tiles,Flooring & Tiling Services,Carpet Tiles,kept_mapped_final,V2,https://www.checkatrade.com/sitemap/locations/London/C,london_trade_sitemap,2026-09-05,London A-Z trade/service sitemap.,London
Checkatrade,Carpet and Upholstery Cleaning,Carpet and Upholstery Cleaning,Cleaning Services,General Cleaning,kept_mapped,V2,https://www.checkatrade.com/sitemap/locations/London/C,london_trade_sitemap,2026-09-05,London A-Z trade/service sitemap.,London
Checkatrade,Carpets / Flooring,Carpets / Flooring,Flooring,General Flooring,kept_mapped,V2,https://www.checkatrade.com/sitemap/locations/London/C,london_trade_sitemap,2026-09-05,London A-Z trade/service sitemap.,London
Checkatrade,Carport Manufacturers,Carport Manufacturers,Landscaping Structures & Outdoor Buildings,Carport Manufacturers,kept_mapped_final,V2,https://www.checkatrade.com/sitemap/locations/London/C,london_trade_sitemap,2026-09-05,London A-Z trade/service sitemap.,London
Checkatrade,Carport Suppliers,Carport Suppliers,Landscaping Structures & Outdoor Buildings,Carport Suppliers,kept_mapped_final,V2,https://www.checkatrade.com/sitemap/locations/London/C,london_trade_sitemap,2026-09-05,London A-Z trade/service sitemap.,London
Checkatrade,Carports Installed,Carports Installed,"Fencing, Gates & Outdoor Structures",Carport Installation,kept_mapped_final,V2,https://www.checkatrade.com/sitemap/locations/London/C,london_trade_sitemap,2026-09-05,London A-Z trade/service sitemap.,London
Checkatrade,Cat Flaps,Cat Flaps,Pet & Animal Services,Cat Flaps,kept_mapped_final,V2,https://www.checkatrade.com/sitemap/locations/London/C,london_trade_sitemap,2026-09-05,London A-Z trade/service sitemap.,London
Checkatrade,Catering Equipment Repair,Catering Equipment Repair,Events & Creative,Catering,kept_mapped,V2,https://www.checkatrade.com/sitemap/locations/London/C,london_trade_sitemap,2026-09-05,London A-Z trade/service sitemap.,London
Checkatrade,Catering Services,Catering Services,Events & Creative,Catering,kept_mapped,V2,https://www.checkatrade.com/sitemap/locations/London/C,london_trade_sitemap,2026-09-05,London A-Z trade/service sitemap.,London
Checkatrade,Cavity Wall Insulation,Cavity Wall Insulation,Insulation Services,Cavity Wall Insulation,kept_mapped,V2,https://www.checkatrade.com/sitemap/locations/London/C,london_trade_sitemap,2026-09-05,London A-Z trade/service sitemap.,London
Checkatrade,Cavity Wall Insulation Removal,Cavity Wall Insulation Removal,Insulation Services,Cavity Wall Insulation,kept_mapped,V2,https://www.checkatrade.com/sitemap/locations/London/C,london_trade_sitemap,2026-09-05,London A-Z trade/service sitemap.,London
Checkatrade,Central Heating,Central Heating,Heating & Boiler Services,General Heating Services,kept_mapped,V2,https://www.checkatrade.com/sitemap/locations/London/C,london_trade_sitemap,2026-09-05,London A-Z trade/service sitemap.,London
Checkatrade,Central Heating Engineer,Central Heating Engineer,Heating & Boiler Services,General Heating Services,kept_mapped,V2,https://www.checkatrade.com/sitemap/locations/London/C,london_trade_sitemap,2026-09-05,London A-Z trade/service sitemap.,London
Checkatrade,Central Heating Engineers,Central Heating Engineers,Heating & Boiler Services,General Heating Services,kept_mapped,V2,https://www.checkatrade.com/sitemap/locations/London/A,london_trade_sitemap,2026-09-05,London A-Z trade/service sitemap.,London
Checkatrade,Central Heating Fitters,Central Heating Fitters,Heating & Boiler Services,General Heating Services,kept_mapped,V2,https://www.checkatrade.com/sitemap/locations/London/C,london_trade_sitemap,2026-09-05,London A-Z trade/service sitemap.,London
Checkatrade,Ceramic Tiling,Ceramic Tiling,Tiling,General Tiling,kept_mapped,V2,https://www.checkatrade.com/sitemap/locations/London/C,london_trade_sitemap,2026-09-05,London A-Z trade/service sitemap.,London
Checkatrade,Chartered Surveyor,Chartered Surveyor,"Architecture, Surveying & Planning",Chartered Surveyor,kept_mapped_final,V2,https://www.checkatrade.com/sitemap/locations/London/C,london_trade_sitemap,2026-09-05,London A-Z trade/service sitemap.,London
Checkatrade,Chauffeur,Chauffeur,"Removals, Delivery & Courier Services",Chauffeur,kept_mapped_final,V2,https://www.checkatrade.com/sitemap/locations/London/C,london_trade_sitemap,2026-09-05,London A-Z trade/service sitemap.,London
Checkatrade,Check Any Tradesperson,Check Any Tradesperson,Excluded,Check Any Tradesperson,excluded,V2,https://www.checkatrade.com/sitemap/locations/London/A,london_trade_sitemap,2026-09-05,London A-Z trade/service sitemap.,London
Checkatrade,Checkatrade Standard,Checkatrade Standard,Excluded,Checkatrade Standard,excluded,V2,https://www.checkatrade.com/sitemap/locations/London/A,london_trade_sitemap,2026-09-05,London A-Z trade/service sitemap.,London
Checkatrade,Cherry Picker,Cherry Picker,Hire & Access Equipment,Cherry Picker,kept_mapped_final,V2,https://www.checkatrade.com/sitemap/locations/London/C,london_trade_sitemap,2026-09-05,London A-Z trade/service sitemap.,London
Checkatrade,Chimney Cowlings Installation,Chimney Cowlings Installation,Chimney Services,Chimney Installation,kept_mapped,V2,https://www.checkatrade.com/sitemap/locations/London/C,london_trade_sitemap,2026-09-05,London A-Z trade/service sitemap.,London
Checkatrade,Chimney Cowlings Repair,Chimney Cowlings Repair,Chimney Services,General Chimney Services,kept_mapped,V2,https://www.checkatrade.com/sitemap/locations/London/C,london_trade_sitemap,2026-09-05,London A-Z trade/service sitemap.,London
Checkatrade,Chimney Relining,Chimney Relining,Chimney Services,General Chimney Services,kept_mapped,V2,https://www.checkatrade.com/sitemap/locations/London/C,london_trade_sitemap,2026-09-05,London A-Z trade/service sitemap.,London
Checkatrade,Chimney Sweep,Chimney Sweep,Chimney Services,Chimney Sweeping,kept_mapped,V2,https://www.checkatrade.com/sitemap/locations/London/C,london_trade_sitemap,2026-09-05,London A-Z trade/service sitemap.,London
Checkatrade,Chimneys Installation,Chimneys Installation,Chimney Services,Chimney Installation,kept_mapped,V2,https://www.checkatrade.com/sitemap/locations/London/C,london_trade_sitemap,2026-09-05,London A-Z trade/service sitemap.,London
Checkatrade,Chimneys Repair,Chimneys Repair,Roofing Services,Chimney Repair,kept_mapped_final,V2,https://www.checkatrade.com/sitemap/locations/London/C,london_trade_sitemap,2026-09-05,London A-Z trade/service sitemap.,London
Checkatrade,Cladding,Cladding,Cladding & Exterior Finishes,Cladding,kept_mapped_final,V2,https://www.checkatrade.com/sitemap/locations/London/C,london_trade_sitemap,2026-09-05,London A-Z trade/service sitemap.,London
Checkatrade,Cladding Installers,Cladding Installers,Cladding & Exterior Finishes,Cladding Installers,kept_mapped_final,V2,https://www.checkatrade.com/sitemap/locations/London/C,london_trade_sitemap,2026-09-05,London A-Z trade/service sitemap.,London
Checkatrade,Classic Car Restoration,Classic Car Restoration,"Damp, Waterproofing & Restoration",Classic Car Restoration,kept_mapped_final,V2,https://www.checkatrade.com/sitemap/locations/London/C,london_trade_sitemap,2026-09-05,London A-Z trade/service sitemap.,London
Checkatrade,Cleaner,Cleaner,Cleaning Services,General Cleaning,kept_mapped,V2,https://www.checkatrade.com/sitemap/locations/London/C,london_trade_sitemap,2026-09-05,London A-Z trade/service sitemap.,London
Checkatrade,Cleaners,Cleaners,Cleaning Services,General Cleaning,kept_mapped,V2,https://www.checkatrade.com/sitemap/locations/London/A,london_trade_sitemap,2026-09-05,London A-Z trade/service sitemap.,London
Checkatrade,Cleaning Equipment Hire,Cleaning Equipment Hire,Cleaning Services,General Cleaning,kept_mapped,V2,https://www.checkatrade.com/sitemap/locations/London/C,london_trade_sitemap,2026-09-05,London A-Z trade/service sitemap.,London
Checkatrade,Cleaning Services,Cleaning Services,Cleaning Services,General Cleaning,kept_mapped,V2,https://www.checkatrade.com/sitemap/locations/London/C,london_trade_sitemap,2026-09-05,London A-Z trade/service sitemap.,London
Checkatrade,Cleaning Supplies,Cleaning Supplies,Cleaning Services,General Cleaning,kept_mapped,V2,https://www.checkatrade.com/sitemap/locations/London/C,london_trade_sitemap,2026-09-05,London A-Z trade/service sitemap.,London
Checkatrade,Close Board Fencing,Close Board Fencing,Fencing & Gates,General Fencing,kept_mapped,V2,https://www.checkatrade.com/sitemap/locations/London/C,london_trade_sitemap,2026-09-05,London A-Z trade/service sitemap.,London
Checkatrade,Clutches,Clutches,Other Services / Unclassified,Clutches,kept_unclassified,V2,https://www.checkatrade.com/sitemap/locations/London/C,london_trade_sitemap,2026-09-05,London A-Z trade/service sitemap.,London
Checkatrade,Combi Boiler Installation,Combi Boiler Installation,Heating & Boiler Services,Boiler Installation,kept_mapped,V2,https://www.checkatrade.com/sitemap/locations/London/C,london_trade_sitemap,2026-09-05,London A-Z trade/service sitemap.,London
Checkatrade,Commercial Agents,Commercial Agents,Commercial & Business Property Services,Commercial Agents,kept_mapped_final,V2,https://www.checkatrade.com/sitemap/locations/London/C,london_trade_sitemap,2026-09-05,London A-Z trade/service sitemap.,London
Checkatrade,Commercial Cleaning,Commercial Cleaning,Cleaning Services,General Cleaning,kept_mapped,V2,https://www.checkatrade.com/sitemap/locations/London/C,london_trade_sitemap,2026-09-05,London A-Z trade/service sitemap.,London
Checkatrade,Commercial Deliveries,Commercial Deliveries,"Removals, Delivery & Courier Services",Commercial Delivery,kept_mapped_final,V2,https://www.checkatrade.com/sitemap/locations/London/C,london_trade_sitemap,2026-09-05,London A-Z trade/service sitemap.,London
Checkatrade,Commercial Grass Cutting,Commercial Grass Cutting,Gardening & Landscaping,Lawn Mowing,kept_mapped,V2,https://www.checkatrade.com/sitemap/locations/London/C,london_trade_sitemap,2026-09-05,London A-Z trade/service sitemap.,London
Checkatrade,Commercial Interior Design,Commercial Interior Design,Interior Design & Fit-Out,Commercial Interior Design,kept_mapped_final,V2,https://www.checkatrade.com/sitemap/locations/London/C,london_trade_sitemap,2026-09-05,London A-Z trade/service sitemap.,London
Checkatrade,Commercial Oven Cleaner,Commercial Oven Cleaner,Cleaning Services,General Cleaning,kept_mapped,V2,https://www.checkatrade.com/sitemap/locations/London/C,london_trade_sitemap,2026-09-05,London A-Z trade/service sitemap.,London
Checkatrade,Communal Aerial / Satellites,Communal Aerial / Satellites,"TV, Aerial & Audio Visual Services",Communal Aerial / Satellites,kept_mapped_final,V2,https://www.checkatrade.com/sitemap/locations/London/C,london_trade_sitemap,2026-09-05,London A-Z trade/service sitemap.,London
Checkatrade,Composite Decking,Composite Decking,Decking Services,Composite Decking,kept_mapped_final,V2,https://www.checkatrade.com/sitemap/locations/London/C,london_trade_sitemap,2026-09-05,London A-Z trade/service sitemap.,London
Checkatrade,Composite Front Doors Installation,Composite Front Doors Installation,Doors & Door Services,Door Installation,kept_mapped,V2,https://www.checkatrade.com/sitemap/locations/London/C,london_trade_sitemap,2026-09-05,London A-Z trade/service sitemap.,London
Checkatrade,Composite Front Doors Repair,Composite Front Doors Repair,Doors & Door Services,Door Repair,kept_mapped,V2,https://www.checkatrade.com/sitemap/locations/London/C,london_trade_sitemap,2026-09-05,London A-Z trade/service sitemap.,London
Checkatrade,Computer Maintenance,Computer Maintenance,IT Support & Device Services,Computer Maintenance,kept_mapped_final,V2,https://www.checkatrade.com/sitemap/locations/London/C,london_trade_sitemap,2026-09-05,London A-Z trade/service sitemap.,London
Checkatrade,Computer Repair,Computer Repair,IT Support & Device Services,Computer Repair,kept_mapped_final,V2,https://www.checkatrade.com/sitemap/locations/London/C,london_trade_sitemap,2026-09-05,London A-Z trade/service sitemap.,London
Checkatrade,Computer Sales,Computer Sales,IT Support & Device Services,Computer Sales,kept_mapped_final,V2,https://www.checkatrade.com/sitemap/locations/London/C,london_trade_sitemap,2026-09-05,London A-Z trade/service sitemap.,London
Checkatrade,Computer Training / Consultancy,Computer Training / Consultancy,IT Support & Device Services,Computer Training / Consultancy,kept_mapped_final,V2,https://www.checkatrade.com/sitemap/locations/London/C,london_trade_sitemap,2026-09-05,London A-Z trade/service sitemap.,London
Checkatrade,Concrete / Finlock Gutter Replacement,Concrete / Finlock Gutter Replacement,Concrete & Aggregate Services,Concrete / Finlock Gutter Replacement,kept_mapped_final,V2,https://www.checkatrade.com/sitemap/locations/London/C,london_trade_sitemap,2026-09-05,London A-Z trade/service sitemap.,London
Checkatrade,Concrete / Finlock Guttering,Concrete / Finlock Guttering,Concrete & Aggregate Services,Concrete / Finlock Guttering,kept_mapped_final,V2,https://www.checkatrade.com/sitemap/locations/London/C,london_trade_sitemap,2026-09-05,London A-Z trade/service sitemap.,London
Checkatrade,Concrete Contractor,Concrete Contractor,Concrete & Aggregate Services,Concrete Work,kept_mapped_final,V2,https://www.checkatrade.com/sitemap/locations/London/C,london_trade_sitemap,2026-09-05,London A-Z trade/service sitemap.,London
Checkatrade,Concrete Driveway,Concrete Driveway,Concrete & Aggregate Services,Concrete Driveways,kept_mapped_final,V2,https://www.checkatrade.com/sitemap/locations/London/C,london_trade_sitemap,2026-09-05,London A-Z trade/service sitemap.,London
Checkatrade,Concrete Driveways,Concrete Driveways,Concrete & Aggregate Services,Concrete Driveways,kept_mapped_final,V2,https://www.checkatrade.com/sitemap/locations/London/C,london_trade_sitemap,2026-09-05,London A-Z trade/service sitemap.,London
Checkatrade,Concrete Flooring Specialist,Concrete Flooring Specialist,Flooring,General Flooring,kept_mapped,V2,https://www.checkatrade.com/sitemap/locations/London/C,london_trade_sitemap,2026-09-05,London A-Z trade/service sitemap.,London
Checkatrade,Concrete Garages,Concrete Garages,Concrete & Aggregate Services,Concrete Garages,kept_mapped_final,V2,https://www.checkatrade.com/sitemap/locations/London/C,london_trade_sitemap,2026-09-05,London A-Z trade/service sitemap.,London
Checkatrade,Concrete Repair,Concrete Repair,Concrete & Aggregate Services,Concrete Repair,kept_mapped_final,V2,https://www.checkatrade.com/sitemap/locations/London/C,london_trade_sitemap,2026-09-05,London A-Z trade/service sitemap.,London
Checkatrade,Concreting,Concreting,Concrete & Aggregate Services,Concrete Work,kept_mapped_final,V2,https://www.checkatrade.com/sitemap/locations/London/C,london_trade_sitemap,2026-09-05,London A-Z trade/service sitemap.,London
Checkatrade,Condensation Control,Condensation Control,"Damp, Waterproofing & Restoration",Condensation Control,kept_mapped_final,V2,https://www.checkatrade.com/sitemap/locations/London/C,london_trade_sitemap,2026-09-05,London A-Z trade/service sitemap.,London
Checkatrade,Conservatory Blinds,Conservatory Blinds,Conservatory Services,General Conservatory Services,kept_mapped,V2,https://www.checkatrade.com/sitemap/locations/London/C,london_trade_sitemap,2026-09-05,London A-Z trade/service sitemap.,London
Checkatrade,Conservatory Cleaning,Conservatory Cleaning,Conservatory Services,General Conservatory Services,kept_mapped,V2,https://www.checkatrade.com/sitemap/locations/London/C,london_trade_sitemap,2026-09-05,London A-Z trade/service sitemap.,London
Checkatrade,Conservatory Glass Heat Reduction Film,Conservatory Glass Heat Reduction Film,Conservatory Services,General Conservatory Services,kept_mapped,V2,https://www.checkatrade.com/sitemap/locations/London/C,london_trade_sitemap,2026-09-05,London A-Z trade/service sitemap.,London
Checkatrade,Conservatory Installation,Conservatory Installation,Conservatory Services,Conservatory Installation,kept_mapped,V2,https://www.checkatrade.com/sitemap/locations/London/C,london_trade_sitemap,2026-09-05,London A-Z trade/service sitemap.,London
Checkatrade,Conservatory Repairs,Conservatory Repairs,Conservatory Services,Conservatory Repair,kept_mapped,V2,https://www.checkatrade.com/sitemap/locations/London/C,london_trade_sitemap,2026-09-05,London A-Z trade/service sitemap.,London
Checkatrade,Conservatory Roof Conversions,Conservatory Roof Conversions,Conservatory Services,Conservatory Roofing,kept_mapped,V2,https://www.checkatrade.com/sitemap/locations/London/C,london_trade_sitemap,2026-09-05,London A-Z trade/service sitemap.,London
Checkatrade,Conservatory Roof Insulation,Conservatory Roof Insulation,Insulation Services,Roof Insulation,kept_mapped,V2,https://www.checkatrade.com/sitemap/locations/London/C,london_trade_sitemap,2026-09-05,London A-Z trade/service sitemap.,London
Checkatrade,Conservatory Roof Replacement,Conservatory Roof Replacement,Conservatory Services,Conservatory Roofing,kept_mapped,V2,https://www.checkatrade.com/sitemap/locations/London/A,london_trade_sitemap,2026-09-05,London A-Z trade/service sitemap.,London
Checkatrade,Core Drilling,Core Drilling,"Groundworks, Excavation & Plant Hire",Core Drilling,kept_mapped_final,V2,https://www.checkatrade.com/sitemap/locations/London/C,london_trade_sitemap,2026-09-05,London A-Z trade/service sitemap.,London
Checkatrade,Corporate Filming,Corporate Filming,Events & Wedding Services,Corporate Filming,kept_mapped_final,V2,https://www.checkatrade.com/sitemap/locations/London/C,london_trade_sitemap,2026-09-05,London A-Z trade/service sitemap.,London
Checkatrade,Courier Services,Courier Services,Delivery Services,Courier Services,kept_mapped,V2,https://www.checkatrade.com/sitemap/locations/London/C,london_trade_sitemap,2026-09-05,London A-Z trade/service sitemap.,London
Checkatrade,Coving,Coving,"Painting, Decorating & Wall Finishes",Coving,kept_mapped_final,V2,https://www.checkatrade.com/sitemap/locations/London/C,london_trade_sitemap,2026-09-05,London A-Z trade/service sitemap.,London
Checkatrade,Crane Hire,Crane Hire,"Groundworks, Excavation & Plant Hire",Crane Hire,kept_mapped_final,V2,https://www.checkatrade.com/sitemap/locations/London/C,london_trade_sitemap,2026-09-05,London A-Z trade/service sitemap.,London
Checkatrade,Crown Reduction,Crown Reduction,Tree & Grounds Services,Crown Reduction,kept_mapped_final,V2,https://www.checkatrade.com/sitemap/locations/London/C,london_trade_sitemap,2026-09-05,London A-Z trade/service sitemap.,London
Checkatrade,Crown Thinning,Crown Thinning,Tree & Grounds Services,Crown Thinning,kept_mapped_final,V2,https://www.checkatrade.com/sitemap/locations/London/C,london_trade_sitemap,2026-09-05,London A-Z trade/service sitemap.,London
Checkatrade,Cupboards,Cupboards,Other Services / Unclassified,Cupboards,kept_unclassified,V2,https://www.checkatrade.com/sitemap/locations/London/C,london_trade_sitemap,2026-09-05,London A-Z trade/service sitemap.,London
Checkatrade,Curtain / Blind Fitters,Curtain / Blind Fitters,Blinds & Shutters,General Blinds & Shutters,kept_mapped,V2,https://www.checkatrade.com/sitemap/locations/London/C,london_trade_sitemap,2026-09-05,London A-Z trade/service sitemap.,London
Checkatrade,Curtain Cleaning,Curtain Cleaning,Cleaning Services,General Cleaning,kept_mapped,V2,https://www.checkatrade.com/sitemap/locations/London/C,london_trade_sitemap,2026-09-05,London A-Z trade/service sitemap.,London
Checkatrade,Curtain Fitter,Curtain Fitter,"Curtains, Awnings & Window Dressings",Curtain Fitting,kept_mapped_final,V2,https://www.checkatrade.com/sitemap/locations/London/C,london_trade_sitemap,2026-09-05,London A-Z trade/service sitemap.,London
Checkatrade,Curtain Poles / Tracks,Curtain Poles / Tracks,"Curtains, Awnings & Window Dressings",Curtain Track & Pole Installation,kept_mapped_final,V2,https://www.checkatrade.com/sitemap/locations/London/C,london_trade_sitemap,2026-09-05,London A-Z trade/service sitemap.,London
Checkatrade,Curtain Supply & Fit,Curtain Supply & Fit,"Curtains, Awnings & Window Dressings",Curtain Supply & Fitting,kept_mapped_final,V2,https://www.checkatrade.com/sitemap/locations/London/C,london_trade_sitemap,2026-09-05,London A-Z trade/service sitemap.,London
Checkatrade,Curtains / Blinds / Shutters,Curtains / Blinds / Shutters,Blinds & Shutters,General Blinds & Shutters,kept_mapped,V2,https://www.checkatrade.com/sitemap/locations/London/C,london_trade_sitemap,2026-09-05,London A-Z trade/service sitemap.,London
Checkatrade,Cyber Security Training,Cyber Security Training,Training & Instruction,Cyber Security Training,kept_mapped_final,V2,https://www.checkatrade.com/sitemap/locations/London/C,london_trade_sitemap,2026-09-05,London A-Z trade/service sitemap.,London
Checkatrade,Damp Investigation,Damp Investigation,"Damp, Waterproofing & Restoration",Damp Investigation,kept_mapped_final,V2,https://www.checkatrade.com/sitemap/locations/London/D,london_trade_sitemap,2026-09-05,London A-Z trade/service sitemap.,London
Checkatrade,Damp Proofer,Damp Proofer,"Damp, Waterproofing & Restoration",Damp Proofer,kept_mapped_final,V2,https://www.checkatrade.com/sitemap/locations/London/D,london_trade_sitemap,2026-09-05,London A-Z trade/service sitemap.,London
Checkatrade,Damp Proofing,Damp Proofing,Roofing Services,General Roofing,kept_mapped,V2,https://www.checkatrade.com/sitemap/locations/London/A,london_trade_sitemap,2026-09-05,London A-Z trade/service sitemap.,London
Checkatrade,Damp Survey,Damp Survey,"Damp, Waterproofing & Restoration",Damp Survey,kept_mapped_final,V2,https://www.checkatrade.com/sitemap/locations/London/D,london_trade_sitemap,2026-09-05,London A-Z trade/service sitemap.,London
Checkatrade,Damp Walls Treatment,Damp Walls Treatment,"Damp, Waterproofing & Restoration",Damp Walls Treatment,kept_mapped_final,V2,https://www.checkatrade.com/sitemap/locations/London/A,london_trade_sitemap,2026-09-05,London A-Z trade/service sitemap.,London
Checkatrade,Data Recovery / Back up,Data Recovery / Back up,IT Support & Device Services,Data Recovery / Back up,kept_mapped_final,V2,https://www.checkatrade.com/sitemap/locations/London/D,london_trade_sitemap,2026-09-05,London A-Z trade/service sitemap.,London
Checkatrade,Data Shredding,Data Shredding,"Waste, Clearance & Recycling",Data Shredding,kept_mapped_final,V2,https://www.checkatrade.com/sitemap/locations/London/D,london_trade_sitemap,2026-09-05,London A-Z trade/service sitemap.,London
Checkatrade,Decking,Decking,Decking Services,General Decking,kept_mapped_final,V2,https://www.checkatrade.com/sitemap/locations/London/D,london_trade_sitemap,2026-09-05,London A-Z trade/service sitemap.,London
Checkatrade,Decking Cleaning,Decking Cleaning,Cleaning Services,General Cleaning,kept_mapped,V2,https://www.checkatrade.com/sitemap/locations/London/D,london_trade_sitemap,2026-09-05,London A-Z trade/service sitemap.,London
Checkatrade,Decluttering,Decluttering,"Laundry, Housekeeping & Organisation",Decluttering,kept_mapped_final,V2,https://www.checkatrade.com/sitemap/locations/London/D,london_trade_sitemap,2026-09-05,London A-Z trade/service sitemap.,London
Checkatrade,Deep Cleaning Services,Deep Cleaning Services,Cleaning Services,General Cleaning,kept_mapped,V2,https://www.checkatrade.com/sitemap/locations/London/D,london_trade_sitemap,2026-09-05,London A-Z trade/service sitemap.,London
Checkatrade,Demolition,Demolition,Building & Construction,Demolition,kept_mapped,V2,https://www.checkatrade.com/sitemap/locations/London/D,london_trade_sitemap,2026-09-05,London A-Z trade/service sitemap.,London
Checkatrade,Demolition Companies,Demolition Companies,Building & Construction,Demolition,kept_mapped,V2,https://www.checkatrade.com/sitemap/locations/London/D,london_trade_sitemap,2026-09-05,London A-Z trade/service sitemap.,London
Checkatrade,Demolition Contractors,Demolition Contractors,Building & Construction,Demolition,kept_mapped,V2,https://www.checkatrade.com/sitemap/locations/London/D,london_trade_sitemap,2026-09-05,London A-Z trade/service sitemap.,London
Checkatrade,Dent Repair,Dent Repair,Vehicle Services,Dent Repair,kept_mapped_final,V2,https://www.checkatrade.com/sitemap/locations/London/D,london_trade_sitemap,2026-09-05,London A-Z trade/service sitemap.,London
Checkatrade,Diagnostic Testing,Diagnostic Testing,Other Services / Unclassified,Diagnostic Testing,kept_unclassified,V2,https://www.checkatrade.com/sitemap/locations/London/D,london_trade_sitemap,2026-09-05,London A-Z trade/service sitemap.,London
Checkatrade,Diamond Drilling,Diamond Drilling,"Groundworks, Excavation & Plant Hire",Diamond Drilling,kept_mapped_final,V2,https://www.checkatrade.com/sitemap/locations/London/D,london_trade_sitemap,2026-09-05,London A-Z trade/service sitemap.,London
Checkatrade,Digital Smart Door Lock Installation,Digital Smart Door Lock Installation,Doors & Door Services,Door Installation,kept_mapped,V2,https://www.checkatrade.com/sitemap/locations/London/D,london_trade_sitemap,2026-09-05,London A-Z trade/service sitemap.,London
Checkatrade,Disabled Bathrooms / Showers,Disabled Bathrooms / Showers,Accessibility & Mobility Services,Disabled Bathrooms / Showers,kept_mapped_final,V2,https://www.checkatrade.com/sitemap/locations/London/D,london_trade_sitemap,2026-09-05,London A-Z trade/service sitemap.,London
Checkatrade,Disaster / Trauma Cleaning,Disaster / Trauma Cleaning,Cleaning Services,General Cleaning,kept_mapped,V2,https://www.checkatrade.com/sitemap/locations/London/D,london_trade_sitemap,2026-09-05,London A-Z trade/service sitemap.,London
Checkatrade,Dishwasher Repair,Dishwasher Repair,Appliance Repair,Dishwasher Repair,kept_mapped,V2,https://www.checkatrade.com/sitemap/locations/London/D,london_trade_sitemap,2026-09-05,London A-Z trade/service sitemap.,London
Checkatrade,Dog Flaps,Dog Flaps,Pet & Animal Services,Dog Flaps,kept_mapped_final,V2,https://www.checkatrade.com/sitemap/locations/London/D,london_trade_sitemap,2026-09-05,London A-Z trade/service sitemap.,London
Checkatrade,Domestic Cleaning,Domestic Cleaning,Cleaning Services,Domestic Cleaning,kept_mapped,V2,https://www.checkatrade.com/sitemap/locations/London/D,london_trade_sitemap,2026-09-05,London A-Z trade/service sitemap.,London
Checkatrade,Domestic Oven Cleaning,Domestic Oven Cleaning,Cleaning Services,General Cleaning,kept_mapped,V2,https://www.checkatrade.com/sitemap/locations/London/D,london_trade_sitemap,2026-09-05,London A-Z trade/service sitemap.,London
Checkatrade,Door Canopies,Door Canopies,"Doors, Windows & Glazing",Door Canopies,kept_mapped_final,V2,https://www.checkatrade.com/sitemap/locations/London/D,london_trade_sitemap,2026-09-05,London A-Z trade/service sitemap.,London
Checkatrade,Door Fitting / Hanging,Door Fitting / Hanging,Carpentry & Joinery,Door Fitting,kept_mapped,V2,https://www.checkatrade.com/sitemap/locations/London/D,london_trade_sitemap,2026-09-05,London A-Z trade/service sitemap.,London
Checkatrade,Door Stripping,Door Stripping,"Doors, Windows & Glazing",Door Stripping,kept_mapped_final,V2,https://www.checkatrade.com/sitemap/locations/London/D,london_trade_sitemap,2026-09-05,London A-Z trade/service sitemap.,London
Checkatrade,Doors Opened / Unlocked,Doors Opened / Unlocked,"Doors, Windows & Glazing",Doors Opened / Unlocked,kept_mapped_final,V2,https://www.checkatrade.com/sitemap/locations/London/D,london_trade_sitemap,2026-09-05,London A-Z trade/service sitemap.,London
Checkatrade,Doors Supply,Doors Supply,"Doors, Windows & Glazing",Doors Supply,kept_mapped_final,V2,https://www.checkatrade.com/sitemap/locations/London/D,london_trade_sitemap,2026-09-05,London A-Z trade/service sitemap.,London
Checkatrade,Dormer / Roof Windows,Dormer / Roof Windows,Roofing Services,Dormer / Roof Windows,kept_mapped_final,V2,https://www.checkatrade.com/sitemap/locations/London/D,london_trade_sitemap,2026-09-05,London A-Z trade/service sitemap.,London
Checkatrade,Double Glazed Windows Cost,Double Glazed Windows Cost,"Doors, Windows & Glazing",Double Glazed Windows Cost,kept_mapped_final,V2,https://www.checkatrade.com/sitemap/locations/London/A,london_trade_sitemap,2026-09-05,London A-Z trade/service sitemap.,London
Checkatrade,Double Glazing Installation,Double Glazing Installation,Windows & Glazing,Double Glazing,kept_mapped,V2,https://www.checkatrade.com/sitemap/locations/London/D,london_trade_sitemap,2026-09-05,London A-Z trade/service sitemap.,London
Checkatrade,Double Glazing Repair,Double Glazing Repair,Windows & Glazing,Double Glazing,kept_mapped,V2,https://www.checkatrade.com/sitemap/locations/London/D,london_trade_sitemap,2026-09-05,London A-Z trade/service sitemap.,London
Checkatrade,Download app,Download app,Excluded,Download app,excluded,V2,https://www.checkatrade.com/sitemap/locations/London/A,london_trade_sitemap,2026-09-05,London A-Z trade/service sitemap.,London
Checkatrade,Drain / Sewer Clearance,Drain / Sewer Clearance,Waste Services,General Clearance,kept_mapped,V2,https://www.checkatrade.com/sitemap/locations/London/D,london_trade_sitemap,2026-09-05,London A-Z trade/service sitemap.,London
Checkatrade,Drain Installation,Drain Installation,Plumbing & Drainage Services,Drain Installation,kept_mapped_final,V2,https://www.checkatrade.com/sitemap/locations/London/D,london_trade_sitemap,2026-09-05,London A-Z trade/service sitemap.,London
Checkatrade,Drain Relining,Drain Relining,Plumbing & Drainage Services,Drain Relining,kept_mapped_final,V2,https://www.checkatrade.com/sitemap/locations/London/D,london_trade_sitemap,2026-09-05,London A-Z trade/service sitemap.,London
Checkatrade,Drain Repair,Drain Repair,Plumbing Services,Drain Repair,kept_mapped,V2,https://www.checkatrade.com/sitemap/locations/London/D,london_trade_sitemap,2026-09-05,London A-Z trade/service sitemap.,London
Checkatrade,Drainage Investigation,Drainage Investigation,Other Services / Unclassified,Drainage Investigation,kept_unclassified,V2,https://www.checkatrade.com/sitemap/locations/London/D,london_trade_sitemap,2026-09-05,London A-Z trade/service sitemap.,London
Checkatrade,Draught Proofing,Draught Proofing,Roofing Services,General Roofing,kept_mapped,V2,https://www.checkatrade.com/sitemap/locations/London/D,london_trade_sitemap,2026-09-05,London A-Z trade/service sitemap.,London
Checkatrade,Driveway / Patio Design,Driveway / Patio Design,"Driveways, Paving & Surfacing",Driveway / Patio Design,kept_mapped_final,V2,https://www.checkatrade.com/sitemap/locations/London/D,london_trade_sitemap,2026-09-05,London A-Z trade/service sitemap.,London
Checkatrade,Driveway Cleaning,Driveway Cleaning,Cleaning Services,General Cleaning,kept_mapped,V2,https://www.checkatrade.com/sitemap/locations/London/A,london_trade_sitemap,2026-09-05,London A-Z trade/service sitemap.,London
Checkatrade,Driveway Cleaning / Patio Cleaning,Driveway Cleaning / Patio Cleaning,Cleaning Services,General Cleaning,kept_mapped,V2,https://www.checkatrade.com/sitemap/locations/London/D,london_trade_sitemap,2026-09-05,London A-Z trade/service sitemap.,London
Checkatrade,Driveway Cleaning / Sealing,Driveway Cleaning / Sealing,Cleaning Services,General Cleaning,kept_mapped,V2,https://www.checkatrade.com/sitemap/locations/London/D,london_trade_sitemap,2026-09-05,London A-Z trade/service sitemap.,London
Checkatrade,Driveway Repair,Driveway Repair,Driveways & Paving,Driveway Repair,kept_mapped,V2,https://www.checkatrade.com/sitemap/locations/London/D,london_trade_sitemap,2026-09-05,London A-Z trade/service sitemap.,London
Checkatrade,Driveways / Patios / Paths,Driveways / Patios / Paths,Other Services / Unclassified,Driveways / Patios / Paths,kept_unclassified,V2,https://www.checkatrade.com/sitemap/locations/London/D,london_trade_sitemap,2026-09-05,London A-Z trade/service sitemap.,London
Checkatrade,Drone Aerial Roof & Building Surveying,Drone Aerial Roof & Building Surveying,"TV, Aerial & Audio Visual Services",Drone Aerial Roof & Building Surveying,kept_mapped_final,V2,https://www.checkatrade.com/sitemap/locations/London/D,london_trade_sitemap,2026-09-05,London A-Z trade/service sitemap.,London
Checkatrade,Drone Roof Inspection,Drone Roof Inspection,Roofing Services,Drone Roof Inspection,kept_mapped_final,V2,https://www.checkatrade.com/sitemap/locations/London/D,london_trade_sitemap,2026-09-05,London A-Z trade/service sitemap.,London
Checkatrade,Drone Surveying,Drone Surveying,"Architecture, Surveying & Planning",Drone Surveying,kept_mapped_final,V2,https://www.checkatrade.com/sitemap/locations/London/D,london_trade_sitemap,2026-09-05,London A-Z trade/service sitemap.,London
Checkatrade,Drop Ceiling Installation,Drop Ceiling Installation,Ceiling & Interior Finishes,General Ceiling Services,kept_mapped,V2,https://www.checkatrade.com/sitemap/locations/London/D,london_trade_sitemap,2026-09-05,London A-Z trade/service sitemap.,London
Checkatrade,Drop Ceiling Repair,Drop Ceiling Repair,Ceiling & Interior Finishes,Ceiling Repair,kept_mapped,V2,https://www.checkatrade.com/sitemap/locations/London/D,london_trade_sitemap,2026-09-05,London A-Z trade/service sitemap.,London
Checkatrade,Drop Kerbs,Drop Kerbs,"Driveways, Paving & Surfacing",Dropped Kerb Installation,kept_mapped_final,V2,https://www.checkatrade.com/sitemap/locations/London/D,london_trade_sitemap,2026-09-05,London A-Z trade/service sitemap.,London
Checkatrade,Dry Cleaning,Dry Cleaning,Cleaning Services,General Cleaning,kept_mapped,V2,https://www.checkatrade.com/sitemap/locations/London/D,london_trade_sitemap,2026-09-05,London A-Z trade/service sitemap.,London
Checkatrade,Dry Lining,Dry Lining,Ceiling & Interior Finishes,Dry Lining,kept_mapped,V2,https://www.checkatrade.com/sitemap/locations/London/D,london_trade_sitemap,2026-09-05,London A-Z trade/service sitemap.,London
Checkatrade,Dry Ridge Installation,Dry Ridge Installation,Roofing Services,Dry Ridge Installation,kept_mapped_final,V2,https://www.checkatrade.com/sitemap/locations/London/D,london_trade_sitemap,2026-09-05,London A-Z trade/service sitemap.,London
Checkatrade,Dry Ridge Repair,Dry Ridge Repair,Roofing Services,Dry Ridge Repair,kept_mapped_final,V2,https://www.checkatrade.com/sitemap/locations/London/D,london_trade_sitemap,2026-09-05,London A-Z trade/service sitemap.,London
Checkatrade,Dry Rot Treatment,Dry Rot Treatment,"Damp, Waterproofing & Restoration",Dry Rot Treatment,kept_mapped_final,V2,https://www.checkatrade.com/sitemap/locations/London/D,london_trade_sitemap,2026-09-05,London A-Z trade/service sitemap.,London
Checkatrade,Dry Stone Walling,Dry Stone Walling,Stone & Masonry Services,Dry Stone Walling,kept_mapped_final,V2,https://www.checkatrade.com/sitemap/locations/London/D,london_trade_sitemap,2026-09-05,London A-Z trade/service sitemap.,London
Checkatrade,Dry Verge Installation,Dry Verge Installation,Roofing Services,Dry Verge Installation,kept_mapped_final,V2,https://www.checkatrade.com/sitemap/locations/London/D,london_trade_sitemap,2026-09-05,London A-Z trade/service sitemap.,London
Checkatrade,Dry Verge Repair,Dry Verge Repair,Roofing Services,Dry Verge Repair,kept_mapped_final,V2,https://www.checkatrade.com/sitemap/locations/London/D,london_trade_sitemap,2026-09-05,London A-Z trade/service sitemap.,London
Checkatrade,Dust / Fume Extraction,Dust / Fume Extraction,Other Services / Unclassified,Dust / Fume Extraction,kept_unclassified,V2,https://www.checkatrade.com/sitemap/locations/London/D,london_trade_sitemap,2026-09-05,London A-Z trade/service sitemap.,London
Checkatrade,EPOS,EPOS,IT Support & Device Services,EPOS Services,kept_mapped_final,V2,https://www.checkatrade.com/sitemap/locations/London/E,london_trade_sitemap,2026-09-05,London A-Z trade/service sitemap.,London
Checkatrade,EV Charger Installation Only,EV Charger Installation Only,Electrical Services,EV Charger Installation Only,kept_mapped_final,V2,https://www.checkatrade.com/sitemap/locations/London/E,london_trade_sitemap,2026-09-05,London A-Z trade/service sitemap.,London
Checkatrade,EV Charger Repair,EV Charger Repair,Electrical Services,EV Charger Repair,kept_mapped_final,V2,https://www.checkatrade.com/sitemap/locations/London/E,london_trade_sitemap,2026-09-05,London A-Z trade/service sitemap.,London
Checkatrade,EV Charger Supply and Install,EV Charger Supply and Install,Electrical Services,EV Charger Supply and Install,kept_mapped_final,V2,https://www.checkatrade.com/sitemap/locations/London/E,london_trade_sitemap,2026-09-05,London A-Z trade/service sitemap.,London
Checkatrade,Eco Builders,Eco Builders,Building & Construction,General Building,kept_mapped,V2,https://www.checkatrade.com/sitemap/locations/London/E,london_trade_sitemap,2026-09-05,London A-Z trade/service sitemap.,London
Checkatrade,Electric / Remote Blinds,Electric / Remote Blinds,Blinds & Shutters,General Blinds & Shutters,kept_mapped,V2,https://www.checkatrade.com/sitemap/locations/London/E,london_trade_sitemap,2026-09-05,London A-Z trade/service sitemap.,London
Checkatrade,Electric Boiler Installation,Electric Boiler Installation,Heating & Boiler Services,Boiler Installation,kept_mapped,V2,https://www.checkatrade.com/sitemap/locations/London/E,london_trade_sitemap,2026-09-05,London A-Z trade/service sitemap.,London
Checkatrade,Electric Boiler Servicing / Repair,Electric Boiler Servicing / Repair,Heating & Boiler Services,Boiler Servicing,kept_mapped,V2,https://www.checkatrade.com/sitemap/locations/London/E,london_trade_sitemap,2026-09-05,London A-Z trade/service sitemap.,London
Checkatrade,Electric Cooker Installer,Electric Cooker Installer,Electrical Services,Electric Cooker Installer,kept_mapped_final,V2,https://www.checkatrade.com/sitemap/locations/London/A,london_trade_sitemap,2026-09-05,London A-Z trade/service sitemap.,London
Checkatrade,Electric Cookers,Electric Cookers,Electrical Services,Electric Cooker Services,kept_mapped_final,V2,https://www.checkatrade.com/sitemap/locations/London/E,london_trade_sitemap,2026-09-05,London A-Z trade/service sitemap.,London
Checkatrade,Electric Garage Door Installation,Electric Garage Door Installation,Doors & Door Services,Garage Door Installation,kept_mapped,V2,https://www.checkatrade.com/sitemap/locations/London/E,london_trade_sitemap,2026-09-05,London A-Z trade/service sitemap.,London
Checkatrade,Electric Garage Door Repair,Electric Garage Door Repair,Doors & Door Services,Garage Door Repair,kept_mapped,V2,https://www.checkatrade.com/sitemap/locations/London/E,london_trade_sitemap,2026-09-05,London A-Z trade/service sitemap.,London
Checkatrade,Electric Gate Installation,Electric Gate Installation,"Fencing, Gates & Outdoor Structures",Electric Gate Installation,kept_mapped_final,V2,https://www.checkatrade.com/sitemap/locations/London/E,london_trade_sitemap,2026-09-05,London A-Z trade/service sitemap.,London
Checkatrade,Electric Gate Repair,Electric Gate Repair,Fencing & Gates,Gate Repair,kept_mapped,V2,https://www.checkatrade.com/sitemap/locations/London/E,london_trade_sitemap,2026-09-05,London A-Z trade/service sitemap.,London
Checkatrade,Electric Gate Supplier,Electric Gate Supplier,"Fencing, Gates & Outdoor Structures",Electric Gate Supplier,kept_mapped_final,V2,https://www.checkatrade.com/sitemap/locations/London/E,london_trade_sitemap,2026-09-05,London A-Z trade/service sitemap.,London
Checkatrade,Electric Gate Wiring,Electric Gate Wiring,"Fencing, Gates & Outdoor Structures",Electric Gate Wiring,kept_mapped_final,V2,https://www.checkatrade.com/sitemap/locations/London/E,london_trade_sitemap,2026-09-05,London A-Z trade/service sitemap.,London
Checkatrade,Electric Heating,Electric Heating,"Heating, Boiler & Gas Services",Electric Heating,kept_mapped_final,V2,https://www.checkatrade.com/sitemap/locations/London/E,london_trade_sitemap,2026-09-05,London A-Z trade/service sitemap.,London
Checkatrade,Electric Oven / Cooker Repair,Electric Oven / Cooker Repair,Appliance & Equipment Services,Electric Oven / Cooker Repair,kept_mapped_final,V2,https://www.checkatrade.com/sitemap/locations/London/E,london_trade_sitemap,2026-09-05,London A-Z trade/service sitemap.,London
Checkatrade,Electric Radiators,Electric Radiators,Electrical Services,Electric Radiators,kept_mapped_final,V2,https://www.checkatrade.com/sitemap/locations/London/E,london_trade_sitemap,2026-09-05,London A-Z trade/service sitemap.,London
Checkatrade,Electric Range Cookers,Electric Range Cookers,Electrical Services,Electric Range Cookers,kept_mapped_final,V2,https://www.checkatrade.com/sitemap/locations/London/E,london_trade_sitemap,2026-09-05,London A-Z trade/service sitemap.,London
Checkatrade,Electric Showers,Electric Showers,Electrical Services,Electric Shower Services,kept_mapped_final,V2,https://www.checkatrade.com/sitemap/locations/London/E,london_trade_sitemap,2026-09-05,London A-Z trade/service sitemap.,London
Checkatrade,Electric Smart Thermostats,Electric Smart Thermostats,Electrical Services,Smart Thermostat Installation,kept_mapped_final,V2,https://www.checkatrade.com/sitemap/locations/London/E,london_trade_sitemap,2026-09-05,London A-Z trade/service sitemap.,London
Checkatrade,Electric Sockets,Electric Sockets,Electrical Services,Socket Services,kept_mapped_final,V2,https://www.checkatrade.com/sitemap/locations/London/E,london_trade_sitemap,2026-09-05,London A-Z trade/service sitemap.,London
Checkatrade,Electric Stoves,Electric Stoves,"Heating, Boiler & Gas Services",Electric Stove Services,kept_mapped_final,V2,https://www.checkatrade.com/sitemap/locations/London/E,london_trade_sitemap,2026-09-05,London A-Z trade/service sitemap.,London
Checkatrade,Electric Vehicle Charger Installation,Electric Vehicle Charger Installation,Electrical Services,EV Charger Installation,kept_mapped_final,V2,https://www.checkatrade.com/sitemap/locations/London/E,london_trade_sitemap,2026-09-05,London A-Z trade/service sitemap.,London
Checkatrade,Electrical Contractors,Electrical Contractors,Electrical Services,Electrical Contractors,kept_mapped_final,V2,https://www.checkatrade.com/sitemap/locations/London/E,london_trade_sitemap,2026-09-05,London A-Z trade/service sitemap.,London
Checkatrade,Electrical Heater Repair,Electrical Heater Repair,Electrical Services,Electrical Heater Repair,kept_mapped_final,V2,https://www.checkatrade.com/sitemap/locations/London/E,london_trade_sitemap,2026-09-05,London A-Z trade/service sitemap.,London
Checkatrade,Electrical Installation Condition Report - Safety Checks - EICR,Electrical Installation Condition Report - Safety Checks - EICR,Electrical Services,Electrical Inspection & EICR,kept_mapped,V2,https://www.checkatrade.com/sitemap/locations/London/E,london_trade_sitemap,2026-09-05,London A-Z trade/service sitemap.,London
Checkatrade,Electrical Safety Certificate Cost,Electrical Safety Certificate Cost,Electrical Services,Electrical Safety Certificate Cost,kept_mapped_final,V2,https://www.checkatrade.com/sitemap/locations/London/A,london_trade_sitemap,2026-09-05,London A-Z trade/service sitemap.,London
Checkatrade,Electrical Under Floor Heating Installation,Electrical Under Floor Heating Installation,Electrical Services,Electrical Under Floor Heating Installation,kept_mapped_final,V2,https://www.checkatrade.com/sitemap/locations/London/E,london_trade_sitemap,2026-09-05,London A-Z trade/service sitemap.,London
Checkatrade,Electrical Under Floor Heating Repair,Electrical Under Floor Heating Repair,Electrical Services,Electrical Under Floor Heating Repair,kept_mapped_final,V2,https://www.checkatrade.com/sitemap/locations/London/E,london_trade_sitemap,2026-09-05,London A-Z trade/service sitemap.,London
Checkatrade,Electrician,Electrician,Electrical Services,General Electrical Services,kept_mapped,V2,https://www.checkatrade.com/sitemap/locations/London/E,london_trade_sitemap,2026-09-05,London A-Z trade/service sitemap.,London
Checkatrade,Electricians,Electricians,Electrical Services,General Electrical Services,kept_mapped,V2,https://www.checkatrade.com/sitemap/locations/London/A,london_trade_sitemap,2026-09-05,London A-Z trade/service sitemap.,London
Checkatrade,Eligibility Criteria and T&C’s apply,Eligibility Criteria and T&C’s apply,Excluded,Eligibility Criteria and T&C’s apply,excluded,V1,https://join.checkatrade.com/what-you-get/,public_category_page,2026-08-22,Checkatrade public category/onboarding page.,
Checkatrade,Emergency / Fire / Flood Cleaning,Emergency / Fire / Flood Cleaning,Cleaning Services,General Cleaning,kept_mapped,V2,https://www.checkatrade.com/sitemap/locations/London/E,london_trade_sitemap,2026-09-05,London A-Z trade/service sitemap.,London
Checkatrade,Emergency Air Conditioning Service,Emergency Air Conditioning Service,Air Conditioning & Ventilation,Air Conditioning Servicing,kept_mapped,V2,https://www.checkatrade.com/sitemap/locations/London/E,london_trade_sitemap,2026-09-05,London A-Z trade/service sitemap.,London
Checkatrade,Emergency Alarms / Security Service,Emergency Alarms / Security Service,Security & Alarm Services,Emergency Alarms / Security Service,kept_mapped_final,V2,https://www.checkatrade.com/sitemap/locations/London/E,london_trade_sitemap,2026-09-05,London A-Z trade/service sitemap.,London
Checkatrade,Emergency Appliance Services / Repair Service,Emergency Appliance Services / Repair Service,Appliance & Equipment Services,Emergency Appliance Services / Repair Service,kept_mapped_final,V2,https://www.checkatrade.com/sitemap/locations/London/E,london_trade_sitemap,2026-09-05,London A-Z trade/service sitemap.,London
Checkatrade,Emergency Asbestos Service,Emergency Asbestos Service,Asbestos & Hazardous Material Services,Asbestos Services,kept_mapped_final,V2,https://www.checkatrade.com/sitemap/locations/London/E,london_trade_sitemap,2026-09-05,London A-Z trade/service sitemap.,London
Checkatrade,Emergency Bathroom Service,Emergency Bathroom Service,Bathroom Services,Emergency Bathroom Service,kept_mapped_final,V2,https://www.checkatrade.com/sitemap/locations/London/E,london_trade_sitemap,2026-09-05,London A-Z trade/service sitemap.,London
Checkatrade,Emergency Bricklayer Service,Emergency Bricklayer Service,Building & Construction,Bricklaying,kept_mapped,V2,https://www.checkatrade.com/sitemap/locations/London/E,london_trade_sitemap,2026-09-05,London A-Z trade/service sitemap.,London
Checkatrade,Emergency Builder Service,Emergency Builder Service,Building & Construction,General Building,kept_mapped,V2,https://www.checkatrade.com/sitemap/locations/London/E,london_trade_sitemap,2026-09-05,London A-Z trade/service sitemap.,London
Checkatrade,Emergency Carpenter Service,Emergency Carpenter Service,Carpentry & Joinery,General Carpentry & Joinery,kept_mapped,V2,https://www.checkatrade.com/sitemap/locations/London/E,london_trade_sitemap,2026-09-05,London A-Z trade/service sitemap.,London
Checkatrade,Emergency Carpet and Upholstery Cleaning Service,Emergency Carpet and Upholstery Cleaning Service,Cleaning Services,General Cleaning,kept_mapped,V2,https://www.checkatrade.com/sitemap/locations/London/E,london_trade_sitemap,2026-09-05,London A-Z trade/service sitemap.,London
Checkatrade,Emergency Carpets / Flooring Service,Emergency Carpets / Flooring Service,Flooring,General Flooring,kept_mapped,V2,https://www.checkatrade.com/sitemap/locations/London/E,london_trade_sitemap,2026-09-05,London A-Z trade/service sitemap.,London
Checkatrade,Emergency Central Heating Repair,Emergency Central Heating Repair,Heating & Boiler Services,Central Heating Repair,kept_mapped,V2,https://www.checkatrade.com/sitemap/locations/London/E,london_trade_sitemap,2026-09-05,London A-Z trade/service sitemap.,London
Checkatrade,Emergency Chimney Sweep Service,Emergency Chimney Sweep Service,Chimney Services,Chimney Sweeping,kept_mapped,V2,https://www.checkatrade.com/sitemap/locations/London/E,london_trade_sitemap,2026-09-05,London A-Z trade/service sitemap.,London
Checkatrade,Emergency Cleaning Service,Emergency Cleaning Service,Cleaning Services,General Cleaning,kept_mapped,V2,https://www.checkatrade.com/sitemap/locations/London/E,london_trade_sitemap,2026-09-05,London A-Z trade/service sitemap.,London
Checkatrade,Emergency Curtains / Blinds / Shutters Service,Emergency Curtains / Blinds / Shutters Service,Blinds & Shutters,General Blinds & Shutters,kept_mapped,V2,https://www.checkatrade.com/sitemap/locations/London/E,london_trade_sitemap,2026-09-05,London A-Z trade/service sitemap.,London
Checkatrade,Emergency Damp Proofing Service,Emergency Damp Proofing Service,Roofing Services,General Roofing,kept_mapped,V2,https://www.checkatrade.com/sitemap/locations/London/E,london_trade_sitemap,2026-09-05,London A-Z trade/service sitemap.,London
Checkatrade,Emergency Drain / Sewer Clearance Service,Emergency Drain / Sewer Clearance Service,Waste Services,General Clearance,kept_mapped,V2,https://www.checkatrade.com/sitemap/locations/London/E,london_trade_sitemap,2026-09-05,London A-Z trade/service sitemap.,London
Checkatrade,Emergency Driveways / Patios / Paths Service,Emergency Driveways / Patios / Paths Service,Other Services / Unclassified,Emergency Driveways / Patios / Paths Service,kept_unclassified,V2,https://www.checkatrade.com/sitemap/locations/London/E,london_trade_sitemap,2026-09-05,London A-Z trade/service sitemap.,London
Checkatrade,Emergency Electrician Service,Emergency Electrician Service,Electrical Services,Emergency Electrical,kept_mapped,V2,https://www.checkatrade.com/sitemap/locations/London/E,london_trade_sitemap,2026-09-05,London A-Z trade/service sitemap.,London
Checkatrade,Emergency Fascia / Soffits / Guttering Service,Emergency Fascia / Soffits / Guttering Service,Roofing Services,Fascia & Soffit Services,kept_mapped,V2,https://www.checkatrade.com/sitemap/locations/London/E,london_trade_sitemap,2026-09-05,London A-Z trade/service sitemap.,London
Checkatrade,Emergency Fencing / Gate Service,Emergency Fencing / Gate Service,Fencing & Gates,General Fencing,kept_mapped,V2,https://www.checkatrade.com/sitemap/locations/London/E,london_trade_sitemap,2026-09-05,London A-Z trade/service sitemap.,London
Checkatrade,Emergency Fireplaces / Stove Service,Emergency Fireplaces / Stove Service,"Heating, Boiler & Gas Services",Emergency Fireplaces / Stove Service,kept_mapped_final,V2,https://www.checkatrade.com/sitemap/locations/London/E,london_trade_sitemap,2026-09-05,London A-Z trade/service sitemap.,London
Checkatrade,Emergency Furniture Repair / Restoration Service,Emergency Furniture Repair / Restoration Service,Furniture Services,Furniture Repair,kept_mapped,V2,https://www.checkatrade.com/sitemap/locations/London/E,london_trade_sitemap,2026-09-05,London A-Z trade/service sitemap.,London
Checkatrade,Emergency Garage / Vehicle Service,Emergency Garage / Vehicle Service,Vehicle Services,Vehicle Servicing,kept_mapped,V2,https://www.checkatrade.com/sitemap/locations/London/E,london_trade_sitemap,2026-09-05,London A-Z trade/service sitemap.,London
Checkatrade,Emergency Garage Door Service,Emergency Garage Door Service,"Doors, Windows & Glazing",Emergency Garage Door Service,kept_mapped_final,V2,https://www.checkatrade.com/sitemap/locations/London/E,london_trade_sitemap,2026-09-05,London A-Z trade/service sitemap.,London
Checkatrade,Emergency Garden Service,Emergency Garden Service,Gardening & Landscaping,General Gardening,kept_mapped,V2,https://www.checkatrade.com/sitemap/locations/London/E,london_trade_sitemap,2026-09-05,London A-Z trade/service sitemap.,London
Checkatrade,Emergency Gas boiler repair,Emergency Gas boiler repair,Heating & Boiler Services,Boiler Repair,kept_mapped,V2,https://www.checkatrade.com/sitemap/locations/London/E,london_trade_sitemap,2026-09-05,London A-Z trade/service sitemap.,London
Checkatrade,Emergency Groundwork Service,Emergency Groundwork Service,"Groundworks, Excavation & Plant Hire",Groundworks,kept_mapped_final,V2,https://www.checkatrade.com/sitemap/locations/London/E,london_trade_sitemap,2026-09-05,London A-Z trade/service sitemap.,London
Checkatrade,Emergency Handyman Service,Emergency Handyman Service,"Handyman, Assembly & Mounting",Emergency Handyman,kept_mapped_final,V2,https://www.checkatrade.com/sitemap/locations/London/E,london_trade_sitemap,2026-09-05,London A-Z trade/service sitemap.,London
Checkatrade,Emergency Hire Service,Emergency Hire Service,Hire & Access Equipment,Emergency Hire Service,kept_mapped_final,V2,https://www.checkatrade.com/sitemap/locations/London/E,london_trade_sitemap,2026-09-05,London A-Z trade/service sitemap.,London
Checkatrade,Emergency Home Automation / Media Service,Emergency Home Automation / Media Service,Smart Home & Automation,Home Automation,kept_mapped,V2,https://www.checkatrade.com/sitemap/locations/London/E,london_trade_sitemap,2026-09-05,London A-Z trade/service sitemap.,London
Checkatrade,Emergency Household Water Treatment Service,Emergency Household Water Treatment Service,"Water Treatment, Tanks & Pumps",Household Water Treatment,kept_mapped_final,V2,https://www.checkatrade.com/sitemap/locations/London/E,london_trade_sitemap,2026-09-05,London A-Z trade/service sitemap.,London
Checkatrade,Emergency IT and Consultancy Service,Emergency IT and Consultancy Service,IT Support & Device Services,IT Consultancy,kept_mapped_final,V2,https://www.checkatrade.com/sitemap/locations/London/E,london_trade_sitemap,2026-09-05,London A-Z trade/service sitemap.,London
Checkatrade,Emergency Kitchen Service,Emergency Kitchen Service,Kitchen Services,Emergency Kitchen Service,kept_mapped_final,V2,https://www.checkatrade.com/sitemap/locations/London/E,london_trade_sitemap,2026-09-05,London A-Z trade/service sitemap.,London
Checkatrade,Emergency Landlord Service,Emergency Landlord Service,"Property, Landlord & Estate Services",Emergency Landlord Service,kept_mapped_final,V2,https://www.checkatrade.com/sitemap/locations/London/E,london_trade_sitemap,2026-09-05,London A-Z trade/service sitemap.,London
Checkatrade,Emergency Lighting,Emergency Lighting,Electrical Services,Emergency Lighting,kept_mapped_final,V2,https://www.checkatrade.com/sitemap/locations/London/E,london_trade_sitemap,2026-09-05,London A-Z trade/service sitemap.,London
Checkatrade,Emergency Locksmith Service,Emergency Locksmith Service,Locksmith Services,Emergency Locksmith,kept_mapped,V2,https://www.checkatrade.com/sitemap/locations/London/E,london_trade_sitemap,2026-09-05,London A-Z trade/service sitemap.,London
Checkatrade,Emergency Metalwork / Blacksmith Service,Emergency Metalwork / Blacksmith Service,Metalwork & Fabrication,Emergency Metalwork / Blacksmith Service,kept_mapped_final,V2,https://www.checkatrade.com/sitemap/locations/London/E,london_trade_sitemap,2026-09-05,London A-Z trade/service sitemap.,London
Checkatrade,Emergency Miscellaneous Service,Emergency Miscellaneous Service,Other Services / Unclassified,Emergency Miscellaneous Service,kept_unclassified,V2,https://www.checkatrade.com/sitemap/locations/London/E,london_trade_sitemap,2026-09-05,London A-Z trade/service sitemap.,London
Checkatrade,Emergency Mobility Service,Emergency Mobility Service,Accessibility & Mobility Services,Emergency Mobility Service,kept_mapped_final,V2,https://www.checkatrade.com/sitemap/locations/London/E,london_trade_sitemap,2026-09-05,London A-Z trade/service sitemap.,London
Checkatrade,Emergency Pest / Vermin Control Service,Emergency Pest / Vermin Control Service,Other Services / Unclassified,Emergency Pest / Vermin Control Service,kept_unclassified,V2,https://www.checkatrade.com/sitemap/locations/London/E,london_trade_sitemap,2026-09-05,London A-Z trade/service sitemap.,London
Checkatrade,Emergency Plumber Service,Emergency Plumber Service,Plumbing Services,Emergency Plumbing,kept_mapped,V2,https://www.checkatrade.com/sitemap/locations/London/E,london_trade_sitemap,2026-09-05,London A-Z trade/service sitemap.,London
Checkatrade,Emergency Plumbers,Emergency Plumbers,Plumbing Services,Emergency Plumbing,kept_mapped,V2,https://www.checkatrade.com/sitemap/locations/London/A,london_trade_sitemap,2026-09-05,London A-Z trade/service sitemap.,London
Checkatrade,Emergency Removals / Storage Service,Emergency Removals / Storage Service,Removals & Moving,General Removals,kept_mapped,V2,https://www.checkatrade.com/sitemap/locations/London/E,london_trade_sitemap,2026-09-05,London A-Z trade/service sitemap.,London
Checkatrade,Emergency Renewable Energy Service,Emergency Renewable Energy Service,Renewable Energy & Insulation,Emergency Renewable Energy Service,kept_mapped_final,V2,https://www.checkatrade.com/sitemap/locations/London/E,london_trade_sitemap,2026-09-05,London A-Z trade/service sitemap.,London
Checkatrade,Emergency Roofing Service,Emergency Roofing Service,Roofing Services,General Roofing,kept_mapped,V2,https://www.checkatrade.com/sitemap/locations/London/E,london_trade_sitemap,2026-09-05,London A-Z trade/service sitemap.,London
Checkatrade,Emergency Rubbish / Waste / Clearance Service,Emergency Rubbish / Waste / Clearance Service,Waste Services,General Clearance,kept_mapped,V2,https://www.checkatrade.com/sitemap/locations/London/E,london_trade_sitemap,2026-09-05,London A-Z trade/service sitemap.,London
Checkatrade,Emergency Scaffolder Service,Emergency Scaffolder Service,Scaffolding Services,Emergency Scaffolding,kept_mapped_final,V2,https://www.checkatrade.com/sitemap/locations/London/E,london_trade_sitemap,2026-09-05,London A-Z trade/service sitemap.,London
Checkatrade,Emergency Stonemason Service,Emergency Stonemason Service,Stone & Masonry Services,Stonemasonry,kept_mapped_final,V2,https://www.checkatrade.com/sitemap/locations/London/E,london_trade_sitemap,2026-09-05,London A-Z trade/service sitemap.,London
Checkatrade,Emergency Surface Repair Service,Emergency Surface Repair Service,Surface Treatment & Specialist Coatings,Emergency Surface Repair Service,kept_mapped_final,V2,https://www.checkatrade.com/sitemap/locations/London/E,london_trade_sitemap,2026-09-05,London A-Z trade/service sitemap.,London
Checkatrade,Emergency Swimming Pool Service,Emergency Swimming Pool Service,Pool & Hot Tub Services,Swimming Pool Services,kept_mapped,V2,https://www.checkatrade.com/sitemap/locations/London/E,london_trade_sitemap,2026-09-05,London A-Z trade/service sitemap.,London
Checkatrade,Emergency TV Aerials / Satellite Service,Emergency TV Aerials / Satellite Service,"TV, Aerial & Audio Visual Services",Emergency TV Aerials / Satellite Service,kept_mapped_final,V2,https://www.checkatrade.com/sitemap/locations/London/E,london_trade_sitemap,2026-09-05,London A-Z trade/service sitemap.,London
Checkatrade,Emergency Telecommunication Service,Emergency Telecommunication Service,Other Services / Unclassified,Emergency Telecommunication Service,kept_unclassified,V2,https://www.checkatrade.com/sitemap/locations/London/E,london_trade_sitemap,2026-09-05,London A-Z trade/service sitemap.,London
Checkatrade,Emergency Tiling Service,Emergency Tiling Service,Tiling,General Tiling,kept_mapped,V2,https://www.checkatrade.com/sitemap/locations/London/E,london_trade_sitemap,2026-09-05,London A-Z trade/service sitemap.,London
Checkatrade,Emergency Towing / Transportation Service,Emergency Towing / Transportation Service,Vehicle Services,Emergency Towing / Transportation Service,kept_mapped_final,V2,https://www.checkatrade.com/sitemap/locations/London/E,london_trade_sitemap,2026-09-05,London A-Z trade/service sitemap.,London
Checkatrade,Emergency Transport Service,Emergency Transport Service,"Removals, Delivery & Courier Services",Emergency Transport Service,kept_mapped_final,V2,https://www.checkatrade.com/sitemap/locations/London/E,london_trade_sitemap,2026-09-05,London A-Z trade/service sitemap.,London
Checkatrade,Emergency Tree Surgeon Service,Emergency Tree Surgeon Service,Gardening & Landscaping,Tree Surgery,kept_mapped,V2,https://www.checkatrade.com/sitemap/locations/London/E,london_trade_sitemap,2026-09-05,London A-Z trade/service sitemap.,London
Checkatrade,Emergency Weather Coating Service,Emergency Weather Coating Service,Cladding & Exterior Finishes,Weather Coating,kept_mapped_final,V2,https://www.checkatrade.com/sitemap/locations/London/E,london_trade_sitemap,2026-09-05,London A-Z trade/service sitemap.,London
Checkatrade,Emergency Window Cleaning Service,Emergency Window Cleaning Service,Cleaning Services,General Cleaning,kept_mapped,V2,https://www.checkatrade.com/sitemap/locations/London/E,london_trade_sitemap,2026-09-05,London A-Z trade/service sitemap.,London
Checkatrade,Emergency Windows / Doors / Conservatories Service,Emergency Windows / Doors / Conservatories Service,"Doors, Windows & Glazing",Emergency Windows / Doors / Conservatories Service,kept_mapped_final,V2,https://www.checkatrade.com/sitemap/locations/London/E,london_trade_sitemap,2026-09-05,London A-Z trade/service sitemap.,London
Checkatrade,End of Tenancy / Move Cleaning,End of Tenancy / Move Cleaning,Cleaning Services,General Cleaning,kept_mapped,V2,https://www.checkatrade.com/sitemap/locations/London/E,london_trade_sitemap,2026-09-05,London A-Z trade/service sitemap.,London
Checkatrade,Energy Efficient Lighting,Energy Efficient Lighting,Electrical Services,Energy Efficient Lighting,kept_mapped_final,V2,https://www.checkatrade.com/sitemap/locations/London/E,london_trade_sitemap,2026-09-05,London A-Z trade/service sitemap.,London
Checkatrade,Energy Performance Certificate,Energy Performance Certificate,Other Services / Unclassified,Energy Performance Certificate,kept_unclassified,V2,https://www.checkatrade.com/sitemap/locations/London/E,london_trade_sitemap,2026-09-05,London A-Z trade/service sitemap.,London
Checkatrade,Energy Performance Certificate - EPC,Energy Performance Certificate - EPC,Other Services / Unclassified,Energy Performance Certificate - EPC,kept_unclassified,V2,https://www.checkatrade.com/sitemap/locations/London/E,london_trade_sitemap,2026-09-05,London A-Z trade/service sitemap.,London
Checkatrade,Energy Tariff Broker,Energy Tariff Broker,Other Services / Unclassified,Energy Tariff Broker,kept_unclassified,V2,https://www.checkatrade.com/sitemap/locations/London/E,london_trade_sitemap,2026-09-05,London A-Z trade/service sitemap.,London
Checkatrade,Engine Cleaning,Engine Cleaning,Cleaning Services,General Cleaning,kept_mapped,V2,https://www.checkatrade.com/sitemap/locations/London/E,london_trade_sitemap,2026-09-05,London A-Z trade/service sitemap.,London
Checkatrade,Engine Rebuilding,Engine Rebuilding,Vehicle Services,Engine Rebuilding,kept_mapped_final,V2,https://www.checkatrade.com/sitemap/locations/London/E,london_trade_sitemap,2026-09-05,London A-Z trade/service sitemap.,London
Checkatrade,Equestrian Stable,Equestrian Stable,Gardening & Landscaping,Equestrian Stables,kept_mapped_final,V2,https://www.checkatrade.com/sitemap/locations/London/E,london_trade_sitemap,2026-09-05,London A-Z trade/service sitemap.,London
Checkatrade,Events Setting,Events Setting,Events & Wedding Services,Event Setup,kept_mapped_final,V2,https://www.checkatrade.com/sitemap/locations/London/E,london_trade_sitemap,2026-09-05,London A-Z trade/service sitemap.,London
Checkatrade,Extension Builders,Extension Builders,Building & Construction,General Building,kept_mapped,V2,https://www.checkatrade.com/sitemap/locations/London/E,london_trade_sitemap,2026-09-05,London A-Z trade/service sitemap.,London
Checkatrade,Extensions / Conversions,Extensions / Conversions,Other Services / Unclassified,Extensions / Conversions,kept_unclassified,V2,https://www.checkatrade.com/sitemap/locations/London/E,london_trade_sitemap,2026-09-05,London A-Z trade/service sitemap.,London
Checkatrade,Exterior Doors Installation,Exterior Doors Installation,Doors & Door Services,Door Installation,kept_mapped,V2,https://www.checkatrade.com/sitemap/locations/London/E,london_trade_sitemap,2026-09-05,London A-Z trade/service sitemap.,London
Checkatrade,Exterior Doors Repair,Exterior Doors Repair,Doors & Door Services,Door Repair,kept_mapped,V2,https://www.checkatrade.com/sitemap/locations/London/E,london_trade_sitemap,2026-09-05,London A-Z trade/service sitemap.,London
Checkatrade,Exterior Painting,Exterior Painting,Painting & Decorating,General Painting & Decorating,kept_mapped,V2,https://www.checkatrade.com/sitemap/locations/London/E,london_trade_sitemap,2026-09-05,London A-Z trade/service sitemap.,London
Checkatrade,External Solid Wall Insulation,External Solid Wall Insulation,Insulation Services,Wall Insulation,kept_mapped,V2,https://www.checkatrade.com/sitemap/locations/London/E,london_trade_sitemap,2026-09-05,London A-Z trade/service sitemap.,London
Checkatrade,Extractor Fans,Extractor Fans,Other Services / Unclassified,Extractor Fans,kept_unclassified,V2,https://www.checkatrade.com/sitemap/locations/London/E,london_trade_sitemap,2026-09-05,London A-Z trade/service sitemap.,London
Checkatrade,Farm Fencing,Farm Fencing,Fencing & Gates,General Fencing,kept_mapped,V2,https://www.checkatrade.com/sitemap/locations/London/F,london_trade_sitemap,2026-09-05,London A-Z trade/service sitemap.,London
Checkatrade,Farm Gate,Farm Gate,Agricultural & Rural Services,Farm Gate,kept_mapped_final,V2,https://www.checkatrade.com/sitemap/locations/London/F,london_trade_sitemap,2026-09-05,London A-Z trade/service sitemap.,London
Checkatrade,Farm Shed Builders,Farm Shed Builders,Building & Construction,General Building,kept_mapped,V2,https://www.checkatrade.com/sitemap/locations/London/F,london_trade_sitemap,2026-09-05,London A-Z trade/service sitemap.,London
Checkatrade,Fascia / Soffits / Guttering,Fascia / Soffits / Guttering,Roofing Services,Fascia & Soffit Services,kept_mapped,V2,https://www.checkatrade.com/sitemap/locations/London/F,london_trade_sitemap,2026-09-05,London A-Z trade/service sitemap.,London
Checkatrade,Fascia / Soffits Repair,Fascia / Soffits Repair,Roofing Services,Fascia & Soffit Services,kept_mapped,V2,https://www.checkatrade.com/sitemap/locations/London/F,london_trade_sitemap,2026-09-05,London A-Z trade/service sitemap.,London
Checkatrade,Fascia / Soffits Replacement,Fascia / Soffits Replacement,Roofing Services,Fascia & Soffit Services,kept_mapped,V2,https://www.checkatrade.com/sitemap/locations/London/F,london_trade_sitemap,2026-09-05,London A-Z trade/service sitemap.,London
Checkatrade,Fault Finding,Fault Finding,Electrical Services,Electrical Fault Finding,kept_mapped_final,V2,https://www.checkatrade.com/sitemap/locations/London/F,london_trade_sitemap,2026-09-05,London A-Z trade/service sitemap.,London
Checkatrade,"Feature your business in our national printed directories delivered in over 55,000 inserts.","Feature your business in our national printed directories delivered in over 55,000 inserts.",Excluded,"Feature your business in our national printed directories delivered in over 55,000 inserts.",excluded,V1,https://join.checkatrade.com/what-you-get/,public_category_page,2026-08-22,Checkatrade public category/onboarding page.,
Checkatrade,Felt Roofing Installation,Felt Roofing Installation,Roofing Services,General Roofing,kept_mapped,V2,https://www.checkatrade.com/sitemap/locations/London/F,london_trade_sitemap,2026-09-05,London A-Z trade/service sitemap.,London
Checkatrade,Felt Roofing Repair,Felt Roofing Repair,Roofing Services,General Roofing,kept_mapped,V2,https://www.checkatrade.com/sitemap/locations/London/F,london_trade_sitemap,2026-09-05,London A-Z trade/service sitemap.,London
Checkatrade,Fence Installation Cost,Fence Installation Cost,"Fencing, Gates & Outdoor Structures",Fence Installation Cost,kept_mapped_final,V2,https://www.checkatrade.com/sitemap/locations/London/A,london_trade_sitemap,2026-09-05,London A-Z trade/service sitemap.,London
Checkatrade,Fencing / Gates,Fencing / Gates,Fencing & Gates,General Fencing,kept_mapped,V2,https://www.checkatrade.com/sitemap/locations/London/F,london_trade_sitemap,2026-09-05,London A-Z trade/service sitemap.,London
Checkatrade,Fencing / Gates Supplier,Fencing / Gates Supplier,Fencing & Gates,General Fencing,kept_mapped,V2,https://www.checkatrade.com/sitemap/locations/London/F,london_trade_sitemap,2026-09-05,London A-Z trade/service sitemap.,London
Checkatrade,Fencing Contractor,Fencing Contractor,Fencing & Gates,General Fencing,kept_mapped,V2,https://www.checkatrade.com/sitemap/locations/London/F,london_trade_sitemap,2026-09-05,London A-Z trade/service sitemap.,London
Checkatrade,Fencing Contractors,Fencing Contractors,Fencing & Gates,General Fencing,kept_mapped,V2,https://www.checkatrade.com/sitemap/locations/London/A,london_trade_sitemap,2026-09-05,London A-Z trade/service sitemap.,London
Checkatrade,Fencing Repair / Replacement,Fencing Repair / Replacement,Fencing & Gates,Fence Repair,kept_mapped,V2,https://www.checkatrade.com/sitemap/locations/London/F,london_trade_sitemap,2026-09-05,London A-Z trade/service sitemap.,London
Checkatrade,Fibre Glass Roofing Installation,Fibre Glass Roofing Installation,Roofing Services,General Roofing,kept_mapped,V2,https://www.checkatrade.com/sitemap/locations/London/F,london_trade_sitemap,2026-09-05,London A-Z trade/service sitemap.,London
Checkatrade,Fibre Glass Roofing Repair,Fibre Glass Roofing Repair,Roofing Services,General Roofing,kept_mapped,V2,https://www.checkatrade.com/sitemap/locations/London/F,london_trade_sitemap,2026-09-05,London A-Z trade/service sitemap.,London
Checkatrade,Find a Gardener,Find a Gardener,Gardening & Landscaping,General Gardening,kept_mapped,V2,https://www.checkatrade.com/sitemap/locations/London/A,london_trade_sitemap,2026-09-05,London A-Z trade/service sitemap.,London
Checkatrade,Find a Tradesman,Find a Tradesman,Excluded,Find a Tradesman,excluded,V2,https://www.checkatrade.com/sitemap/locations/London/A,london_trade_sitemap,2026-09-05,London A-Z trade/service sitemap.,London
Checkatrade,Fire Alarm Installation,Fire Alarm Installation,Fire & Safety Systems,Fire Alarm Installation,kept_mapped,V2,https://www.checkatrade.com/sitemap/locations/London/F,london_trade_sitemap,2026-09-05,London A-Z trade/service sitemap.,London
Checkatrade,Fire Alarm Servicing,Fire Alarm Servicing,Fire & Safety Systems,General Fire Safety,kept_mapped,V2,https://www.checkatrade.com/sitemap/locations/London/F,london_trade_sitemap,2026-09-05,London A-Z trade/service sitemap.,London
Checkatrade,Fire Damage Restoration,Fire Damage Restoration,"Damp, Waterproofing & Restoration",Fire Damage Restoration,kept_mapped_final,V2,https://www.checkatrade.com/sitemap/locations/London/F,london_trade_sitemap,2026-09-05,London A-Z trade/service sitemap.,London
Checkatrade,Fire Doors Installation,Fire Doors Installation,Doors & Door Services,Door Installation,kept_mapped,V2,https://www.checkatrade.com/sitemap/locations/London/F,london_trade_sitemap,2026-09-05,London A-Z trade/service sitemap.,London
Checkatrade,Fire Doors Repair,Fire Doors Repair,Doors & Door Services,Door Repair,kept_mapped,V2,https://www.checkatrade.com/sitemap/locations/London/F,london_trade_sitemap,2026-09-05,London A-Z trade/service sitemap.,London
Checkatrade,Fire Extinguishers,Fire Extinguishers,Security & Alarm Services,Fire Extinguisher Services,kept_mapped_final,V2,https://www.checkatrade.com/sitemap/locations/London/F,london_trade_sitemap,2026-09-05,London A-Z trade/service sitemap.,London
Checkatrade,Fire Risk Assessment,Fire Risk Assessment,Security & Alarm Services,Fire Risk Assessment,kept_mapped_final,V2,https://www.checkatrade.com/sitemap/locations/London/F,london_trade_sitemap,2026-09-05,London A-Z trade/service sitemap.,London
Checkatrade,Fire and Flood Renovation,Fire and Flood Renovation,Building & Construction,Fire and Flood Renovation,kept_mapped_final,V2,https://www.checkatrade.com/sitemap/locations/London/F,london_trade_sitemap,2026-09-05,London A-Z trade/service sitemap.,London
Checkatrade,Fireplace Surround,Fireplace Surround,Chimney & Fireplace Services,Fireplace Surround,kept_mapped_final,V2,https://www.checkatrade.com/sitemap/locations/London/F,london_trade_sitemap,2026-09-05,London A-Z trade/service sitemap.,London
Checkatrade,Fireplaces,Fireplaces,"Heating, Boiler & Gas Services",Fireplaces,kept_mapped_final,V2,https://www.checkatrade.com/sitemap/locations/London/F,london_trade_sitemap,2026-09-05,London A-Z trade/service sitemap.,London
Checkatrade,Fireplaces / Stoves,Fireplaces / Stoves,"Heating, Boiler & Gas Services",Fireplaces / Stoves,kept_mapped_final,V2,https://www.checkatrade.com/sitemap/locations/London/F,london_trade_sitemap,2026-09-05,London A-Z trade/service sitemap.,London
Checkatrade,Fitted Wardrobes,Fitted Wardrobes,Carpentry & Joinery,Fitted Wardrobes,kept_mapped,V2,https://www.checkatrade.com/sitemap/locations/London/F,london_trade_sitemap,2026-09-05,London A-Z trade/service sitemap.,London
Checkatrade,Fix Aluminium Windows,Fix Aluminium Windows,"Doors, Windows & Glazing",Aluminium Window Repair,kept_mapped_final,V2,https://www.checkatrade.com/sitemap/locations/London/F,london_trade_sitemap,2026-09-05,London A-Z trade/service sitemap.,London
Checkatrade,Fix Bay Windows,Fix Bay Windows,"Doors, Windows & Glazing",Bay Window Repair,kept_mapped_final,V2,https://www.checkatrade.com/sitemap/locations/London/F,london_trade_sitemap,2026-09-05,London A-Z trade/service sitemap.,London
Checkatrade,Fix Loft Windows,Fix Loft Windows,"Doors, Windows & Glazing",Loft Window Repair,kept_mapped_final,V2,https://www.checkatrade.com/sitemap/locations/London/F,london_trade_sitemap,2026-09-05,London A-Z trade/service sitemap.,London
Checkatrade,Fix Roof Windows,Fix Roof Windows,Roofing Services,Fix Roof Windows,kept_mapped_final,V2,https://www.checkatrade.com/sitemap/locations/London/F,london_trade_sitemap,2026-09-05,London A-Z trade/service sitemap.,London
Checkatrade,Fix Timber / Wooden Windows,Fix Timber / Wooden Windows,"Doors, Windows & Glazing",Timber Window Repair,kept_mapped_final,V2,https://www.checkatrade.com/sitemap/locations/London/F,london_trade_sitemap,2026-09-05,London A-Z trade/service sitemap.,London
Checkatrade,Fix UPVC Windows,Fix UPVC Windows,"Doors, Windows & Glazing",uPVC Window Repair,kept_mapped_final,V2,https://www.checkatrade.com/sitemap/locations/London/F,london_trade_sitemap,2026-09-05,London A-Z trade/service sitemap.,London
Checkatrade,Fix Window Lock,Fix Window Lock,"Doors, Windows & Glazing",Fix Window Lock,kept_mapped_final,V2,https://www.checkatrade.com/sitemap/locations/London/F,london_trade_sitemap,2026-09-05,London A-Z trade/service sitemap.,London
Checkatrade,Fix Wooden Sash Windows,Fix Wooden Sash Windows,"Doors, Windows & Glazing",Wooden Sash Window Repair,kept_mapped_final,V2,https://www.checkatrade.com/sitemap/locations/London/F,london_trade_sitemap,2026-09-05,London A-Z trade/service sitemap.,London
Checkatrade,Fixed Lines,Fixed Lines,Telecoms & Telephone Services,Fixed Line Services,kept_mapped_final,V2,https://www.checkatrade.com/sitemap/locations/London/F,london_trade_sitemap,2026-09-05,London A-Z trade/service sitemap.,London
Checkatrade,Flat Ceilings,Flat Ceilings,Other Services / Unclassified,Flat Ceilings,kept_unclassified,V2,https://www.checkatrade.com/sitemap/locations/London/F,london_trade_sitemap,2026-09-05,London A-Z trade/service sitemap.,London
Checkatrade,Flat Management,Flat Management,"Property, Landlord & Estate Services",Flat Management,kept_mapped_final,V2,https://www.checkatrade.com/sitemap/locations/London/F,london_trade_sitemap,2026-09-05,London A-Z trade/service sitemap.,London
Checkatrade,Flat Packs,Flat Packs,Other Services / Unclassified,Flat Packs,kept_unclassified,V2,https://www.checkatrade.com/sitemap/locations/London/F,london_trade_sitemap,2026-09-05,London A-Z trade/service sitemap.,London
Checkatrade,Flat Roof Insulation,Flat Roof Insulation,Insulation Services,Roof Insulation,kept_mapped,V2,https://www.checkatrade.com/sitemap/locations/London/F,london_trade_sitemap,2026-09-05,London A-Z trade/service sitemap.,London
Checkatrade,Flat Roofing Installation,Flat Roofing Installation,Roofing Services,General Roofing,kept_mapped,V2,https://www.checkatrade.com/sitemap/locations/London/F,london_trade_sitemap,2026-09-05,London A-Z trade/service sitemap.,London
Checkatrade,Flat Roofing Repair,Flat Roofing Repair,Roofing Services,General Roofing,kept_mapped,V2,https://www.checkatrade.com/sitemap/locations/London/F,london_trade_sitemap,2026-09-05,London A-Z trade/service sitemap.,London
Checkatrade,Flatpack wardrobe setup,Flatpack wardrobe setup,"Furniture, Carpentry & Woodwork",Flatpack wardrobe setup,kept_mapped_final,V2,https://www.checkatrade.com/sitemap/locations/London/F,london_trade_sitemap,2026-09-05,London A-Z trade/service sitemap.,London
Checkatrade,Flint / Stonework,Flint / Stonework,Stone & Masonry Services,Flint / Stonework,kept_mapped_final,V2,https://www.checkatrade.com/sitemap/locations/London/F,london_trade_sitemap,2026-09-05,London A-Z trade/service sitemap.,London
Checkatrade,Flood Restoration,Flood Restoration,"Damp, Waterproofing & Restoration",Flood Restoration,kept_mapped_final,V2,https://www.checkatrade.com/sitemap/locations/London/F,london_trade_sitemap,2026-09-05,London A-Z trade/service sitemap.,London
Checkatrade,Floor Sanding,Floor Sanding,Flooring & Tiling Services,Floor Sanding,kept_mapped_final,V2,https://www.checkatrade.com/sitemap/locations/London/F,london_trade_sitemap,2026-09-05,London A-Z trade/service sitemap.,London
Checkatrade,Floor Screeding,Floor Screeding,Flooring & Tiling Services,Floor Screeding,kept_mapped_final,V2,https://www.checkatrade.com/sitemap/locations/London/F,london_trade_sitemap,2026-09-05,London A-Z trade/service sitemap.,London
Checkatrade,Floor Tiling,Floor Tiling,Tiling,General Tiling,kept_mapped,V2,https://www.checkatrade.com/sitemap/locations/London/F,london_trade_sitemap,2026-09-05,London A-Z trade/service sitemap.,London
Checkatrade,Flooring Specialist,Flooring Specialist,Flooring,General Flooring,kept_mapped,V2,https://www.checkatrade.com/sitemap/locations/London/F,london_trade_sitemap,2026-09-05,London A-Z trade/service sitemap.,London
Checkatrade,Foundation Builders,Foundation Builders,Building & Construction,General Building,kept_mapped,V2,https://www.checkatrade.com/sitemap/locations/London/F,london_trade_sitemap,2026-09-05,London A-Z trade/service sitemap.,London
Checkatrade,Foundations,Foundations,Building & Construction,Foundation Work,kept_mapped_final,V2,https://www.checkatrade.com/sitemap/locations/London/F,london_trade_sitemap,2026-09-05,London A-Z trade/service sitemap.,London
Checkatrade,Freesat,Freesat,"TV, Aerial & Audio Visual Services",Freesat Installation,kept_mapped_final,V2,https://www.checkatrade.com/sitemap/locations/London/F,london_trade_sitemap,2026-09-05,London A-Z trade/service sitemap.,London
Checkatrade,Freeview,Freeview,"TV, Aerial & Audio Visual Services",Freeview Installation,kept_mapped_final,V2,https://www.checkatrade.com/sitemap/locations/London/F,london_trade_sitemap,2026-09-05,London A-Z trade/service sitemap.,London
Checkatrade,French Doors Installation,French Doors Installation,Doors & Door Services,Door Installation,kept_mapped,V2,https://www.checkatrade.com/sitemap/locations/London/F,london_trade_sitemap,2026-09-05,London A-Z trade/service sitemap.,London
Checkatrade,French Doors Repair,French Doors Repair,Doors & Door Services,Door Repair,kept_mapped,V2,https://www.checkatrade.com/sitemap/locations/London/F,london_trade_sitemap,2026-09-05,London A-Z trade/service sitemap.,London
Checkatrade,French Polisher,French Polisher,Other Services / Unclassified,French Polisher,kept_unclassified,V2,https://www.checkatrade.com/sitemap/locations/London/F,london_trade_sitemap,2026-09-05,London A-Z trade/service sitemap.,London
Checkatrade,Fridge / Freezer Repair,Fridge / Freezer Repair,Appliance Repair,Fridge Repair,kept_mapped,V2,https://www.checkatrade.com/sitemap/locations/London/F,london_trade_sitemap,2026-09-05,London A-Z trade/service sitemap.,London
Checkatrade,Frosted Windows,Frosted Windows,"Doors, Windows & Glazing",Frosted Windows,kept_mapped_final,V2,https://www.checkatrade.com/sitemap/locations/London/F,london_trade_sitemap,2026-09-05,London A-Z trade/service sitemap.,London
Checkatrade,Fumigation,Fumigation,Other Services / Unclassified,Fumigation,kept_unclassified,V2,https://www.checkatrade.com/sitemap/locations/London/F,london_trade_sitemap,2026-09-05,London A-Z trade/service sitemap.,London
Checkatrade,Furniture Repair / Restoration,Furniture Repair / Restoration,Furniture Services,Furniture Repair,kept_mapped,V2,https://www.checkatrade.com/sitemap/locations/London/F,london_trade_sitemap,2026-09-05,London A-Z trade/service sitemap.,London
Checkatrade,Fuseboard / Consumer Unit Installation,Fuseboard / Consumer Unit Installation,Electrical Services,Fuse Box & Consumer Unit Services,kept_mapped,V2,https://www.checkatrade.com/sitemap/locations/London/F,london_trade_sitemap,2026-09-05,London A-Z trade/service sitemap.,London
Checkatrade,Fuseboard / Consumer Unit Repair,Fuseboard / Consumer Unit Repair,Electrical Services,Fuse Box & Consumer Unit Services,kept_mapped,V2,https://www.checkatrade.com/sitemap/locations/London/F,london_trade_sitemap,2026-09-05,London A-Z trade/service sitemap.,London
Checkatrade,Garage / Vehicle Services,Garage / Vehicle Services,Vehicle Services,Vehicle Servicing,kept_mapped,V2,https://www.checkatrade.com/sitemap/locations/London/G,london_trade_sitemap,2026-09-05,London A-Z trade/service sitemap.,London
Checkatrade,Garage Conversion Specialists,Garage Conversion Specialists,Building & Construction,Garage Conversion,kept_mapped,V2,https://www.checkatrade.com/sitemap/locations/London/G,london_trade_sitemap,2026-09-05,London A-Z trade/service sitemap.,London
Checkatrade,Garage Conversions,Garage Conversions,Building & Construction,Garage Conversion,kept_mapped_final,V2,https://www.checkatrade.com/sitemap/locations/London/G,london_trade_sitemap,2026-09-05,London A-Z trade/service sitemap.,London
Checkatrade,Garage Demolition And Removal,Garage Demolition And Removal,Building & Construction,Demolition,kept_mapped,V2,https://www.checkatrade.com/sitemap/locations/London/G,london_trade_sitemap,2026-09-05,London A-Z trade/service sitemap.,London
Checkatrade,Garage Door Installation,Garage Door Installation,Doors & Door Services,Garage Door Installation,kept_mapped,V2,https://www.checkatrade.com/sitemap/locations/London/G,london_trade_sitemap,2026-09-05,London A-Z trade/service sitemap.,London
Checkatrade,Garage Door Servicing / Repair,Garage Door Servicing / Repair,Doors & Door Services,Garage Door Repair,kept_mapped,V2,https://www.checkatrade.com/sitemap/locations/London/G,london_trade_sitemap,2026-09-05,London A-Z trade/service sitemap.,London
Checkatrade,Garage Door Supplier,Garage Door Supplier,"Doors, Windows & Glazing",Garage Door Supplier,kept_mapped_final,V2,https://www.checkatrade.com/sitemap/locations/London/G,london_trade_sitemap,2026-09-05,London A-Z trade/service sitemap.,London
Checkatrade,Garage Doors,Garage Doors,"Doors, Windows & Glazing",Garage Door Services,kept_mapped_final,V2,https://www.checkatrade.com/sitemap/locations/London/G,london_trade_sitemap,2026-09-05,London A-Z trade/service sitemap.,London
Checkatrade,Garage Flooring,Garage Flooring,Flooring,General Flooring,kept_mapped,V2,https://www.checkatrade.com/sitemap/locations/London/G,london_trade_sitemap,2026-09-05,London A-Z trade/service sitemap.,London
Checkatrade,Garden Clearance,Garden Clearance,Gardening & Landscaping,Garden Clearance,kept_mapped,V2,https://www.checkatrade.com/sitemap/locations/London/G,london_trade_sitemap,2026-09-05,London A-Z trade/service sitemap.,London
Checkatrade,Garden Design,Garden Design,Gardening & Landscaping,Garden Design,kept_mapped,V2,https://www.checkatrade.com/sitemap/locations/London/G,london_trade_sitemap,2026-09-05,London A-Z trade/service sitemap.,London
Checkatrade,Garden Fencing,Garden Fencing,Fencing & Gates,General Fencing,kept_mapped,V2,https://www.checkatrade.com/sitemap/locations/London/G,london_trade_sitemap,2026-09-05,London A-Z trade/service sitemap.,London
Checkatrade,Garden Furniture Restoration,Garden Furniture Restoration,"Furniture, Carpentry & Woodwork",Furniture Restoration,kept_mapped_final,V2,https://www.checkatrade.com/sitemap/locations/London/G,london_trade_sitemap,2026-09-05,London A-Z trade/service sitemap.,London
Checkatrade,Garden Lighting,Garden Lighting,Gardening & Landscaping,Garden Lighting,kept_mapped_final,V2,https://www.checkatrade.com/sitemap/locations/London/G,london_trade_sitemap,2026-09-05,London A-Z trade/service sitemap.,London
Checkatrade,Garden Logs Supplied / Delivered,Garden Logs Supplied / Delivered,Gardening & Landscaping,Garden Logs Supplied / Delivered,kept_mapped_final,V2,https://www.checkatrade.com/sitemap/locations/London/G,london_trade_sitemap,2026-09-05,London A-Z trade/service sitemap.,London
Checkatrade,Garden Machinery Repairs,Garden Machinery Repairs,Gardening & Landscaping,Garden Machinery Repairs,kept_mapped_final,V2,https://www.checkatrade.com/sitemap/locations/London/G,london_trade_sitemap,2026-09-05,London A-Z trade/service sitemap.,London
Checkatrade,Garden Maintenance,Garden Maintenance,Gardening & Landscaping,Garden Maintenance,kept_mapped,V2,https://www.checkatrade.com/sitemap/locations/London/G,london_trade_sitemap,2026-09-05,London A-Z trade/service sitemap.,London
Checkatrade,Garden Rooms / Annexes,Garden Rooms / Annexes,Gardening & Landscaping,Garden Rooms / Annexes,kept_mapped_final,V2,https://www.checkatrade.com/sitemap/locations/London/G,london_trade_sitemap,2026-09-05,London A-Z trade/service sitemap.,London
Checkatrade,Garden Shed Suppliers,Garden Shed Suppliers,Gardening & Landscaping,Garden Shed Suppliers,kept_mapped_final,V2,https://www.checkatrade.com/sitemap/locations/London/G,london_trade_sitemap,2026-09-05,London A-Z trade/service sitemap.,London
Checkatrade,Garden Structures,Garden Structures,Gardening & Landscaping,Garden Structures,kept_mapped_final,V2,https://www.checkatrade.com/sitemap/locations/London/G,london_trade_sitemap,2026-09-05,London A-Z trade/service sitemap.,London
Checkatrade,Garden Studios,Garden Studios,Gardening & Landscaping,Garden Studios,kept_mapped_final,V2,https://www.checkatrade.com/sitemap/locations/London/G,london_trade_sitemap,2026-09-05,London A-Z trade/service sitemap.,London
Checkatrade,Gardener,Gardener,Gardening & Landscaping,General Gardening,kept_mapped,V2,https://www.checkatrade.com/sitemap/locations/London/G,london_trade_sitemap,2026-09-05,London A-Z trade/service sitemap.,London
Checkatrade,Gardeners,Gardeners,Gardening & Landscaping,General Gardening,kept_mapped,V2,https://www.checkatrade.com/sitemap/locations/London/A,london_trade_sitemap,2026-09-05,London A-Z trade/service sitemap.,London
Checkatrade,Gas Boiler Installation,Gas Boiler Installation,Heating & Boiler Services,Boiler Installation,kept_mapped,V2,https://www.checkatrade.com/sitemap/locations/London/G,london_trade_sitemap,2026-09-05,London A-Z trade/service sitemap.,London
Checkatrade,Gas Boiler Installer,Gas Boiler Installer,"Heating, Boiler & Gas Services",Gas Boiler Installer,kept_mapped_final,V2,https://www.checkatrade.com/sitemap/locations/London/G,london_trade_sitemap,2026-09-05,London A-Z trade/service sitemap.,London
Checkatrade,Gas Boiler Repair,Gas Boiler Repair,Heating & Boiler Services,Boiler Repair,kept_mapped,V2,https://www.checkatrade.com/sitemap/locations/London/G,london_trade_sitemap,2026-09-05,London A-Z trade/service sitemap.,London
Checkatrade,Gas Boiler Servicing,Gas Boiler Servicing,Heating & Boiler Services,Boiler Servicing,kept_mapped,V2,https://www.checkatrade.com/sitemap/locations/London/G,london_trade_sitemap,2026-09-05,London A-Z trade/service sitemap.,London
Checkatrade,Gas Boiler Servicing / Repair,Gas Boiler Servicing / Repair,Heating & Boiler Services,Boiler Servicing,kept_mapped,V2,https://www.checkatrade.com/sitemap/locations/London/G,london_trade_sitemap,2026-09-05,London A-Z trade/service sitemap.,London
Checkatrade,Gas Central Heating Boiler Replacement,Gas Central Heating Boiler Replacement,Heating & Boiler Services,Boiler Replacement,kept_mapped,V2,https://www.checkatrade.com/sitemap/locations/London/G,london_trade_sitemap,2026-09-05,London A-Z trade/service sitemap.,London
Checkatrade,Gas Central Heating Engineers,Gas Central Heating Engineers,Heating & Boiler Services,General Heating Services,kept_mapped,V2,https://www.checkatrade.com/sitemap/locations/London/G,london_trade_sitemap,2026-09-05,London A-Z trade/service sitemap.,London
Checkatrade,Gas Central Heating Installation,Gas Central Heating Installation,Heating & Boiler Services,General Heating Services,kept_mapped,V2,https://www.checkatrade.com/sitemap/locations/London/G,london_trade_sitemap,2026-09-05,London A-Z trade/service sitemap.,London
Checkatrade,Gas Central Heating Servicing / Repair,Gas Central Heating Servicing / Repair,Heating & Boiler Services,General Heating Services,kept_mapped,V2,https://www.checkatrade.com/sitemap/locations/London/G,london_trade_sitemap,2026-09-05,London A-Z trade/service sitemap.,London
Checkatrade,Gas Cooker Disposal,Gas Cooker Disposal,"Heating, Boiler & Gas Services",Gas Cooker Disposal,kept_mapped_final,V2,https://www.checkatrade.com/sitemap/locations/London/G,london_trade_sitemap,2026-09-05,London A-Z trade/service sitemap.,London
Checkatrade,Gas Cooker Installation,Gas Cooker Installation,"Heating, Boiler & Gas Services",Gas Cooker Installation,kept_mapped_final,V2,https://www.checkatrade.com/sitemap/locations/London/G,london_trade_sitemap,2026-09-05,London A-Z trade/service sitemap.,London
Checkatrade,Gas Cooker Repair,Gas Cooker Repair,"Heating, Boiler & Gas Services",Gas Cooker Repair,kept_mapped_final,V2,https://www.checkatrade.com/sitemap/locations/London/G,london_trade_sitemap,2026-09-05,London A-Z trade/service sitemap.,London
Checkatrade,Gas Fire Installation,Gas Fire Installation,"Heating, Boiler & Gas Services",Gas Fire Installation,kept_mapped_final,V2,https://www.checkatrade.com/sitemap/locations/London/G,london_trade_sitemap,2026-09-05,London A-Z trade/service sitemap.,London
Checkatrade,Gas Fire Servicing / Repair,Gas Fire Servicing / Repair,"Heating, Boiler & Gas Services",Gas Fire Servicing / Repair,kept_mapped_final,V2,https://www.checkatrade.com/sitemap/locations/London/G,london_trade_sitemap,2026-09-05,London A-Z trade/service sitemap.,London
Checkatrade,Gas Safety Checks - CP12,Gas Safety Checks - CP12,"Heating, Boiler & Gas Services",Gas Safety Checks - CP12,kept_mapped_final,V2,https://www.checkatrade.com/sitemap/locations/London/G,london_trade_sitemap,2026-09-05,London A-Z trade/service sitemap.,London
Checkatrade,Gas boiler replacement,Gas boiler replacement,Heating & Boiler Services,Boiler Replacement,kept_mapped,V2,https://www.checkatrade.com/sitemap/locations/London/G,london_trade_sitemap,2026-09-05,London A-Z trade/service sitemap.,London
Checkatrade,Gate Automation,Gate Automation,"Fencing, Gates & Outdoor Structures",Gate Automation,kept_mapped_final,V2,https://www.checkatrade.com/sitemap/locations/London/G,london_trade_sitemap,2026-09-05,London A-Z trade/service sitemap.,London
Checkatrade,Gates,Gates,Other Services / Unclassified,Gates,kept_unclassified,V2,https://www.checkatrade.com/sitemap/locations/London/G,london_trade_sitemap,2026-09-05,London A-Z trade/service sitemap.,London
Checkatrade,Gearbox,Gearbox,Vehicle Services,Gearbox Repair,kept_mapped_final,V2,https://www.checkatrade.com/sitemap/locations/London/G,london_trade_sitemap,2026-09-05,London A-Z trade/service sitemap.,London
Checkatrade,General Building,General Building,Building & Construction,General Building,kept_mapped_final,V2,https://www.checkatrade.com/sitemap/locations/London/G,london_trade_sitemap,2026-09-05,London A-Z trade/service sitemap.,London
Checkatrade,General Carpentry,General Carpentry,Carpentry & Joinery,General Carpentry & Joinery,kept_mapped,V2,https://www.checkatrade.com/sitemap/locations/London/G,london_trade_sitemap,2026-09-05,London A-Z trade/service sitemap.,London
Checkatrade,General Plumbing,General Plumbing,Plumbing Services,General Plumbing,kept_mapped,V2,https://www.checkatrade.com/sitemap/locations/London/G,london_trade_sitemap,2026-09-05,London A-Z trade/service sitemap.,London
Checkatrade,Glass,Glass,"Doors, Windows & Glazing",Glass,kept_mapped_final,V2,https://www.checkatrade.com/sitemap/locations/London/G,london_trade_sitemap,2026-09-05,London A-Z trade/service sitemap.,London
Checkatrade,Glass Balustrades,Glass Balustrades,"Doors, Windows & Glazing",Glass Balustrades,kept_mapped_final,V2,https://www.checkatrade.com/sitemap/locations/London/G,london_trade_sitemap,2026-09-05,London A-Z trade/service sitemap.,London
Checkatrade,Glass Polishing,Glass Polishing,"Doors, Windows & Glazing",Glass Polishing,kept_mapped_final,V2,https://www.checkatrade.com/sitemap/locations/London/G,london_trade_sitemap,2026-09-05,London A-Z trade/service sitemap.,London
Checkatrade,Glass Replacement,Glass Replacement,"Doors, Windows & Glazing",Glass Replacement,kept_mapped_final,V2,https://www.checkatrade.com/sitemap/locations/London/G,london_trade_sitemap,2026-09-05,London A-Z trade/service sitemap.,London
Checkatrade,Glass Restoration,Glass Restoration,"Damp, Waterproofing & Restoration",Glass Restoration,kept_mapped_final,V2,https://www.checkatrade.com/sitemap/locations/London/G,london_trade_sitemap,2026-09-05,London A-Z trade/service sitemap.,London
Checkatrade,Glass Roof Installation,Glass Roof Installation,Roofing Services,Roof Installation,kept_mapped,V2,https://www.checkatrade.com/sitemap/locations/London/G,london_trade_sitemap,2026-09-05,London A-Z trade/service sitemap.,London
Checkatrade,Glass Roof Repair,Glass Roof Repair,Roofing Services,Roof Repair,kept_mapped,V2,https://www.checkatrade.com/sitemap/locations/London/G,london_trade_sitemap,2026-09-05,London A-Z trade/service sitemap.,London
Checkatrade,Glass Shower Screens,Glass Shower Screens,Plumbing & Drainage Services,Glass Shower Screens,kept_mapped_final,V2,https://www.checkatrade.com/sitemap/locations/London/G,london_trade_sitemap,2026-09-05,London A-Z trade/service sitemap.,London
Checkatrade,Glass Splashbacks,Glass Splashbacks,"Doors, Windows & Glazing",Glass Splashbacks,kept_mapped_final,V2,https://www.checkatrade.com/sitemap/locations/London/G,london_trade_sitemap,2026-09-05,London A-Z trade/service sitemap.,London
Checkatrade,Glass Surface Repair,Glass Surface Repair,Surface Treatment & Specialist Coatings,Glass Surface Repair,kept_mapped_final,V2,https://www.checkatrade.com/sitemap/locations/London/G,london_trade_sitemap,2026-09-05,London A-Z trade/service sitemap.,London
Checkatrade,Glazier,Glazier,Windows & Glazing,Glazing & Glass Repair,kept_mapped,V2,https://www.checkatrade.com/sitemap/locations/London/G,london_trade_sitemap,2026-09-05,London A-Z trade/service sitemap.,London
Checkatrade,Golf / Bowls Greens,Golf / Bowls Greens,Other Services / Unclassified,Golf / Bowls Greens,kept_unclassified,V2,https://www.checkatrade.com/sitemap/locations/London/G,london_trade_sitemap,2026-09-05,London A-Z trade/service sitemap.,London
Checkatrade,Grab hire,Grab hire,"Groundworks, Excavation & Plant Hire",Grab Hire,kept_mapped_final,V2,https://www.checkatrade.com/sitemap/locations/London/G,london_trade_sitemap,2026-09-05,London A-Z trade/service sitemap.,London
Checkatrade,Graffiti Remover,Graffiti Remover,Removals & Moving,General Removals,kept_mapped,V2,https://www.checkatrade.com/sitemap/locations/London/G,london_trade_sitemap,2026-09-05,London A-Z trade/service sitemap.,London
Checkatrade,Graphic Designers,Graphic Designers,Marketing & Creative Services,Graphic Design,kept_mapped_final,V2,https://www.checkatrade.com/sitemap/locations/London/G,london_trade_sitemap,2026-09-05,London A-Z trade/service sitemap.,London
Checkatrade,Grass Cutting,Grass Cutting,Gardening & Landscaping,Lawn Mowing,kept_mapped,V2,https://www.checkatrade.com/sitemap/locations/London/G,london_trade_sitemap,2026-09-05,London A-Z trade/service sitemap.,London
Checkatrade,Gravel / Shingle Driveways,Gravel / Shingle Driveways,Other Services / Unclassified,Gravel / Shingle Driveways,kept_unclassified,V2,https://www.checkatrade.com/sitemap/locations/London/G,london_trade_sitemap,2026-09-05,London A-Z trade/service sitemap.,London
Checkatrade,Gravestone Renovation,Gravestone Renovation,Building & Construction,Gravestone Renovation,kept_mapped_final,V2,https://www.checkatrade.com/sitemap/locations/London/G,london_trade_sitemap,2026-09-05,London A-Z trade/service sitemap.,London
Checkatrade,Green Oak Framing,Green Oak Framing,Other Services / Unclassified,Green Oak Framing,kept_unclassified,V2,https://www.checkatrade.com/sitemap/locations/London/G,london_trade_sitemap,2026-09-05,London A-Z trade/service sitemap.,London
Checkatrade,Green Roofing Installation,Green Roofing Installation,Roofing Services,General Roofing,kept_mapped,V2,https://www.checkatrade.com/sitemap/locations/London/G,london_trade_sitemap,2026-09-05,London A-Z trade/service sitemap.,London
Checkatrade,Green Roofing Repair,Green Roofing Repair,Roofing Services,General Roofing,kept_mapped,V2,https://www.checkatrade.com/sitemap/locations/London/G,london_trade_sitemap,2026-09-05,London A-Z trade/service sitemap.,London
Checkatrade,Greenhouse Installation,Greenhouse Installation,Landscaping Structures & Outdoor Buildings,Greenhouse Installation,kept_mapped_final,V2,https://www.checkatrade.com/sitemap/locations/London/G,london_trade_sitemap,2026-09-05,London A-Z trade/service sitemap.,London
Checkatrade,Greenhouse Supplier,Greenhouse Supplier,Landscaping Structures & Outdoor Buildings,Greenhouse Supplier,kept_mapped_final,V2,https://www.checkatrade.com/sitemap/locations/London/G,london_trade_sitemap,2026-09-05,London A-Z trade/service sitemap.,London
Checkatrade,Gritting,Gritting,Gardening & Landscaping,Gritting,kept_mapped_final,V2,https://www.checkatrade.com/sitemap/locations/London/G,london_trade_sitemap,2026-09-05,London A-Z trade/service sitemap.,London
Checkatrade,Ground Source Heat Pump Engineers,Ground Source Heat Pump Engineers,Renewable Energy Services,Heat Pump Services,kept_mapped,V2,https://www.checkatrade.com/sitemap/locations/London/G,london_trade_sitemap,2026-09-05,London A-Z trade/service sitemap.,London
Checkatrade,Ground Source Heat Pump Installation - GSHP,Ground Source Heat Pump Installation - GSHP,Renewable Energy Services,Ground Source Heat Pump Installation,kept_mapped,V2,https://www.checkatrade.com/sitemap/locations/London/G,london_trade_sitemap,2026-09-05,London A-Z trade/service sitemap.,London
Checkatrade,Ground Source Heat Pump Installers,Ground Source Heat Pump Installers,Renewable Energy Services,Ground Source Heat Pump Installation,kept_mapped,V2,https://www.checkatrade.com/sitemap/locations/London/G,london_trade_sitemap,2026-09-05,London A-Z trade/service sitemap.,London
Checkatrade,Ground Source Heat Pump Repair,Ground Source Heat Pump Repair,Renewable Energy Services,Ground Source Heat Pump Repair,kept_mapped,V2,https://www.checkatrade.com/sitemap/locations/London/G,london_trade_sitemap,2026-09-05,London A-Z trade/service sitemap.,London
Checkatrade,Ground Source Heat Pump Servicing,Ground Source Heat Pump Servicing,Renewable Energy Services,Heat Pump Services,kept_mapped,V2,https://www.checkatrade.com/sitemap/locations/London/G,london_trade_sitemap,2026-09-05,London A-Z trade/service sitemap.,London
Checkatrade,Ground Source Heat Pump Servicing / Repair - GSHP,Ground Source Heat Pump Servicing / Repair - GSHP,Renewable Energy Services,Ground Source Heat Pump Repair,kept_mapped,V2,https://www.checkatrade.com/sitemap/locations/London/G,london_trade_sitemap,2026-09-05,London A-Z trade/service sitemap.,London
Checkatrade,Grounds Maintenance,Grounds Maintenance,Tree & Grounds Services,Grounds Maintenance,kept_mapped_final,V2,https://www.checkatrade.com/sitemap/locations/London/G,london_trade_sitemap,2026-09-05,London A-Z trade/service sitemap.,London
Checkatrade,Groundworks,Groundworks,"Groundworks, Excavation & Plant Hire",Groundworks,kept_mapped_final,V2,https://www.checkatrade.com/sitemap/locations/London/G,london_trade_sitemap,2026-09-05,London A-Z trade/service sitemap.,London
Checkatrade,Gutter Cleaning,Gutter Cleaning,Cleaning Services,General Cleaning,kept_mapped,V2,https://www.checkatrade.com/sitemap/locations/London/A,london_trade_sitemap,2026-09-05,London A-Z trade/service sitemap.,London
Checkatrade,Gutter Cleaning & Clearance,Gutter Cleaning & Clearance,Waste Services,General Clearance,kept_mapped,V2,https://www.checkatrade.com/sitemap/locations/London/G,london_trade_sitemap,2026-09-05,London A-Z trade/service sitemap.,London
Checkatrade,Gutter Cleaning Cost,Gutter Cleaning Cost,Cleaning Services,General Cleaning,kept_mapped,V2,https://www.checkatrade.com/sitemap/locations/London/A,london_trade_sitemap,2026-09-05,London A-Z trade/service sitemap.,London
Checkatrade,Gutter Repair,Gutter Repair,Roofing Services,Gutter Repair,kept_mapped,V2,https://www.checkatrade.com/sitemap/locations/London/A,london_trade_sitemap,2026-09-05,London A-Z trade/service sitemap.,London
Checkatrade,Hand Made Tiles,Hand Made Tiles,Flooring & Tiling Services,Hand Made Tiles,kept_mapped_final,V2,https://www.checkatrade.com/sitemap/locations/London/H,london_trade_sitemap,2026-09-05,London A-Z trade/service sitemap.,London
Checkatrade,Handmade Kitchens Designed / Installed,Handmade Kitchens Designed / Installed,Other Services / Unclassified,Handmade Kitchens Designed / Installed,kept_unclassified,V2,https://www.checkatrade.com/sitemap/locations/London/H,london_trade_sitemap,2026-09-05,London A-Z trade/service sitemap.,London
Checkatrade,Handrails,Handrails,Other Services / Unclassified,Handrails,kept_unclassified,V2,https://www.checkatrade.com/sitemap/locations/London/H,london_trade_sitemap,2026-09-05,London A-Z trade/service sitemap.,London
Checkatrade,Handyman,Handyman,"Handyman, Assembly & Mounting",General Handyman,kept_mapped_final,V2,https://www.checkatrade.com/sitemap/locations/London/A,london_trade_sitemap,2026-09-05,London A-Z trade/service sitemap.,London
Checkatrade,Hard Floor Cleaning,Hard Floor Cleaning,Cleaning Services,General Cleaning,kept_mapped,V2,https://www.checkatrade.com/sitemap/locations/London/H,london_trade_sitemap,2026-09-05,London A-Z trade/service sitemap.,London
Checkatrade,Hard Landscaping,Hard Landscaping,Gardening & Landscaping,Landscaping,kept_mapped,V2,https://www.checkatrade.com/sitemap/locations/London/H,london_trade_sitemap,2026-09-05,London A-Z trade/service sitemap.,London
Checkatrade,Hardware Consultants / Technicians,Hardware Consultants / Technicians,IT Support & Device Services,Hardware Consultants / Technicians,kept_mapped_final,V2,https://www.checkatrade.com/sitemap/locations/London/H,london_trade_sitemap,2026-09-05,London A-Z trade/service sitemap.,London
Checkatrade,Hardwood Flooring Specialist,Hardwood Flooring Specialist,Flooring,General Flooring,kept_mapped,V2,https://www.checkatrade.com/sitemap/locations/London/H,london_trade_sitemap,2026-09-05,London A-Z trade/service sitemap.,London
Checkatrade,Haulage,Haulage,Transport & Transfer Services,Haulage,kept_mapped_final,V2,https://www.checkatrade.com/sitemap/locations/London/H,london_trade_sitemap,2026-09-05,London A-Z trade/service sitemap.,London
Checkatrade,Hedge Trimming / Removal,Hedge Trimming / Removal,Gardening & Landscaping,Hedge Trimming,kept_mapped,V2,https://www.checkatrade.com/sitemap/locations/London/H,london_trade_sitemap,2026-09-05,London A-Z trade/service sitemap.,London
Checkatrade,Heritage Property Specialist,Heritage Property Specialist,"Property, Landlord & Estate Services",Heritage Property Services,kept_mapped_final,V2,https://www.checkatrade.com/sitemap/locations/London/H,london_trade_sitemap,2026-09-05,London A-Z trade/service sitemap.,London
Checkatrade,Hire Services,Hire Services,Hire & Access Equipment,Hire Services,kept_mapped_final,V2,https://www.checkatrade.com/sitemap/locations/London/H,london_trade_sitemap,2026-09-05,London A-Z trade/service sitemap.,London
Checkatrade,Hire a Damp Surveyor,Hire a Damp Surveyor,"Architecture, Surveying & Planning",Hire a Damp Surveyor,kept_mapped_final,V2,https://www.checkatrade.com/sitemap/locations/London/A,london_trade_sitemap,2026-09-05,London A-Z trade/service sitemap.,London
Checkatrade,Hive Heating Installers,Hive Heating Installers,"Heating, Boiler & Gas Services",Hive Heating Installation,kept_mapped_final,V2,https://www.checkatrade.com/sitemap/locations/London/H,london_trade_sitemap,2026-09-05,London A-Z trade/service sitemap.,London
Checkatrade,Holiday Let Cleaning Services,Holiday Let Cleaning Services,Cleaning Services,General Cleaning,kept_mapped,V2,https://www.checkatrade.com/sitemap/locations/London/H,london_trade_sitemap,2026-09-05,London A-Z trade/service sitemap.,London
Checkatrade,Home Automation,Home Automation,Smart Home & Automation,Home Automation,kept_mapped,V2,https://www.checkatrade.com/sitemap/locations/London/H,london_trade_sitemap,2026-09-05,London A-Z trade/service sitemap.,London
Checkatrade,Home Automation / Media,Home Automation / Media,Smart Home & Automation,Home Automation,kept_mapped,V2,https://www.checkatrade.com/sitemap/locations/London/H,london_trade_sitemap,2026-09-05,London A-Z trade/service sitemap.,London
Checkatrade,Home Cinema,Home Cinema,Smart Home & Automation,Home Cinema Installation,kept_mapped,V2,https://www.checkatrade.com/sitemap/locations/London/H,london_trade_sitemap,2026-09-05,London A-Z trade/service sitemap.,London
Checkatrade,Home Interior Designer,Home Interior Designer,Interior Design & Fit-Out,Interior Design,kept_mapped_final,V2,https://www.checkatrade.com/sitemap/locations/London/H,london_trade_sitemap,2026-09-05,London A-Z trade/service sitemap.,London
Checkatrade,Home Networks,Home Networks,Other Services / Unclassified,Home Networks,kept_unclassified,V2,https://www.checkatrade.com/sitemap/locations/London/H,london_trade_sitemap,2026-09-05,London A-Z trade/service sitemap.,London
Checkatrade,Home Offices,Home Offices,Interior Design & Fit-Out,Home Office Design,kept_mapped_final,V2,https://www.checkatrade.com/sitemap/locations/London/H,london_trade_sitemap,2026-09-05,London A-Z trade/service sitemap.,London
Checkatrade,HomeBuyer Report,HomeBuyer Report,"Property, Landlord & Estate Services",HomeBuyer Report,kept_mapped_final,V2,https://www.checkatrade.com/sitemap/locations/London/H,london_trade_sitemap,2026-09-05,London A-Z trade/service sitemap.,London
Checkatrade,Horse Stable Builders,Horse Stable Builders,Building & Construction,General Building,kept_mapped,V2,https://www.checkatrade.com/sitemap/locations/London/H,london_trade_sitemap,2026-09-05,London A-Z trade/service sitemap.,London
Checkatrade,Hot Melt Roofing Installation,Hot Melt Roofing Installation,Roofing Services,General Roofing,kept_mapped,V2,https://www.checkatrade.com/sitemap/locations/London/H,london_trade_sitemap,2026-09-05,London A-Z trade/service sitemap.,London
Checkatrade,Hot Melt Roofing Repair,Hot Melt Roofing Repair,Roofing Services,General Roofing,kept_mapped,V2,https://www.checkatrade.com/sitemap/locations/London/H,london_trade_sitemap,2026-09-05,London A-Z trade/service sitemap.,London
Checkatrade,Hot Tub Installation,Hot Tub Installation,Pool & Hot Tub Services,Hot Tub Installation,kept_mapped,V2,https://www.checkatrade.com/sitemap/locations/London/H,london_trade_sitemap,2026-09-05,London A-Z trade/service sitemap.,London
Checkatrade,Hot Tub Servicing,Hot Tub Servicing,Pool & Hot Tub Services,Hot Tub Services,kept_mapped,V2,https://www.checkatrade.com/sitemap/locations/London/H,london_trade_sitemap,2026-09-05,London A-Z trade/service sitemap.,London
Checkatrade,Hot Tub Supplier,Hot Tub Supplier,Pool & Hot Tub Services,Hot Tub Services,kept_mapped,V2,https://www.checkatrade.com/sitemap/locations/London/H,london_trade_sitemap,2026-09-05,London A-Z trade/service sitemap.,London
Checkatrade,Hot Tub Wiring,Hot Tub Wiring,Pool & Hot Tub Services,Hot Tub Services,kept_mapped,V2,https://www.checkatrade.com/sitemap/locations/London/H,london_trade_sitemap,2026-09-05,London A-Z trade/service sitemap.,London
Checkatrade,Hot Tubs / Spas,Hot Tubs / Spas,Other Services / Unclassified,Hot Tubs / Spas,kept_unclassified,V2,https://www.checkatrade.com/sitemap/locations/London/H,london_trade_sitemap,2026-09-05,London A-Z trade/service sitemap.,London
Checkatrade,House Clearance,House Clearance,Waste Services,House Clearance,kept_mapped,V2,https://www.checkatrade.com/sitemap/locations/London/H,london_trade_sitemap,2026-09-05,London A-Z trade/service sitemap.,London
Checkatrade,House Extension Cost,House Extension Cost,Building & Construction,Home Extensions,kept_mapped,V2,https://www.checkatrade.com/sitemap/locations/London/A,london_trade_sitemap,2026-09-05,London A-Z trade/service sitemap.,London
Checkatrade,House Removal,House Removal,Removals & Moving,House Removals,kept_mapped,V2,https://www.checkatrade.com/sitemap/locations/London/H,london_trade_sitemap,2026-09-05,London A-Z trade/service sitemap.,London
Checkatrade,House Rewiring,House Rewiring,Electrical Services,Rewiring,kept_mapped,V2,https://www.checkatrade.com/sitemap/locations/London/H,london_trade_sitemap,2026-09-05,London A-Z trade/service sitemap.,London
Checkatrade,Household Water Treatment,Household Water Treatment,"Water Treatment, Tanks & Pumps",Household Water Treatment,kept_mapped_final,V2,https://www.checkatrade.com/sitemap/locations/London/H,london_trade_sitemap,2026-09-05,London A-Z trade/service sitemap.,London
Checkatrade,IT Planning and Construction,IT Planning and Construction,Building & Construction,IT Planning and Construction,kept_mapped_final,V2,https://www.checkatrade.com/sitemap/locations/London/I,london_trade_sitemap,2026-09-05,London A-Z trade/service sitemap.,London
Checkatrade,IT Project Management,IT Project Management,Business & Administrative Services,IT Project Management,kept_mapped_final,V2,https://www.checkatrade.com/sitemap/locations/London/I,london_trade_sitemap,2026-09-05,London A-Z trade/service sitemap.,London
Checkatrade,IT and Consultancy,IT and Consultancy,IT Support & Device Services,IT Consultancy,kept_mapped_final,V2,https://www.checkatrade.com/sitemap/locations/London/I,london_trade_sitemap,2026-09-05,London A-Z trade/service sitemap.,London
Checkatrade,Immersion Heater Installation,Immersion Heater Installation,"Heating, Boiler & Gas Services",Immersion Heater Installation,kept_mapped_final,V2,https://www.checkatrade.com/sitemap/locations/London/I,london_trade_sitemap,2026-09-05,London A-Z trade/service sitemap.,London
Checkatrade,Immersion Heater Repair,Immersion Heater Repair,"Heating, Boiler & Gas Services",Immersion Heater Repair,kept_mapped_final,V2,https://www.checkatrade.com/sitemap/locations/London/I,london_trade_sitemap,2026-09-05,London A-Z trade/service sitemap.,London
Checkatrade,Industrial Doors,Industrial Doors,"Doors, Windows & Glazing",Industrial Door Services,kept_mapped_final,V2,https://www.checkatrade.com/sitemap/locations/London/I,london_trade_sitemap,2026-09-05,London A-Z trade/service sitemap.,London
Checkatrade,Industrial Garage Doors,Industrial Garage Doors,"Doors, Windows & Glazing",Garage Door Services,kept_mapped_final,V2,https://www.checkatrade.com/sitemap/locations/London/I,london_trade_sitemap,2026-09-05,London A-Z trade/service sitemap.,London
Checkatrade,Information Centre,Information Centre,Excluded,Information Centre,excluded,V2,https://www.checkatrade.com/sitemap/locations/London/A,london_trade_sitemap,2026-09-05,London A-Z trade/service sitemap.,London
Checkatrade,Insect Screens,Insect Screens,Other Services / Unclassified,Insect Screens,kept_unclassified,V2,https://www.checkatrade.com/sitemap/locations/London/I,london_trade_sitemap,2026-09-05,London A-Z trade/service sitemap.,London
Checkatrade,Insulated Rendering,Insulated Rendering,Plastering & Rendering,Rendering,kept_mapped,V2,https://www.checkatrade.com/sitemap/locations/London/I,london_trade_sitemap,2026-09-05,London A-Z trade/service sitemap.,London
Checkatrade,Insulation,Insulation,Insulation Services,General Insulation,kept_mapped,V2,https://www.checkatrade.com/sitemap/locations/London/I,london_trade_sitemap,2026-09-05,London A-Z trade/service sitemap.,London
Checkatrade,Insurance Claim Specialist,Insurance Claim Specialist,Business & Administrative Services,Insurance Claim Assistance,kept_mapped_final,V2,https://www.checkatrade.com/sitemap/locations/London/I,london_trade_sitemap,2026-09-05,London A-Z trade/service sitemap.,London
Checkatrade,Integral Blinds,Integral Blinds,Blinds & Shutters,General Blinds & Shutters,kept_mapped,V2,https://www.checkatrade.com/sitemap/locations/London/I,london_trade_sitemap,2026-09-05,London A-Z trade/service sitemap.,London
Checkatrade,Intercom Entry Systems,Intercom Entry Systems,"Smart Home, Network & Cabling",Intercom Entry Systems,kept_mapped_final,V2,https://www.checkatrade.com/sitemap/locations/London/I,london_trade_sitemap,2026-09-05,London A-Z trade/service sitemap.,London
Checkatrade,Interior Designer,Interior Designer,Interior Design & Fit-Out,Interior Design,kept_mapped_final,V2,https://www.checkatrade.com/sitemap/locations/London/I,london_trade_sitemap,2026-09-05,London A-Z trade/service sitemap.,London
Checkatrade,Interior Window Shutter Fitters,Interior Window Shutter Fitters,Blinds & Shutters,General Blinds & Shutters,kept_mapped,V2,https://www.checkatrade.com/sitemap/locations/London/I,london_trade_sitemap,2026-09-05,London A-Z trade/service sitemap.,London
Checkatrade,Interlocking Floor Tiles,Interlocking Floor Tiles,Flooring & Tiling Services,Interlocking Floor Tiles,kept_mapped_final,V2,https://www.checkatrade.com/sitemap/locations/London/I,london_trade_sitemap,2026-09-05,London A-Z trade/service sitemap.,London
Checkatrade,Internal Door Fitters,Internal Door Fitters,"Doors, Windows & Glazing",Door Fitting,kept_mapped_final,V2,https://www.checkatrade.com/sitemap/locations/London/A,london_trade_sitemap,2026-09-05,London A-Z trade/service sitemap.,London
Checkatrade,Internal Solid Wall Insulation,Internal Solid Wall Insulation,Insulation Services,Wall Insulation,kept_mapped,V2,https://www.checkatrade.com/sitemap/locations/London/I,london_trade_sitemap,2026-09-05,London A-Z trade/service sitemap.,London
Checkatrade,Internet Services,Internet Services,IT Support & Device Services,Internet Services,kept_mapped_final,V2,https://www.checkatrade.com/sitemap/locations/London/I,london_trade_sitemap,2026-09-05,London A-Z trade/service sitemap.,London
Checkatrade,Intruder Alarms,Intruder Alarms,Other Services / Unclassified,Intruder Alarms,kept_unclassified,V2,https://www.checkatrade.com/sitemap/locations/London/I,london_trade_sitemap,2026-09-05,London A-Z trade/service sitemap.,London
Checkatrade,Ironing,Ironing,"Laundry, Housekeeping & Organisation",Ironing,kept_mapped_final,V2,https://www.checkatrade.com/sitemap/locations/London/I,london_trade_sitemap,2026-09-05,London A-Z trade/service sitemap.,London
Checkatrade,Irrigation Systems,Irrigation Systems,Agricultural & Rural Services,Irrigation Systems,kept_mapped_final,V2,https://www.checkatrade.com/sitemap/locations/London/I,london_trade_sitemap,2026-09-05,London A-Z trade/service sitemap.,London
Checkatrade,Japanese Knotweed,Japanese Knotweed,Gardening & Landscaping,Japanese Knotweed Control,kept_mapped_final,V2,https://www.checkatrade.com/sitemap/locations/London/J,london_trade_sitemap,2026-09-05,London A-Z trade/service sitemap.,London
Checkatrade,Jet / Pressure Washing,Jet / Pressure Washing,Cleaning Services,Pressure Washing,kept_mapped,V2,https://www.checkatrade.com/sitemap/locations/London/J,london_trade_sitemap,2026-09-05,London A-Z trade/service sitemap.,London
Checkatrade,Joinery,Joinery,Carpentry & Joinery,General Carpentry & Joinery,kept_mapped,V2,https://www.checkatrade.com/sitemap/locations/London/J,london_trade_sitemap,2026-09-05,London A-Z trade/service sitemap.,London
Checkatrade,K Rend,K Rend,"Painting, Decorating & Wall Finishes",K Rend,kept_mapped_final,V2,https://www.checkatrade.com/sitemap/locations/London/K,london_trade_sitemap,2026-09-05,London A-Z trade/service sitemap.,London
Checkatrade,Key Cutting,Key Cutting,"Locksmith, Keys & Safes",Key Cutting,kept_mapped_final,V2,https://www.checkatrade.com/sitemap/locations/London/K,london_trade_sitemap,2026-09-05,London A-Z trade/service sitemap.,London
Checkatrade,Kitchen Appliance Supplier,Kitchen Appliance Supplier,Kitchen Services,Kitchen Appliance Supplier,kept_mapped_final,V2,https://www.checkatrade.com/sitemap/locations/London/K,london_trade_sitemap,2026-09-05,London A-Z trade/service sitemap.,London
Checkatrade,Kitchen Designers,Kitchen Designers,Kitchen Services,Kitchen Designers,kept_mapped_final,V2,https://www.checkatrade.com/sitemap/locations/London/K,london_trade_sitemap,2026-09-05,London A-Z trade/service sitemap.,London
Checkatrade,Kitchen Doors - Installation,Kitchen Doors - Installation,Doors & Door Services,Door Installation,kept_mapped,V2,https://www.checkatrade.com/sitemap/locations/London/K,london_trade_sitemap,2026-09-05,London A-Z trade/service sitemap.,London
Checkatrade,Kitchen Doors - Repair,Kitchen Doors - Repair,Doors & Door Services,Door Repair,kept_mapped,V2,https://www.checkatrade.com/sitemap/locations/London/K,london_trade_sitemap,2026-09-05,London A-Z trade/service sitemap.,London
Checkatrade,Kitchen Doors - Supply & Installation,Kitchen Doors - Supply & Installation,Doors & Door Services,Door Installation,kept_mapped,V2,https://www.checkatrade.com/sitemap/locations/London/K,london_trade_sitemap,2026-09-05,London A-Z trade/service sitemap.,London
Checkatrade,Kitchen Extraction Cleaning,Kitchen Extraction Cleaning,Cleaning Services,General Cleaning,kept_mapped,V2,https://www.checkatrade.com/sitemap/locations/London/K,london_trade_sitemap,2026-09-05,London A-Z trade/service sitemap.,London
Checkatrade,Kitchen Fitters - Installation,Kitchen Fitters - Installation,Kitchen Services,Kitchen Fitters - Installation,kept_mapped_final,V2,https://www.checkatrade.com/sitemap/locations/London/K,london_trade_sitemap,2026-09-05,London A-Z trade/service sitemap.,London
Checkatrade,Kitchen Fitters - Supply & Installation,Kitchen Fitters - Supply & Installation,Kitchen Services,Kitchen Fitters - Supply & Installation,kept_mapped_final,V2,https://www.checkatrade.com/sitemap/locations/London/K,london_trade_sitemap,2026-09-05,London A-Z trade/service sitemap.,London
Checkatrade,Kitchen Refurbishments,Kitchen Refurbishments,Kitchen Services,Kitchen Refurbishments,kept_mapped_final,V2,https://www.checkatrade.com/sitemap/locations/London/K,london_trade_sitemap,2026-09-05,London A-Z trade/service sitemap.,London
Checkatrade,Kitchen Showroom,Kitchen Showroom,Kitchen Services,Kitchen Showroom,kept_mapped_final,V2,https://www.checkatrade.com/sitemap/locations/London/K,london_trade_sitemap,2026-09-05,London A-Z trade/service sitemap.,London
Checkatrade,Kitchen Supplier,Kitchen Supplier,Kitchen Services,Kitchen Supplier,kept_mapped_final,V2,https://www.checkatrade.com/sitemap/locations/London/K,london_trade_sitemap,2026-09-05,London A-Z trade/service sitemap.,London
Checkatrade,Kitchens,Kitchens,Other Services / Unclassified,Kitchens,kept_unclassified,V2,https://www.checkatrade.com/sitemap/locations/London/K,london_trade_sitemap,2026-09-05,London A-Z trade/service sitemap.,London
Checkatrade,LED Lighting,LED Lighting,Electrical Services,LED Lighting Installation,kept_mapped_final,V2,https://www.checkatrade.com/sitemap/locations/London/L,london_trade_sitemap,2026-09-05,London A-Z trade/service sitemap.,London
Checkatrade,LPG Boiler Installation,LPG Boiler Installation,Heating & Boiler Services,Boiler Installation,kept_mapped,V2,https://www.checkatrade.com/sitemap/locations/London/L,london_trade_sitemap,2026-09-05,London A-Z trade/service sitemap.,London
Checkatrade,LPG Boiler Repair,LPG Boiler Repair,Heating & Boiler Services,Boiler Repair,kept_mapped,V2,https://www.checkatrade.com/sitemap/locations/London/L,london_trade_sitemap,2026-09-05,London A-Z trade/service sitemap.,London
Checkatrade,LPG Boiler Servicing,LPG Boiler Servicing,Heating & Boiler Services,Boiler Servicing,kept_mapped,V2,https://www.checkatrade.com/sitemap/locations/London/L,london_trade_sitemap,2026-09-05,London A-Z trade/service sitemap.,London
Checkatrade,LPG Central Heating Installation,LPG Central Heating Installation,Heating & Boiler Services,General Heating Services,kept_mapped,V2,https://www.checkatrade.com/sitemap/locations/London/L,london_trade_sitemap,2026-09-05,London A-Z trade/service sitemap.,London
Checkatrade,LPG Central Heating Servicing / Repair,LPG Central Heating Servicing / Repair,Heating & Boiler Services,General Heating Services,kept_mapped,V2,https://www.checkatrade.com/sitemap/locations/London/L,london_trade_sitemap,2026-09-05,London A-Z trade/service sitemap.,London
Checkatrade,LPG Heating Engineers,LPG Heating Engineers,Heating & Boiler Services,General Heating Services,kept_mapped,V2,https://www.checkatrade.com/sitemap/locations/London/L,london_trade_sitemap,2026-09-05,London A-Z trade/service sitemap.,London
Checkatrade,Laminate Flooring,Laminate Flooring,Flooring,General Flooring,kept_mapped,V2,https://www.checkatrade.com/sitemap/locations/London/L,london_trade_sitemap,2026-09-05,London A-Z trade/service sitemap.,London
Checkatrade,Land Appraisal,Land Appraisal,"Property, Landlord & Estate Services",Land Appraisal,kept_mapped_final,V2,https://www.checkatrade.com/sitemap/locations/London/L,london_trade_sitemap,2026-09-05,London A-Z trade/service sitemap.,London
Checkatrade,Land Surveyors,Land Surveyors,"Architecture, Surveying & Planning",Surveying,kept_mapped_final,V2,https://www.checkatrade.com/sitemap/locations/London/L,london_trade_sitemap,2026-09-05,London A-Z trade/service sitemap.,London
Checkatrade,Landlord Inventories,Landlord Inventories,"Property, Landlord & Estate Services",Landlord Inventory,kept_mapped_final,V2,https://www.checkatrade.com/sitemap/locations/London/L,london_trade_sitemap,2026-09-05,London A-Z trade/service sitemap.,London
Checkatrade,Landlord Inventories - Mid Tenancy Inspection,Landlord Inventories - Mid Tenancy Inspection,"Property, Landlord & Estate Services",Mid-Tenancy Inspection,kept_mapped_final,V2,https://www.checkatrade.com/sitemap/locations/London/L,london_trade_sitemap,2026-09-05,London A-Z trade/service sitemap.,London
Checkatrade,Landlord Inventories - Tenant Check In,Landlord Inventories - Tenant Check In,"Property, Landlord & Estate Services",Tenant Check-In Inventory,kept_mapped_final,V2,https://www.checkatrade.com/sitemap/locations/London/L,london_trade_sitemap,2026-09-05,London A-Z trade/service sitemap.,London
Checkatrade,Landlord Inventories - Tenant Check Out,Landlord Inventories - Tenant Check Out,"Property, Landlord & Estate Services",Tenant Check-Out Inventory,kept_mapped_final,V2,https://www.checkatrade.com/sitemap/locations/London/L,london_trade_sitemap,2026-09-05,London A-Z trade/service sitemap.,London
Checkatrade,Landlord Services,Landlord Services,"Property, Landlord & Estate Services",Landlord Services,kept_mapped_final,V2,https://www.checkatrade.com/sitemap/locations/London/L,london_trade_sitemap,2026-09-05,London A-Z trade/service sitemap.,London
Checkatrade,Landscape Contractor,Landscape Contractor,Gardening & Landscaping,Landscape Contracting,kept_mapped_final,V2,https://www.checkatrade.com/sitemap/locations/London/L,london_trade_sitemap,2026-09-05,London A-Z trade/service sitemap.,London
Checkatrade,Landscaper,Landscaper,Gardening & Landscaping,Landscaping,kept_mapped_final,V2,https://www.checkatrade.com/sitemap/locations/London/L,london_trade_sitemap,2026-09-05,London A-Z trade/service sitemap.,London
Checkatrade,Landscapers,Landscapers,Gardening & Landscaping,Landscaping,kept_mapped_final,V2,https://www.checkatrade.com/sitemap/locations/London/A,london_trade_sitemap,2026-09-05,London A-Z trade/service sitemap.,London
Checkatrade,Laptop Repairs,Laptop Repairs,IT Support & Device Services,Laptop Repairs,kept_mapped_final,V2,https://www.checkatrade.com/sitemap/locations/London/L,london_trade_sitemap,2026-09-05,London A-Z trade/service sitemap.,London
Checkatrade,Laser Cutting Stainless Steel,Laser Cutting Stainless Steel,Metalwork & Fabrication,Stainless Steel Laser Cutting,kept_mapped_final,V2,https://www.checkatrade.com/sitemap/locations/London/L,london_trade_sitemap,2026-09-05,London A-Z trade/service sitemap.,London
Checkatrade,Lath Plastering,Lath Plastering,Plastering & Rendering,Plastering,kept_mapped,V2,https://www.checkatrade.com/sitemap/locations/London/L,london_trade_sitemap,2026-09-05,London A-Z trade/service sitemap.,London
Checkatrade,Laundry Service,Laundry Service,"Laundry, Housekeeping & Organisation",Laundry Services,kept_mapped_final,V2,https://www.checkatrade.com/sitemap/locations/London/L,london_trade_sitemap,2026-09-05,London A-Z trade/service sitemap.,London
Checkatrade,Lawn Aeration,Lawn Aeration,Gardening & Landscaping,Lawn Aeration,kept_mapped_final,V2,https://www.checkatrade.com/sitemap/locations/London/L,london_trade_sitemap,2026-09-05,London A-Z trade/service sitemap.,London
Checkatrade,Lawn Care,Lawn Care,Gardening & Landscaping,Lawn Care,kept_mapped,V2,https://www.checkatrade.com/sitemap/locations/London/L,london_trade_sitemap,2026-09-05,London A-Z trade/service sitemap.,London
Checkatrade,Lawn Treatment,Lawn Treatment,Gardening & Landscaping,Lawn Treatment,kept_mapped_final,V2,https://www.checkatrade.com/sitemap/locations/London/L,london_trade_sitemap,2026-09-05,London A-Z trade/service sitemap.,London
Checkatrade,Lead flashing,Lead flashing,Roofing Services,Lead flashing,kept_mapped_final,V2,https://www.checkatrade.com/sitemap/locations/London/L,london_trade_sitemap,2026-09-05,London A-Z trade/service sitemap.,London
Checkatrade,Leadwork,Leadwork,Roofing Services,Leadwork,kept_mapped_final,V2,https://www.checkatrade.com/sitemap/locations/London/L,london_trade_sitemap,2026-09-05,London A-Z trade/service sitemap.,London
Checkatrade,Leadworks Installation,Leadworks Installation,Other Services / Unclassified,Leadworks Installation,kept_unclassified,V2,https://www.checkatrade.com/sitemap/locations/London/L,london_trade_sitemap,2026-09-05,London A-Z trade/service sitemap.,London
Checkatrade,Leadworks Repair,Leadworks Repair,Other Services / Unclassified,Leadworks Repair,kept_unclassified,V2,https://www.checkatrade.com/sitemap/locations/London/L,london_trade_sitemap,2026-09-05,London A-Z trade/service sitemap.,London
Checkatrade,Leak Detection Companies,Leak Detection Companies,Plumbing Services,Leak Detection,kept_mapped,V2,https://www.checkatrade.com/sitemap/locations/London/A,london_trade_sitemap,2026-09-05,London A-Z trade/service sitemap.,London
Checkatrade,Leather Cleaning,Leather Cleaning,Cleaning Services,General Cleaning,kept_mapped,V2,https://www.checkatrade.com/sitemap/locations/London/L,london_trade_sitemap,2026-09-05,London A-Z trade/service sitemap.,London
Checkatrade,Leather Repair,Leather Repair,"Fabric, Clothing & Specialist Repair",Leather Repair,kept_mapped_final,V2,https://www.checkatrade.com/sitemap/locations/London/L,london_trade_sitemap,2026-09-05,London A-Z trade/service sitemap.,London
Checkatrade,Legionella Assessment,Legionella Assessment,Fire & Safety Services,Legionella Assessment,kept_mapped_final,V2,https://www.checkatrade.com/sitemap/locations/London/L,london_trade_sitemap,2026-09-05,London A-Z trade/service sitemap.,London
Checkatrade,Legionella Control,Legionella Control,Fire & Safety Services,Legionella Control,kept_mapped_final,V2,https://www.checkatrade.com/sitemap/locations/London/L,london_trade_sitemap,2026-09-05,London A-Z trade/service sitemap.,London
Checkatrade,Legionella Testing,Legionella Testing,Fire & Safety Services,Legionella Testing,kept_mapped_final,V2,https://www.checkatrade.com/sitemap/locations/London/L,london_trade_sitemap,2026-09-05,London A-Z trade/service sitemap.,London
Checkatrade,Lighting Design,Lighting Design,Electrical Services,Lighting Design,kept_mapped_final,V2,https://www.checkatrade.com/sitemap/locations/London/L,london_trade_sitemap,2026-09-05,London A-Z trade/service sitemap.,London
Checkatrade,Lime Plastering,Lime Plastering,Plastering & Rendering,Plastering,kept_mapped,V2,https://www.checkatrade.com/sitemap/locations/London/L,london_trade_sitemap,2026-09-05,London A-Z trade/service sitemap.,London
Checkatrade,Liquid Plastic Roofing Installation,Liquid Plastic Roofing Installation,Roofing Services,General Roofing,kept_mapped,V2,https://www.checkatrade.com/sitemap/locations/London/L,london_trade_sitemap,2026-09-05,London A-Z trade/service sitemap.,London
Checkatrade,Liquid Plastic Roofing Repair,Liquid Plastic Roofing Repair,Roofing Services,General Roofing,kept_mapped,V2,https://www.checkatrade.com/sitemap/locations/London/L,london_trade_sitemap,2026-09-05,London A-Z trade/service sitemap.,London
Checkatrade,Liquid Screeding,Liquid Screeding,Flooring & Tiling Services,Liquid Screeding,kept_mapped_final,V2,https://www.checkatrade.com/sitemap/locations/London/L,london_trade_sitemap,2026-09-05,London A-Z trade/service sitemap.,London
Checkatrade,Liquid Waterproof System,Liquid Waterproof System,"Damp, Waterproofing & Restoration",Liquid Waterproof System,kept_mapped_final,V2,https://www.checkatrade.com/sitemap/locations/London/L,london_trade_sitemap,2026-09-05,London A-Z trade/service sitemap.,London
Checkatrade,Lock Fitting,Lock Fitting,"Locksmith, Keys & Safes",Lock Fitting,kept_mapped_final,V2,https://www.checkatrade.com/sitemap/locations/London/L,london_trade_sitemap,2026-09-05,London A-Z trade/service sitemap.,London
Checkatrade,Lock Repair,Lock Repair,Locksmith Services,Lock Repair,kept_mapped,V2,https://www.checkatrade.com/sitemap/locations/London/L,london_trade_sitemap,2026-09-05,London A-Z trade/service sitemap.,London
Checkatrade,Locking Wheel Nut Removal,Locking Wheel Nut Removal,Removals & Moving,General Removals,kept_mapped,V2,https://www.checkatrade.com/sitemap/locations/London/L,london_trade_sitemap,2026-09-05,London A-Z trade/service sitemap.,London
Checkatrade,Locksmith,Locksmith,Locksmith Services,General Locksmith,kept_mapped,V2,https://www.checkatrade.com/sitemap/locations/London/A,london_trade_sitemap,2026-09-05,London A-Z trade/service sitemap.,London
Checkatrade,Locksmiths,Locksmiths,"Locksmith, Keys & Safes",Locksmith Services,kept_mapped_final,V2,https://www.checkatrade.com/sitemap/locations/London/A,london_trade_sitemap,2026-09-05,London A-Z trade/service sitemap.,London
Checkatrade,Loft Conversion Specialists,Loft Conversion Specialists,Building & Construction,Loft Conversion,kept_mapped,V2,https://www.checkatrade.com/sitemap/locations/London/L,london_trade_sitemap,2026-09-05,London A-Z trade/service sitemap.,London
Checkatrade,Loft Conversions,Loft Conversions,Building & Construction,Loft Conversion,kept_mapped_final,V2,https://www.checkatrade.com/sitemap/locations/London/L,london_trade_sitemap,2026-09-05,London A-Z trade/service sitemap.,London
Checkatrade,Loft Extensions,Loft Extensions,Other Services / Unclassified,Loft Extensions,kept_unclassified,V2,https://www.checkatrade.com/sitemap/locations/London/L,london_trade_sitemap,2026-09-05,London A-Z trade/service sitemap.,London
Checkatrade,Loft Floor Boarding,Loft Floor Boarding,Flooring & Tiling Services,Loft Floor Boarding,kept_mapped_final,V2,https://www.checkatrade.com/sitemap/locations/London/L,london_trade_sitemap,2026-09-05,London A-Z trade/service sitemap.,London
Checkatrade,Loft Hatches,Loft Hatches,Other Services / Unclassified,Loft Hatches,kept_unclassified,V2,https://www.checkatrade.com/sitemap/locations/London/L,london_trade_sitemap,2026-09-05,London A-Z trade/service sitemap.,London
Checkatrade,Loft Insulation,Loft Insulation,Insulation Services,Loft Insulation,kept_mapped,V2,https://www.checkatrade.com/sitemap/locations/London/L,london_trade_sitemap,2026-09-05,London A-Z trade/service sitemap.,London
Checkatrade,Loft Ladder Installer,Loft Ladder Installer,"Loft, Attic & Storage Services",Loft Ladder Installation,kept_mapped_final,V2,https://www.checkatrade.com/sitemap/locations/London/L,london_trade_sitemap,2026-09-05,London A-Z trade/service sitemap.,London
Checkatrade,Loft Ladder Supplier,Loft Ladder Supplier,"Loft, Attic & Storage Services",Loft Ladder Supply,kept_mapped_final,V2,https://www.checkatrade.com/sitemap/locations/London/L,london_trade_sitemap,2026-09-05,London A-Z trade/service sitemap.,London
Checkatrade,Loft Storage,Loft Storage,"Loft, Attic & Storage Services",Loft Storage,kept_mapped_final,V2,https://www.checkatrade.com/sitemap/locations/London/L,london_trade_sitemap,2026-09-05,London A-Z trade/service sitemap.,London
Checkatrade,Loft Storage Room,Loft Storage Room,"Loft, Attic & Storage Services",Loft Storage Room,kept_mapped_final,V2,https://www.checkatrade.com/sitemap/locations/London/L,london_trade_sitemap,2026-09-05,London A-Z trade/service sitemap.,London
Checkatrade,Loft Windows Installation,Loft Windows Installation,Windows & Glazing,Window Installation,kept_mapped,V2,https://www.checkatrade.com/sitemap/locations/London/L,london_trade_sitemap,2026-09-05,London A-Z trade/service sitemap.,London
Checkatrade,Loft Windows Repair,Loft Windows Repair,Windows & Glazing,Window Repair,kept_mapped,V2,https://www.checkatrade.com/sitemap/locations/London/L,london_trade_sitemap,2026-09-05,London A-Z trade/service sitemap.,London
Checkatrade,Lofts / Loft Ladders,Lofts / Loft Ladders,Other Services / Unclassified,Lofts / Loft Ladders,kept_unclassified,V2,https://www.checkatrade.com/sitemap/locations/London/L,london_trade_sitemap,2026-09-05,London A-Z trade/service sitemap.,London
Checkatrade,Log Cabins,Log Cabins,Other Services / Unclassified,Log Cabins,kept_unclassified,V2,https://www.checkatrade.com/sitemap/locations/London/L,london_trade_sitemap,2026-09-05,London A-Z trade/service sitemap.,London
Checkatrade,Logs,Logs,Other Services / Unclassified,Logs,kept_unclassified,V2,https://www.checkatrade.com/sitemap/locations/London/L,london_trade_sitemap,2026-09-05,London A-Z trade/service sitemap.,London
Checkatrade,Low Moisture Cleaning,Low Moisture Cleaning,Cleaning Services,General Cleaning,kept_mapped,V2,https://www.checkatrade.com/sitemap/locations/London/L,london_trade_sitemap,2026-09-05,London A-Z trade/service sitemap.,London
Checkatrade,MOT,MOT,Vehicle Services,MOT Testing,kept_mapped_final,V2,https://www.checkatrade.com/sitemap/locations/London/M,london_trade_sitemap,2026-09-05,London A-Z trade/service sitemap.,London
Checkatrade,Made to Measure Blinds,Made to Measure Blinds,Blinds & Shutters,General Blinds & Shutters,kept_mapped,V2,https://www.checkatrade.com/sitemap/locations/London/M,london_trade_sitemap,2026-09-05,London A-Z trade/service sitemap.,London
Checkatrade,Made to Measure Curtain,Made to Measure Curtain,"Curtains, Awnings & Window Dressings",Made to Measure Curtain,kept_mapped_final,V2,https://www.checkatrade.com/sitemap/locations/London/M,london_trade_sitemap,2026-09-05,London A-Z trade/service sitemap.,London
Checkatrade,Made to Measure Curtain / Blinds,Made to Measure Curtain / Blinds,Blinds & Shutters,General Blinds & Shutters,kept_mapped,V2,https://www.checkatrade.com/sitemap/locations/London/M,london_trade_sitemap,2026-09-05,London A-Z trade/service sitemap.,London
Checkatrade,Made to Measure Shutters,Made to Measure Shutters,Other Services / Unclassified,Made to Measure Shutters,kept_unclassified,V2,https://www.checkatrade.com/sitemap/locations/London/M,london_trade_sitemap,2026-09-05,London A-Z trade/service sitemap.,London
Checkatrade,Magnetic Plastering,Magnetic Plastering,Plastering & Rendering,Plastering,kept_mapped,V2,https://www.checkatrade.com/sitemap/locations/London/M,london_trade_sitemap,2026-09-05,London A-Z trade/service sitemap.,London
Checkatrade,Man And A Van,Man And A Van,"Removals, Delivery & Courier Services",Man & Van,kept_mapped_final,V2,https://www.checkatrade.com/sitemap/locations/London/M,london_trade_sitemap,2026-09-05,London A-Z trade/service sitemap.,London
Checkatrade,Man And Van,Man And Van,Removals & Moving,Man & Van,kept_mapped,V2,https://www.checkatrade.com/sitemap/locations/London/A,london_trade_sitemap,2026-09-05,London A-Z trade/service sitemap.,London
Checkatrade,Marquee Hire,Marquee Hire,Events & Wedding Services,Marquee Hire,kept_mapped_final,V2,https://www.checkatrade.com/sitemap/locations/London/M,london_trade_sitemap,2026-09-05,London A-Z trade/service sitemap.,London
Checkatrade,Mastic Sealant,Mastic Sealant,Other Services / Unclassified,Mastic Sealant,kept_unclassified,V2,https://www.checkatrade.com/sitemap/locations/London/M,london_trade_sitemap,2026-09-05,London A-Z trade/service sitemap.,London
Checkatrade,Mechanic,Mechanic,Vehicle Services,Mechanic,kept_mapped_final,V2,https://www.checkatrade.com/sitemap/locations/London/M,london_trade_sitemap,2026-09-05,London A-Z trade/service sitemap.,London
Checkatrade,Member T&C’s apply,Member T&C’s apply,Other Services / Unclassified,Member T&C’s apply,kept_unclassified,V1,https://join.checkatrade.com/what-you-get/,public_category_page,2026-08-22,Checkatrade public category/onboarding page.,
Checkatrade,Memorial Gravestones Supplied,Memorial Gravestones Supplied,Other Services / Unclassified,Memorial Gravestones Supplied,kept_unclassified,V2,https://www.checkatrade.com/sitemap/locations/London/M,london_trade_sitemap,2026-09-05,London A-Z trade/service sitemap.,London
Checkatrade,Metal Fabrication,Metal Fabrication,Metalwork & Fabrication,Metal Fabrication,kept_mapped_final,V2,https://www.checkatrade.com/sitemap/locations/London/M,london_trade_sitemap,2026-09-05,London A-Z trade/service sitemap.,London
Checkatrade,Metal Gates,Metal Gates,Metalwork & Fabrication,Metal Gates,kept_mapped_final,V2,https://www.checkatrade.com/sitemap/locations/London/M,london_trade_sitemap,2026-09-05,London A-Z trade/service sitemap.,London
Checkatrade,Metal Roofing Installation,Metal Roofing Installation,Roofing Services,General Roofing,kept_mapped,V2,https://www.checkatrade.com/sitemap/locations/London/M,london_trade_sitemap,2026-09-05,London A-Z trade/service sitemap.,London
Checkatrade,Metal Roofing Repair,Metal Roofing Repair,Roofing Services,General Roofing,kept_mapped,V2,https://www.checkatrade.com/sitemap/locations/London/M,london_trade_sitemap,2026-09-05,London A-Z trade/service sitemap.,London
Checkatrade,Metal Staircases,Metal Staircases,Carpentry & Joinery,Staircase Services,kept_mapped,V2,https://www.checkatrade.com/sitemap/locations/London/M,london_trade_sitemap,2026-09-05,London A-Z trade/service sitemap.,London
Checkatrade,Metal Works,Metal Works,Metalwork & Fabrication,Metalwork,kept_mapped_final,V2,https://www.checkatrade.com/sitemap/locations/London/M,london_trade_sitemap,2026-09-05,London A-Z trade/service sitemap.,London
Checkatrade,Metalwork / Blacksmith,Metalwork / Blacksmith,Metalwork & Fabrication,Metalwork / Blacksmith,kept_mapped_final,V2,https://www.checkatrade.com/sitemap/locations/London/M,london_trade_sitemap,2026-09-05,London A-Z trade/service sitemap.,London
Checkatrade,Mini / Micro Digger Hire,Mini / Micro Digger Hire,"Groundworks, Excavation & Plant Hire",Mini Digger Hire,kept_mapped_final,V2,https://www.checkatrade.com/sitemap/locations/London/M,london_trade_sitemap,2026-09-05,London A-Z trade/service sitemap.,London
Checkatrade,Mini Bus Hire,Mini Bus Hire,Hire & Access Equipment,Mini Bus Hire,kept_mapped_final,V2,https://www.checkatrade.com/sitemap/locations/London/M,london_trade_sitemap,2026-09-05,London A-Z trade/service sitemap.,London
Checkatrade,Minibus Taxi,Minibus Taxi,"Removals, Delivery & Courier Services",Minibus Taxi,kept_mapped_final,V2,https://www.checkatrade.com/sitemap/locations/London/M,london_trade_sitemap,2026-09-05,London A-Z trade/service sitemap.,London
Checkatrade,Mirrors,Mirrors,Other Services / Unclassified,Mirrors,kept_unclassified,V2,https://www.checkatrade.com/sitemap/locations/London/M,london_trade_sitemap,2026-09-05,London A-Z trade/service sitemap.,London
Checkatrade,Miscellaneous Services,Miscellaneous Services,Excluded,Miscellaneous Services,excluded,V2,https://www.checkatrade.com/sitemap/locations/London/M,london_trade_sitemap,2026-09-05,London A-Z trade/service sitemap.,London
Checkatrade,Misted Double Glazing,Misted Double Glazing,Windows & Glazing,Double Glazing,kept_mapped,V2,https://www.checkatrade.com/sitemap/locations/London/M,london_trade_sitemap,2026-09-05,London A-Z trade/service sitemap.,London
Checkatrade,Mobile Discos,Mobile Discos,Events & Wedding Services,Mobile Disco,kept_mapped_final,V2,https://www.checkatrade.com/sitemap/locations/London/M,london_trade_sitemap,2026-09-05,London A-Z trade/service sitemap.,London
Checkatrade,Mobile Mechanic,Mobile Mechanic,Vehicle Services,Mobile Mechanic,kept_mapped,V2,https://www.checkatrade.com/sitemap/locations/London/A,london_trade_sitemap,2026-09-05,London A-Z trade/service sitemap.,London
Checkatrade,Mobile Phone Repairs,Mobile Phone Repairs,Other Services / Unclassified,Mobile Phone Repairs,kept_unclassified,V2,https://www.checkatrade.com/sitemap/locations/London/M,london_trade_sitemap,2026-09-05,London A-Z trade/service sitemap.,London
Checkatrade,Mobile Tyre Fitting,Mobile Tyre Fitting,Vehicle Services,Tyre Fitting,kept_mapped,V2,https://www.checkatrade.com/sitemap/locations/London/M,london_trade_sitemap,2026-09-05,London A-Z trade/service sitemap.,London
Checkatrade,Mobile Welding,Mobile Welding,Metalwork & Fabrication,Mobile Welding,kept_mapped_final,V2,https://www.checkatrade.com/sitemap/locations/London/M,london_trade_sitemap,2026-09-05,London A-Z trade/service sitemap.,London
Checkatrade,Mobility,Mobility,Accessibility & Mobility Services,Mobility,kept_mapped_final,V2,https://www.checkatrade.com/sitemap/locations/London/M,london_trade_sitemap,2026-09-05,London A-Z trade/service sitemap.,London
Checkatrade,Mobility Adaptions,Mobility Adaptions,Accessibility & Mobility Services,Mobility Adaptions,kept_mapped_final,V2,https://www.checkatrade.com/sitemap/locations/London/M,london_trade_sitemap,2026-09-05,London A-Z trade/service sitemap.,London
Checkatrade,Mobility Aids,Mobility Aids,Accessibility & Mobility Services,Mobility Aids,kept_mapped_final,V2,https://www.checkatrade.com/sitemap/locations/London/M,london_trade_sitemap,2026-09-05,London A-Z trade/service sitemap.,London
Checkatrade,Mobility Furniture,Mobility Furniture,"Furniture, Carpentry & Woodwork",Mobility Furniture,kept_mapped_final,V2,https://www.checkatrade.com/sitemap/locations/London/M,london_trade_sitemap,2026-09-05,London A-Z trade/service sitemap.,London
Checkatrade,Mobility Scooter Repair,Mobility Scooter Repair,Accessibility & Mobility Services,Mobility Scooter Repair,kept_mapped_final,V2,https://www.checkatrade.com/sitemap/locations/London/M,london_trade_sitemap,2026-09-05,London A-Z trade/service sitemap.,London
Checkatrade,Mobility Scooters,Mobility Scooters,Accessibility & Mobility Services,Mobility Scooters,kept_mapped_final,V2,https://www.checkatrade.com/sitemap/locations/London/M,london_trade_sitemap,2026-09-05,London A-Z trade/service sitemap.,London
Checkatrade,Monocouche Rendering,Monocouche Rendering,Plastering & Rendering,Rendering,kept_mapped,V2,https://www.checkatrade.com/sitemap/locations/London/M,london_trade_sitemap,2026-09-05,London A-Z trade/service sitemap.,London
Checkatrade,Mosaic Tiles,Mosaic Tiles,Flooring & Tiling Services,Mosaic Tiling,kept_mapped_final,V2,https://www.checkatrade.com/sitemap/locations/London/M,london_trade_sitemap,2026-09-05,London A-Z trade/service sitemap.,London
Checkatrade,Moss Removal,Moss Removal,Removals & Moving,General Removals,kept_mapped,V2,https://www.checkatrade.com/sitemap/locations/London/M,london_trade_sitemap,2026-09-05,London A-Z trade/service sitemap.,London
Checkatrade,Moss Removal Service,Moss Removal Service,Removals & Moving,General Removals,kept_mapped,V2,https://www.checkatrade.com/sitemap/locations/London/M,london_trade_sitemap,2026-09-05,London A-Z trade/service sitemap.,London
Checkatrade,Motor Home Sales,Motor Home Sales,Vehicle Services,Motor Home Sales,kept_mapped_final,V2,https://www.checkatrade.com/sitemap/locations/London/M,london_trade_sitemap,2026-09-05,London A-Z trade/service sitemap.,London
Checkatrade,Motor Home Servicing / Leisure Accessories,Motor Home Servicing / Leisure Accessories,Vehicle Services,Motorhome Servicing,kept_mapped_final,V2,https://www.checkatrade.com/sitemap/locations/London/M,london_trade_sitemap,2026-09-05,London A-Z trade/service sitemap.,London
Checkatrade,Motor Homes,Motor Homes,Other Services / Unclassified,Motor Homes,kept_unclassified,V2,https://www.checkatrade.com/sitemap/locations/London/M,london_trade_sitemap,2026-09-05,London A-Z trade/service sitemap.,London
Checkatrade,Motorcycle MOTs,Motorcycle MOTs,Vehicle Services,MOT Testing,kept_mapped_final,V2,https://www.checkatrade.com/sitemap/locations/London/M,london_trade_sitemap,2026-09-05,London A-Z trade/service sitemap.,London
Checkatrade,Motorcycle Sales,Motorcycle Sales,Vehicle Services,Motorcycle Sales,kept_mapped_final,V2,https://www.checkatrade.com/sitemap/locations/London/M,london_trade_sitemap,2026-09-05,London A-Z trade/service sitemap.,London
Checkatrade,Motorcycle Services,Motorcycle Services,Vehicle Services,Motorcycle Services,kept_mapped_final,V2,https://www.checkatrade.com/sitemap/locations/London/M,london_trade_sitemap,2026-09-05,London A-Z trade/service sitemap.,London
Checkatrade,Motorcycle Tyres,Motorcycle Tyres,Vehicle Services,Tyre Services,kept_mapped_final,V2,https://www.checkatrade.com/sitemap/locations/London/M,london_trade_sitemap,2026-09-05,London A-Z trade/service sitemap.,London
Checkatrade,Mould Control,Mould Control,"Damp, Waterproofing & Restoration",Mould Control,kept_mapped_final,V2,https://www.checkatrade.com/sitemap/locations/London/M,london_trade_sitemap,2026-09-05,London A-Z trade/service sitemap.,London
Checkatrade,Mulching,Mulching,Tree & Grounds Services,Mulching,kept_mapped_final,V2,https://www.checkatrade.com/sitemap/locations/London/M,london_trade_sitemap,2026-09-05,London A-Z trade/service sitemap.,London
Checkatrade,Natural Stone Tiles,Natural Stone Tiles,Flooring & Tiling Services,Natural Stone Tiling,kept_mapped_final,V2,https://www.checkatrade.com/sitemap/locations/London/N,london_trade_sitemap,2026-09-05,London A-Z trade/service sitemap.,London
Checkatrade,Network Administration,Network Administration,IT Support & Device Services,Network Support,kept_mapped_final,V2,https://www.checkatrade.com/sitemap/locations/London/N,london_trade_sitemap,2026-09-05,London A-Z trade/service sitemap.,London
Checkatrade,Network Cabling,Network Cabling,"Smart Home, Network & Cabling",Data & Network Cabling,kept_mapped_final,V2,https://www.checkatrade.com/sitemap/locations/London/N,london_trade_sitemap,2026-09-05,London A-Z trade/service sitemap.,London
Checkatrade,Network Installation,Network Installation,IT Support & Device Services,Network Installation,kept_mapped_final,V2,https://www.checkatrade.com/sitemap/locations/London/N,london_trade_sitemap,2026-09-05,London A-Z trade/service sitemap.,London
Checkatrade,Network Support,Network Support,IT Support & Device Services,Network Support,kept_mapped_final,V2,https://www.checkatrade.com/sitemap/locations/London/N,london_trade_sitemap,2026-09-05,London A-Z trade/service sitemap.,London
Checkatrade,New Bathroom Cost,New Bathroom Cost,Bathroom Services,New Bathroom Cost,kept_mapped_final,V2,https://www.checkatrade.com/sitemap/locations/London/A,london_trade_sitemap,2026-09-05,London A-Z trade/service sitemap.,London
Checkatrade,New Boiler Cost,New Boiler Cost,"Heating, Boiler & Gas Services",New Boiler Cost,kept_mapped_final,V2,https://www.checkatrade.com/sitemap/locations/London/A,london_trade_sitemap,2026-09-05,London A-Z trade/service sitemap.,London
Checkatrade,New Builds,New Builds,Building & Construction,New Build Construction,kept_mapped_final,V2,https://www.checkatrade.com/sitemap/locations/London/N,london_trade_sitemap,2026-09-05,London A-Z trade/service sitemap.,London
Checkatrade,Office Cleaning,Office Cleaning,Cleaning Services,Commercial Cleaning,kept_mapped,V2,https://www.checkatrade.com/sitemap/locations/London/O,london_trade_sitemap,2026-09-05,London A-Z trade/service sitemap.,London
Checkatrade,Office Clearance,Office Clearance,Waste Services,Office Clearance,kept_mapped,V2,https://www.checkatrade.com/sitemap/locations/London/O,london_trade_sitemap,2026-09-05,London A-Z trade/service sitemap.,London
Checkatrade,Oil Boiler Installation,Oil Boiler Installation,Heating & Boiler Services,Boiler Installation,kept_mapped,V2,https://www.checkatrade.com/sitemap/locations/London/O,london_trade_sitemap,2026-09-05,London A-Z trade/service sitemap.,London
Checkatrade,Oil Boiler Replacement,Oil Boiler Replacement,Heating & Boiler Services,Boiler Replacement,kept_mapped,V2,https://www.checkatrade.com/sitemap/locations/London/O,london_trade_sitemap,2026-09-05,London A-Z trade/service sitemap.,London
Checkatrade,Oil Central Heating Engineers,Oil Central Heating Engineers,Heating & Boiler Services,General Heating Services,kept_mapped,V2,https://www.checkatrade.com/sitemap/locations/London/O,london_trade_sitemap,2026-09-05,London A-Z trade/service sitemap.,London
Checkatrade,Oil Central Heating Installation,Oil Central Heating Installation,Heating & Boiler Services,General Heating Services,kept_mapped,V2,https://www.checkatrade.com/sitemap/locations/London/O,london_trade_sitemap,2026-09-05,London A-Z trade/service sitemap.,London
Checkatrade,Oil Central Heating Servicing / Repair,Oil Central Heating Servicing / Repair,Heating & Boiler Services,General Heating Services,kept_mapped,V2,https://www.checkatrade.com/sitemap/locations/London/O,london_trade_sitemap,2026-09-05,London A-Z trade/service sitemap.,London
Checkatrade,Oil Tank Emptying Service,Oil Tank Emptying Service,"Heating, Boiler & Gas Services",Oil Tank Emptying Service,kept_mapped_final,V2,https://www.checkatrade.com/sitemap/locations/London/O,london_trade_sitemap,2026-09-05,London A-Z trade/service sitemap.,London
Checkatrade,Oil Tank Installation,Oil Tank Installation,"Heating, Boiler & Gas Services",Oil Tank Installation,kept_mapped_final,V2,https://www.checkatrade.com/sitemap/locations/London/O,london_trade_sitemap,2026-09-05,London A-Z trade/service sitemap.,London
Checkatrade,Oil Tank Removal,Oil Tank Removal,Removals & Moving,General Removals,kept_mapped,V2,https://www.checkatrade.com/sitemap/locations/London/O,london_trade_sitemap,2026-09-05,London A-Z trade/service sitemap.,London
Checkatrade,Oil Tank Repair,Oil Tank Repair,"Heating, Boiler & Gas Services",Oil Tank Repair,kept_mapped_final,V2,https://www.checkatrade.com/sitemap/locations/London/O,london_trade_sitemap,2026-09-05,London A-Z trade/service sitemap.,London
Checkatrade,Oil Tank Servicing,Oil Tank Servicing,"Heating, Boiler & Gas Services",Oil Tank Servicing,kept_mapped_final,V2,https://www.checkatrade.com/sitemap/locations/London/O,london_trade_sitemap,2026-09-05,London A-Z trade/service sitemap.,London
Checkatrade,Online Interior Design,Online Interior Design,Interior Design & Fit-Out,Online Interior Design,kept_mapped_final,V2,https://www.checkatrade.com/sitemap/locations/London/O,london_trade_sitemap,2026-09-05,London A-Z trade/service sitemap.,London
Checkatrade,Orangeries,Orangeries,Building & Construction,Orangery Services,kept_mapped_final,V2,https://www.checkatrade.com/sitemap/locations/London/O,london_trade_sitemap,2026-09-05,London A-Z trade/service sitemap.,London
Checkatrade,Organic Cleaning,Organic Cleaning,Cleaning Services,General Cleaning,kept_mapped,V2,https://www.checkatrade.com/sitemap/locations/London/O,london_trade_sitemap,2026-09-05,London A-Z trade/service sitemap.,London
Checkatrade,Outbuilding,Outbuilding,Landscaping Structures & Outdoor Buildings,Outbuilding,kept_mapped_final,V2,https://www.checkatrade.com/sitemap/locations/London/O,london_trade_sitemap,2026-09-05,London A-Z trade/service sitemap.,London
Checkatrade,Oven Cleaning,Oven Cleaning,Cleaning Services,General Cleaning,kept_mapped,V2,https://www.checkatrade.com/sitemap/locations/London/O,london_trade_sitemap,2026-09-05,London A-Z trade/service sitemap.,London
Checkatrade,Overview,Overview,Excluded,Overview,excluded,V1,https://join.checkatrade.com/what-you-get/,public_category_page,2026-08-22,Checkatrade public category/onboarding page.,
Checkatrade,PC Repairs,PC Repairs,Other Services / Unclassified,PC Repairs,kept_unclassified,V2,https://www.checkatrade.com/sitemap/locations/London/P,london_trade_sitemap,2026-09-05,London A-Z trade/service sitemap.,London
Checkatrade,Packaging service,Packaging service,"Removals, Delivery & Courier Services",Packaging Service,kept_mapped_final,V2,https://www.checkatrade.com/sitemap/locations/London/P,london_trade_sitemap,2026-09-05,London A-Z trade/service sitemap.,London
Checkatrade,Paint Sprayer,Paint Sprayer,Painting & Decorating,General Painting & Decorating,kept_mapped,V2,https://www.checkatrade.com/sitemap/locations/London/P,london_trade_sitemap,2026-09-05,London A-Z trade/service sitemap.,London
Checkatrade,Painter / Decorator,Painter / Decorator,Painting & Decorating,General Painting & Decorating,kept_mapped,V2,https://www.checkatrade.com/sitemap/locations/London/P,london_trade_sitemap,2026-09-05,London A-Z trade/service sitemap.,London
Checkatrade,Painter Decorator,Painter Decorator,Painting & Decorating,General Painting & Decorating,kept_mapped,V2,https://www.checkatrade.com/sitemap/locations/London/A,london_trade_sitemap,2026-09-05,London A-Z trade/service sitemap.,London
Checkatrade,Painters and Decorators London,Painters and Decorators London,Painting & Decorating,General Painting & Decorating,kept_mapped,V2,https://www.checkatrade.com/sitemap/locations/London/A,london_trade_sitemap,2026-09-05,London A-Z trade/service sitemap.,London
Checkatrade,Painting / Decorating,Painting / Decorating,Painting & Decorating,General Painting & Decorating,kept_mapped,V2,https://www.checkatrade.com/sitemap/locations/London/P,london_trade_sitemap,2026-09-05,London A-Z trade/service sitemap.,London
Checkatrade,Painting Kitchen Cabinets,Painting Kitchen Cabinets,Painting & Decorating,General Painting & Decorating,kept_mapped,V2,https://www.checkatrade.com/sitemap/locations/London/P,london_trade_sitemap,2026-09-05,London A-Z trade/service sitemap.,London
Checkatrade,Painting and Decorating Prices,Painting and Decorating Prices,Painting & Decorating,General Painting & Decorating,kept_mapped,V2,https://www.checkatrade.com/sitemap/locations/London/A,london_trade_sitemap,2026-09-05,London A-Z trade/service sitemap.,London
Checkatrade,Panel Fencing,Panel Fencing,Fencing & Gates,General Fencing,kept_mapped,V2,https://www.checkatrade.com/sitemap/locations/London/P,london_trade_sitemap,2026-09-05,London A-Z trade/service sitemap.,London
Checkatrade,Parquet Flooring,Parquet Flooring,Flooring,General Flooring,kept_mapped,V2,https://www.checkatrade.com/sitemap/locations/London/P,london_trade_sitemap,2026-09-05,London A-Z trade/service sitemap.,London
Checkatrade,Partition Walls,Partition Walls,Other Services / Unclassified,Partition Walls,kept_unclassified,V2,https://www.checkatrade.com/sitemap/locations/London/P,london_trade_sitemap,2026-09-05,London A-Z trade/service sitemap.,London
Checkatrade,Party Wall Matters,Party Wall Matters,"Architecture, Surveying & Planning",Party Wall Surveying,kept_mapped_final,V2,https://www.checkatrade.com/sitemap/locations/London/P,london_trade_sitemap,2026-09-05,London A-Z trade/service sitemap.,London
Checkatrade,Patio Doors Installation,Patio Doors Installation,Doors & Door Services,Door Installation,kept_mapped,V2,https://www.checkatrade.com/sitemap/locations/London/P,london_trade_sitemap,2026-09-05,London A-Z trade/service sitemap.,London
Checkatrade,Patio Doors Repair,Patio Doors Repair,Doors & Door Services,Door Repair,kept_mapped,V2,https://www.checkatrade.com/sitemap/locations/London/P,london_trade_sitemap,2026-09-05,London A-Z trade/service sitemap.,London
Checkatrade,Patio Laying Cost,Patio Laying Cost,Driveways & Paving,Patio Installation,kept_mapped,V2,https://www.checkatrade.com/sitemap/locations/London/A,london_trade_sitemap,2026-09-05,London A-Z trade/service sitemap.,London
Checkatrade,Patios / Paving,Patios / Paving,Driveways & Paving,Paving,kept_mapped,V2,https://www.checkatrade.com/sitemap/locations/London/P,london_trade_sitemap,2026-09-05,London A-Z trade/service sitemap.,London
Checkatrade,Patterned Imprinted Concrete,Patterned Imprinted Concrete,Concrete & Aggregate Services,Patterned Imprinted Concrete,kept_mapped_final,V2,https://www.checkatrade.com/sitemap/locations/London/P,london_trade_sitemap,2026-09-05,London A-Z trade/service sitemap.,London
Checkatrade,Pebble Dashing / Rough Casting,Pebble Dashing / Rough Casting,Other Services / Unclassified,Pebble Dashing / Rough Casting,kept_unclassified,V2,https://www.checkatrade.com/sitemap/locations/London/P,london_trade_sitemap,2026-09-05,London A-Z trade/service sitemap.,London
Checkatrade,Penetrating Damp Treatment,Penetrating Damp Treatment,"Damp, Waterproofing & Restoration",Penetrating Damp Treatment,kept_mapped_final,V2,https://www.checkatrade.com/sitemap/locations/London/P,london_trade_sitemap,2026-09-05,London A-Z trade/service sitemap.,London
Checkatrade,Performance Tuning,Performance Tuning,Vehicle Services,Performance Tuning,kept_mapped_final,V2,https://www.checkatrade.com/sitemap/locations/London/P,london_trade_sitemap,2026-09-05,London A-Z trade/service sitemap.,London
Checkatrade,Period Property Restoration,Period Property Restoration,Building & Construction,Property Restoration,kept_mapped,V2,https://www.checkatrade.com/sitemap/locations/London/P,london_trade_sitemap,2026-09-05,London A-Z trade/service sitemap.,London
Checkatrade,Perks,Perks,Excluded,Perks,excluded,V1,https://join.checkatrade.com/what-you-get/,public_category_page,2026-08-22,Checkatrade public category/onboarding page.,
Checkatrade,Permeable Paving,Permeable Paving,Driveways & Paving,Paving,kept_mapped,V2,https://www.checkatrade.com/sitemap/locations/London/P,london_trade_sitemap,2026-09-05,London A-Z trade/service sitemap.,London
Checkatrade,Pest / Vermin Control,Pest / Vermin Control,Other Services / Unclassified,Pest / Vermin Control,kept_unclassified,V2,https://www.checkatrade.com/sitemap/locations/London/P,london_trade_sitemap,2026-09-05,London A-Z trade/service sitemap.,London
Checkatrade,Piano Removals,Piano Removals,Removals & Moving,General Removals,kept_mapped,V2,https://www.checkatrade.com/sitemap/locations/London/P,london_trade_sitemap,2026-09-05,London A-Z trade/service sitemap.,London
Checkatrade,Picket Fencing,Picket Fencing,Fencing & Gates,General Fencing,kept_mapped,V2,https://www.checkatrade.com/sitemap/locations/London/P,london_trade_sitemap,2026-09-05,London A-Z trade/service sitemap.,London
Checkatrade,Piling,Piling,Other Services / Unclassified,Piling,kept_unclassified,V2,https://www.checkatrade.com/sitemap/locations/London/P,london_trade_sitemap,2026-09-05,London A-Z trade/service sitemap.,London
Checkatrade,Pipe Fitter,Pipe Fitter,Plumbing & Drainage Services,Pipe Fitting,kept_mapped_final,V2,https://www.checkatrade.com/sitemap/locations/London/P,london_trade_sitemap,2026-09-05,London A-Z trade/service sitemap.,London
Checkatrade,Pitched Roofing Installation,Pitched Roofing Installation,Roofing Services,General Roofing,kept_mapped,V2,https://www.checkatrade.com/sitemap/locations/London/P,london_trade_sitemap,2026-09-05,London A-Z trade/service sitemap.,London
Checkatrade,Pitched Roofing Repair,Pitched Roofing Repair,Roofing Services,General Roofing,kept_mapped,V2,https://www.checkatrade.com/sitemap/locations/London/P,london_trade_sitemap,2026-09-05,London A-Z trade/service sitemap.,London
Checkatrade,Plain Tiles,Plain Tiles,Flooring & Tiling Services,Plain Tiles,kept_mapped_final,V2,https://www.checkatrade.com/sitemap/locations/London/P,london_trade_sitemap,2026-09-05,London A-Z trade/service sitemap.,London
Checkatrade,Planning / Design,Planning / Design,Other Services / Unclassified,Planning / Design,kept_unclassified,V2,https://www.checkatrade.com/sitemap/locations/London/P,london_trade_sitemap,2026-09-05,London A-Z trade/service sitemap.,London
Checkatrade,Planning Consultants,Planning Consultants,Other Services / Unclassified,Planning Consultants,kept_unclassified,V2,https://www.checkatrade.com/sitemap/locations/London/P,london_trade_sitemap,2026-09-05,London A-Z trade/service sitemap.,London
Checkatrade,Plant Hire / Sales,Plant Hire / Sales,"Groundworks, Excavation & Plant Hire",Plant Hire,kept_mapped_final,V2,https://www.checkatrade.com/sitemap/locations/London/P,london_trade_sitemap,2026-09-05,London A-Z trade/service sitemap.,London
Checkatrade,Plantation Shutters,Plantation Shutters,Other Services / Unclassified,Plantation Shutters,kept_unclassified,V2,https://www.checkatrade.com/sitemap/locations/London/P,london_trade_sitemap,2026-09-05,London A-Z trade/service sitemap.,London
Checkatrade,Plaster Mouldings,Plaster Mouldings,"Painting, Decorating & Wall Finishes",Plaster Mouldings,kept_mapped_final,V2,https://www.checkatrade.com/sitemap/locations/London/P,london_trade_sitemap,2026-09-05,London A-Z trade/service sitemap.,London
Checkatrade,Plasterer,Plasterer,"Painting, Decorating & Wall Finishes",Plastering,kept_mapped_final,V2,https://www.checkatrade.com/sitemap/locations/London/P,london_trade_sitemap,2026-09-05,London A-Z trade/service sitemap.,London
Checkatrade,Plasterers,Plasterers,"Painting, Decorating & Wall Finishes",Plastering,kept_mapped_final,V2,https://www.checkatrade.com/sitemap/locations/London/A,london_trade_sitemap,2026-09-05,London A-Z trade/service sitemap.,London
Checkatrade,Plastering,Plastering,Plastering & Rendering,Plastering,kept_mapped,V2,https://www.checkatrade.com/sitemap/locations/London/P,london_trade_sitemap,2026-09-05,London A-Z trade/service sitemap.,London
Checkatrade,Plastic Canopies,Plastic Canopies,Other Services / Unclassified,Plastic Canopies,kept_unclassified,V2,https://www.checkatrade.com/sitemap/locations/London/P,london_trade_sitemap,2026-09-05,London A-Z trade/service sitemap.,London
Checkatrade,Play Areas,Play Areas,Landscaping Structures & Outdoor Buildings,Play Areas,kept_mapped_final,V2,https://www.checkatrade.com/sitemap/locations/London/P,london_trade_sitemap,2026-09-05,London A-Z trade/service sitemap.,London
Checkatrade,Plumber,Plumber,Plumbing Services,General Plumbing,kept_mapped,V2,https://www.checkatrade.com/sitemap/locations/London/P,london_trade_sitemap,2026-09-05,London A-Z trade/service sitemap.,London
Checkatrade,Plumbers,Plumbers,Plumbing Services,General Plumbing,kept_mapped,V2,https://www.checkatrade.com/sitemap/locations/London/A,london_trade_sitemap,2026-09-05,London A-Z trade/service sitemap.,London
Checkatrade,Plumbing Merchants,Plumbing Merchants,Plumbing Services,General Plumbing,kept_mapped,V2,https://www.checkatrade.com/sitemap/locations/London/P,london_trade_sitemap,2026-09-05,London A-Z trade/service sitemap.,London
Checkatrade,Plumbing Repairs,Plumbing Repairs,Plumbing Services,Plumbing Repair,kept_mapped,V2,https://www.checkatrade.com/sitemap/locations/London/P,london_trade_sitemap,2026-09-05,London A-Z trade/service sitemap.,London
Checkatrade,Ply Boarding,Ply Boarding,Other Services / Unclassified,Ply Boarding,kept_unclassified,V2,https://www.checkatrade.com/sitemap/locations/London/P,london_trade_sitemap,2026-09-05,London A-Z trade/service sitemap.,London
Checkatrade,Polished Concrete,Polished Concrete,Concrete & Aggregate Services,Polished Concrete,kept_mapped_final,V2,https://www.checkatrade.com/sitemap/locations/London/P,london_trade_sitemap,2026-09-05,London A-Z trade/service sitemap.,London
Checkatrade,Polished Plastering,Polished Plastering,Plastering & Rendering,Plastering,kept_mapped,V2,https://www.checkatrade.com/sitemap/locations/London/P,london_trade_sitemap,2026-09-05,London A-Z trade/service sitemap.,London
Checkatrade,Polycarbonate Roofing Installation,Polycarbonate Roofing Installation,Roofing Services,General Roofing,kept_mapped,V2,https://www.checkatrade.com/sitemap/locations/London/P,london_trade_sitemap,2026-09-05,London A-Z trade/service sitemap.,London
Checkatrade,Polycarbonate Roofing Repair,Polycarbonate Roofing Repair,Roofing Services,General Roofing,kept_mapped,V2,https://www.checkatrade.com/sitemap/locations/London/P,london_trade_sitemap,2026-09-05,London A-Z trade/service sitemap.,London
Checkatrade,Polytunnels,Polytunnels,Gardening & Landscaping,Polytunnel Services,kept_mapped_final,V2,https://www.checkatrade.com/sitemap/locations/London/P,london_trade_sitemap,2026-09-05,London A-Z trade/service sitemap.,London
Checkatrade,Pond Construction,Pond Construction,Building & Construction,Pond Construction,kept_mapped_final,V2,https://www.checkatrade.com/sitemap/locations/London/P,london_trade_sitemap,2026-09-05,London A-Z trade/service sitemap.,London
Checkatrade,Pond Maintenance / Cleaning,Pond Maintenance / Cleaning,Cleaning Services,General Cleaning,kept_mapped,V2,https://www.checkatrade.com/sitemap/locations/London/P,london_trade_sitemap,2026-09-05,London A-Z trade/service sitemap.,London
Checkatrade,Porcelain Tiles,Porcelain Tiles,Flooring & Tiling Services,Porcelain Tiling,kept_mapped_final,V2,https://www.checkatrade.com/sitemap/locations/London/P,london_trade_sitemap,2026-09-05,London A-Z trade/service sitemap.,London
Checkatrade,Porch Installation,Porch Installation,Building & Construction,Porch Installation,kept_mapped_final,V2,https://www.checkatrade.com/sitemap/locations/London/P,london_trade_sitemap,2026-09-05,London A-Z trade/service sitemap.,London
Checkatrade,Porches Repair,Porches Repair,Other Services / Unclassified,Porches Repair,kept_unclassified,V2,https://www.checkatrade.com/sitemap/locations/London/P,london_trade_sitemap,2026-09-05,London A-Z trade/service sitemap.,London
Checkatrade,Portable Appliance Testing - PAT Testing,Portable Appliance Testing - PAT Testing,Appliance & Equipment Services,Portable Appliance Testing - PAT Testing,kept_mapped_final,V2,https://www.checkatrade.com/sitemap/locations/London/P,london_trade_sitemap,2026-09-05,London A-Z trade/service sitemap.,London
Checkatrade,Portable offices,Portable offices,Commercial & Business Property Services,Portable offices,kept_mapped_final,V2,https://www.checkatrade.com/sitemap/locations/London/P,london_trade_sitemap,2026-09-05,London A-Z trade/service sitemap.,London
Checkatrade,Powder Coating,Powder Coating,Surface Treatment & Specialist Coatings,Powder Coating,kept_mapped_final,V2,https://www.checkatrade.com/sitemap/locations/London/P,london_trade_sitemap,2026-09-05,London A-Z trade/service sitemap.,London
Checkatrade,Power Flushing,Power Flushing,Plumbing & Drainage Services,Power Flushing,kept_mapped_final,V2,https://www.checkatrade.com/sitemap/locations/London/P,london_trade_sitemap,2026-09-05,London A-Z trade/service sitemap.,London
Checkatrade,Printer Repairs,Printer Repairs,IT Support & Device Services,Printer Repair,kept_mapped_final,V2,https://www.checkatrade.com/sitemap/locations/London/P,london_trade_sitemap,2026-09-05,London A-Z trade/service sitemap.,London
Checkatrade,Printing,Printing,"Printing, Signage & Art Services",Printing,kept_mapped_final,V2,https://www.checkatrade.com/sitemap/locations/London/P,london_trade_sitemap,2026-09-05,London A-Z trade/service sitemap.,London
Checkatrade,Project Management,Project Management,Business & Administrative Services,Project Management,kept_mapped_final,V2,https://www.checkatrade.com/sitemap/locations/London/P,london_trade_sitemap,2026-09-05,London A-Z trade/service sitemap.,London
Checkatrade,Property Maintenance / Repair,Property Maintenance / Repair,"Property, Landlord & Estate Services",Property Maintenance,kept_mapped_final,V2,https://www.checkatrade.com/sitemap/locations/London/P,london_trade_sitemap,2026-09-05,London A-Z trade/service sitemap.,London
Checkatrade,Property Renovation,Property Renovation,Building & Construction,Property Renovation,kept_mapped_final,V2,https://www.checkatrade.com/sitemap/locations/London/P,london_trade_sitemap,2026-09-05,London A-Z trade/service sitemap.,London
Checkatrade,Pruning,Pruning,Gardening & Landscaping,Pruning,kept_mapped_final,V2,https://www.checkatrade.com/sitemap/locations/London/P,london_trade_sitemap,2026-09-05,London A-Z trade/service sitemap.,London
Checkatrade,Purifiers,Purifiers,"Water Treatment, Tanks & Pumps",Water Purification,kept_mapped_final,V2,https://www.checkatrade.com/sitemap/locations/London/P,london_trade_sitemap,2026-09-05,London A-Z trade/service sitemap.,London
Checkatrade,Quantity Surveyor,Quantity Surveyor,"Architecture, Surveying & Planning",Quantity Surveying,kept_mapped_final,V2,https://www.checkatrade.com/sitemap/locations/London/Q,london_trade_sitemap,2026-09-05,London A-Z trade/service sitemap.,London
Checkatrade,Quartz Tiling,Quartz Tiling,Tiling,General Tiling,kept_mapped,V2,https://www.checkatrade.com/sitemap/locations/London/Q,london_trade_sitemap,2026-09-05,London A-Z trade/service sitemap.,London
Checkatrade,RICS Condition Report,RICS Condition Report,"Property, Landlord & Estate Services",RICS Condition Report,kept_mapped_final,V2,https://www.checkatrade.com/sitemap/locations/London/R,london_trade_sitemap,2026-09-05,London A-Z trade/service sitemap.,London
Checkatrade,Radiator Covers,Radiator Covers,"Heating, Boiler & Gas Services",Radiator Covers,kept_mapped_final,V2,https://www.checkatrade.com/sitemap/locations/London/R,london_trade_sitemap,2026-09-05,London A-Z trade/service sitemap.,London
Checkatrade,Radiator Installation,Radiator Installation,"Heating, Boiler & Gas Services",Radiator Installation,kept_mapped_final,V2,https://www.checkatrade.com/sitemap/locations/London/R,london_trade_sitemap,2026-09-05,London A-Z trade/service sitemap.,London
Checkatrade,Radiator Repair,Radiator Repair,Heating & Boiler Services,Radiator Repair,kept_mapped,V2,https://www.checkatrade.com/sitemap/locations/London/R,london_trade_sitemap,2026-09-05,London A-Z trade/service sitemap.,London
Checkatrade,Radiator Thermostat Valve Installation,Radiator Thermostat Valve Installation,"Heating, Boiler & Gas Services",Radiator Thermostat Valve Installation,kept_mapped_final,V2,https://www.checkatrade.com/sitemap/locations/London/R,london_trade_sitemap,2026-09-05,London A-Z trade/service sitemap.,London
Checkatrade,Radiator Thermostat Valve Repair,Radiator Thermostat Valve Repair,"Heating, Boiler & Gas Services",Radiator Thermostat Valve Repair,kept_mapped_final,V2,https://www.checkatrade.com/sitemap/locations/London/R,london_trade_sitemap,2026-09-05,London A-Z trade/service sitemap.,London
Checkatrade,Railings,Railings,Metalwork & Fabrication,Railings,kept_mapped_final,V2,https://www.checkatrade.com/sitemap/locations/London/R,london_trade_sitemap,2026-09-05,London A-Z trade/service sitemap.,London
Checkatrade,Rainwater Harvesting,Rainwater Harvesting,"Water Treatment, Tanks & Pumps",Rainwater Harvesting,kept_mapped_final,V2,https://www.checkatrade.com/sitemap/locations/London/R,london_trade_sitemap,2026-09-05,London A-Z trade/service sitemap.,London
Checkatrade,Range Cooker,Range Cooker,Appliance & Equipment Services,Range Cooker,kept_mapped_final,V2,https://www.checkatrade.com/sitemap/locations/London/R,london_trade_sitemap,2026-09-05,London A-Z trade/service sitemap.,London
Checkatrade,Range Cooker Servicing / Repair,Range Cooker Servicing / Repair,Appliance & Equipment Services,Range Cooker Servicing & Repair,kept_mapped_final,V2,https://www.checkatrade.com/sitemap/locations/London/R,london_trade_sitemap,2026-09-05,London A-Z trade/service sitemap.,London
Checkatrade,Rayburn Servicing / Repair,Rayburn Servicing / Repair,Appliance & Equipment Services,Rayburn Servicing & Repair,kept_mapped_final,V2,https://www.checkatrade.com/sitemap/locations/London/R,london_trade_sitemap,2026-09-05,London A-Z trade/service sitemap.,London
Checkatrade,Recycling,Recycling,"Waste, Clearance & Recycling",Recycling,kept_mapped_final,V2,https://www.checkatrade.com/sitemap/locations/London/R,london_trade_sitemap,2026-09-05,London A-Z trade/service sitemap.,London
Checkatrade,Refrigerated Transportation,Refrigerated Transportation,Transport & Transfer Services,Refrigerated Transportation,kept_mapped_final,V2,https://www.checkatrade.com/sitemap/locations/London/R,london_trade_sitemap,2026-09-05,London A-Z trade/service sitemap.,London
Checkatrade,Refrigeration Services,Refrigeration Services,Appliance & Equipment Services,Refrigeration Services,kept_mapped_final,V2,https://www.checkatrade.com/sitemap/locations/London/R,london_trade_sitemap,2026-09-05,London A-Z trade/service sitemap.,London
Checkatrade,Refurbishments,Refurbishments,Building & Construction,Property Refurbishment,kept_mapped_final,V2,https://www.checkatrade.com/sitemap/locations/London/R,london_trade_sitemap,2026-09-05,London A-Z trade/service sitemap.,London
Checkatrade,Registered Gas Boiler Engineers,Registered Gas Boiler Engineers,"Heating, Boiler & Gas Services",Registered Gas Boiler Engineers,kept_mapped_final,V2,https://www.checkatrade.com/sitemap/locations/London/R,london_trade_sitemap,2026-09-05,London A-Z trade/service sitemap.,London
Checkatrade,Removals / Storage,Removals / Storage,Removals & Moving,General Removals,kept_mapped,V2,https://www.checkatrade.com/sitemap/locations/London/R,london_trade_sitemap,2026-09-05,London A-Z trade/service sitemap.,London
Checkatrade,Removals Companies,Removals Companies,Removals & Moving,General Removals,kept_mapped,V2,https://www.checkatrade.com/sitemap/locations/London/A,london_trade_sitemap,2026-09-05,London A-Z trade/service sitemap.,London
Checkatrade,Render Cleaning,Render Cleaning,Cleaning Services,General Cleaning,kept_mapped,V2,https://www.checkatrade.com/sitemap/locations/London/R,london_trade_sitemap,2026-09-05,London A-Z trade/service sitemap.,London
Checkatrade,Rendering,Rendering,Plastering & Rendering,Rendering,kept_mapped,V2,https://www.checkatrade.com/sitemap/locations/London/R,london_trade_sitemap,2026-09-05,London A-Z trade/service sitemap.,London
Checkatrade,Renewable Energy,Renewable Energy,Renewable Energy & Insulation,Renewable Energy,kept_mapped_final,V2,https://www.checkatrade.com/sitemap/locations/London/R,london_trade_sitemap,2026-09-05,London A-Z trade/service sitemap.,London
Checkatrade,Renovation Specialist,Renovation Specialist,Building & Construction,Renovation Specialist,kept_mapped_final,V2,https://www.checkatrade.com/sitemap/locations/London/R,london_trade_sitemap,2026-09-05,London A-Z trade/service sitemap.,London
Checkatrade,Repair and Listed Building Specialist,Repair and Listed Building Specialist,Building & Construction,Repair and Listed Building Specialist,kept_mapped_final,V2,https://www.checkatrade.com/sitemap/locations/London/R,london_trade_sitemap,2026-09-05,London A-Z trade/service sitemap.,London
Checkatrade,Replace kitchen cabinets,Replace kitchen cabinets,Kitchen Services,Replace kitchen cabinets,kept_mapped_final,V2,https://www.checkatrade.com/sitemap/locations/London/R,london_trade_sitemap,2026-09-05,London A-Z trade/service sitemap.,London
Checkatrade,Replacement Doors and Drawers,Replacement Doors and Drawers,"Doors, Windows & Glazing",Replacement Doors and Drawers,kept_mapped_final,V2,https://www.checkatrade.com/sitemap/locations/London/R,london_trade_sitemap,2026-09-05,London A-Z trade/service sitemap.,London
Checkatrade,Repointing,Repointing,Building & Construction,Repointing,kept_mapped_final,V2,https://www.checkatrade.com/sitemap/locations/London/R,london_trade_sitemap,2026-09-05,London A-Z trade/service sitemap.,London
Checkatrade,Residential Grass Cutting,Residential Grass Cutting,Gardening & Landscaping,Lawn Mowing,kept_mapped,V2,https://www.checkatrade.com/sitemap/locations/London/R,london_trade_sitemap,2026-09-05,London A-Z trade/service sitemap.,London
Checkatrade,Resin Bond Surfacing,Resin Bond Surfacing,"Driveways, Paving & Surfacing",Resin Bond Surfacing,kept_mapped_final,V2,https://www.checkatrade.com/sitemap/locations/London/R,london_trade_sitemap,2026-09-05,London A-Z trade/service sitemap.,London
Checkatrade,Resin Bound Surfacing,Resin Bound Surfacing,"Driveways, Paving & Surfacing",Resin Bound Surfacing,kept_mapped_final,V2,https://www.checkatrade.com/sitemap/locations/London/R,london_trade_sitemap,2026-09-05,London A-Z trade/service sitemap.,London
Checkatrade,Resin Flooring,Resin Flooring,Flooring,General Flooring,kept_mapped,V2,https://www.checkatrade.com/sitemap/locations/London/R,london_trade_sitemap,2026-09-05,London A-Z trade/service sitemap.,London
Checkatrade,Restoration,Restoration,"Damp, Waterproofing & Restoration",Restoration,kept_mapped_final,V2,https://www.checkatrade.com/sitemap/locations/London/R,london_trade_sitemap,2026-09-05,London A-Z trade/service sitemap.,London
Checkatrade,Reviewed Tradespeople,Reviewed Tradespeople,Excluded,Reviewed Tradespeople,excluded,V2,https://www.checkatrade.com/sitemap/locations/London/A,london_trade_sitemap,2026-09-05,London A-Z trade/service sitemap.,London
Checkatrade,Ridged Tiles Installation,Ridged Tiles Installation,Roofing Services,Ridged Tiles Installation,kept_mapped_final,V2,https://www.checkatrade.com/sitemap/locations/London/R,london_trade_sitemap,2026-09-05,London A-Z trade/service sitemap.,London
Checkatrade,Ridged Tiles Repair,Ridged Tiles Repair,Roofing Services,Tile Repair,kept_mapped_final,V2,https://www.checkatrade.com/sitemap/locations/London/R,london_trade_sitemap,2026-09-05,London A-Z trade/service sitemap.,London
Checkatrade,Rise & Recline Chairs,Rise & Recline Chairs,Other Services / Unclassified,Rise & Recline Chairs,kept_unclassified,V2,https://www.checkatrade.com/sitemap/locations/London/R,london_trade_sitemap,2026-09-05,London A-Z trade/service sitemap.,London
Checkatrade,Rising Damp,Rising Damp,"Damp, Waterproofing & Restoration",Rising Damp,kept_mapped_final,V2,https://www.checkatrade.com/sitemap/locations/London/R,london_trade_sitemap,2026-09-05,London A-Z trade/service sitemap.,London
Checkatrade,Road Markings,Road Markings,"Driveways, Paving & Surfacing",Road Marking,kept_mapped_final,V2,https://www.checkatrade.com/sitemap/locations/London/R,london_trade_sitemap,2026-09-05,London A-Z trade/service sitemap.,London
Checkatrade,Roller Shutters,Roller Shutters,"Doors, Windows & Glazing",Roller Shutters,kept_mapped_final,V2,https://www.checkatrade.com/sitemap/locations/London/R,london_trade_sitemap,2026-09-05,London A-Z trade/service sitemap.,London
Checkatrade,Roof Blinds,Roof Blinds,Blinds & Shutters,General Blinds & Shutters,kept_mapped,V2,https://www.checkatrade.com/sitemap/locations/London/R,london_trade_sitemap,2026-09-05,London A-Z trade/service sitemap.,London
Checkatrade,Roof Cleaning,Roof Cleaning,Cleaning Services,General Cleaning,kept_mapped,V2,https://www.checkatrade.com/sitemap/locations/London/R,london_trade_sitemap,2026-09-05,London A-Z trade/service sitemap.,London
Checkatrade,Roof Coatings,Roof Coatings,Roofing Services,Roof Coatings,kept_mapped_final,V2,https://www.checkatrade.com/sitemap/locations/London/R,london_trade_sitemap,2026-09-05,London A-Z trade/service sitemap.,London
Checkatrade,Roof Gardens,Roof Gardens,Roofing Services,Roof Gardens,kept_mapped_final,V2,https://www.checkatrade.com/sitemap/locations/London/R,london_trade_sitemap,2026-09-05,London A-Z trade/service sitemap.,London
Checkatrade,Roof Inspection Report,Roof Inspection Report,Roofing Services,Roof Inspection Report,kept_mapped_final,V2,https://www.checkatrade.com/sitemap/locations/London/R,london_trade_sitemap,2026-09-05,London A-Z trade/service sitemap.,London
Checkatrade,Roof Joist Insulation,Roof Joist Insulation,Insulation Services,General Insulation,kept_mapped,V2,https://www.checkatrade.com/sitemap/locations/London/R,london_trade_sitemap,2026-09-05,London A-Z trade/service sitemap.,London
Checkatrade,Roof Leak Repair,Roof Leak Repair,Plumbing Services,Leak Repair,kept_mapped,V2,https://www.checkatrade.com/sitemap/locations/London/A,london_trade_sitemap,2026-09-05,London A-Z trade/service sitemap.,London
Checkatrade,Roof Lights Installation,Roof Lights Installation,Roofing Services,Roof Lights Installation,kept_mapped_final,V2,https://www.checkatrade.com/sitemap/locations/London/R,london_trade_sitemap,2026-09-05,London A-Z trade/service sitemap.,London
Checkatrade,Roof Lights Repair,Roof Lights Repair,Roofing Services,Roof Lights Repair,kept_mapped_final,V2,https://www.checkatrade.com/sitemap/locations/London/R,london_trade_sitemap,2026-09-05,London A-Z trade/service sitemap.,London
Checkatrade,Roof Rafter Insulation,Roof Rafter Insulation,Insulation Services,General Insulation,kept_mapped,V2,https://www.checkatrade.com/sitemap/locations/London/R,london_trade_sitemap,2026-09-05,London A-Z trade/service sitemap.,London
Checkatrade,Roof Replacement,Roof Replacement,Roofing Services,Roof Replacement,kept_mapped,V2,https://www.checkatrade.com/sitemap/locations/London/R,london_trade_sitemap,2026-09-05,London A-Z trade/service sitemap.,London
Checkatrade,Roof Replacement Cost,Roof Replacement Cost,Roofing Services,Roof Replacement,kept_mapped,V2,https://www.checkatrade.com/sitemap/locations/London/A,london_trade_sitemap,2026-09-05,London A-Z trade/service sitemap.,London
Checkatrade,Roof Windows Installation,Roof Windows Installation,Windows & Glazing,Window Installation,kept_mapped,V2,https://www.checkatrade.com/sitemap/locations/London/R,london_trade_sitemap,2026-09-05,London A-Z trade/service sitemap.,London
Checkatrade,Roof Windows Repair,Roof Windows Repair,Windows & Glazing,Window Repair,kept_mapped,V2,https://www.checkatrade.com/sitemap/locations/London/R,london_trade_sitemap,2026-09-05,London A-Z trade/service sitemap.,London
Checkatrade,Roofer,Roofer,Roofing Services,General Roofing,kept_mapped,V2,https://www.checkatrade.com/sitemap/locations/London/R,london_trade_sitemap,2026-09-05,London A-Z trade/service sitemap.,London
Checkatrade,Roofers,Roofers,Roofing Services,General Roofing,kept_mapped,V2,https://www.checkatrade.com/sitemap/locations/London/A,london_trade_sitemap,2026-09-05,London A-Z trade/service sitemap.,London
Checkatrade,Roofing Repairs,Roofing Repairs,Roofing Services,General Roofing,kept_mapped,V2,https://www.checkatrade.com/sitemap/locations/London/R,london_trade_sitemap,2026-09-05,London A-Z trade/service sitemap.,London
Checkatrade,Rsj Beam,Rsj Beam,Building & Construction,Rsj Beam,kept_mapped_final,V2,https://www.checkatrade.com/sitemap/locations/London/R,london_trade_sitemap,2026-09-05,London A-Z trade/service sitemap.,London
Checkatrade,Rubber Roofing Installation,Rubber Roofing Installation,Roofing Services,General Roofing,kept_mapped,V2,https://www.checkatrade.com/sitemap/locations/London/R,london_trade_sitemap,2026-09-05,London A-Z trade/service sitemap.,London
Checkatrade,Rubber Roofing Repair,Rubber Roofing Repair,Roofing Services,General Roofing,kept_mapped,V2,https://www.checkatrade.com/sitemap/locations/London/R,london_trade_sitemap,2026-09-05,London A-Z trade/service sitemap.,London
Checkatrade,Rubbish / Waste / Clearance,Rubbish / Waste / Clearance,Waste Services,General Clearance,kept_mapped,V2,https://www.checkatrade.com/sitemap/locations/London/R,london_trade_sitemap,2026-09-05,London A-Z trade/service sitemap.,London
Checkatrade,Rug Cleaning,Rug Cleaning,Cleaning Services,General Cleaning,kept_mapped,V2,https://www.checkatrade.com/sitemap/locations/London/R,london_trade_sitemap,2026-09-05,London A-Z trade/service sitemap.,London
Checkatrade,Safe Locks,Safe Locks,"Locksmith, Keys & Safes",Safe Services,kept_mapped_final,V2,https://www.checkatrade.com/sitemap/locations/London/S,london_trade_sitemap,2026-09-05,London A-Z trade/service sitemap.,London
Checkatrade,Safes,Safes,"Locksmith, Keys & Safes",Safe Services,kept_mapped_final,V2,https://www.checkatrade.com/sitemap/locations/London/S,london_trade_sitemap,2026-09-05,London A-Z trade/service sitemap.,London
Checkatrade,Safety Flooring,Safety Flooring,Flooring,General Flooring,kept_mapped,V2,https://www.checkatrade.com/sitemap/locations/London/S,london_trade_sitemap,2026-09-05,London A-Z trade/service sitemap.,London
Checkatrade,Sail Shades,Sail Shades,"Fencing, Gates & Outdoor Structures",Sail Shades,kept_mapped_final,V2,https://www.checkatrade.com/sitemap/locations/London/S,london_trade_sitemap,2026-09-05,London A-Z trade/service sitemap.,London
Checkatrade,Salvage,Salvage,Other Services / Unclassified,Salvage,kept_unclassified,V2,https://www.checkatrade.com/sitemap/locations/London/S,london_trade_sitemap,2026-09-05,London A-Z trade/service sitemap.,London
Checkatrade,Satellite Broadband Services,Satellite Broadband Services,IT Support & Device Services,WiFi & Broadband Support,kept_mapped_final,V2,https://www.checkatrade.com/sitemap/locations/London/S,london_trade_sitemap,2026-09-05,London A-Z trade/service sitemap.,London
Checkatrade,Scaffold Alarms,Scaffold Alarms,Other Services / Unclassified,Scaffold Alarms,kept_unclassified,V2,https://www.checkatrade.com/sitemap/locations/London/S,london_trade_sitemap,2026-09-05,London A-Z trade/service sitemap.,London
Checkatrade,Scaffolder,Scaffolder,Scaffolding Services,Scaffolding,kept_mapped_final,V2,https://www.checkatrade.com/sitemap/locations/London/S,london_trade_sitemap,2026-09-05,London A-Z trade/service sitemap.,London
Checkatrade,Scaffolding Hire,Scaffolding Hire,Scaffolding Services,Scaffolding Hire,kept_mapped_final,V2,https://www.checkatrade.com/sitemap/locations/London/S,london_trade_sitemap,2026-09-05,London A-Z trade/service sitemap.,London
Checkatrade,Scarification,Scarification,Other Services / Unclassified,Scarification,kept_unclassified,V2,https://www.checkatrade.com/sitemap/locations/London/S,london_trade_sitemap,2026-09-05,London A-Z trade/service sitemap.,London
Checkatrade,Scooter MOTs,Scooter MOTs,Vehicle Services,MOT Testing,kept_mapped_final,V2,https://www.checkatrade.com/sitemap/locations/London/S,london_trade_sitemap,2026-09-05,London A-Z trade/service sitemap.,London
Checkatrade,Scooter Services,Scooter Services,Vehicle Services,Scooter Services,kept_mapped_final,V2,https://www.checkatrade.com/sitemap/locations/London/S,london_trade_sitemap,2026-09-05,London A-Z trade/service sitemap.,London
Checkatrade,Scooter Tyres,Scooter Tyres,Vehicle Services,Tyre Services,kept_mapped_final,V2,https://www.checkatrade.com/sitemap/locations/London/S,london_trade_sitemap,2026-09-05,London A-Z trade/service sitemap.,London
Checkatrade,Scrap Cars,Scrap Cars,Other Services / Unclassified,Scrap Cars,kept_unclassified,V2,https://www.checkatrade.com/sitemap/locations/London/S,london_trade_sitemap,2026-09-05,London A-Z trade/service sitemap.,London
Checkatrade,Scrap Metal,Scrap Metal,Other Services / Unclassified,Scrap Metal,kept_unclassified,V2,https://www.checkatrade.com/sitemap/locations/London/S,london_trade_sitemap,2026-09-05,London A-Z trade/service sitemap.,London
Checkatrade,Scratch Repair,Scratch Repair,Vehicle Services,Scratch Repair,kept_mapped_final,V2,https://www.checkatrade.com/sitemap/locations/London/S,london_trade_sitemap,2026-09-05,London A-Z trade/service sitemap.,London
Checkatrade,Screeding,Screeding,Flooring & Tiling Services,Screeding,kept_mapped_final,V2,https://www.checkatrade.com/sitemap/locations/London/S,london_trade_sitemap,2026-09-05,London A-Z trade/service sitemap.,London
Checkatrade,Sealoflex Roofing Installation,Sealoflex Roofing Installation,Roofing Services,General Roofing,kept_mapped,V2,https://www.checkatrade.com/sitemap/locations/London/S,london_trade_sitemap,2026-09-05,London A-Z trade/service sitemap.,London
Checkatrade,Sealoflex Roofing Repair,Sealoflex Roofing Repair,Roofing Services,General Roofing,kept_mapped,V2,https://www.checkatrade.com/sitemap/locations/London/S,london_trade_sitemap,2026-09-05,London A-Z trade/service sitemap.,London
Checkatrade,Secondary Glazing,Secondary Glazing,"Doors, Windows & Glazing",Secondary Glazing,kept_mapped_final,V2,https://www.checkatrade.com/sitemap/locations/London/S,london_trade_sitemap,2026-09-05,London A-Z trade/service sitemap.,London
Checkatrade,Security Assessment,Security Assessment,Security & Alarm Services,Security Assessment,kept_mapped_final,V2,https://www.checkatrade.com/sitemap/locations/London/S,london_trade_sitemap,2026-09-05,London A-Z trade/service sitemap.,London
Checkatrade,Security Barriers,Security Barriers,Security & Alarm Services,Security Barriers,kept_mapped_final,V2,https://www.checkatrade.com/sitemap/locations/London/S,london_trade_sitemap,2026-09-05,London A-Z trade/service sitemap.,London
Checkatrade,Security Door Locks,Security Door Locks,"Doors, Windows & Glazing",Security Door Locks,kept_mapped_final,V2,https://www.checkatrade.com/sitemap/locations/London/S,london_trade_sitemap,2026-09-05,London A-Z trade/service sitemap.,London
Checkatrade,Security Fencing,Security Fencing,Fencing & Gates,General Fencing,kept_mapped,V2,https://www.checkatrade.com/sitemap/locations/London/S,london_trade_sitemap,2026-09-05,London A-Z trade/service sitemap.,London
Checkatrade,Security Shutters / Grilles,Security Shutters / Grilles,Security & Alarm Services,Security Shutters / Grilles,kept_mapped_final,V2,https://www.checkatrade.com/sitemap/locations/London/S,london_trade_sitemap,2026-09-05,London A-Z trade/service sitemap.,London
Checkatrade,Security Solutions / Access Control,Security Solutions / Access Control,Security Systems,Access Control Systems,kept_mapped,V2,https://www.checkatrade.com/sitemap/locations/London/S,london_trade_sitemap,2026-09-05,London A-Z trade/service sitemap.,London
Checkatrade,Sensory Gardens,Sensory Gardens,Other Services / Unclassified,Sensory Gardens,kept_unclassified,V2,https://www.checkatrade.com/sitemap/locations/London/S,london_trade_sitemap,2026-09-05,London A-Z trade/service sitemap.,London
Checkatrade,Septic Tank Emptying,Septic Tank Emptying,"Septic, Sewage & Drainage Infrastructure",Septic Tank Emptying,kept_mapped_final,V2,https://www.checkatrade.com/sitemap/locations/London/S,london_trade_sitemap,2026-09-05,London A-Z trade/service sitemap.,London
Checkatrade,Septic Tank Installation,Septic Tank Installation,"Septic, Sewage & Drainage Infrastructure",Septic Tank Installation,kept_mapped_final,V2,https://www.checkatrade.com/sitemap/locations/London/S,london_trade_sitemap,2026-09-05,London A-Z trade/service sitemap.,London
Checkatrade,Septic Tank Repair,Septic Tank Repair,"Septic, Sewage & Drainage Infrastructure",Septic Tank Repair,kept_mapped_final,V2,https://www.checkatrade.com/sitemap/locations/London/S,london_trade_sitemap,2026-09-05,London A-Z trade/service sitemap.,London
Checkatrade,Sewage Pump Installation,Sewage Pump Installation,"Septic, Sewage & Drainage Infrastructure",Sewage Pump Installation,kept_mapped_final,V2,https://www.checkatrade.com/sitemap/locations/London/S,london_trade_sitemap,2026-09-05,London A-Z trade/service sitemap.,London
Checkatrade,Sewage Pump Maintenance,Sewage Pump Maintenance,"Septic, Sewage & Drainage Infrastructure",Sewage Pump Maintenance,kept_mapped_final,V2,https://www.checkatrade.com/sitemap/locations/London/S,london_trade_sitemap,2026-09-05,London A-Z trade/service sitemap.,London
Checkatrade,Shed Bases,Shed Bases,Gardening & Landscaping,Shed Bases,kept_mapped_final,V2,https://www.checkatrade.com/sitemap/locations/London/S,london_trade_sitemap,2026-09-05,London A-Z trade/service sitemap.,London
Checkatrade,Shed Repair,Shed Repair,Gardening & Landscaping,Shed Repair,kept_mapped_final,V2,https://www.checkatrade.com/sitemap/locations/London/S,london_trade_sitemap,2026-09-05,London A-Z trade/service sitemap.,London
Checkatrade,Sheds,Sheds,Gardening & Landscaping,Shed Services,kept_mapped_final,V2,https://www.checkatrade.com/sitemap/locations/London/S,london_trade_sitemap,2026-09-05,London A-Z trade/service sitemap.,London
Checkatrade,Shelving,Shelving,"Furniture, Carpentry & Woodwork",Shelving,kept_mapped_final,V2,https://www.checkatrade.com/sitemap/locations/London/S,london_trade_sitemap,2026-09-05,London A-Z trade/service sitemap.,London
Checkatrade,Shop Fitting,Shop Fitting,Interior Design & Fit-Out,Shop Fitting,kept_mapped_final,V2,https://www.checkatrade.com/sitemap/locations/London/S,london_trade_sitemap,2026-09-05,London A-Z trade/service sitemap.,London
Checkatrade,Shower Installation,Shower Installation,Plumbing & Drainage Services,Shower Installation,kept_mapped_final,V2,https://www.checkatrade.com/sitemap/locations/London/S,london_trade_sitemap,2026-09-05,London A-Z trade/service sitemap.,London
Checkatrade,Shower Repair,Shower Repair,Plumbing Services,Shower Repair,kept_mapped,V2,https://www.checkatrade.com/sitemap/locations/London/S,london_trade_sitemap,2026-09-05,London A-Z trade/service sitemap.,London
Checkatrade,Sign Makers,Sign Makers,Vehicle Graphics & Signage,Sign Making,kept_mapped_final,V2,https://www.checkatrade.com/sitemap/locations/London/S,london_trade_sitemap,2026-09-05,London A-Z trade/service sitemap.,London
Checkatrade,Sign Writers,Sign Writers,Vehicle Graphics & Signage,Sign Writing,kept_mapped_final,V2,https://www.checkatrade.com/sitemap/locations/London/S,london_trade_sitemap,2026-09-05,London A-Z trade/service sitemap.,London
Checkatrade,Single Ply Membrane Roofs Installation,Single Ply Membrane Roofs Installation,Other Services / Unclassified,Single Ply Membrane Roofs Installation,kept_unclassified,V2,https://www.checkatrade.com/sitemap/locations/London/S,london_trade_sitemap,2026-09-05,London A-Z trade/service sitemap.,London
Checkatrade,Single Ply Membrane Roofs Repair,Single Ply Membrane Roofs Repair,Other Services / Unclassified,Single Ply Membrane Roofs Repair,kept_unclassified,V2,https://www.checkatrade.com/sitemap/locations/London/S,london_trade_sitemap,2026-09-05,London A-Z trade/service sitemap.,London
Checkatrade,Skimming,Skimming,"Painting, Decorating & Wall Finishes",Skimming,kept_mapped_final,V2,https://www.checkatrade.com/sitemap/locations/London/S,london_trade_sitemap,2026-09-05,London A-Z trade/service sitemap.,London
Checkatrade,Skip Bag Hire,Skip Bag Hire,"Waste, Clearance & Recycling",Skip Bag Hire,kept_mapped_final,V2,https://www.checkatrade.com/sitemap/locations/London/S,london_trade_sitemap,2026-09-05,London A-Z trade/service sitemap.,London
Checkatrade,Skip Hire,Skip Hire,Waste Services,Skip Hire,kept_mapped,V2,https://www.checkatrade.com/sitemap/locations/London/S,london_trade_sitemap,2026-09-05,London A-Z trade/service sitemap.,London
Checkatrade,Skip Hire Prices,Skip Hire Prices,Waste Services,Skip Hire,kept_mapped,V2,https://www.checkatrade.com/sitemap/locations/London/A,london_trade_sitemap,2026-09-05,London A-Z trade/service sitemap.,London
Checkatrade,Skirting,Skirting,"Furniture, Carpentry & Woodwork",Skirting,kept_mapped_final,V2,https://www.checkatrade.com/sitemap/locations/London/S,london_trade_sitemap,2026-09-05,London A-Z trade/service sitemap.,London
Checkatrade,Slate / Tiled Roofing Installation,Slate / Tiled Roofing Installation,Roofing Services,General Roofing,kept_mapped,V2,https://www.checkatrade.com/sitemap/locations/London/S,london_trade_sitemap,2026-09-05,London A-Z trade/service sitemap.,London
Checkatrade,Slate Roof Installation,Slate Roof Installation,Roofing Services,Roof Installation,kept_mapped,V2,https://www.checkatrade.com/sitemap/locations/London/S,london_trade_sitemap,2026-09-05,London A-Z trade/service sitemap.,London
Checkatrade,Slate Roofer Repair,Slate Roofer Repair,Roofing Services,General Roofing,kept_mapped,V2,https://www.checkatrade.com/sitemap/locations/London/S,london_trade_sitemap,2026-09-05,London A-Z trade/service sitemap.,London
Checkatrade,Slate Tiles,Slate Tiles,Flooring & Tiling Services,Slate Tiling,kept_mapped_final,V2,https://www.checkatrade.com/sitemap/locations/London/S,london_trade_sitemap,2026-09-05,London A-Z trade/service sitemap.,London
Checkatrade,Sleepers,Sleepers,Gardening & Landscaping,Garden Sleepers,kept_mapped_final,V2,https://www.checkatrade.com/sitemap/locations/London/S,london_trade_sitemap,2026-09-05,London A-Z trade/service sitemap.,London
Checkatrade,Smart Heating Installation,Smart Heating Installation,"Smart Home, Network & Cabling",Smart Heating Installation,kept_mapped_final,V2,https://www.checkatrade.com/sitemap/locations/London/S,london_trade_sitemap,2026-09-05,London A-Z trade/service sitemap.,London
Checkatrade,Smart Home Technology Consultant,Smart Home Technology Consultant,Smart Home & Automation,Home Automation,kept_mapped,V2,https://www.checkatrade.com/sitemap/locations/London/S,london_trade_sitemap,2026-09-05,London A-Z trade/service sitemap.,London
Checkatrade,Smart Repairs,Smart Repairs,Other Services / Unclassified,Smart Repairs,kept_unclassified,V2,https://www.checkatrade.com/sitemap/locations/London/S,london_trade_sitemap,2026-09-05,London A-Z trade/service sitemap.,London
Checkatrade,Smart Thermostat Installation,Smart Thermostat Installation,"Smart Home, Network & Cabling",Smart Thermostat Installation,kept_mapped_final,V2,https://www.checkatrade.com/sitemap/locations/London/S,london_trade_sitemap,2026-09-05,London A-Z trade/service sitemap.,London
Checkatrade,Smart Thermostats,Smart Thermostats,Other Services / Unclassified,Smart Thermostats,kept_unclassified,V2,https://www.checkatrade.com/sitemap/locations/London/S,london_trade_sitemap,2026-09-05,London A-Z trade/service sitemap.,London
Checkatrade,Smoke Alarms,Smoke Alarms,Security & Alarm Services,Smoke Alarm Services,kept_mapped_final,V2,https://www.checkatrade.com/sitemap/locations/London/S,london_trade_sitemap,2026-09-05,London A-Z trade/service sitemap.,London
Checkatrade,Smokeless Fuel,Smokeless Fuel,"Heating, Boiler & Gas Services",Smokeless Fuel Services,kept_mapped_final,V2,https://www.checkatrade.com/sitemap/locations/London/S,london_trade_sitemap,2026-09-05,London A-Z trade/service sitemap.,London
Checkatrade,Snap Locks,Snap Locks,"Locksmith, Keys & Safes",Snap Locks,kept_mapped_final,V2,https://www.checkatrade.com/sitemap/locations/London/S,london_trade_sitemap,2026-09-05,London A-Z trade/service sitemap.,London
Checkatrade,Soakaway Clearance,Soakaway Clearance,Waste Services,General Clearance,kept_mapped,V2,https://www.checkatrade.com/sitemap/locations/London/S,london_trade_sitemap,2026-09-05,London A-Z trade/service sitemap.,London
Checkatrade,Soakaways,Soakaways,Other Services / Unclassified,Soakaways,kept_unclassified,V2,https://www.checkatrade.com/sitemap/locations/London/S,london_trade_sitemap,2026-09-05,London A-Z trade/service sitemap.,London
Checkatrade,Soda / Sand / Shot Blasting,Soda / Sand / Shot Blasting,Surface Treatment & Specialist Coatings,Blasting Services,kept_mapped_final,V2,https://www.checkatrade.com/sitemap/locations/London/S,london_trade_sitemap,2026-09-05,London A-Z trade/service sitemap.,London
Checkatrade,Soft Landscaping,Soft Landscaping,Gardening & Landscaping,Landscaping,kept_mapped,V2,https://www.checkatrade.com/sitemap/locations/London/S,london_trade_sitemap,2026-09-05,London A-Z trade/service sitemap.,London
Checkatrade,Soft Washing,Soft Washing,Cleaning Services,Soft Washing,kept_mapped_final,V2,https://www.checkatrade.com/sitemap/locations/London/S,london_trade_sitemap,2026-09-05,London A-Z trade/service sitemap.,London
Checkatrade,Software Testing,Software Testing,Software & Development Services,Software Testing,kept_mapped_final,V2,https://www.checkatrade.com/sitemap/locations/London/S,london_trade_sitemap,2026-09-05,London A-Z trade/service sitemap.,London
Checkatrade,Solar Battery Storage,Solar Battery Storage,Vehicle Services,Solar Battery Storage,kept_mapped_final,V2,https://www.checkatrade.com/sitemap/locations/London/S,london_trade_sitemap,2026-09-05,London A-Z trade/service sitemap.,London
Checkatrade,Solar Panel Cleaning,Solar Panel Cleaning,Renewable Energy Services,Solar Energy Services,kept_mapped,V2,https://www.checkatrade.com/sitemap/locations/London/S,london_trade_sitemap,2026-09-05,London A-Z trade/service sitemap.,London
Checkatrade,Solar Panel Installation,Solar Panel Installation,Renewable Energy Services,Solar Panel Installation,kept_mapped,V2,https://www.checkatrade.com/sitemap/locations/London/S,london_trade_sitemap,2026-09-05,London A-Z trade/service sitemap.,London
Checkatrade,Solar Panel Repair,Solar Panel Repair,Renewable Energy Services,Solar Panel Repair,kept_mapped,V2,https://www.checkatrade.com/sitemap/locations/London/S,london_trade_sitemap,2026-09-05,London A-Z trade/service sitemap.,London
Checkatrade,Solar Panel Servicing / Repair,Solar Panel Servicing / Repair,Renewable Energy Services,Solar Panel Repair,kept_mapped,V2,https://www.checkatrade.com/sitemap/locations/London/S,london_trade_sitemap,2026-09-05,London A-Z trade/service sitemap.,London
Checkatrade,Solar Panel Supply and Install,Solar Panel Supply and Install,Renewable Energy Services,Solar Panel Installation,kept_mapped,V2,https://www.checkatrade.com/sitemap/locations/London/S,london_trade_sitemap,2026-09-05,London A-Z trade/service sitemap.,London
Checkatrade,Solar Photovoltaic / Electric,Solar Photovoltaic / Electric,Renewable Energy Services,Solar Energy Services,kept_mapped,V2,https://www.checkatrade.com/sitemap/locations/London/S,london_trade_sitemap,2026-09-05,London A-Z trade/service sitemap.,London
Checkatrade,Solar Photovoltaic / Electric - Feed,Solar Photovoltaic / Electric - Feed,Renewable Energy Services,Solar Energy Services,kept_mapped,V2,https://www.checkatrade.com/sitemap/locations/London/S,london_trade_sitemap,2026-09-05,London A-Z trade/service sitemap.,London
Checkatrade,Solar Roof Installation,Solar Roof Installation,Roofing Services,Roof Installation,kept_mapped,V2,https://www.checkatrade.com/sitemap/locations/London/S,london_trade_sitemap,2026-09-05,London A-Z trade/service sitemap.,London
Checkatrade,Solar Roof Servicing / Repair,Solar Roof Servicing / Repair,Roofing Services,Solar Roof Servicing / Repair,kept_mapped_final,V2,https://www.checkatrade.com/sitemap/locations/London/S,london_trade_sitemap,2026-09-05,London A-Z trade/service sitemap.,London
Checkatrade,Solar Thermal Heating Installation,Solar Thermal Heating Installation,Renewable Energy & Insulation,Solar Thermal Heating Installation,kept_mapped_final,V2,https://www.checkatrade.com/sitemap/locations/London/S,london_trade_sitemap,2026-09-05,London A-Z trade/service sitemap.,London
Checkatrade,Solar Thermal Heating Servicing / Repair,Solar Thermal Heating Servicing / Repair,Renewable Energy & Insulation,Solar Thermal Heating Servicing / Repair,kept_mapped_final,V2,https://www.checkatrade.com/sitemap/locations/London/S,london_trade_sitemap,2026-09-05,London A-Z trade/service sitemap.,London
Checkatrade,Solid Floor Insulation,Solid Floor Insulation,Insulation Services,General Insulation,kept_mapped,V2,https://www.checkatrade.com/sitemap/locations/London/S,london_trade_sitemap,2026-09-05,London A-Z trade/service sitemap.,London
Checkatrade,Solid Fuel,Solid Fuel,"Heating, Boiler & Gas Services",Solid Fuel Services,kept_mapped_final,V2,https://www.checkatrade.com/sitemap/locations/London/S,london_trade_sitemap,2026-09-05,London A-Z trade/service sitemap.,London
Checkatrade,Sound Proofing,Sound Proofing,Roofing Services,General Roofing,kept_mapped,V2,https://www.checkatrade.com/sitemap/locations/London/S,london_trade_sitemap,2026-09-05,London A-Z trade/service sitemap.,London
Checkatrade,Specialist Paint Effects,Specialist Paint Effects,Painting & Decorating,General Painting & Decorating,kept_mapped,V2,https://www.checkatrade.com/sitemap/locations/London/S,london_trade_sitemap,2026-09-05,London A-Z trade/service sitemap.,London
Checkatrade,Spray Foam Insulation,Spray Foam Insulation,Insulation Services,General Insulation,kept_mapped,V2,https://www.checkatrade.com/sitemap/locations/London/S,london_trade_sitemap,2026-09-05,London A-Z trade/service sitemap.,London
Checkatrade,Spray Foam Insulation Companies,Spray Foam Insulation Companies,Insulation Services,General Insulation,kept_mapped,V2,https://www.checkatrade.com/sitemap/locations/London/A,london_trade_sitemap,2026-09-05,London A-Z trade/service sitemap.,London
Checkatrade,Spray Foam Insulation Removal,Spray Foam Insulation Removal,Insulation Services,General Insulation,kept_mapped,V2,https://www.checkatrade.com/sitemap/locations/London/S,london_trade_sitemap,2026-09-05,London A-Z trade/service sitemap.,London
Checkatrade,Spray Rendering,Spray Rendering,Plastering & Rendering,Rendering,kept_mapped,V2,https://www.checkatrade.com/sitemap/locations/London/S,london_trade_sitemap,2026-09-05,London A-Z trade/service sitemap.,London
Checkatrade,Stable Doors,Stable Doors,"Doors, Windows & Glazing",Stable Doors,kept_mapped_final,V2,https://www.checkatrade.com/sitemap/locations/London/S,london_trade_sitemap,2026-09-05,London A-Z trade/service sitemap.,London
Checkatrade,Stain Protection,Stain Protection,Surface Treatment & Specialist Coatings,Stain Protection,kept_mapped_final,V2,https://www.checkatrade.com/sitemap/locations/London/S,london_trade_sitemap,2026-09-05,London A-Z trade/service sitemap.,London
Checkatrade,Stained Glass,Stained Glass,"Doors, Windows & Glazing",Stained Glass,kept_mapped_final,V2,https://www.checkatrade.com/sitemap/locations/London/S,london_trade_sitemap,2026-09-05,London A-Z trade/service sitemap.,London
Checkatrade,Stained Glass Restoration,Stained Glass Restoration,"Damp, Waterproofing & Restoration",Stained Glass Restoration,kept_mapped_final,V2,https://www.checkatrade.com/sitemap/locations/London/S,london_trade_sitemap,2026-09-05,London A-Z trade/service sitemap.,London
Checkatrade,Staircases,Staircases,Carpentry & Joinery,Staircase Services,kept_mapped,V2,https://www.checkatrade.com/sitemap/locations/London/S,london_trade_sitemap,2026-09-05,London A-Z trade/service sitemap.,London
Checkatrade,Stairlift Installation,Stairlift Installation,Accessibility & Mobility Services,Stairlift Services,kept_mapped,V2,https://www.checkatrade.com/sitemap/locations/London/S,london_trade_sitemap,2026-09-05,London A-Z trade/service sitemap.,London
Checkatrade,Stairlift Repair,Stairlift Repair,Accessibility & Mobility Services,Stairlift Services,kept_mapped,V2,https://www.checkatrade.com/sitemap/locations/London/S,london_trade_sitemap,2026-09-05,London A-Z trade/service sitemap.,London
Checkatrade,Steam Cleaning,Steam Cleaning,Cleaning Services,General Cleaning,kept_mapped,V2,https://www.checkatrade.com/sitemap/locations/London/S,london_trade_sitemap,2026-09-05,London A-Z trade/service sitemap.,London
Checkatrade,Steel Bending Services,Steel Bending Services,Metalwork & Fabrication,Steel Bending,kept_mapped_final,V2,https://www.checkatrade.com/sitemap/locations/London/S,london_trade_sitemap,2026-09-05,London A-Z trade/service sitemap.,London
Checkatrade,Steel Fabrication,Steel Fabrication,Metalwork & Fabrication,Steel Fabrication,kept_mapped_final,V2,https://www.checkatrade.com/sitemap/locations/London/S,london_trade_sitemap,2026-09-05,London A-Z trade/service sitemap.,London
Checkatrade,Steel Fabricators,Steel Fabricators,Other Services / Unclassified,Steel Fabricators,kept_unclassified,V2,https://www.checkatrade.com/sitemap/locations/London/S,london_trade_sitemap,2026-09-05,London A-Z trade/service sitemap.,London
Checkatrade,Steel Work Design,Steel Work Design,Metalwork & Fabrication,Steelwork Design,kept_mapped_final,V2,https://www.checkatrade.com/sitemap/locations/London/S,london_trade_sitemap,2026-09-05,London A-Z trade/service sitemap.,London
Checkatrade,Stone Carving,Stone Carving,Stone & Masonry Services,Stone Carving,kept_mapped_final,V2,https://www.checkatrade.com/sitemap/locations/London/S,london_trade_sitemap,2026-09-05,London A-Z trade/service sitemap.,London
Checkatrade,Stone Floor Cleaning,Stone Floor Cleaning,Cleaning Services,General Cleaning,kept_mapped,V2,https://www.checkatrade.com/sitemap/locations/London/S,london_trade_sitemap,2026-09-05,London A-Z trade/service sitemap.,London
Checkatrade,Stone Floor Restoration,Stone Floor Restoration,Flooring & Tiling Services,Stone Floor Restoration,kept_mapped_final,V2,https://www.checkatrade.com/sitemap/locations/London/S,london_trade_sitemap,2026-09-05,London A-Z trade/service sitemap.,London
Checkatrade,Stone Flooring,Stone Flooring,Flooring,General Flooring,kept_mapped,V2,https://www.checkatrade.com/sitemap/locations/London/S,london_trade_sitemap,2026-09-05,London A-Z trade/service sitemap.,London
Checkatrade,Stone Repairs,Stone Repairs,Other Services / Unclassified,Stone Repairs,kept_unclassified,V2,https://www.checkatrade.com/sitemap/locations/London/S,london_trade_sitemap,2026-09-05,London A-Z trade/service sitemap.,London
Checkatrade,Stonemason,Stonemason,Stone & Masonry Services,Stonemasonry,kept_mapped_final,V2,https://www.checkatrade.com/sitemap/locations/London/S,london_trade_sitemap,2026-09-05,London A-Z trade/service sitemap.,London
Checkatrade,Storage,Storage,Other Services / Unclassified,Storage,kept_unclassified,V2,https://www.checkatrade.com/sitemap/locations/London/S,london_trade_sitemap,2026-09-05,London A-Z trade/service sitemap.,London
Checkatrade,Storage Heating,Storage Heating,"Heating, Boiler & Gas Services",Storage Heating,kept_mapped_final,V2,https://www.checkatrade.com/sitemap/locations/London/S,london_trade_sitemap,2026-09-05,London A-Z trade/service sitemap.,London
Checkatrade,Stoves / Fireplace Showroom,Stoves / Fireplace Showroom,Chimney & Fireplace Services,Stoves / Fireplace Showroom,kept_mapped_final,V2,https://www.checkatrade.com/sitemap/locations/London/S,london_trade_sitemap,2026-09-05,London A-Z trade/service sitemap.,London
Checkatrade,Stoves Installer,Stoves Installer,"Heating, Boiler & Gas Services",Stove Installation,kept_mapped_final,V2,https://www.checkatrade.com/sitemap/locations/London/S,london_trade_sitemap,2026-09-05,London A-Z trade/service sitemap.,London
Checkatrade,Stretched Ceilings,Stretched Ceilings,Other Services / Unclassified,Stretched Ceilings,kept_unclassified,V2,https://www.checkatrade.com/sitemap/locations/London/S,london_trade_sitemap,2026-09-05,London A-Z trade/service sitemap.,London
Checkatrade,Structural Design,Structural Design,Building & Construction,Structural Design,kept_mapped_final,V2,https://www.checkatrade.com/sitemap/locations/London/S,london_trade_sitemap,2026-09-05,London A-Z trade/service sitemap.,London
Checkatrade,Structural Designer,Structural Designer,Building & Construction,Structural Designer,kept_mapped_final,V2,https://www.checkatrade.com/sitemap/locations/London/S,london_trade_sitemap,2026-09-05,London A-Z trade/service sitemap.,London
Checkatrade,Structural Engineer,Structural Engineer,"Architecture, Surveying & Planning",Structural Engineering,kept_mapped_final,V2,https://www.checkatrade.com/sitemap/locations/London/S,london_trade_sitemap,2026-09-05,London A-Z trade/service sitemap.,London
Checkatrade,Structural Engineer - Structural Calculations,Structural Engineer - Structural Calculations,"Architecture, Surveying & Planning",Structural Engineering,kept_mapped_final,V2,https://www.checkatrade.com/sitemap/locations/London/S,london_trade_sitemap,2026-09-05,London A-Z trade/service sitemap.,London
Checkatrade,Structural Engineering Services,Structural Engineering Services,Building & Construction,Structural Engineering,kept_mapped_final,V2,https://www.checkatrade.com/sitemap/locations/London/S,london_trade_sitemap,2026-09-05,London A-Z trade/service sitemap.,London
Checkatrade,Structural Steels,Structural Steels,Building & Construction,Structural Steel Work,kept_mapped_final,V2,https://www.checkatrade.com/sitemap/locations/London/S,london_trade_sitemap,2026-09-05,London A-Z trade/service sitemap.,London
Checkatrade,Structural Water Proofing,Structural Water Proofing,Roofing Services,General Roofing,kept_mapped,V2,https://www.checkatrade.com/sitemap/locations/London/S,london_trade_sitemap,2026-09-05,London A-Z trade/service sitemap.,London
Checkatrade,Stump Grinding,Stump Grinding,Gardening & Landscaping,Stump Grinding,kept_mapped_final,V2,https://www.checkatrade.com/sitemap/locations/London/S,london_trade_sitemap,2026-09-05,London A-Z trade/service sitemap.,London
Checkatrade,Summer House Design / Construction,Summer House Design / Construction,Landscaping Structures & Outdoor Buildings,Summer House Design / Construction,kept_mapped_final,V2,https://www.checkatrade.com/sitemap/locations/London/S,london_trade_sitemap,2026-09-05,London A-Z trade/service sitemap.,London
Checkatrade,Summerhouse Builders,Summerhouse Builders,Building & Construction,General Building,kept_mapped,V2,https://www.checkatrade.com/sitemap/locations/London/S,london_trade_sitemap,2026-09-05,London A-Z trade/service sitemap.,London
Checkatrade,Summerhouse Installers,Summerhouse Installers,Landscaping Structures & Outdoor Buildings,Summerhouse Installers,kept_mapped_final,V2,https://www.checkatrade.com/sitemap/locations/London/S,london_trade_sitemap,2026-09-05,London A-Z trade/service sitemap.,London
Checkatrade,Summerhouse Repairs,Summerhouse Repairs,Landscaping Structures & Outdoor Buildings,Summerhouse Repairs,kept_mapped_final,V2,https://www.checkatrade.com/sitemap/locations/London/S,london_trade_sitemap,2026-09-05,London A-Z trade/service sitemap.,London
Checkatrade,Summerhouse Suppliers,Summerhouse Suppliers,Landscaping Structures & Outdoor Buildings,Summerhouse Suppliers,kept_mapped_final,V2,https://www.checkatrade.com/sitemap/locations/London/S,london_trade_sitemap,2026-09-05,London A-Z trade/service sitemap.,London
Checkatrade,Surface Repair,Surface Repair,Surface Treatment & Specialist Coatings,Surface Repair,kept_mapped_final,V2,https://www.checkatrade.com/sitemap/locations/London/S,london_trade_sitemap,2026-09-05,London A-Z trade/service sitemap.,London
Checkatrade,Surveying,Surveying,"Architecture, Surveying & Planning",Surveying,kept_mapped_final,V2,https://www.checkatrade.com/sitemap/locations/London/S,london_trade_sitemap,2026-09-05,London A-Z trade/service sitemap.,London
Checkatrade,Suspended Ceiling Contractors,Suspended Ceiling Contractors,Ceiling & Interior Finishes,Suspended Ceilings,kept_mapped,V2,https://www.checkatrade.com/sitemap/locations/London/S,london_trade_sitemap,2026-09-05,London A-Z trade/service sitemap.,London
Checkatrade,Suspended Ceiling Installers,Suspended Ceiling Installers,Ceiling & Interior Finishes,Suspended Ceilings,kept_mapped,V2,https://www.checkatrade.com/sitemap/locations/London/S,london_trade_sitemap,2026-09-05,London A-Z trade/service sitemap.,London
Checkatrade,Suspended Ceiling Suppliers,Suspended Ceiling Suppliers,Ceiling & Interior Finishes,Suspended Ceilings,kept_mapped,V2,https://www.checkatrade.com/sitemap/locations/London/S,london_trade_sitemap,2026-09-05,London A-Z trade/service sitemap.,London
Checkatrade,Suspended Ceilings,Suspended Ceilings,Other Services / Unclassified,Suspended Ceilings,kept_unclassified,V2,https://www.checkatrade.com/sitemap/locations/London/S,london_trade_sitemap,2026-09-05,London A-Z trade/service sitemap.,London
Checkatrade,Suspended Floor Insulation,Suspended Floor Insulation,Insulation Services,General Insulation,kept_mapped,V2,https://www.checkatrade.com/sitemap/locations/London/S,london_trade_sitemap,2026-09-05,London A-Z trade/service sitemap.,London
Checkatrade,Sustainable Builders,Sustainable Builders,Building & Construction,General Building,kept_mapped,V2,https://www.checkatrade.com/sitemap/locations/London/S,london_trade_sitemap,2026-09-05,London A-Z trade/service sitemap.,London
Checkatrade,Sustainable Construction,Sustainable Construction,Building & Construction,Sustainable Construction,kept_mapped_final,V2,https://www.checkatrade.com/sitemap/locations/London/S,london_trade_sitemap,2026-09-05,London A-Z trade/service sitemap.,London
Checkatrade,Swimming Pool Construction,Swimming Pool Construction,Pool & Hot Tub Services,Swimming Pool Services,kept_mapped,V2,https://www.checkatrade.com/sitemap/locations/London/S,london_trade_sitemap,2026-09-05,London A-Z trade/service sitemap.,London
Checkatrade,Swimming Pool Maintenance,Swimming Pool Maintenance,Pool & Hot Tub Services,Swimming Pool Services,kept_mapped,V2,https://www.checkatrade.com/sitemap/locations/London/S,london_trade_sitemap,2026-09-05,London A-Z trade/service sitemap.,London
Checkatrade,Swimming Pools,Swimming Pools,Pool & Hot Tub Services,Swimming Pool Services,kept_mapped,V2,https://www.checkatrade.com/sitemap/locations/London/S,london_trade_sitemap,2026-09-05,London A-Z trade/service sitemap.,London
Checkatrade,TV Aerial / Satellite Installation,TV Aerial / Satellite Installation,"TV, Aerial & Audio Visual Services",Satellite Installation,kept_mapped_final,V2,https://www.checkatrade.com/sitemap/locations/London/T,london_trade_sitemap,2026-09-05,London A-Z trade/service sitemap.,London
Checkatrade,TV Aerials / Satellite Services,TV Aerials / Satellite Services,"TV, Aerial & Audio Visual Services",TV Aerials / Satellite Services,kept_mapped_final,V2,https://www.checkatrade.com/sitemap/locations/London/T,london_trade_sitemap,2026-09-05,London A-Z trade/service sitemap.,London
Checkatrade,TV Repair,TV Repair,"TV, Aerial & Audio Visual Services",TV Repair,kept_mapped_final,V2,https://www.checkatrade.com/sitemap/locations/London/T,london_trade_sitemap,2026-09-05,London A-Z trade/service sitemap.,London
Checkatrade,TV Wall Mounting,TV Wall Mounting,"Handyman, Assembly & Mounting",TV Wall Mounting,kept_mapped_final,V2,https://www.checkatrade.com/sitemap/locations/London/T,london_trade_sitemap,2026-09-05,London A-Z trade/service sitemap.,London
Checkatrade,Tado Installers,Tado Installers,"Heating, Boiler & Gas Services",Tado Installation,kept_mapped_final,V2,https://www.checkatrade.com/sitemap/locations/London/T,london_trade_sitemap,2026-09-05,London A-Z trade/service sitemap.,London
Checkatrade,Tap Repair,Tap Repair,Plumbing Services,Tap Repair,kept_mapped,V2,https://www.checkatrade.com/sitemap/locations/London/T,london_trade_sitemap,2026-09-05,London A-Z trade/service sitemap.,London
Checkatrade,Tape & Jointing,Tape & Jointing,"Painting, Decorating & Wall Finishes",Tape & Jointing,kept_mapped_final,V2,https://www.checkatrade.com/sitemap/locations/London/T,london_trade_sitemap,2026-09-05,London A-Z trade/service sitemap.,London
Checkatrade,Tarmac Driveways,Tarmac Driveways,"Driveways, Paving & Surfacing",Tarmac Driveways,kept_mapped_final,V2,https://www.checkatrade.com/sitemap/locations/London/T,london_trade_sitemap,2026-09-05,London A-Z trade/service sitemap.,London
Checkatrade,Taxi Services,Taxi Services,"Removals, Delivery & Courier Services",Taxi Services,kept_mapped_final,V2,https://www.checkatrade.com/sitemap/locations/London/T,london_trade_sitemap,2026-09-05,London A-Z trade/service sitemap.,London
Checkatrade,Technical Drawing,Technical Drawing,"Writing, Translation & Language Services",Technical Drawing,kept_mapped_final,V2,https://www.checkatrade.com/sitemap/locations/London/T,london_trade_sitemap,2026-09-05,London A-Z trade/service sitemap.,London
Checkatrade,Telecommunications,Telecommunications,Telecoms & Telephone Services,Telecommunications,kept_mapped_final,V2,https://www.checkatrade.com/sitemap/locations/London/T,london_trade_sitemap,2026-09-05,London A-Z trade/service sitemap.,London
Checkatrade,Telephone Engineer,Telephone Engineer,Telecoms & Telephone Services,Telephone Engineering,kept_mapped_final,V2,https://www.checkatrade.com/sitemap/locations/London/T,london_trade_sitemap,2026-09-05,London A-Z trade/service sitemap.,London
Checkatrade,Telephone Faults,Telephone Faults,Other Services / Unclassified,Telephone Faults,kept_unclassified,V2,https://www.checkatrade.com/sitemap/locations/London/T,london_trade_sitemap,2026-09-05,London A-Z trade/service sitemap.,London
Checkatrade,Telephone Points,Telephone Points,Other Services / Unclassified,Telephone Points,kept_unclassified,V2,https://www.checkatrade.com/sitemap/locations/London/T,london_trade_sitemap,2026-09-05,London A-Z trade/service sitemap.,London
Checkatrade,Telephone System Equipment,Telephone System Equipment,Telecoms & Telephone Services,Telephone System Equipment,kept_mapped_final,V2,https://www.checkatrade.com/sitemap/locations/London/T,london_trade_sitemap,2026-09-05,London A-Z trade/service sitemap.,London
Checkatrade,Television Points,Television Points,"TV, Aerial & Audio Visual Services",Television Points,kept_mapped_final,V2,https://www.checkatrade.com/sitemap/locations/London/T,london_trade_sitemap,2026-09-05,London A-Z trade/service sitemap.,London
Checkatrade,Testimonials,Testimonials,Excluded,Testimonials,excluded,V1,https://join.checkatrade.com/what-you-get/,public_category_page,2026-08-22,Checkatrade public category/onboarding page.,
Checkatrade,Thatched Roof Installation,Thatched Roof Installation,Roofing Services,Roof Installation,kept_mapped,V2,https://www.checkatrade.com/sitemap/locations/London/T,london_trade_sitemap,2026-09-05,London A-Z trade/service sitemap.,London
Checkatrade,Thatched Roof Repair,Thatched Roof Repair,Roofing Services,Roof Repair,kept_mapped,V2,https://www.checkatrade.com/sitemap/locations/London/T,london_trade_sitemap,2026-09-05,London A-Z trade/service sitemap.,London
Checkatrade,Thermal Dynamics,Thermal Dynamics,Other Services / Unclassified,Thermal Dynamics,kept_unclassified,V2,https://www.checkatrade.com/sitemap/locations/London/T,london_trade_sitemap,2026-09-05,London A-Z trade/service sitemap.,London
Checkatrade,Thermodynamic Panels,Thermodynamic Panels,Renewable Energy & Insulation,Thermodynamic Panels,kept_mapped_final,V2,https://www.checkatrade.com/sitemap/locations/London/T,london_trade_sitemap,2026-09-05,London A-Z trade/service sitemap.,London
Checkatrade,Tile & Ceramic Repair,Tile & Ceramic Repair,Flooring & Tiling Services,Tile Repair,kept_mapped_final,V2,https://www.checkatrade.com/sitemap/locations/London/T,london_trade_sitemap,2026-09-05,London A-Z trade/service sitemap.,London
Checkatrade,Tile Repair,Tile Repair,Flooring & Tiling Services,Tile Repair,kept_mapped_final,V2,https://www.checkatrade.com/sitemap/locations/London/T,london_trade_sitemap,2026-09-05,London A-Z trade/service sitemap.,London
Checkatrade,Tile Supplier,Tile Supplier,Flooring & Tiling Services,Tile Supply,kept_mapped_final,V2,https://www.checkatrade.com/sitemap/locations/London/T,london_trade_sitemap,2026-09-05,London A-Z trade/service sitemap.,London
Checkatrade,Tile and Grout Cleaning,Tile and Grout Cleaning,Cleaning Services,General Cleaning,kept_mapped,V2,https://www.checkatrade.com/sitemap/locations/London/T,london_trade_sitemap,2026-09-05,London A-Z trade/service sitemap.,London
Checkatrade,Tiled Conservatory Roof Installation,Tiled Conservatory Roof Installation,Conservatory Services,Conservatory Roofing,kept_mapped,V2,https://www.checkatrade.com/sitemap/locations/London/T,london_trade_sitemap,2026-09-05,London A-Z trade/service sitemap.,London
Checkatrade,Tiled Conservatory Roof Repair,Tiled Conservatory Roof Repair,Conservatory Services,Conservatory Roof Repair,kept_mapped,V2,https://www.checkatrade.com/sitemap/locations/London/T,london_trade_sitemap,2026-09-05,London A-Z trade/service sitemap.,London
Checkatrade,Tiled Floor Cleaning,Tiled Floor Cleaning,Cleaning Services,General Cleaning,kept_mapped,V2,https://www.checkatrade.com/sitemap/locations/London/T,london_trade_sitemap,2026-09-05,London A-Z trade/service sitemap.,London
Checkatrade,Tiler - Tiling,Tiler - Tiling,Tiling,General Tiling,kept_mapped,V2,https://www.checkatrade.com/sitemap/locations/London/T,london_trade_sitemap,2026-09-05,London A-Z trade/service sitemap.,London
Checkatrade,Tilers,Tilers,Tiling,General Tiling,kept_mapped,V2,https://www.checkatrade.com/sitemap/locations/London/A,london_trade_sitemap,2026-09-05,London A-Z trade/service sitemap.,London
Checkatrade,Timber / Wooden Doors Installation,Timber / Wooden Doors Installation,Doors & Door Services,Door Installation,kept_mapped,V2,https://www.checkatrade.com/sitemap/locations/London/T,london_trade_sitemap,2026-09-05,London A-Z trade/service sitemap.,London
Checkatrade,Timber / Wooden Doors Repair,Timber / Wooden Doors Repair,Doors & Door Services,Door Repair,kept_mapped,V2,https://www.checkatrade.com/sitemap/locations/London/T,london_trade_sitemap,2026-09-05,London A-Z trade/service sitemap.,London
Checkatrade,Timber / Wooden Windows Installation,Timber / Wooden Windows Installation,Windows & Glazing,Window Installation,kept_mapped,V2,https://www.checkatrade.com/sitemap/locations/London/T,london_trade_sitemap,2026-09-05,London A-Z trade/service sitemap.,London
Checkatrade,Timber / Wooden Windows Repair,Timber / Wooden Windows Repair,Windows & Glazing,Window Repair,kept_mapped,V2,https://www.checkatrade.com/sitemap/locations/London/T,london_trade_sitemap,2026-09-05,London A-Z trade/service sitemap.,London
Checkatrade,Timber Merchants,Timber Merchants,Other Services / Unclassified,Timber Merchants,kept_unclassified,V2,https://www.checkatrade.com/sitemap/locations/London/T,london_trade_sitemap,2026-09-05,London A-Z trade/service sitemap.,London
Checkatrade,Timber Resin Repairs,Timber Resin Repairs,"Damp, Waterproofing & Restoration",Timber Resin Repair,kept_mapped_final,V2,https://www.checkatrade.com/sitemap/locations/London/T,london_trade_sitemap,2026-09-05,London A-Z trade/service sitemap.,London
Checkatrade,Timber Restoration,Timber Restoration,"Damp, Waterproofing & Restoration",Timber Restoration,kept_mapped_final,V2,https://www.checkatrade.com/sitemap/locations/London/T,london_trade_sitemap,2026-09-05,London A-Z trade/service sitemap.,London
Checkatrade,Timber Treatment,Timber Treatment,"Damp, Waterproofing & Restoration",Timber Treatment,kept_mapped_final,V2,https://www.checkatrade.com/sitemap/locations/London/T,london_trade_sitemap,2026-09-05,London A-Z trade/service sitemap.,London
Checkatrade,Toilet / Portable Toilet,Toilet / Portable Toilet,Plumbing & Drainage Services,Toilet / Portable Toilet,kept_mapped_final,V2,https://www.checkatrade.com/sitemap/locations/London/T,london_trade_sitemap,2026-09-05,London A-Z trade/service sitemap.,London
Checkatrade,Toilet seat installation,Toilet seat installation,Plumbing & Drainage Services,Toilet seat installation,kept_mapped_final,V2,https://www.checkatrade.com/sitemap/locations/London/T,london_trade_sitemap,2026-09-05,London A-Z trade/service sitemap.,London
Checkatrade,Tool Hire,Tool Hire,Hire & Access Equipment,Tool Hire,kept_mapped_final,V2,https://www.checkatrade.com/sitemap/locations/London/T,london_trade_sitemap,2026-09-05,London A-Z trade/service sitemap.,London
Checkatrade,Towing / Transportation,Towing / Transportation,Vehicle Services,Towing / Transportation,kept_mapped_final,V2,https://www.checkatrade.com/sitemap/locations/London/T,london_trade_sitemap,2026-09-05,London A-Z trade/service sitemap.,London
Checkatrade,Towing Services,Towing Services,Vehicle Services,Towing Services,kept_mapped_final,V2,https://www.checkatrade.com/sitemap/locations/London/T,london_trade_sitemap,2026-09-05,London A-Z trade/service sitemap.,London
Checkatrade,Trade Supplier,Trade Supplier,Excluded,Trade Supplier,excluded,V2,https://www.checkatrade.com/sitemap/locations/London/T,london_trade_sitemap,2026-09-05,London A-Z trade/service sitemap.,London
Checkatrade,Trailer Towing Training,Trailer Towing Training,Training & Instruction,Trailer Towing Training,kept_mapped_final,V2,https://www.checkatrade.com/sitemap/locations/London/T,london_trade_sitemap,2026-09-05,London A-Z trade/service sitemap.,London
Checkatrade,Transport Services,Transport Services,Transport & Transfer Services,Transport Services,kept_mapped_final,V2,https://www.checkatrade.com/sitemap/locations/London/T,london_trade_sitemap,2026-09-05,London A-Z trade/service sitemap.,London
Checkatrade,Transportation of Heavy Vehicles,Transportation of Heavy Vehicles,Transport & Transfer Services,Heavy Vehicle Transport,kept_mapped_final,V2,https://www.checkatrade.com/sitemap/locations/London/T,london_trade_sitemap,2026-09-05,London A-Z trade/service sitemap.,London
Checkatrade,Transportation of Light Vehicles,Transportation of Light Vehicles,Transport & Transfer Services,Light Vehicle Transport,kept_mapped_final,V2,https://www.checkatrade.com/sitemap/locations/London/T,london_trade_sitemap,2026-09-05,London A-Z trade/service sitemap.,London
Checkatrade,Tree Felling,Tree Felling,Tree & Grounds Services,Tree Felling,kept_mapped_final,V2,https://www.checkatrade.com/sitemap/locations/London/T,london_trade_sitemap,2026-09-05,London A-Z trade/service sitemap.,London
Checkatrade,Tree House Builder,Tree House Builder,Building & Construction,General Building,kept_mapped,V2,https://www.checkatrade.com/sitemap/locations/London/T,london_trade_sitemap,2026-09-05,London A-Z trade/service sitemap.,London
Checkatrade,Tree Houses,Tree Houses,Gardening & Landscaping,Tree House Services,kept_mapped_final,V2,https://www.checkatrade.com/sitemap/locations/London/T,london_trade_sitemap,2026-09-05,London A-Z trade/service sitemap.,London
Checkatrade,Tree Planting,Tree Planting,Tree & Grounds Services,Tree Planting,kept_mapped_final,V2,https://www.checkatrade.com/sitemap/locations/London/T,london_trade_sitemap,2026-09-05,London A-Z trade/service sitemap.,London
Checkatrade,Tree Pruning,Tree Pruning,Tree & Grounds Services,Tree Pruning,kept_mapped_final,V2,https://www.checkatrade.com/sitemap/locations/London/T,london_trade_sitemap,2026-09-05,London A-Z trade/service sitemap.,London
Checkatrade,Tree Surgeon,Tree Surgeon,Gardening & Landscaping,Tree Surgery,kept_mapped,V2,https://www.checkatrade.com/sitemap/locations/London/T,london_trade_sitemap,2026-09-05,London A-Z trade/service sitemap.,London
Checkatrade,Trellis,Trellis,Gardening & Landscaping,Trellis Installation,kept_mapped_final,V2,https://www.checkatrade.com/sitemap/locations/London/T,london_trade_sitemap,2026-09-05,London A-Z trade/service sitemap.,London
Checkatrade,Triple Glazing Installation,Triple Glazing Installation,"Doors, Windows & Glazing",Triple Glazing Installation,kept_mapped_final,V2,https://www.checkatrade.com/sitemap/locations/London/T,london_trade_sitemap,2026-09-05,London A-Z trade/service sitemap.,London
Checkatrade,Triple Glazing Repair,Triple Glazing Repair,"Doors, Windows & Glazing",Triple Glazing Repair,kept_mapped_final,V2,https://www.checkatrade.com/sitemap/locations/London/T,london_trade_sitemap,2026-09-05,London A-Z trade/service sitemap.,London
Checkatrade,Truss Roofing,Truss Roofing,Roofing Services,General Roofing,kept_mapped,V2,https://www.checkatrade.com/sitemap/locations/London/T,london_trade_sitemap,2026-09-05,London A-Z trade/service sitemap.,London
Checkatrade,Tumble Dryer Repair,Tumble Dryer Repair,Appliance & Equipment Services,Tumble Dryer Repair,kept_mapped_final,V2,https://www.checkatrade.com/sitemap/locations/London/T,london_trade_sitemap,2026-09-05,London A-Z trade/service sitemap.,London
Checkatrade,Turfing,Turfing,Other Services / Unclassified,Turfing,kept_unclassified,V2,https://www.checkatrade.com/sitemap/locations/London/T,london_trade_sitemap,2026-09-05,London A-Z trade/service sitemap.,London
Checkatrade,Tv Aerial Fitters,Tv Aerial Fitters,"TV, Aerial & Audio Visual Services",Tv Aerial Fitters,kept_mapped_final,V2,https://www.checkatrade.com/sitemap/locations/London/A,london_trade_sitemap,2026-09-05,London A-Z trade/service sitemap.,London
Checkatrade,Tyre Fitting,Tyre Fitting,Vehicle Services,Tyre Fitting,kept_mapped,V2,https://www.checkatrade.com/sitemap/locations/London/T,london_trade_sitemap,2026-09-05,London A-Z trade/service sitemap.,London
Checkatrade,UPVC Cleaning,UPVC Cleaning,Cleaning Services,General Cleaning,kept_mapped,V2,https://www.checkatrade.com/sitemap/locations/London/U,london_trade_sitemap,2026-09-05,London A-Z trade/service sitemap.,London
Checkatrade,UPVC Doors Installation,UPVC Doors Installation,Doors & Door Services,Door Installation,kept_mapped,V2,https://www.checkatrade.com/sitemap/locations/London/U,london_trade_sitemap,2026-09-05,London A-Z trade/service sitemap.,London
Checkatrade,UPVC Doors Repair,UPVC Doors Repair,Doors & Door Services,Door Repair,kept_mapped,V2,https://www.checkatrade.com/sitemap/locations/London/U,london_trade_sitemap,2026-09-05,London A-Z trade/service sitemap.,London
Checkatrade,UPVC Guttering,UPVC Guttering,Roofing Services,UPVC Guttering,kept_mapped_final,V2,https://www.checkatrade.com/sitemap/locations/London/U,london_trade_sitemap,2026-09-05,London A-Z trade/service sitemap.,London
Checkatrade,UPVC Repairs,UPVC Repairs,Other Services / Unclassified,UPVC Repairs,kept_unclassified,V2,https://www.checkatrade.com/sitemap/locations/London/U,london_trade_sitemap,2026-09-05,London A-Z trade/service sitemap.,London
Checkatrade,UPVC Spraying,UPVC Spraying,Cladding & Exterior Finishes,uPVC Spraying,kept_mapped_final,V2,https://www.checkatrade.com/sitemap/locations/London/U,london_trade_sitemap,2026-09-05,London A-Z trade/service sitemap.,London
Checkatrade,UPVC Windows Installation,UPVC Windows Installation,Windows & Glazing,Window Installation,kept_mapped,V2,https://www.checkatrade.com/sitemap/locations/London/U,london_trade_sitemap,2026-09-05,London A-Z trade/service sitemap.,London
Checkatrade,UPVC Windows Repair,UPVC Windows Repair,Windows & Glazing,Window Repair,kept_mapped,V2,https://www.checkatrade.com/sitemap/locations/London/U,london_trade_sitemap,2026-09-05,London A-Z trade/service sitemap.,London
Checkatrade,Unblock Outside Drain,Unblock Outside Drain,Plumbing Services,Drain Unblocking,kept_mapped,V2,https://www.checkatrade.com/sitemap/locations/London/A,london_trade_sitemap,2026-09-05,London A-Z trade/service sitemap.,London
Checkatrade,Under Pinning,Under Pinning,Building & Construction,Underpinning,kept_mapped_final,V2,https://www.checkatrade.com/sitemap/locations/London/U,london_trade_sitemap,2026-09-05,London A-Z trade/service sitemap.,London
Checkatrade,Underfloor Heating Installation,Underfloor Heating Installation,"Heating, Boiler & Gas Services",Underfloor Heating Installation,kept_mapped_final,V2,https://www.checkatrade.com/sitemap/locations/London/U,london_trade_sitemap,2026-09-05,London A-Z trade/service sitemap.,London
Checkatrade,Underfloor Heating Repair,Underfloor Heating Repair,Heating & Boiler Services,Underfloor Heating Repair,kept_mapped,V2,https://www.checkatrade.com/sitemap/locations/London/U,london_trade_sitemap,2026-09-05,London A-Z trade/service sitemap.,London
Checkatrade,Unvented Hot Water Cylinder Installation,Unvented Hot Water Cylinder Installation,Other Services / Unclassified,Unvented Hot Water Cylinder Installation,kept_unclassified,V2,https://www.checkatrade.com/sitemap/locations/London/U,london_trade_sitemap,2026-09-05,London A-Z trade/service sitemap.,London
Checkatrade,Unvented Hot Water Cylinder Servicing / Repair,Unvented Hot Water Cylinder Servicing / Repair,Other Services / Unclassified,Unvented Hot Water Cylinder Servicing / Repair,kept_unclassified,V2,https://www.checkatrade.com/sitemap/locations/London/U,london_trade_sitemap,2026-09-05,London A-Z trade/service sitemap.,London
Checkatrade,Upholstery,Upholstery,"Furniture, Carpentry & Woodwork",Upholstery,kept_mapped_final,V2,https://www.checkatrade.com/sitemap/locations/London/U,london_trade_sitemap,2026-09-05,London A-Z trade/service sitemap.,London
Checkatrade,Upholstery Cleaning,Upholstery Cleaning,Cleaning Services,General Cleaning,kept_mapped,V2,https://www.checkatrade.com/sitemap/locations/London/U,london_trade_sitemap,2026-09-05,London A-Z trade/service sitemap.,London
Checkatrade,Upholstery Repair,Upholstery Repair,"Furniture, Carpentry & Woodwork",Upholstery Repair,kept_mapped_final,V2,https://www.checkatrade.com/sitemap/locations/London/U,london_trade_sitemap,2026-09-05,London A-Z trade/service sitemap.,London
Checkatrade,Upvc Cladding Installers,Upvc Cladding Installers,Cladding & Exterior Finishes,uPVC Cladding,kept_mapped_final,V2,https://www.checkatrade.com/sitemap/locations/London/U,london_trade_sitemap,2026-09-05,London A-Z trade/service sitemap.,London
Checkatrade,Vacuum Service / Repair,Vacuum Service / Repair,Appliance & Equipment Services,Vacuum Service & Repair,kept_mapped_final,V2,https://www.checkatrade.com/sitemap/locations/London/V,london_trade_sitemap,2026-09-05,London A-Z trade/service sitemap.,London
Checkatrade,Van / Car Hire,Van / Car Hire,Vehicle Services,Van / Car Hire,kept_mapped_final,V2,https://www.checkatrade.com/sitemap/locations/London/V,london_trade_sitemap,2026-09-05,London A-Z trade/service sitemap.,London
Checkatrade,Van Conversions,Van Conversions,Vehicle Services,Van Conversion,kept_mapped_final,V2,https://www.checkatrade.com/sitemap/locations/London/V,london_trade_sitemap,2026-09-05,London A-Z trade/service sitemap.,London
Checkatrade,Van Security Locks,Van Security Locks,Security & Alarm Services,Van Security Locks,kept_mapped_final,V2,https://www.checkatrade.com/sitemap/locations/London/V,london_trade_sitemap,2026-09-05,London A-Z trade/service sitemap.,London
Checkatrade,Vehicle / Car Body Repair,Vehicle / Car Body Repair,Vehicle Services,Car Body Repair,kept_mapped,V2,https://www.checkatrade.com/sitemap/locations/London/V,london_trade_sitemap,2026-09-05,London A-Z trade/service sitemap.,London
Checkatrade,Vehicle / Car Valeting,Vehicle / Car Valeting,Vehicle Services,Car Valeting,kept_mapped,V2,https://www.checkatrade.com/sitemap/locations/London/V,london_trade_sitemap,2026-09-05,London A-Z trade/service sitemap.,London
Checkatrade,Vehicle Air Conditioning Servicing / Repair,Vehicle Air Conditioning Servicing / Repair,Air Conditioning & Ventilation,Air Conditioning Repair,kept_mapped,V2,https://www.checkatrade.com/sitemap/locations/London/V,london_trade_sitemap,2026-09-05,London A-Z trade/service sitemap.,London
Checkatrade,Vehicle Paint Spraying,Vehicle Paint Spraying,Painting & Decorating,General Painting & Decorating,kept_mapped,V2,https://www.checkatrade.com/sitemap/locations/London/V,london_trade_sitemap,2026-09-05,London A-Z trade/service sitemap.,London
Checkatrade,Vehicle Recovery,Vehicle Recovery,Vehicle Services,Vehicle Recovery,kept_mapped_final,V2,https://www.checkatrade.com/sitemap/locations/London/V,london_trade_sitemap,2026-09-05,London A-Z trade/service sitemap.,London
Checkatrade,Vehicle Signwriting,Vehicle Signwriting,Vehicle Graphics & Signage,Vehicle Signwriting,kept_mapped_final,V2,https://www.checkatrade.com/sitemap/locations/London/V,london_trade_sitemap,2026-09-05,London A-Z trade/service sitemap.,London
Checkatrade,Vehicle Window Tinting,Vehicle Window Tinting,"Doors, Windows & Glazing",Vehicle Window Tinting,kept_mapped_final,V2,https://www.checkatrade.com/sitemap/locations/London/V,london_trade_sitemap,2026-09-05,London A-Z trade/service sitemap.,London
Checkatrade,Vehicle Wrapping,Vehicle Wrapping,Vehicle Graphics & Signage,Vehicle Wrapping,kept_mapped_final,V2,https://www.checkatrade.com/sitemap/locations/London/V,london_trade_sitemap,2026-09-05,London A-Z trade/service sitemap.,London
Checkatrade,Venetian Marble Plastering,Venetian Marble Plastering,Plastering & Rendering,Plastering,kept_mapped,V2,https://www.checkatrade.com/sitemap/locations/London/V,london_trade_sitemap,2026-09-05,London A-Z trade/service sitemap.,London
Checkatrade,Victorian Tiles,Victorian Tiles,Flooring & Tiling Services,Victorian Tiling,kept_mapped_final,V2,https://www.checkatrade.com/sitemap/locations/London/V,london_trade_sitemap,2026-09-05,London A-Z trade/service sitemap.,London
Checkatrade,Video / Audio Repair,Video / Audio Repair,Electronics Repair Services,Video / Audio Repair,kept_mapped_final,V2,https://www.checkatrade.com/sitemap/locations/London/V,london_trade_sitemap,2026-09-05,London A-Z trade/service sitemap.,London
Checkatrade,View Prices,View Prices,Excluded,View Prices,excluded,V1,https://join.checkatrade.com/what-you-get/,public_category_page,2026-08-22,Checkatrade public category/onboarding page.,
Checkatrade,View our prices,View our prices,Excluded,View our prices,excluded,V1,https://join.checkatrade.com/what-you-get/,public_category_page,2026-08-22,Checkatrade public category/onboarding page.,
Checkatrade,Vinyl Floor Tiles,Vinyl Floor Tiles,Flooring,Vinyl Flooring,kept_mapped,V2,https://www.checkatrade.com/sitemap/locations/London/V,london_trade_sitemap,2026-09-05,London A-Z trade/service sitemap.,London
Checkatrade,Vinyl Flooring,Vinyl Flooring,Flooring,General Flooring,kept_mapped,V2,https://www.checkatrade.com/sitemap/locations/London/V,london_trade_sitemap,2026-09-05,London A-Z trade/service sitemap.,London
Checkatrade,Vokera Boiler Service,Vokera Boiler Service,Heating & Boiler Services,Boiler Servicing,kept_mapped,V2,https://www.checkatrade.com/sitemap/locations/London/V,london_trade_sitemap,2026-09-05,London A-Z trade/service sitemap.,London
Checkatrade,VolP Telephony,VolP Telephony,Telecoms & Telephone Services,VoIP Telephony,kept_mapped_final,V2,https://www.checkatrade.com/sitemap/locations/London/V,london_trade_sitemap,2026-09-05,London A-Z trade/service sitemap.,London
Checkatrade,Wall Coatings,Wall Coatings,Other Services / Unclassified,Wall Coatings,kept_unclassified,V2,https://www.checkatrade.com/sitemap/locations/London/W,london_trade_sitemap,2026-09-05,London A-Z trade/service sitemap.,London
Checkatrade,Wall Murals,Wall Murals,"Printing, Signage & Art Services",Wall Murals,kept_mapped_final,V2,https://www.checkatrade.com/sitemap/locations/London/W,london_trade_sitemap,2026-09-05,London A-Z trade/service sitemap.,London
Checkatrade,Wall Tie Replacement,Wall Tie Replacement,Building & Construction,Wall Tie Replacement,kept_mapped_final,V2,https://www.checkatrade.com/sitemap/locations/London/W,london_trade_sitemap,2026-09-05,London A-Z trade/service sitemap.,London
Checkatrade,Wall Tie Replacements,Wall Tie Replacements,Building & Construction,Wall Tie Replacements,kept_mapped_final,V2,https://www.checkatrade.com/sitemap/locations/London/W,london_trade_sitemap,2026-09-05,London A-Z trade/service sitemap.,London
Checkatrade,Wall Tie Specialist,Wall Tie Specialist,Building & Construction,Wall Tie Specialist,kept_mapped_final,V2,https://www.checkatrade.com/sitemap/locations/London/W,london_trade_sitemap,2026-09-05,London A-Z trade/service sitemap.,London
Checkatrade,Wall Tie Survey,Wall Tie Survey,Building & Construction,Wall Tie Survey,kept_mapped_final,V2,https://www.checkatrade.com/sitemap/locations/London/W,london_trade_sitemap,2026-09-05,London A-Z trade/service sitemap.,London
Checkatrade,Wall Tiling,Wall Tiling,Tiling,General Tiling,kept_mapped,V2,https://www.checkatrade.com/sitemap/locations/London/W,london_trade_sitemap,2026-09-05,London A-Z trade/service sitemap.,London
Checkatrade,Wallpapering,Wallpapering,Other Services / Unclassified,Wallpapering,kept_unclassified,V2,https://www.checkatrade.com/sitemap/locations/London/W,london_trade_sitemap,2026-09-05,London A-Z trade/service sitemap.,London
Checkatrade,Wardrobe Maker,Wardrobe Maker,"Furniture, Carpentry & Woodwork",Wardrobe Maker,kept_mapped_final,V2,https://www.checkatrade.com/sitemap/locations/London/A,london_trade_sitemap,2026-09-05,London A-Z trade/service sitemap.,London
Checkatrade,Wardrobe Sliding Doors,Wardrobe Sliding Doors,"Furniture, Carpentry & Woodwork",Wardrobe Sliding Doors,kept_mapped_final,V2,https://www.checkatrade.com/sitemap/locations/London/W,london_trade_sitemap,2026-09-05,London A-Z trade/service sitemap.,London
Checkatrade,Warehouse Clearance,Warehouse Clearance,Waste Services,General Clearance,kept_mapped,V2,https://www.checkatrade.com/sitemap/locations/London/W,london_trade_sitemap,2026-09-05,London A-Z trade/service sitemap.,London
Checkatrade,Warehouse Racking,Warehouse Racking,Commercial & Business Property Services,Warehouse Racking,kept_mapped_final,V2,https://www.checkatrade.com/sitemap/locations/London/W,london_trade_sitemap,2026-09-05,London A-Z trade/service sitemap.,London
Checkatrade,Warm Roof Construction,Warm Roof Construction,Roofing Services,Warm Roof Construction,kept_mapped_final,V2,https://www.checkatrade.com/sitemap/locations/London/W,london_trade_sitemap,2026-09-05,London A-Z trade/service sitemap.,London
Checkatrade,Washing Machine Repair,Washing Machine Repair,Appliance Repair,Washing Machine Repair,kept_mapped,V2,https://www.checkatrade.com/sitemap/locations/London/A,london_trade_sitemap,2026-09-05,London A-Z trade/service sitemap.,London
Checkatrade,Wasp Nest Removal,Wasp Nest Removal,Pest Control Services,Wasp Control,kept_mapped,V2,https://www.checkatrade.com/sitemap/locations/London/W,london_trade_sitemap,2026-09-05,London A-Z trade/service sitemap.,London
Checkatrade,Waste Clearance,Waste Clearance,Waste Services,General Clearance,kept_mapped,V2,https://www.checkatrade.com/sitemap/locations/London/W,london_trade_sitemap,2026-09-05,London A-Z trade/service sitemap.,London
Checkatrade,Waste Water Treatment Plant Installations,Waste Water Treatment Plant Installations,"Waste, Clearance & Recycling",Waste Water Treatment Plant Installations,kept_mapped_final,V2,https://www.checkatrade.com/sitemap/locations/London/W,london_trade_sitemap,2026-09-05,London A-Z trade/service sitemap.,London
Checkatrade,Water Coolers Supply / Maintenance,Water Coolers Supply / Maintenance,"Water Treatment, Tanks & Pumps",Water Coolers Supply / Maintenance,kept_mapped_final,V2,https://www.checkatrade.com/sitemap/locations/London/W,london_trade_sitemap,2026-09-05,London A-Z trade/service sitemap.,London
Checkatrade,Water Features,Water Features,Gardening & Landscaping,Water Feature Services,kept_mapped_final,V2,https://www.checkatrade.com/sitemap/locations/London/W,london_trade_sitemap,2026-09-05,London A-Z trade/service sitemap.,London
Checkatrade,Water Filters,Water Filters,"Water Treatment, Tanks & Pumps",Water Filtration,kept_mapped_final,V2,https://www.checkatrade.com/sitemap/locations/London/W,london_trade_sitemap,2026-09-05,London A-Z trade/service sitemap.,London
Checkatrade,Water Gardens,Water Gardens,Gardening & Landscaping,Water Garden Services,kept_mapped_final,V2,https://www.checkatrade.com/sitemap/locations/London/W,london_trade_sitemap,2026-09-05,London A-Z trade/service sitemap.,London
Checkatrade,Water Leak Detection,Water Leak Detection,Plumbing Services,Leak Detection,kept_mapped,V2,https://www.checkatrade.com/sitemap/locations/London/W,london_trade_sitemap,2026-09-05,London A-Z trade/service sitemap.,London
Checkatrade,Water Leaking From Ceiling,Water Leaking From Ceiling,Ceiling & Interior Finishes,General Ceiling Services,kept_mapped,V2,https://www.checkatrade.com/sitemap/locations/London/A,london_trade_sitemap,2026-09-05,London A-Z trade/service sitemap.,London
Checkatrade,"Water Mains Specialist (Pipe Replacement, Moling and Lead Pipes)","Water Mains Specialist (Pipe Replacement, Moling and Lead Pipes)","Groundworks, Excavation & Plant Hire","Water Mains Specialist (Pipe Replacement, Moling and Lead Pipes)",kept_mapped_final,V2,https://www.checkatrade.com/sitemap/locations/London/W,london_trade_sitemap,2026-09-05,London A-Z trade/service sitemap.,London
Checkatrade,Water Pumps Installation,Water Pumps Installation,"Water Treatment, Tanks & Pumps",Water Pumps Installation,kept_mapped_final,V2,https://www.checkatrade.com/sitemap/locations/London/W,london_trade_sitemap,2026-09-05,London A-Z trade/service sitemap.,London
Checkatrade,Water Pumps Repair,Water Pumps Repair,"Water Treatment, Tanks & Pumps",Water Pumps Repair,kept_mapped_final,V2,https://www.checkatrade.com/sitemap/locations/London/W,london_trade_sitemap,2026-09-05,London A-Z trade/service sitemap.,London
Checkatrade,Water Softeners,Water Softeners,"Water Treatment, Tanks & Pumps",Water Softeners,kept_mapped_final,V2,https://www.checkatrade.com/sitemap/locations/London/W,london_trade_sitemap,2026-09-05,London A-Z trade/service sitemap.,London
Checkatrade,Water Supply Pipe Repairs,Water Supply Pipe Repairs,Plumbing Services,Pipe Repair,kept_mapped,V2,https://www.checkatrade.com/sitemap/locations/London/W,london_trade_sitemap,2026-09-05,London A-Z trade/service sitemap.,London
Checkatrade,Water tank repair,Water tank repair,"Water Treatment, Tanks & Pumps",Water Tank Services,kept_mapped_final,V2,https://www.checkatrade.com/sitemap/locations/London/W,london_trade_sitemap,2026-09-05,London A-Z trade/service sitemap.,London
Checkatrade,Waterproof Plasterer,Waterproof Plasterer,"Damp, Waterproofing & Restoration",Waterproof Plasterer,kept_mapped_final,V2,https://www.checkatrade.com/sitemap/locations/London/W,london_trade_sitemap,2026-09-05,London A-Z trade/service sitemap.,London
Checkatrade,Weather Coatings,Weather Coatings,Other Services / Unclassified,Weather Coatings,kept_unclassified,V2,https://www.checkatrade.com/sitemap/locations/London/W,london_trade_sitemap,2026-09-05,London A-Z trade/service sitemap.,London
Checkatrade,Website Designers,Website Designers,Web & Digital Services,Website Design,kept_mapped_final,V2,https://www.checkatrade.com/sitemap/locations/London/W,london_trade_sitemap,2026-09-05,London A-Z trade/service sitemap.,London
Checkatrade,Weed Control,Weed Control,Gardening & Landscaping,Weed Control,kept_mapped_final,V2,https://www.checkatrade.com/sitemap/locations/London/W,london_trade_sitemap,2026-09-05,London A-Z trade/service sitemap.,London
Checkatrade,Welding,Welding,Metalwork & Fabrication,Welding,kept_mapped_final,V2,https://www.checkatrade.com/sitemap/locations/London/W,london_trade_sitemap,2026-09-05,London A-Z trade/service sitemap.,London
Checkatrade,Welding Fabrication,Welding Fabrication,Metalwork & Fabrication,Welding Fabrication,kept_mapped_final,V2,https://www.checkatrade.com/sitemap/locations/London/W,london_trade_sitemap,2026-09-05,London A-Z trade/service sitemap.,London
Checkatrade,Wet Rooms,Wet Rooms,Bathroom Services,Wet Room Services,kept_mapped_final,V2,https://www.checkatrade.com/sitemap/locations/London/W,london_trade_sitemap,2026-09-05,London A-Z trade/service sitemap.,London
Checkatrade,Wheel Refurbishments,Wheel Refurbishments,Vehicle Services,Wheel Refurbishment,kept_mapped_final,V2,https://www.checkatrade.com/sitemap/locations/London/W,london_trade_sitemap,2026-09-05,London A-Z trade/service sitemap.,London
Checkatrade,Wheelchairs Manual / Electric,Wheelchairs Manual / Electric,Accessibility & Mobility Services,Wheelchairs Manual / Electric,kept_mapped_final,V2,https://www.checkatrade.com/sitemap/locations/London/W,london_trade_sitemap,2026-09-05,London A-Z trade/service sitemap.,London
Checkatrade,Wheelie Bin Clean,Wheelie Bin Clean,Cleaning Services,Wheelie Bin Cleaning,kept_mapped_final,V2,https://www.checkatrade.com/sitemap/locations/London/W,london_trade_sitemap,2026-09-05,London A-Z trade/service sitemap.,London
Checkatrade,WiFi Distribution,WiFi Distribution,IT Support & Device Services,WiFi & Broadband Support,kept_mapped_final,V2,https://www.checkatrade.com/sitemap/locations/London/W,london_trade_sitemap,2026-09-05,London A-Z trade/service sitemap.,London
Checkatrade,Wildlife management,Wildlife management,Pet & Animal Services,Wildlife Management,kept_mapped_final,V2,https://www.checkatrade.com/sitemap/locations/London/W,london_trade_sitemap,2026-09-05,London A-Z trade/service sitemap.,London
Checkatrade,Win more work,Win more work,Excluded,Win more work,excluded,V1,https://join.checkatrade.com/what-you-get/,public_category_page,2026-08-22,Checkatrade public category/onboarding page.,
Checkatrade,Wind Turbines,Wind Turbines,Renewable Energy & Insulation,Wind Turbine Services,kept_mapped_final,V2,https://www.checkatrade.com/sitemap/locations/London/W,london_trade_sitemap,2026-09-05,London A-Z trade/service sitemap.,London
Checkatrade,Wind Turbines - Feed,Wind Turbines - Feed,Renewable Energy & Insulation,Wind Turbine Services,kept_mapped_final,V2,https://www.checkatrade.com/sitemap/locations/London/W,london_trade_sitemap,2026-09-05,London A-Z trade/service sitemap.,London
Checkatrade,Window Cleaner,Window Cleaner,Cleaning Services,General Cleaning,kept_mapped,V2,https://www.checkatrade.com/sitemap/locations/London/A,london_trade_sitemap,2026-09-05,London A-Z trade/service sitemap.,London
Checkatrade,Window Cleaners,Window Cleaners,Cleaning Services,General Cleaning,kept_mapped,V2,https://www.checkatrade.com/sitemap/locations/London/A,london_trade_sitemap,2026-09-05,London A-Z trade/service sitemap.,London
Checkatrade,Window Film,Window Film,"Doors, Windows & Glazing",Window Film,kept_mapped_final,V2,https://www.checkatrade.com/sitemap/locations/London/W,london_trade_sitemap,2026-09-05,London A-Z trade/service sitemap.,London
Checkatrade,Window Fitter,Window Fitter,"Doors, Windows & Glazing",Window Fitting,kept_mapped_final,V2,https://www.checkatrade.com/sitemap/locations/London/A,london_trade_sitemap,2026-09-05,London A-Z trade/service sitemap.,London
Checkatrade,Window Fitters,Window Fitters,"Doors, Windows & Glazing",Window Fitting,kept_mapped_final,V2,https://www.checkatrade.com/sitemap/locations/London/W,london_trade_sitemap,2026-09-05,London A-Z trade/service sitemap.,London
Checkatrade,Window Lock Fitting,Window Lock Fitting,"Locksmith, Keys & Safes",Window Lock Fitting,kept_mapped_final,V2,https://www.checkatrade.com/sitemap/locations/London/W,london_trade_sitemap,2026-09-05,London A-Z trade/service sitemap.,London
Checkatrade,Window Lock Repair,Window Lock Repair,Windows & Glazing,Window Repair,kept_mapped,V2,https://www.checkatrade.com/sitemap/locations/London/W,london_trade_sitemap,2026-09-05,London A-Z trade/service sitemap.,London
Checkatrade,Window Shutter Fitters,Window Shutter Fitters,Blinds & Shutters,General Blinds & Shutters,kept_mapped,V2,https://www.checkatrade.com/sitemap/locations/London/W,london_trade_sitemap,2026-09-05,London A-Z trade/service sitemap.,London
Checkatrade,Window Shutter Suppliers,Window Shutter Suppliers,Blinds & Shutters,General Blinds & Shutters,kept_mapped,V2,https://www.checkatrade.com/sitemap/locations/London/W,london_trade_sitemap,2026-09-05,London A-Z trade/service sitemap.,London
Checkatrade,Window Shutters,Window Shutters,"Doors, Windows & Glazing",Window Shutters,kept_mapped_final,V2,https://www.checkatrade.com/sitemap/locations/London/W,london_trade_sitemap,2026-09-05,London A-Z trade/service sitemap.,London
Checkatrade,Window Tinting,Window Tinting,"Doors, Windows & Glazing",Window Tinting,kept_mapped_final,V2,https://www.checkatrade.com/sitemap/locations/London/W,london_trade_sitemap,2026-09-05,London A-Z trade/service sitemap.,London
Checkatrade,Windows / Doors / Conservatories,Windows / Doors / Conservatories,"Doors, Windows & Glazing",Windows / Doors / Conservatories,kept_mapped_final,V2,https://www.checkatrade.com/sitemap/locations/London/W,london_trade_sitemap,2026-09-05,London A-Z trade/service sitemap.,London
Checkatrade,Windows Supply,Windows Supply,"Doors, Windows & Glazing",Window Supply,kept_mapped_final,V2,https://www.checkatrade.com/sitemap/locations/London/W,london_trade_sitemap,2026-09-05,London A-Z trade/service sitemap.,London
Checkatrade,Windows and Doors,Windows and Doors,"Doors, Windows & Glazing",Windows & Doors,kept_mapped_final,V2,https://www.checkatrade.com/sitemap/locations/London/W,london_trade_sitemap,2026-09-05,London A-Z trade/service sitemap.,London
Checkatrade,Windscreen Repair,Windscreen Repair,Vehicle Services,Windscreen Repair,kept_mapped_final,V2,https://www.checkatrade.com/sitemap/locations/London/W,london_trade_sitemap,2026-09-05,London A-Z trade/service sitemap.,London
Checkatrade,Windscreen Replacement,Windscreen Replacement,Vehicle Services,Windscreen Replacement,kept_mapped_final,V2,https://www.checkatrade.com/sitemap/locations/London/W,london_trade_sitemap,2026-09-05,London A-Z trade/service sitemap.,London
Checkatrade,Wood & Laminate Repair,Wood & Laminate Repair,Flooring & Tiling Services,Wood & Laminate Repair,kept_mapped_final,V2,https://www.checkatrade.com/sitemap/locations/London/W,london_trade_sitemap,2026-09-05,London A-Z trade/service sitemap.,London
Checkatrade,Wood / Log Burning Stoves,Wood / Log Burning Stoves,"Heating, Boiler & Gas Services",Wood / Log Burning Stoves,kept_mapped_final,V2,https://www.checkatrade.com/sitemap/locations/London/W,london_trade_sitemap,2026-09-05,London A-Z trade/service sitemap.,London
Checkatrade,Wood Flooring Installers,Wood Flooring Installers,Flooring,Wood Flooring,kept_mapped,V2,https://www.checkatrade.com/sitemap/locations/London/W,london_trade_sitemap,2026-09-05,London A-Z trade/service sitemap.,London
Checkatrade,Wood Flooring Restoration,Wood Flooring Restoration,Flooring,Wood Flooring,kept_mapped,V2,https://www.checkatrade.com/sitemap/locations/London/W,london_trade_sitemap,2026-09-05,London A-Z trade/service sitemap.,London
Checkatrade,Wood Flooring Suppliers,Wood Flooring Suppliers,Flooring,Wood Flooring,kept_mapped,V2,https://www.checkatrade.com/sitemap/locations/London/W,london_trade_sitemap,2026-09-05,London A-Z trade/service sitemap.,London
Checkatrade,Wood Merchants,Wood Merchants,Other Services / Unclassified,Wood Merchants,kept_unclassified,V2,https://www.checkatrade.com/sitemap/locations/London/W,london_trade_sitemap,2026-09-05,London A-Z trade/service sitemap.,London
Checkatrade,Wood Turning Service,Wood Turning Service,"Furniture, Carpentry & Woodwork",Wood Turning,kept_mapped_final,V2,https://www.checkatrade.com/sitemap/locations/London/W,london_trade_sitemap,2026-09-05,London A-Z trade/service sitemap.,London
Checkatrade,Wooden / Timber Structures,Wooden / Timber Structures,"Furniture, Carpentry & Woodwork",Wooden / Timber Structures,kept_mapped_final,V2,https://www.checkatrade.com/sitemap/locations/London/W,london_trade_sitemap,2026-09-05,London A-Z trade/service sitemap.,London
Checkatrade,Wooden Gates,Wooden Gates,"Fencing, Gates & Outdoor Structures",Wooden Gates,kept_mapped_final,V2,https://www.checkatrade.com/sitemap/locations/London/W,london_trade_sitemap,2026-09-05,London A-Z trade/service sitemap.,London
Checkatrade,Wooden Sash Windows Installation,Wooden Sash Windows Installation,Windows & Glazing,Window Installation,kept_mapped,V2,https://www.checkatrade.com/sitemap/locations/London/W,london_trade_sitemap,2026-09-05,London A-Z trade/service sitemap.,London
Checkatrade,Wooden Sash Windows Repair,Wooden Sash Windows Repair,Windows & Glazing,Window Repair,kept_mapped,V2,https://www.checkatrade.com/sitemap/locations/London/W,london_trade_sitemap,2026-09-05,London A-Z trade/service sitemap.,London
Checkatrade,Wooden Shutters,Wooden Shutters,"Doors, Windows & Glazing",Wooden Shutters,kept_mapped_final,V2,https://www.checkatrade.com/sitemap/locations/London/W,london_trade_sitemap,2026-09-05,London A-Z trade/service sitemap.,London
Checkatrade,Wooden Windows Stripped / Painted,Wooden Windows Stripped / Painted,Painting & Decorating,General Painting & Decorating,kept_mapped,V2,https://www.checkatrade.com/sitemap/locations/London/W,london_trade_sitemap,2026-09-05,London A-Z trade/service sitemap.,London
Checkatrade,Wooden floor specialist,Wooden floor specialist,Flooring & Tiling Services,Wooden floor specialist,kept_mapped_final,V2,https://www.checkatrade.com/sitemap/locations/London/W,london_trade_sitemap,2026-09-05,London A-Z trade/service sitemap.,London
Checkatrade,Woodworm Treatment,Woodworm Treatment,"Damp, Waterproofing & Restoration",Woodworm Treatment,kept_mapped_final,V2,https://www.checkatrade.com/sitemap/locations/London/W,london_trade_sitemap,2026-09-05,London A-Z trade/service sitemap.,London
Checkatrade,Worcester Boiler Repair,Worcester Boiler Repair,Heating & Boiler Services,Boiler Repair,kept_mapped,V2,https://www.checkatrade.com/sitemap/locations/London/W,london_trade_sitemap,2026-09-05,London A-Z trade/service sitemap.,London
Checkatrade,Worcster Boiler Servicing,Worcster Boiler Servicing,Heating & Boiler Services,Boiler Servicing,kept_mapped,V2,https://www.checkatrade.com/sitemap/locations/London/W,london_trade_sitemap,2026-09-05,London A-Z trade/service sitemap.,London
Checkatrade,Workshop Builders,Workshop Builders,Building & Construction,General Building,kept_mapped,V2,https://www.checkatrade.com/sitemap/locations/London/W,london_trade_sitemap,2026-09-05,London A-Z trade/service sitemap.,London
Checkatrade,Workshop Design / Construction,Workshop Design / Construction,Building & Construction,Workshop Design / Construction,kept_mapped_final,V2,https://www.checkatrade.com/sitemap/locations/London/W,london_trade_sitemap,2026-09-05,London A-Z trade/service sitemap.,London
Checkatrade,Worktop & Countertop Repair,Worktop & Countertop Repair,Kitchen Services,Worktop Repair,kept_mapped,V2,https://www.checkatrade.com/sitemap/locations/London/W,london_trade_sitemap,2026-09-05,London A-Z trade/service sitemap.,London
Checkatrade,Worktops,Worktops,Kitchen Services,General Worktop Services,kept_mapped_final,V2,https://www.checkatrade.com/sitemap/locations/London/W,london_trade_sitemap,2026-09-05,London A-Z trade/service sitemap.,London
Checkatrade,Worktops - Acrylic,Worktops - Acrylic,Other Services / Unclassified,Worktops - Acrylic,kept_unclassified,V2,https://www.checkatrade.com/sitemap/locations/London/W,london_trade_sitemap,2026-09-05,London A-Z trade/service sitemap.,London
Checkatrade,Worktops - Glass,Worktops - Glass,"Doors, Windows & Glazing",Worktops - Glass,kept_mapped_final,V2,https://www.checkatrade.com/sitemap/locations/London/W,london_trade_sitemap,2026-09-05,London A-Z trade/service sitemap.,London
Checkatrade,Worktops - Granite,Worktops - Granite,Other Services / Unclassified,Worktops - Granite,kept_unclassified,V2,https://www.checkatrade.com/sitemap/locations/London/W,london_trade_sitemap,2026-09-05,London A-Z trade/service sitemap.,London
Checkatrade,Worktops - Laminate,Worktops - Laminate,Flooring & Tiling Services,Worktops - Laminate,kept_mapped_final,V2,https://www.checkatrade.com/sitemap/locations/London/W,london_trade_sitemap,2026-09-05,London A-Z trade/service sitemap.,London
Checkatrade,Worktops - Marble,Worktops - Marble,Other Services / Unclassified,Worktops - Marble,kept_unclassified,V2,https://www.checkatrade.com/sitemap/locations/London/W,london_trade_sitemap,2026-09-05,London A-Z trade/service sitemap.,London
Checkatrade,Worktops - Quartz,Worktops - Quartz,Other Services / Unclassified,Worktops - Quartz,kept_unclassified,V2,https://www.checkatrade.com/sitemap/locations/London/W,london_trade_sitemap,2026-09-05,London A-Z trade/service sitemap.,London
Checkatrade,Worktops - Solid Wood,Worktops - Solid Wood,Other Services / Unclassified,Worktops - Solid Wood,kept_unclassified,V2,https://www.checkatrade.com/sitemap/locations/London/W,london_trade_sitemap,2026-09-05,London A-Z trade/service sitemap.,London
Checkatrade,Worktops - Stainless Steel,Worktops - Stainless Steel,Other Services / Unclassified,Worktops - Stainless Steel,kept_unclassified,V2,https://www.checkatrade.com/sitemap/locations/London/W,london_trade_sitemap,2026-09-05,London A-Z trade/service sitemap.,London
Checkatrade,Worldwide / International Removals,Worldwide / International Removals,Removals & Moving,General Removals,kept_mapped,V2,https://www.checkatrade.com/sitemap/locations/London/W,london_trade_sitemap,2026-09-05,London A-Z trade/service sitemap.,London
Checkatrade,Your profile shows up on Google so more customers can find and choose you!,Your profile shows up on Google so more customers can find and choose you!,Excluded,Your profile shows up on Google so more customers can find and choose you!,excluded,V1,https://join.checkatrade.com/what-you-get/,public_category_page,2026-08-22,Checkatrade public category/onboarding page.,
Checkatrade,anti vandal painters,anti vandal painters,Painting & Decorating,General Painting & Decorating,kept_mapped,V2,https://www.checkatrade.com/sitemap/locations/London/A,london_trade_sitemap,2026-09-05,London A-Z trade/service sitemap.,London
Checkatrade,antique furniture restoration,antique furniture restoration,"Furniture, Carpentry & Woodwork",Furniture Restoration,kept_mapped_final,V2,https://www.checkatrade.com/sitemap/locations/London/A,london_trade_sitemap,2026-09-05,London A-Z trade/service sitemap.,London
Checkatrade,artex ceiling repair,artex ceiling repair,Ceiling & Interior Finishes,Ceiling Repair,kept_mapped,V2,https://www.checkatrade.com/sitemap/locations/London/A,london_trade_sitemap,2026-09-05,London A-Z trade/service sitemap.,London
Checkatrade,asbestos roof replacement,asbestos roof replacement,Roofing Services,Roof Replacement,kept_mapped,V2,https://www.checkatrade.com/sitemap/locations/London/A,london_trade_sitemap,2026-09-05,London A-Z trade/service sitemap.,London
Checkatrade,asphalt roofers,asphalt roofers,Roofing Services,General Roofing,kept_mapped,V2,https://www.checkatrade.com/sitemap/locations/London/A,london_trade_sitemap,2026-09-05,London A-Z trade/service sitemap.,London
Checkatrade,attic door,attic door,"Loft, Attic & Storage Services",Attic Door,kept_mapped_final,V2,https://www.checkatrade.com/sitemap/locations/London/A,london_trade_sitemap,2026-09-05,London A-Z trade/service sitemap.,London
Checkatrade,attic flooring,attic flooring,Flooring,General Flooring,kept_mapped,V2,https://www.checkatrade.com/sitemap/locations/London/A,london_trade_sitemap,2026-09-05,London A-Z trade/service sitemap.,London
Checkatrade,attic hatch,attic hatch,"Loft, Attic & Storage Services",Attic Hatch,kept_mapped_final,V2,https://www.checkatrade.com/sitemap/locations/London/A,london_trade_sitemap,2026-09-05,London A-Z trade/service sitemap.,London
Checkatrade,attic insulation,attic insulation,Insulation Services,General Insulation,kept_mapped,V2,https://www.checkatrade.com/sitemap/locations/London/A,london_trade_sitemap,2026-09-05,London A-Z trade/service sitemap.,London
Checkatrade,attic ladder,attic ladder,"Loft, Attic & Storage Services",Attic Ladder Installation,kept_mapped_final,V2,https://www.checkatrade.com/sitemap/locations/London/A,london_trade_sitemap,2026-09-05,London A-Z trade/service sitemap.,London
Checkatrade,attic trap,attic trap,"Loft, Attic & Storage Services",Attic Hatch,kept_mapped_final,V2,https://www.checkatrade.com/sitemap/locations/London/A,london_trade_sitemap,2026-09-05,London A-Z trade/service sitemap.,London
Checkatrade,barn roof repair,barn roof repair,Roofing Services,Roof Repair,kept_mapped,V2,https://www.checkatrade.com/sitemap/locations/London/B,london_trade_sitemap,2026-09-05,London A-Z trade/service sitemap.,London
Checkatrade,bath crack,bath crack,Bathroom Services,bath crack,kept_mapped_final,V2,https://www.checkatrade.com/sitemap/locations/London/B,london_trade_sitemap,2026-09-05,London A-Z trade/service sitemap.,London
Checkatrade,bath replacement,bath replacement,Bathroom Services,bath replacement,kept_mapped_final,V2,https://www.checkatrade.com/sitemap/locations/London/B,london_trade_sitemap,2026-09-05,London A-Z trade/service sitemap.,London
Checkatrade,bathroom painting,bathroom painting,Painting & Decorating,General Painting & Decorating,kept_mapped,V2,https://www.checkatrade.com/sitemap/locations/London/B,london_trade_sitemap,2026-09-05,London A-Z trade/service sitemap.,London
Checkatrade,bathroom plumber,bathroom plumber,Plumbing Services,General Plumbing,kept_mapped,V2,https://www.checkatrade.com/sitemap/locations/London/B,london_trade_sitemap,2026-09-05,London A-Z trade/service sitemap.,London
Checkatrade,bathroom renovation,bathroom renovation,Building & Construction,bathroom renovation,kept_mapped_final,V2,https://www.checkatrade.com/sitemap/locations/London/B,london_trade_sitemap,2026-09-05,London A-Z trade/service sitemap.,London
Checkatrade,bathroom supplies,bathroom supplies,Bathroom Services,bathroom supplies,kept_mapped_final,V2,https://www.checkatrade.com/sitemap/locations/London/B,london_trade_sitemap,2026-09-05,London A-Z trade/service sitemap.,London
Checkatrade,bathrub drain,bathrub drain,Plumbing & Drainage Services,bathrub drain,kept_mapped_final,V2,https://www.checkatrade.com/sitemap/locations/London/B,london_trade_sitemap,2026-09-05,London A-Z trade/service sitemap.,London
Checkatrade,bathrub screen,bathrub screen,Other Services / Unclassified,bathrub screen,kept_unclassified,V2,https://www.checkatrade.com/sitemap/locations/London/B,london_trade_sitemap,2026-09-05,London A-Z trade/service sitemap.,London
Checkatrade,bathtub fitting,bathtub fitting,Bathroom Services,bathtub fitting,kept_mapped_final,V2,https://www.checkatrade.com/sitemap/locations/London/B,london_trade_sitemap,2026-09-05,London A-Z trade/service sitemap.,London
Checkatrade,bathtub repair,bathtub repair,Bathroom Services,bathtub repair,kept_mapped_final,V2,https://www.checkatrade.com/sitemap/locations/London/B,london_trade_sitemap,2026-09-05,London A-Z trade/service sitemap.,London
Checkatrade,bay window roof repair,bay window roof repair,Windows & Glazing,Window Repair,kept_mapped,V2,https://www.checkatrade.com/sitemap/locations/London/B,london_trade_sitemap,2026-09-05,London A-Z trade/service sitemap.,London
Checkatrade,bay window roof replacement,bay window roof replacement,Roofing Services,Roof Replacement,kept_mapped,V2,https://www.checkatrade.com/sitemap/locations/London/B,london_trade_sitemap,2026-09-05,London A-Z trade/service sitemap.,London
Checkatrade,bed frame repair,bed frame repair,"Furniture, Carpentry & Woodwork",bed frame repair,kept_mapped_final,V2,https://www.checkatrade.com/sitemap/locations/London/B,london_trade_sitemap,2026-09-05,London A-Z trade/service sitemap.,London
Checkatrade,bedroom fitted wardrobes,bedroom fitted wardrobes,Carpentry & Joinery,Fitted Wardrobes,kept_mapped,V2,https://www.checkatrade.com/sitemap/locations/London/B,london_trade_sitemap,2026-09-05,London A-Z trade/service sitemap.,London
Checkatrade,bespoke alcove units,bespoke alcove units,"Furniture, Carpentry & Woodwork",Bespoke Alcove Units,kept_mapped_final,V2,https://www.checkatrade.com/sitemap/locations/London/B,london_trade_sitemap,2026-09-05,London A-Z trade/service sitemap.,London
Checkatrade,bespoke bedroom furniture,bespoke bedroom furniture,"Furniture, Carpentry & Woodwork",bespoke bedroom furniture,kept_mapped_final,V2,https://www.checkatrade.com/sitemap/locations/London/B,london_trade_sitemap,2026-09-05,London A-Z trade/service sitemap.,London
Checkatrade,bespoke cabinet makers,bespoke cabinet makers,Carpentry & Joinery,Cabinet Making & Installation,kept_mapped,V2,https://www.checkatrade.com/sitemap/locations/London/B,london_trade_sitemap,2026-09-05,London A-Z trade/service sitemap.,London
Checkatrade,bespoke cupboards,bespoke cupboards,"Furniture, Carpentry & Woodwork",Bespoke Cupboards,kept_mapped_final,V2,https://www.checkatrade.com/sitemap/locations/London/B,london_trade_sitemap,2026-09-05,London A-Z trade/service sitemap.,London
Checkatrade,bespoke dining tables,bespoke dining tables,"Furniture, Carpentry & Woodwork",Bespoke Dining Tables,kept_mapped_final,V2,https://www.checkatrade.com/sitemap/locations/London/B,london_trade_sitemap,2026-09-05,London A-Z trade/service sitemap.,London
Checkatrade,bespoke doors,bespoke doors,"Furniture, Carpentry & Woodwork",Bespoke Doors,kept_mapped_final,V2,https://www.checkatrade.com/sitemap/locations/London/B,london_trade_sitemap,2026-09-05,London A-Z trade/service sitemap.,London
Checkatrade,bespoke external doors,bespoke external doors,"Doors, Windows & Glazing",Bespoke External Doors,kept_mapped_final,V2,https://www.checkatrade.com/sitemap/locations/London/B,london_trade_sitemap,2026-09-05,London A-Z trade/service sitemap.,London
Checkatrade,bespoke fitted furniture,bespoke fitted furniture,"Furniture, Carpentry & Woodwork",bespoke fitted furniture,kept_mapped_final,V2,https://www.checkatrade.com/sitemap/locations/London/B,london_trade_sitemap,2026-09-05,London A-Z trade/service sitemap.,London
Checkatrade,bespoke furniture makers,bespoke furniture makers,"Furniture, Carpentry & Woodwork",Bespoke Furniture,kept_mapped_final,V2,https://www.checkatrade.com/sitemap/locations/London/B,london_trade_sitemap,2026-09-05,London A-Z trade/service sitemap.,London
Checkatrade,bespoke home office furniture,bespoke home office furniture,"Furniture, Carpentry & Woodwork",bespoke home office furniture,kept_mapped_final,V2,https://www.checkatrade.com/sitemap/locations/London/B,london_trade_sitemap,2026-09-05,London A-Z trade/service sitemap.,London
Checkatrade,bespoke interior doors,bespoke interior doors,"Doors, Windows & Glazing",Bespoke Interior Doors,kept_mapped_final,V2,https://www.checkatrade.com/sitemap/locations/London/B,london_trade_sitemap,2026-09-05,London A-Z trade/service sitemap.,London
Checkatrade,bespoke joinery,bespoke joinery,Carpentry & Joinery,General Carpentry & Joinery,kept_mapped,V2,https://www.checkatrade.com/sitemap/locations/London/B,london_trade_sitemap,2026-09-05,London A-Z trade/service sitemap.,London
Checkatrade,bespoke kitchen designers,bespoke kitchen designers,Kitchen Services,bespoke kitchen designers,kept_mapped_final,V2,https://www.checkatrade.com/sitemap/locations/London/B,london_trade_sitemap,2026-09-05,London A-Z trade/service sitemap.,London
Checkatrade,bespoke kitchen fitters,bespoke kitchen fitters,Kitchen Services,bespoke kitchen fitters,kept_mapped_final,V2,https://www.checkatrade.com/sitemap/locations/London/B,london_trade_sitemap,2026-09-05,London A-Z trade/service sitemap.,London
Checkatrade,bespoke kitchens,bespoke kitchens,Kitchen Services,Bespoke Kitchens,kept_mapped_final,V2,https://www.checkatrade.com/sitemap/locations/London/B,london_trade_sitemap,2026-09-05,London A-Z trade/service sitemap.,London
Checkatrade,bespoke living room furniture,bespoke living room furniture,"Furniture, Carpentry & Woodwork",bespoke living room furniture,kept_mapped_final,V2,https://www.checkatrade.com/sitemap/locations/London/B,london_trade_sitemap,2026-09-05,London A-Z trade/service sitemap.,London
Checkatrade,bespoke oak doors,bespoke oak doors,"Doors, Windows & Glazing",Bespoke Oak Doors,kept_mapped_final,V2,https://www.checkatrade.com/sitemap/locations/London/B,london_trade_sitemap,2026-09-05,London A-Z trade/service sitemap.,London
Checkatrade,bespoke oak furniture,bespoke oak furniture,"Furniture, Carpentry & Woodwork",bespoke oak furniture,kept_mapped_final,V2,https://www.checkatrade.com/sitemap/locations/London/B,london_trade_sitemap,2026-09-05,London A-Z trade/service sitemap.,London
Checkatrade,bespoke pergola,bespoke pergola,Gardening & Landscaping,bespoke pergola,kept_mapped_final,V2,https://www.checkatrade.com/sitemap/locations/London/B,london_trade_sitemap,2026-09-05,London A-Z trade/service sitemap.,London
Checkatrade,bespoke pine furniture,bespoke pine furniture,"Furniture, Carpentry & Woodwork",bespoke pine furniture,kept_mapped_final,V2,https://www.checkatrade.com/sitemap/locations/London/B,london_trade_sitemap,2026-09-05,London A-Z trade/service sitemap.,London
Checkatrade,bespoke radiator covers,bespoke radiator covers,"Heating, Boiler & Gas Services",bespoke radiator covers,kept_mapped_final,V2,https://www.checkatrade.com/sitemap/locations/London/B,london_trade_sitemap,2026-09-05,London A-Z trade/service sitemap.,London
Checkatrade,bespoke stable doors,bespoke stable doors,"Doors, Windows & Glazing",Bespoke Stable Doors,kept_mapped_final,V2,https://www.checkatrade.com/sitemap/locations/London/B,london_trade_sitemap,2026-09-05,London A-Z trade/service sitemap.,London
Checkatrade,bespoke timber windows,bespoke timber windows,"Furniture, Carpentry & Woodwork",Bespoke Timber Windows,kept_mapped_final,V2,https://www.checkatrade.com/sitemap/locations/London/B,london_trade_sitemap,2026-09-05,London A-Z trade/service sitemap.,London
Checkatrade,bespoke under stairs storage,bespoke under stairs storage,"Furniture, Carpentry & Woodwork",Bespoke Under-Stairs Storage,kept_mapped_final,V2,https://www.checkatrade.com/sitemap/locations/London/B,london_trade_sitemap,2026-09-05,London A-Z trade/service sitemap.,London
Checkatrade,bespoke windows,bespoke windows,"Doors, Windows & Glazing",bespoke windows,kept_mapped_final,V2,https://www.checkatrade.com/sitemap/locations/London/B,london_trade_sitemap,2026-09-05,London A-Z trade/service sitemap.,London
Checkatrade,bespoke wooden doors,bespoke wooden doors,"Doors, Windows & Glazing",bespoke wooden doors,kept_mapped_final,V2,https://www.checkatrade.com/sitemap/locations/London/B,london_trade_sitemap,2026-09-05,London A-Z trade/service sitemap.,London
Checkatrade,bespoke wooden front doors,bespoke wooden front doors,"Doors, Windows & Glazing",Bespoke Wooden Front Doors,kept_mapped_final,V2,https://www.checkatrade.com/sitemap/locations/London/B,london_trade_sitemap,2026-09-05,London A-Z trade/service sitemap.,London
Checkatrade,bespoke wooden windows,bespoke wooden windows,"Doors, Windows & Glazing",Bespoke Wooden Windows,kept_mapped_final,V2,https://www.checkatrade.com/sitemap/locations/London/B,london_trade_sitemap,2026-09-05,London A-Z trade/service sitemap.,London
Checkatrade,bespoke woodwork,bespoke woodwork,"Furniture, Carpentry & Woodwork",Woodworking,kept_mapped_final,V2,https://www.checkatrade.com/sitemap/locations/London/B,london_trade_sitemap,2026-09-05,London A-Z trade/service sitemap.,London
Checkatrade,blocked drain plumber,blocked drain plumber,Plumbing Services,Drain Unblocking,kept_mapped,V2,https://www.checkatrade.com/sitemap/locations/London/B,london_trade_sitemap,2026-09-05,London A-Z trade/service sitemap.,London
Checkatrade,blocked loo,blocked loo,Plumbing & Drainage Services,blocked loo,kept_mapped_final,V2,https://www.checkatrade.com/sitemap/locations/London/B,london_trade_sitemap,2026-09-05,London A-Z trade/service sitemap.,London
Checkatrade,blocked toilet plumber,blocked toilet plumber,Plumbing Services,General Plumbing,kept_mapped,V2,https://www.checkatrade.com/sitemap/locations/London/B,london_trade_sitemap,2026-09-05,London A-Z trade/service sitemap.,London
Checkatrade,boat repairs,boat repairs,Marine & Boat Services,boat repairs,kept_mapped_final,V2,https://www.checkatrade.com/sitemap/locations/London/B,london_trade_sitemap,2026-09-05,London A-Z trade/service sitemap.,London
Checkatrade,boatbuilders,boatbuilders,Marine & Boat Services,boatbuilders,kept_mapped_final,V2,https://www.checkatrade.com/sitemap/locations/London/B,london_trade_sitemap,2026-09-05,London A-Z trade/service sitemap.,London
Checkatrade,bookcase makers,bookcase makers,"Furniture, Carpentry & Woodwork",bookcase makers,kept_mapped_final,V2,https://www.checkatrade.com/sitemap/locations/London/B,london_trade_sitemap,2026-09-05,London A-Z trade/service sitemap.,London
Checkatrade,borehole,borehole,Agricultural & Rural Services,borehole,kept_mapped_final,V2,https://www.checkatrade.com/sitemap/locations/London/B,london_trade_sitemap,2026-09-05,London A-Z trade/service sitemap.,London
Checkatrade,cabinet maker,cabinet maker,Carpentry & Joinery,Cabinet Making & Installation,kept_mapped,V2,https://www.checkatrade.com/sitemap/locations/London/C,london_trade_sitemap,2026-09-05,London A-Z trade/service sitemap.,London
Checkatrade,carport roof repair,carport roof repair,Roofing Services,Roof Repair,kept_mapped,V2,https://www.checkatrade.com/sitemap/locations/London/C,london_trade_sitemap,2026-09-05,London A-Z trade/service sitemap.,London
Checkatrade,ceiling crack,ceiling crack,Ceiling & Interior Finishes,General Ceiling Services,kept_mapped,V2,https://www.checkatrade.com/sitemap/locations/London/C,london_trade_sitemap,2026-09-05,London A-Z trade/service sitemap.,London
Checkatrade,ceiling fan,ceiling fan,Ceiling & Interior Finishes,General Ceiling Services,kept_mapped,V2,https://www.checkatrade.com/sitemap/locations/London/C,london_trade_sitemap,2026-09-05,London A-Z trade/service sitemap.,London
Checkatrade,ceiling leak,ceiling leak,Ceiling & Interior Finishes,General Ceiling Services,kept_mapped,V2,https://www.checkatrade.com/sitemap/locations/London/C,london_trade_sitemap,2026-09-05,London A-Z trade/service sitemap.,London
Checkatrade,ceiling painters,ceiling painters,Ceiling & Interior Finishes,General Ceiling Services,kept_mapped,V2,https://www.checkatrade.com/sitemap/locations/London/C,london_trade_sitemap,2026-09-05,London A-Z trade/service sitemap.,London
Checkatrade,ceiling repair,ceiling repair,Ceiling & Interior Finishes,Ceiling Repair,kept_mapped,V2,https://www.checkatrade.com/sitemap/locations/London/C,london_trade_sitemap,2026-09-05,London A-Z trade/service sitemap.,London
Checkatrade,ceiling skimming,ceiling skimming,Ceiling & Interior Finishes,General Ceiling Services,kept_mapped,V2,https://www.checkatrade.com/sitemap/locations/London/C,london_trade_sitemap,2026-09-05,London A-Z trade/service sitemap.,London
Checkatrade,central heating leak detection,central heating leak detection,Plumbing Services,Leak Detection,kept_mapped,V2,https://www.checkatrade.com/sitemap/locations/London/C,london_trade_sitemap,2026-09-05,London A-Z trade/service sitemap.,London
Checkatrade,central heating power flush,central heating power flush,Heating & Boiler Services,General Heating Services,kept_mapped,V2,https://www.checkatrade.com/sitemap/locations/London/C,london_trade_sitemap,2026-09-05,London A-Z trade/service sitemap.,London
Checkatrade,chimney and roof repair,chimney and roof repair,Chimney Services,General Chimney Services,kept_mapped,V2,https://www.checkatrade.com/sitemap/locations/London/C,london_trade_sitemap,2026-09-05,London A-Z trade/service sitemap.,London
Checkatrade,chimney breast removal,chimney breast removal,Chimney Services,General Chimney Services,kept_mapped,V2,https://www.checkatrade.com/sitemap/locations/London/C,london_trade_sitemap,2026-09-05,London A-Z trade/service sitemap.,London
Checkatrade,chimney builders,chimney builders,Chimney Services,General Chimney Services,kept_mapped,V2,https://www.checkatrade.com/sitemap/locations/London/C,london_trade_sitemap,2026-09-05,London A-Z trade/service sitemap.,London
Checkatrade,chimney cap installation,chimney cap installation,Chimney Services,Chimney Installation,kept_mapped,V2,https://www.checkatrade.com/sitemap/locations/London/C,london_trade_sitemap,2026-09-05,London A-Z trade/service sitemap.,London
Checkatrade,chimney contractors,chimney contractors,Chimney Services,General Chimney Services,kept_mapped,V2,https://www.checkatrade.com/sitemap/locations/London/C,london_trade_sitemap,2026-09-05,London A-Z trade/service sitemap.,London
Checkatrade,chimney cowl fitting,chimney cowl fitting,Chimney Services,General Chimney Services,kept_mapped,V2,https://www.checkatrade.com/sitemap/locations/London/C,london_trade_sitemap,2026-09-05,London A-Z trade/service sitemap.,London
Checkatrade,chimney flashing repair,chimney flashing repair,Chimney Services,General Chimney Services,kept_mapped,V2,https://www.checkatrade.com/sitemap/locations/London/C,london_trade_sitemap,2026-09-05,London A-Z trade/service sitemap.,London
Checkatrade,chimney flue installers,chimney flue installers,Chimney Services,Chimney Installation,kept_mapped,V2,https://www.checkatrade.com/sitemap/locations/London/C,london_trade_sitemap,2026-09-05,London A-Z trade/service sitemap.,London
Checkatrade,chimney installers,chimney installers,Chimney Services,Chimney Installation,kept_mapped,V2,https://www.checkatrade.com/sitemap/locations/London/C,london_trade_sitemap,2026-09-05,London A-Z trade/service sitemap.,London
Checkatrade,chimney leak repair,chimney leak repair,Chimney Services,General Chimney Services,kept_mapped,V2,https://www.checkatrade.com/sitemap/locations/London/C,london_trade_sitemap,2026-09-05,London A-Z trade/service sitemap.,London
Checkatrade,chimney liner installers,chimney liner installers,Chimney Services,Chimney Installation,kept_mapped,V2,https://www.checkatrade.com/sitemap/locations/London/C,london_trade_sitemap,2026-09-05,London A-Z trade/service sitemap.,London
Checkatrade,chimney pointing,chimney pointing,Chimney Services,General Chimney Services,kept_mapped,V2,https://www.checkatrade.com/sitemap/locations/London/C,london_trade_sitemap,2026-09-05,London A-Z trade/service sitemap.,London
Checkatrade,chimney rendering,chimney rendering,Chimney Services,General Chimney Services,kept_mapped,V2,https://www.checkatrade.com/sitemap/locations/London/C,london_trade_sitemap,2026-09-05,London A-Z trade/service sitemap.,London
Checkatrade,chimney repair companies,chimney repair companies,Chimney Services,Chimney Repair,kept_mapped,V2,https://www.checkatrade.com/sitemap/locations/London/C,london_trade_sitemap,2026-09-05,London A-Z trade/service sitemap.,London
Checkatrade,chimney repair specialists,chimney repair specialists,Chimney Services,Chimney Repair,kept_mapped,V2,https://www.checkatrade.com/sitemap/locations/London/C,london_trade_sitemap,2026-09-05,London A-Z trade/service sitemap.,London
Checkatrade,chimney replacement,chimney replacement,Chimney Services,General Chimney Services,kept_mapped,V2,https://www.checkatrade.com/sitemap/locations/London/C,london_trade_sitemap,2026-09-05,London A-Z trade/service sitemap.,London
Checkatrade,chimney specialist,chimney specialist,Chimney Services,General Chimney Services,kept_mapped,V2,https://www.checkatrade.com/sitemap/locations/London/C,london_trade_sitemap,2026-09-05,London A-Z trade/service sitemap.,London
Checkatrade,chimney stack repair,chimney stack repair,Chimney Services,General Chimney Services,kept_mapped,V2,https://www.checkatrade.com/sitemap/locations/London/C,london_trade_sitemap,2026-09-05,London A-Z trade/service sitemap.,London
Checkatrade,chimney sweep and repair,chimney sweep and repair,Chimney Services,Chimney Sweeping,kept_mapped,V2,https://www.checkatrade.com/sitemap/locations/London/C,london_trade_sitemap,2026-09-05,London A-Z trade/service sitemap.,London
Checkatrade,collapsed drain repair,collapsed drain repair,Plumbing Services,Drain Repair,kept_mapped,V2,https://www.checkatrade.com/sitemap/locations/London/C,london_trade_sitemap,2026-09-05,London A-Z trade/service sitemap.,London
Checkatrade,commercial roof replacement,commercial roof replacement,Roofing Services,Roof Replacement,kept_mapped,V2,https://www.checkatrade.com/sitemap/locations/London/C,london_trade_sitemap,2026-09-05,London A-Z trade/service sitemap.,London
Checkatrade,conservatory glass roof repairs,conservatory glass roof repairs,Conservatory Services,Conservatory Repair,kept_mapped,V2,https://www.checkatrade.com/sitemap/locations/London/C,london_trade_sitemap,2026-09-05,London A-Z trade/service sitemap.,London
Checkatrade,conservatory roof leak repairs,conservatory roof leak repairs,Conservatory Services,Conservatory Roof Repair,kept_mapped,V2,https://www.checkatrade.com/sitemap/locations/London/C,london_trade_sitemap,2026-09-05,London A-Z trade/service sitemap.,London
Checkatrade,conservatory roof repair,conservatory roof repair,Conservatory Services,Conservatory Roof Repair,kept_mapped,V2,https://www.checkatrade.com/sitemap/locations/London/C,london_trade_sitemap,2026-09-05,London A-Z trade/service sitemap.,London
Checkatrade,conservatory roof specialists,conservatory roof specialists,Conservatory Services,Conservatory Roofing,kept_mapped,V2,https://www.checkatrade.com/sitemap/locations/London/C,london_trade_sitemap,2026-09-05,London A-Z trade/service sitemap.,London
Checkatrade,corrugated roofing suppliers,corrugated roofing suppliers,Roofing Services,General Roofing,kept_mapped,V2,https://www.checkatrade.com/sitemap/locations/London/C,london_trade_sitemap,2026-09-05,London A-Z trade/service sitemap.,London
Checkatrade,coving installers,coving installers,"Painting, Decorating & Wall Finishes",Coving,kept_mapped_final,V2,https://www.checkatrade.com/sitemap/locations/London/C,london_trade_sitemap,2026-09-05,London A-Z trade/service sitemap.,London
Checkatrade,coving suppliers,coving suppliers,"Painting, Decorating & Wall Finishes",Coving,kept_mapped_final,V2,https://www.checkatrade.com/sitemap/locations/London/C,london_trade_sitemap,2026-09-05,London A-Z trade/service sitemap.,London
Checkatrade,custom gazebo builders,custom gazebo builders,Building & Construction,General Building,kept_mapped,V2,https://www.checkatrade.com/sitemap/locations/London/C,london_trade_sitemap,2026-09-05,London A-Z trade/service sitemap.,London
Checkatrade,custom made internal doors,custom made internal doors,Other Services / Unclassified,custom made internal doors,kept_unclassified,V2,https://www.checkatrade.com/sitemap/locations/London/C,london_trade_sitemap,2026-09-05,London A-Z trade/service sitemap.,London
Checkatrade,custom made wooden external doors,custom made wooden external doors,Other Services / Unclassified,custom made wooden external doors,kept_unclassified,V2,https://www.checkatrade.com/sitemap/locations/London/C,london_trade_sitemap,2026-09-05,London A-Z trade/service sitemap.,London
Checkatrade,custom pergola builders,custom pergola builders,Building & Construction,General Building,kept_mapped,V2,https://www.checkatrade.com/sitemap/locations/London/C,london_trade_sitemap,2026-09-05,London A-Z trade/service sitemap.,London
Checkatrade,custom roof trusses,custom roof trusses,Roofing Services,custom roof trusses,kept_mapped_final,V2,https://www.checkatrade.com/sitemap/locations/London/C,london_trade_sitemap,2026-09-05,London A-Z trade/service sitemap.,London
Checkatrade,custom shed builders,custom shed builders,Building & Construction,General Building,kept_mapped,V2,https://www.checkatrade.com/sitemap/locations/London/C,london_trade_sitemap,2026-09-05,London A-Z trade/service sitemap.,London
Checkatrade,custom stair railing,custom stair railing,"Fencing, Gates & Outdoor Structures",custom stair railing,kept_mapped_final,V2,https://www.checkatrade.com/sitemap/locations/London/C,london_trade_sitemap,2026-09-05,London A-Z trade/service sitemap.,London
Checkatrade,deck and gazebo builders,deck and gazebo builders,Building & Construction,General Building,kept_mapped,V2,https://www.checkatrade.com/sitemap/locations/London/D,london_trade_sitemap,2026-09-05,London A-Z trade/service sitemap.,London
Checkatrade,deck painters,deck painters,Painting & Decorating,General Painting & Decorating,kept_mapped,V2,https://www.checkatrade.com/sitemap/locations/London/D,london_trade_sitemap,2026-09-05,London A-Z trade/service sitemap.,London
Checkatrade,dishwasher draining,dishwasher draining,Appliance & Equipment Services,dishwasher draining,kept_mapped_final,V2,https://www.checkatrade.com/sitemap/locations/London/D,london_trade_sitemap,2026-09-05,London A-Z trade/service sitemap.,London
Checkatrade,dishwasher plumber,dishwasher plumber,Plumbing Services,General Plumbing,kept_mapped,V2,https://www.checkatrade.com/sitemap/locations/London/D,london_trade_sitemap,2026-09-05,London A-Z trade/service sitemap.,London
Checkatrade,door dipping,door dipping,"Doors, Windows & Glazing",door dipping,kept_mapped_final,V2,https://www.checkatrade.com/sitemap/locations/London/D,london_trade_sitemap,2026-09-05,London A-Z trade/service sitemap.,London
Checkatrade,door joinery,door joinery,Carpentry & Joinery,General Carpentry & Joinery,kept_mapped,V2,https://www.checkatrade.com/sitemap/locations/London/D,london_trade_sitemap,2026-09-05,London A-Z trade/service sitemap.,London
Checkatrade,door paint stripping service,door paint stripping service,Painting & Decorating,General Painting & Decorating,kept_mapped,V2,https://www.checkatrade.com/sitemap/locations/London/D,london_trade_sitemap,2026-09-05,London A-Z trade/service sitemap.,London
Checkatrade,dormer installation,dormer installation,Building & Construction,Dormer Installation,kept_mapped_final,V2,https://www.checkatrade.com/sitemap/locations/London/D,london_trade_sitemap,2026-09-05,London A-Z trade/service sitemap.,London
Checkatrade,dormer window installation,dormer window installation,Windows & Glazing,Window Installation,kept_mapped,V2,https://www.checkatrade.com/sitemap/locations/London/D,london_trade_sitemap,2026-09-05,London A-Z trade/service sitemap.,London
Checkatrade,drain pipe repair,drain pipe repair,Plumbing Services,Pipe Repair,kept_mapped,V2,https://www.checkatrade.com/sitemap/locations/London/D,london_trade_sitemap,2026-09-05,London A-Z trade/service sitemap.,London
Checkatrade,drain pipe replacement,drain pipe replacement,Plumbing & Drainage Services,drain pipe replacement,kept_mapped_final,V2,https://www.checkatrade.com/sitemap/locations/London/D,london_trade_sitemap,2026-09-05,London A-Z trade/service sitemap.,London
Checkatrade,dripping tap,dripping tap,Plumbing & Drainage Services,Dripping Tap Repair,kept_mapped_final,V2,https://www.checkatrade.com/sitemap/locations/London/D,london_trade_sitemap,2026-09-05,London A-Z trade/service sitemap.,London
Checkatrade,dry lining companies,dry lining companies,Ceiling & Interior Finishes,Dry Lining,kept_mapped,V2,https://www.checkatrade.com/sitemap/locations/London/D,london_trade_sitemap,2026-09-05,London A-Z trade/service sitemap.,London
Checkatrade,dry lining contractors,dry lining contractors,Ceiling & Interior Finishes,Dry Lining,kept_mapped,V2,https://www.checkatrade.com/sitemap/locations/London/D,london_trade_sitemap,2026-09-05,London A-Z trade/service sitemap.,London
Checkatrade,drywall ceiling contractors,drywall ceiling contractors,Ceiling & Interior Finishes,General Ceiling Services,kept_mapped,V2,https://www.checkatrade.com/sitemap/locations/London/D,london_trade_sitemap,2026-09-05,London A-Z trade/service sitemap.,London
Checkatrade,drywall installers,drywall installers,"Painting, Decorating & Wall Finishes",Drywall Installation,kept_mapped_final,V2,https://www.checkatrade.com/sitemap/locations/London/D,london_trade_sitemap,2026-09-05,London A-Z trade/service sitemap.,London
Checkatrade,drywall repair,drywall repair,"Painting, Decorating & Wall Finishes",Drywall Repair,kept_mapped_final,V2,https://www.checkatrade.com/sitemap/locations/London/D,london_trade_sitemap,2026-09-05,London A-Z trade/service sitemap.,London
Checkatrade,drywall replacement,drywall replacement,"Painting, Decorating & Wall Finishes",Drywall Replacement,kept_mapped_final,V2,https://www.checkatrade.com/sitemap/locations/London/D,london_trade_sitemap,2026-09-05,London A-Z trade/service sitemap.,London
Checkatrade,drywall taping,drywall taping,"Painting, Decorating & Wall Finishes",Drywall Taping,kept_mapped_final,V2,https://www.checkatrade.com/sitemap/locations/London/D,london_trade_sitemap,2026-09-05,London A-Z trade/service sitemap.,London
Checkatrade,emergency joiners,emergency joiners,Carpentry & Joinery,General Carpentry & Joinery,kept_mapped,V2,https://www.checkatrade.com/sitemap/locations/London/E,london_trade_sitemap,2026-09-05,London A-Z trade/service sitemap.,London
Checkatrade,emergency plasterer,emergency plasterer,Other Services / Unclassified,emergency plasterer,kept_unclassified,V2,https://www.checkatrade.com/sitemap/locations/London/E,london_trade_sitemap,2026-09-05,London A-Z trade/service sitemap.,London
Checkatrade,emergency plumber,emergency plumber,Plumbing Services,Emergency Plumbing,kept_mapped,V2,https://www.checkatrade.com/sitemap/locations/London/E,london_trade_sitemap,2026-09-05,London A-Z trade/service sitemap.,London
Checkatrade,emergency roof leak repair,emergency roof leak repair,Plumbing Services,Leak Repair,kept_mapped,V2,https://www.checkatrade.com/sitemap/locations/London/E,london_trade_sitemap,2026-09-05,London A-Z trade/service sitemap.,London
Checkatrade,emergency roof repair,emergency roof repair,Roofing Services,Roof Repair,kept_mapped,V2,https://www.checkatrade.com/sitemap/locations/London/E,london_trade_sitemap,2026-09-05,London A-Z trade/service sitemap.,London
Checkatrade,emergency roofer,emergency roofer,Roofing Services,General Roofing,kept_mapped,V2,https://www.checkatrade.com/sitemap/locations/London/E,london_trade_sitemap,2026-09-05,London A-Z trade/service sitemap.,London
Checkatrade,exterior house painters,exterior house painters,Painting & Decorating,General Painting & Decorating,kept_mapped,V2,https://www.checkatrade.com/sitemap/locations/London/E,london_trade_sitemap,2026-09-05,London A-Z trade/service sitemap.,London
Checkatrade,exterior house spray painting,exterior house spray painting,Painting & Decorating,General Painting & Decorating,kept_mapped,V2,https://www.checkatrade.com/sitemap/locations/London/E,london_trade_sitemap,2026-09-05,London A-Z trade/service sitemap.,London
Checkatrade,exterior painters,exterior painters,Painting & Decorating,General Painting & Decorating,kept_mapped,V2,https://www.checkatrade.com/sitemap/locations/London/E,london_trade_sitemap,2026-09-05,London A-Z trade/service sitemap.,London
Checkatrade,exterior window painters,exterior window painters,Painting & Decorating,General Painting & Decorating,kept_mapped,V2,https://www.checkatrade.com/sitemap/locations/London/E,london_trade_sitemap,2026-09-05,London A-Z trade/service sitemap.,London
Checkatrade,external decorator,external decorator,Painting & Decorating,General Painting & Decorating,kept_mapped,V2,https://www.checkatrade.com/sitemap/locations/London/E,london_trade_sitemap,2026-09-05,London A-Z trade/service sitemap.,London
Checkatrade,external plasterers,external plasterers,Other Services / Unclassified,external plasterers,kept_unclassified,V2,https://www.checkatrade.com/sitemap/locations/London/E,london_trade_sitemap,2026-09-05,London A-Z trade/service sitemap.,London
Checkatrade,felt lap vents,felt lap vents,Other Services / Unclassified,felt lap vents,kept_unclassified,V2,https://www.checkatrade.com/sitemap/locations/London/F,london_trade_sitemap,2026-09-05,London A-Z trade/service sitemap.,London
Checkatrade,felt roof repairs,felt roof repairs,Roofing Services,Roof Repair,kept_mapped,V2,https://www.checkatrade.com/sitemap/locations/London/F,london_trade_sitemap,2026-09-05,London A-Z trade/service sitemap.,London
Checkatrade,felt roofers,felt roofers,Roofing Services,General Roofing,kept_mapped,V2,https://www.checkatrade.com/sitemap/locations/London/F,london_trade_sitemap,2026-09-05,London A-Z trade/service sitemap.,London
Checkatrade,felt roofing contractors,felt roofing contractors,Roofing Services,General Roofing,kept_mapped,V2,https://www.checkatrade.com/sitemap/locations/London/F,london_trade_sitemap,2026-09-05,London A-Z trade/service sitemap.,London
Checkatrade,fence painting services,fence painting services,Painting & Decorating,General Painting & Decorating,kept_mapped,V2,https://www.checkatrade.com/sitemap/locations/London/F,london_trade_sitemap,2026-09-05,London A-Z trade/service sitemap.,London
Checkatrade,fence spraying,fence spraying,"Fencing, Gates & Outdoor Structures",fence spraying,kept_mapped_final,V2,https://www.checkatrade.com/sitemap/locations/London/F,london_trade_sitemap,2026-09-05,London A-Z trade/service sitemap.,London
Checkatrade,fibreglass roof installers,fibreglass roof installers,Roofing Services,Roof Installation,kept_mapped,V2,https://www.checkatrade.com/sitemap/locations/London/F,london_trade_sitemap,2026-09-05,London A-Z trade/service sitemap.,London
Checkatrade,fibreglass roof repairs,fibreglass roof repairs,Roofing Services,Roof Repair,kept_mapped,V2,https://www.checkatrade.com/sitemap/locations/London/F,london_trade_sitemap,2026-09-05,London A-Z trade/service sitemap.,London
Checkatrade,fibreglass roof specialist,fibreglass roof specialist,Roofing Services,fibreglass roof specialist,kept_mapped_final,V2,https://www.checkatrade.com/sitemap/locations/London/F,london_trade_sitemap,2026-09-05,London A-Z trade/service sitemap.,London
Checkatrade,fire damage,fire damage,"Damp, Waterproofing & Restoration",Fire Damage Restoration,kept_mapped_final,V2,https://www.checkatrade.com/sitemap/locations/London/F,london_trade_sitemap,2026-09-05,London A-Z trade/service sitemap.,London
Checkatrade,fitted wardrobe company,fitted wardrobe company,Carpentry & Joinery,Fitted Wardrobes,kept_mapped,V2,https://www.checkatrade.com/sitemap/locations/London/F,london_trade_sitemap,2026-09-05,London A-Z trade/service sitemap.,London
Checkatrade,flat roof builders,flat roof builders,Roofing Services,Flat Roofing,kept_mapped,V2,https://www.checkatrade.com/sitemap/locations/London/F,london_trade_sitemap,2026-09-05,London A-Z trade/service sitemap.,London
Checkatrade,flat roof installers,flat roof installers,Roofing Services,Roof Installation,kept_mapped,V2,https://www.checkatrade.com/sitemap/locations/London/F,london_trade_sitemap,2026-09-05,London A-Z trade/service sitemap.,London
Checkatrade,flat roof repair,flat roof repair,Roofing Services,Roof Repair,kept_mapped,V2,https://www.checkatrade.com/sitemap/locations/London/F,london_trade_sitemap,2026-09-05,London A-Z trade/service sitemap.,London
Checkatrade,flat roof replacement,flat roof replacement,Roofing Services,Roof Replacement,kept_mapped,V2,https://www.checkatrade.com/sitemap/locations/London/F,london_trade_sitemap,2026-09-05,London A-Z trade/service sitemap.,London
Checkatrade,flat roof specialists,flat roof specialists,Roofing Services,Flat Roofing,kept_mapped,V2,https://www.checkatrade.com/sitemap/locations/London/F,london_trade_sitemap,2026-09-05,London A-Z trade/service sitemap.,London
Checkatrade,flat roofing companies,flat roofing companies,Roofing Services,General Roofing,kept_mapped,V2,https://www.checkatrade.com/sitemap/locations/London/F,london_trade_sitemap,2026-09-05,London A-Z trade/service sitemap.,London
Checkatrade,flat rubber roof repair,flat rubber roof repair,Roofing Services,Roof Repair,kept_mapped,V2,https://www.checkatrade.com/sitemap/locations/London/F,london_trade_sitemap,2026-09-05,London A-Z trade/service sitemap.,London
Checkatrade,flood damage,flood damage,"Damp, Waterproofing & Restoration",Flood Damage Restoration,kept_mapped_final,V2,https://www.checkatrade.com/sitemap/locations/London/F,london_trade_sitemap,2026-09-05,London A-Z trade/service sitemap.,London
Checkatrade,floor painting,floor painting,Painting & Decorating,General Painting & Decorating,kept_mapped,V2,https://www.checkatrade.com/sitemap/locations/London/F,london_trade_sitemap,2026-09-05,London A-Z trade/service sitemap.,London
Checkatrade,flue specialist,flue specialist,"Heating, Boiler & Gas Services",Flue Services,kept_mapped_final,V2,https://www.checkatrade.com/sitemap/locations/London/F,london_trade_sitemap,2026-09-05,London A-Z trade/service sitemap.,London
Checkatrade,front door painters,front door painters,Painting & Decorating,General Painting & Decorating,kept_mapped,V2,https://www.checkatrade.com/sitemap/locations/London/F,london_trade_sitemap,2026-09-05,London A-Z trade/service sitemap.,London
Checkatrade,furniture joinery,furniture joinery,Carpentry & Joinery,General Carpentry & Joinery,kept_mapped,V2,https://www.checkatrade.com/sitemap/locations/London/F,london_trade_sitemap,2026-09-05,London A-Z trade/service sitemap.,London
Checkatrade,furniture painting,furniture painting,Painting & Decorating,General Painting & Decorating,kept_mapped,V2,https://www.checkatrade.com/sitemap/locations/London/F,london_trade_sitemap,2026-09-05,London A-Z trade/service sitemap.,London
Checkatrade,furniture refinishing,furniture refinishing,"Furniture, Carpentry & Woodwork",furniture refinishing,kept_mapped_final,V2,https://www.checkatrade.com/sitemap/locations/London/F,london_trade_sitemap,2026-09-05,London A-Z trade/service sitemap.,London
Checkatrade,furniture refurbishing,furniture refurbishing,"Furniture, Carpentry & Woodwork",furniture refurbishing,kept_mapped_final,V2,https://www.checkatrade.com/sitemap/locations/London/F,london_trade_sitemap,2026-09-05,London A-Z trade/service sitemap.,London
Checkatrade,furniture repair,furniture repair,Furniture Services,Furniture Repair,kept_mapped,V2,https://www.checkatrade.com/sitemap/locations/London/F,london_trade_sitemap,2026-09-05,London A-Z trade/service sitemap.,London
Checkatrade,furniture repair services,furniture repair services,Furniture Services,Furniture Repair,kept_mapped,V2,https://www.checkatrade.com/sitemap/locations/London/F,london_trade_sitemap,2026-09-05,London A-Z trade/service sitemap.,London
Checkatrade,furniture spray painters,furniture spray painters,Painting & Decorating,General Painting & Decorating,kept_mapped,V2,https://www.checkatrade.com/sitemap/locations/London/F,london_trade_sitemap,2026-09-05,London A-Z trade/service sitemap.,London
Checkatrade,furniture stripper,furniture stripper,"Furniture, Carpentry & Woodwork",furniture stripper,kept_mapped_final,V2,https://www.checkatrade.com/sitemap/locations/London/F,london_trade_sitemap,2026-09-05,London A-Z trade/service sitemap.,London
Checkatrade,furniture stripping service,furniture stripping service,"Furniture, Carpentry & Woodwork",furniture stripping service,kept_mapped_final,V2,https://www.checkatrade.com/sitemap/locations/London/F,london_trade_sitemap,2026-09-05,London A-Z trade/service sitemap.,London
Checkatrade,garage door painting,garage door painting,Painting & Decorating,General Painting & Decorating,kept_mapped,V2,https://www.checkatrade.com/sitemap/locations/London/G,london_trade_sitemap,2026-09-05,London A-Z trade/service sitemap.,London
Checkatrade,garage roof repairs,garage roof repairs,Roofing Services,Roof Repair,kept_mapped,V2,https://www.checkatrade.com/sitemap/locations/London/G,london_trade_sitemap,2026-09-05,London A-Z trade/service sitemap.,London
Checkatrade,garage roof replacement,garage roof replacement,Roofing Services,Roof Replacement,kept_mapped,V2,https://www.checkatrade.com/sitemap/locations/London/G,london_trade_sitemap,2026-09-05,London A-Z trade/service sitemap.,London
Checkatrade,gas and electric cooker installation,gas and electric cooker installation,Electrical Services,gas and electric cooker installation,kept_mapped_final,V2,https://www.checkatrade.com/sitemap/locations/London/G,london_trade_sitemap,2026-09-05,London A-Z trade/service sitemap.,London
Checkatrade,gas meter,gas meter,Other Services / Unclassified,gas meter,kept_unclassified,V2,https://www.checkatrade.com/sitemap/locations/London/G,london_trade_sitemap,2026-09-05,London A-Z trade/service sitemap.,London
Checkatrade,gas pipe fitters,gas pipe fitters,Other Services / Unclassified,gas pipe fitters,kept_unclassified,V2,https://www.checkatrade.com/sitemap/locations/London/G,london_trade_sitemap,2026-09-05,London A-Z trade/service sitemap.,London
Checkatrade,gas pipe repair,gas pipe repair,Plumbing Services,Pipe Repair,kept_mapped,V2,https://www.checkatrade.com/sitemap/locations/London/G,london_trade_sitemap,2026-09-05,London A-Z trade/service sitemap.,London
Checkatrade,gas pipework,gas pipework,Plumbing & Drainage Services,gas pipework,kept_mapped_final,V2,https://www.checkatrade.com/sitemap/locations/London/G,london_trade_sitemap,2026-09-05,London A-Z trade/service sitemap.,London
Checkatrade,gazebo assembly service,gazebo assembly service,"Handyman, Assembly & Mounting",gazebo assembly service,kept_mapped_final,V2,https://www.checkatrade.com/sitemap/locations/London/G,london_trade_sitemap,2026-09-05,London A-Z trade/service sitemap.,London
Checkatrade,gazebo builders,gazebo builders,Building & Construction,General Building,kept_mapped,V2,https://www.checkatrade.com/sitemap/locations/London/G,london_trade_sitemap,2026-09-05,London A-Z trade/service sitemap.,London
Checkatrade,gazebo installation service,gazebo installation service,Gardening & Landscaping,gazebo installation service,kept_mapped_final,V2,https://www.checkatrade.com/sitemap/locations/London/G,london_trade_sitemap,2026-09-05,London A-Z trade/service sitemap.,London
Checkatrade,gazebo installer,gazebo installer,Gardening & Landscaping,gazebo installer,kept_mapped_final,V2,https://www.checkatrade.com/sitemap/locations/London/G,london_trade_sitemap,2026-09-05,London A-Z trade/service sitemap.,London
Checkatrade,glass roof installers,glass roof installers,Roofing Services,Roof Installation,kept_mapped,V2,https://www.checkatrade.com/sitemap/locations/London/G,london_trade_sitemap,2026-09-05,London A-Z trade/service sitemap.,London
Checkatrade,google thermostat,google thermostat,"Heating, Boiler & Gas Services",google thermostat,kept_mapped_final,V2,https://www.checkatrade.com/sitemap/locations/London/G,london_trade_sitemap,2026-09-05,London A-Z trade/service sitemap.,London
Checkatrade,green roof companies,green roof companies,Roofing Services,green roof companies,kept_mapped_final,V2,https://www.checkatrade.com/sitemap/locations/London/G,london_trade_sitemap,2026-09-05,London A-Z trade/service sitemap.,London
Checkatrade,green roof installers,green roof installers,Roofing Services,Roof Installation,kept_mapped,V2,https://www.checkatrade.com/sitemap/locations/London/G,london_trade_sitemap,2026-09-05,London A-Z trade/service sitemap.,London
Checkatrade,guardian roof installers,guardian roof installers,Roofing Services,Roof Installation,kept_mapped,V2,https://www.checkatrade.com/sitemap/locations/London/G,london_trade_sitemap,2026-09-05,London A-Z trade/service sitemap.,London
Checkatrade,handmade kitchens,handmade kitchens,Other Services / Unclassified,handmade kitchens,kept_unclassified,V2,https://www.checkatrade.com/sitemap/locations/London/H,london_trade_sitemap,2026-09-05,London A-Z trade/service sitemap.,London
Checkatrade,handyman roofer,handyman roofer,Roofing Services,General Roofing,kept_mapped,V2,https://www.checkatrade.com/sitemap/locations/London/H,london_trade_sitemap,2026-09-05,London A-Z trade/service sitemap.,London
Checkatrade,heritage plaster services,heritage plaster services,"Painting, Decorating & Wall Finishes",heritage plaster services,kept_mapped_final,V2,https://www.checkatrade.com/sitemap/locations/London/H,london_trade_sitemap,2026-09-05,London A-Z trade/service sitemap.,London
Checkatrade,hive thermostat,hive thermostat,"Heating, Boiler & Gas Services",hive thermostat,kept_mapped_final,V2,https://www.checkatrade.com/sitemap/locations/London/H,london_trade_sitemap,2026-09-05,London A-Z trade/service sitemap.,London
Checkatrade,home renovation,home renovation,Building & Construction,home renovation,kept_mapped_final,V2,https://www.checkatrade.com/sitemap/locations/London/H,london_trade_sitemap,2026-09-05,London A-Z trade/service sitemap.,London
Checkatrade,hot water tank,hot water tank,"Water Treatment, Tanks & Pumps",Water Tank Services,kept_mapped_final,V2,https://www.checkatrade.com/sitemap/locations/London/H,london_trade_sitemap,2026-09-05,London A-Z trade/service sitemap.,London
Checkatrade,house renovation,house renovation,Building & Construction,house renovation,kept_mapped_final,V2,https://www.checkatrade.com/sitemap/locations/London/H,london_trade_sitemap,2026-09-05,London A-Z trade/service sitemap.,London
Checkatrade,hydraulic pipe repair,hydraulic pipe repair,Plumbing Services,Pipe Repair,kept_mapped,V2,https://www.checkatrade.com/sitemap/locations/London/H,london_trade_sitemap,2026-09-05,London A-Z trade/service sitemap.,London
Checkatrade,insulation and drywall contractors,insulation and drywall contractors,Insulation Services,General Insulation,kept_mapped,V2,https://www.checkatrade.com/sitemap/locations/London/I,london_trade_sitemap,2026-09-05,London A-Z trade/service sitemap.,London
Checkatrade,interior painters,interior painters,Painting & Decorating,General Painting & Decorating,kept_mapped,V2,https://www.checkatrade.com/sitemap/locations/London/I,london_trade_sitemap,2026-09-05,London A-Z trade/service sitemap.,London
Checkatrade,joiner,joiner,Carpentry & Joinery,General Carpentry & Joinery,kept_mapped,V2,https://www.checkatrade.com/sitemap/locations/London/J,london_trade_sitemap,2026-09-05,London A-Z trade/service sitemap.,London
Checkatrade,joinery companies,joinery companies,Carpentry & Joinery,General Carpentry & Joinery,kept_mapped,V2,https://www.checkatrade.com/sitemap/locations/London/J,london_trade_sitemap,2026-09-05,London A-Z trade/service sitemap.,London
Checkatrade,k rend installers,k rend installers,"Painting, Decorating & Wall Finishes",K Rend Installation,kept_mapped_final,V2,https://www.checkatrade.com/sitemap/locations/London/K,london_trade_sitemap,2026-09-05,London A-Z trade/service sitemap.,London
Checkatrade,k rend specialists,k rend specialists,"Painting, Decorating & Wall Finishes",K Rend Services,kept_mapped_final,V2,https://www.checkatrade.com/sitemap/locations/London/K,london_trade_sitemap,2026-09-05,London A-Z trade/service sitemap.,London
Checkatrade,k rend suppliers,k rend suppliers,"Painting, Decorating & Wall Finishes",k rend suppliers,kept_mapped_final,V2,https://www.checkatrade.com/sitemap/locations/London/K,london_trade_sitemap,2026-09-05,London A-Z trade/service sitemap.,London
Checkatrade,k rendering companies,k rendering companies,Plastering & Rendering,Rendering,kept_mapped,V2,https://www.checkatrade.com/sitemap/locations/London/K,london_trade_sitemap,2026-09-05,London A-Z trade/service sitemap.,London
Checkatrade,kitchen cabinet makers,kitchen cabinet makers,Carpentry & Joinery,Cabinet Making & Installation,kept_mapped,V2,https://www.checkatrade.com/sitemap/locations/London/K,london_trade_sitemap,2026-09-05,London A-Z trade/service sitemap.,London
Checkatrade,kitchen cupboard repair,kitchen cupboard repair,Kitchen Services,kitchen cupboard repair,kept_mapped_final,V2,https://www.checkatrade.com/sitemap/locations/London/K,london_trade_sitemap,2026-09-05,London A-Z trade/service sitemap.,London
Checkatrade,kitchen cupboard repairs,kitchen cupboard repairs,Kitchen Services,kitchen cupboard repairs,kept_mapped_final,V2,https://www.checkatrade.com/sitemap/locations/London/K,london_trade_sitemap,2026-09-05,London A-Z trade/service sitemap.,London
Checkatrade,kitchen painters,kitchen painters,Painting & Decorating,General Painting & Decorating,kept_mapped,V2,https://www.checkatrade.com/sitemap/locations/London/K,london_trade_sitemap,2026-09-05,London A-Z trade/service sitemap.,London
Checkatrade,kitchen renovation,kitchen renovation,Building & Construction,kitchen renovation,kept_mapped_final,V2,https://www.checkatrade.com/sitemap/locations/London/K,london_trade_sitemap,2026-09-05,London A-Z trade/service sitemap.,London
Checkatrade,kitchen sink installation,kitchen sink installation,Kitchen Services,kitchen sink installation,kept_mapped_final,V2,https://www.checkatrade.com/sitemap/locations/London/K,london_trade_sitemap,2026-09-05,London A-Z trade/service sitemap.,London
Checkatrade,kitchen sink repair,kitchen sink repair,Kitchen Services,kitchen sink repair,kept_mapped_final,V2,https://www.checkatrade.com/sitemap/locations/London/K,london_trade_sitemap,2026-09-05,London A-Z trade/service sitemap.,London
Checkatrade,kitchen sprayers,kitchen sprayers,Kitchen Services,kitchen sprayers,kept_mapped_final,V2,https://www.checkatrade.com/sitemap/locations/London/K,london_trade_sitemap,2026-09-05,London A-Z trade/service sitemap.,London
Checkatrade,lead flashing repairs,lead flashing repairs,Roofing Services,lead flashing repairs,kept_mapped_final,V2,https://www.checkatrade.com/sitemap/locations/London/L,london_trade_sitemap,2026-09-05,London A-Z trade/service sitemap.,London
Checkatrade,lead pipe,lead pipe,Plumbing & Drainage Services,Lead Pipe Services,kept_mapped_final,V2,https://www.checkatrade.com/sitemap/locations/London/L,london_trade_sitemap,2026-09-05,London A-Z trade/service sitemap.,London
Checkatrade,lead roofers,lead roofers,Roofing Services,General Roofing,kept_mapped,V2,https://www.checkatrade.com/sitemap/locations/London/L,london_trade_sitemap,2026-09-05,London A-Z trade/service sitemap.,London
Checkatrade,leak detection specialist,leak detection specialist,Plumbing Services,Leak Detection,kept_mapped,V2,https://www.checkatrade.com/sitemap/locations/London/L,london_trade_sitemap,2026-09-05,London A-Z trade/service sitemap.,London
Checkatrade,leaking conservatory roof repairs,leaking conservatory roof repairs,Conservatory Services,Conservatory Roof Repair,kept_mapped,V2,https://www.checkatrade.com/sitemap/locations/London/L,london_trade_sitemap,2026-09-05,London A-Z trade/service sitemap.,London
Checkatrade,lean to conservatory,lean to conservatory,Conservatory Services,General Conservatory Services,kept_mapped,V2,https://www.checkatrade.com/sitemap/locations/London/L,london_trade_sitemap,2026-09-05,London A-Z trade/service sitemap.,London
Checkatrade,lean to gazebo,lean to gazebo,Gardening & Landscaping,lean to gazebo,kept_mapped_final,V2,https://www.checkatrade.com/sitemap/locations/London/L,london_trade_sitemap,2026-09-05,London A-Z trade/service sitemap.,London
Checkatrade,lean to roof,lean to roof,Roofing Services,lean to roof,kept_mapped_final,V2,https://www.checkatrade.com/sitemap/locations/London/L,london_trade_sitemap,2026-09-05,London A-Z trade/service sitemap.,London
Checkatrade,leka conservatory roof installers,leka conservatory roof installers,Conservatory Services,Conservatory Roofing,kept_mapped,V2,https://www.checkatrade.com/sitemap/locations/London/L,london_trade_sitemap,2026-09-05,London A-Z trade/service sitemap.,London
Checkatrade,lightweight conservatory roof replacement,lightweight conservatory roof replacement,Conservatory Services,Conservatory Roofing,kept_mapped,V2,https://www.checkatrade.com/sitemap/locations/London/L,london_trade_sitemap,2026-09-05,London A-Z trade/service sitemap.,London
Checkatrade,lime mortar specialists,lime mortar specialists,Other Services / Unclassified,lime mortar specialists,kept_unclassified,V2,https://www.checkatrade.com/sitemap/locations/London/L,london_trade_sitemap,2026-09-05,London A-Z trade/service sitemap.,London
Checkatrade,lime plaster suppliers,lime plaster suppliers,"Painting, Decorating & Wall Finishes",lime plaster suppliers,kept_mapped_final,V2,https://www.checkatrade.com/sitemap/locations/London/L,london_trade_sitemap,2026-09-05,London A-Z trade/service sitemap.,London
Checkatrade,lime plasterer,lime plasterer,Other Services / Unclassified,lime plasterer,kept_unclassified,V2,https://www.checkatrade.com/sitemap/locations/London/L,london_trade_sitemap,2026-09-05,London A-Z trade/service sitemap.,London
Checkatrade,lime render specialist,lime render specialist,"Painting, Decorating & Wall Finishes",Lime Rendering,kept_mapped_final,V2,https://www.checkatrade.com/sitemap/locations/London/L,london_trade_sitemap,2026-09-05,London A-Z trade/service sitemap.,London
Checkatrade,lime rendering,lime rendering,Plastering & Rendering,Rendering,kept_mapped,V2,https://www.checkatrade.com/sitemap/locations/London/L,london_trade_sitemap,2026-09-05,London A-Z trade/service sitemap.,London
Checkatrade,lime wash paint,lime wash paint,Painting & Decorating,General Painting & Decorating,kept_mapped,V2,https://www.checkatrade.com/sitemap/locations/London/L,london_trade_sitemap,2026-09-05,London A-Z trade/service sitemap.,London
Checkatrade,lintel installation,lintel installation,Other Services / Unclassified,lintel installation,kept_unclassified,V2,https://www.checkatrade.com/sitemap/locations/London/L,london_trade_sitemap,2026-09-05,London A-Z trade/service sitemap.,London
Checkatrade,lintel repair,lintel repair,Other Services / Unclassified,lintel repair,kept_unclassified,V2,https://www.checkatrade.com/sitemap/locations/London/L,london_trade_sitemap,2026-09-05,London A-Z trade/service sitemap.,London
Checkatrade,lintel replacement,lintel replacement,Other Services / Unclassified,lintel replacement,kept_unclassified,V2,https://www.checkatrade.com/sitemap/locations/London/L,london_trade_sitemap,2026-09-05,London A-Z trade/service sitemap.,London
Checkatrade,log cabin builders,log cabin builders,Building & Construction,General Building,kept_mapped,V2,https://www.checkatrade.com/sitemap/locations/London/L,london_trade_sitemap,2026-09-05,London A-Z trade/service sitemap.,London
Checkatrade,log cabin fitters,log cabin fitters,Landscaping Structures & Outdoor Buildings,log cabin fitters,kept_mapped_final,V2,https://www.checkatrade.com/sitemap/locations/London/L,london_trade_sitemap,2026-09-05,London A-Z trade/service sitemap.,London
Checkatrade,log cabin installers,log cabin installers,Landscaping Structures & Outdoor Buildings,log cabin installers,kept_mapped_final,V2,https://www.checkatrade.com/sitemap/locations/London/L,london_trade_sitemap,2026-09-05,London A-Z trade/service sitemap.,London
Checkatrade,log cabin repair,log cabin repair,Landscaping Structures & Outdoor Buildings,log cabin repair,kept_mapped_final,V2,https://www.checkatrade.com/sitemap/locations/London/L,london_trade_sitemap,2026-09-05,London A-Z trade/service sitemap.,London
Checkatrade,log cabin suppliers,log cabin suppliers,Landscaping Structures & Outdoor Buildings,log cabin suppliers,kept_mapped_final,V2,https://www.checkatrade.com/sitemap/locations/London/L,london_trade_sitemap,2026-09-05,London A-Z trade/service sitemap.,London
Checkatrade,macerator toilet repair,macerator toilet repair,Plumbing Services,Toilet Repair,kept_mapped,V2,https://www.checkatrade.com/sitemap/locations/London/M,london_trade_sitemap,2026-09-05,London A-Z trade/service sitemap.,London
Checkatrade,made to measure doors,made to measure doors,"Doors, Windows & Glazing",Made-to-Measure Doors,kept_mapped_final,V2,https://www.checkatrade.com/sitemap/locations/London/M,london_trade_sitemap,2026-09-05,London A-Z trade/service sitemap.,London
Checkatrade,made to measure kitchen units,made to measure kitchen units,Kitchen Services,made to measure kitchen units,kept_mapped_final,V2,https://www.checkatrade.com/sitemap/locations/London/M,london_trade_sitemap,2026-09-05,London A-Z trade/service sitemap.,London
Checkatrade,made to measure radiator covers,made to measure radiator covers,"Heating, Boiler & Gas Services",made to measure radiator covers,kept_mapped_final,V2,https://www.checkatrade.com/sitemap/locations/London/M,london_trade_sitemap,2026-09-05,London A-Z trade/service sitemap.,London
Checkatrade,masonry painters,masonry painters,Building & Construction,Masonry,kept_mapped,V2,https://www.checkatrade.com/sitemap/locations/London/M,london_trade_sitemap,2026-09-05,London A-Z trade/service sitemap.,London
Checkatrade,master thatcher,master thatcher,Roofing Services,Thatching,kept_mapped_final,V2,https://www.checkatrade.com/sitemap/locations/London/M,london_trade_sitemap,2026-09-05,London A-Z trade/service sitemap.,London
Checkatrade,media wall builder,media wall builder,Building & Construction,General Building,kept_mapped,V2,https://www.checkatrade.com/sitemap/locations/London/M,london_trade_sitemap,2026-09-05,London A-Z trade/service sitemap.,London
Checkatrade,media wall carpenter,media wall carpenter,Carpentry & Joinery,General Carpentry & Joinery,kept_mapped,V2,https://www.checkatrade.com/sitemap/locations/London/M,london_trade_sitemap,2026-09-05,London A-Z trade/service sitemap.,London
Checkatrade,media wall fitters,media wall fitters,Other Services / Unclassified,media wall fitters,kept_unclassified,V2,https://www.checkatrade.com/sitemap/locations/London/M,london_trade_sitemap,2026-09-05,London A-Z trade/service sitemap.,London
Checkatrade,media wall installation,media wall installation,Other Services / Unclassified,media wall installation,kept_unclassified,V2,https://www.checkatrade.com/sitemap/locations/London/M,london_trade_sitemap,2026-09-05,London A-Z trade/service sitemap.,London
Checkatrade,media wall specialist,media wall specialist,Other Services / Unclassified,media wall specialist,kept_unclassified,V2,https://www.checkatrade.com/sitemap/locations/London/M,london_trade_sitemap,2026-09-05,London A-Z trade/service sitemap.,London
Checkatrade,media wall with fireplace installation,media wall with fireplace installation,Chimney & Fireplace Services,media wall with fireplace installation,kept_mapped_final,V2,https://www.checkatrade.com/sitemap/locations/London/M,london_trade_sitemap,2026-09-05,London A-Z trade/service sitemap.,London
Checkatrade,metal painting,metal painting,Painting & Decorating,General Painting & Decorating,kept_mapped,V2,https://www.checkatrade.com/sitemap/locations/London/M,london_trade_sitemap,2026-09-05,London A-Z trade/service sitemap.,London
Checkatrade,metal roof restoration,metal roof restoration,Roofing Services,metal roof restoration,kept_mapped_final,V2,https://www.checkatrade.com/sitemap/locations/London/M,london_trade_sitemap,2026-09-05,London A-Z trade/service sitemap.,London
Checkatrade,metal roofing companies,metal roofing companies,Roofing Services,General Roofing,kept_mapped,V2,https://www.checkatrade.com/sitemap/locations/London/M,london_trade_sitemap,2026-09-05,London A-Z trade/service sitemap.,London
Checkatrade,metal roofing contractors,metal roofing contractors,Roofing Services,General Roofing,kept_mapped,V2,https://www.checkatrade.com/sitemap/locations/London/M,london_trade_sitemap,2026-09-05,London A-Z trade/service sitemap.,London
Checkatrade,metal roofing repair contractors,metal roofing repair contractors,Roofing Services,General Roofing,kept_mapped,V2,https://www.checkatrade.com/sitemap/locations/London/M,london_trade_sitemap,2026-09-05,London A-Z trade/service sitemap.,London
Checkatrade,metal roofing suppliers,metal roofing suppliers,Roofing Services,General Roofing,kept_mapped,V2,https://www.checkatrade.com/sitemap/locations/London/M,london_trade_sitemap,2026-09-05,London A-Z trade/service sitemap.,London
Checkatrade,metal stud,metal stud,"Painting, Decorating & Wall Finishes",Metal Stud Partitioning,kept_mapped_final,V2,https://www.checkatrade.com/sitemap/locations/London/M,london_trade_sitemap,2026-09-05,London A-Z trade/service sitemap.,London
Checkatrade,mobile furniture repair,mobile furniture repair,Furniture Services,Furniture Repair,kept_mapped,V2,https://www.checkatrade.com/sitemap/locations/London/M,london_trade_sitemap,2026-09-05,London A-Z trade/service sitemap.,London
Checkatrade,moling contractors,moling contractors,"Groundworks, Excavation & Plant Hire",moling contractors,kept_mapped_final,V2,https://www.checkatrade.com/sitemap/locations/London/M,london_trade_sitemap,2026-09-05,London A-Z trade/service sitemap.,London
Checkatrade,moling services,moling services,"Groundworks, Excavation & Plant Hire",moling services,kept_mapped_final,V2,https://www.checkatrade.com/sitemap/locations/London/M,london_trade_sitemap,2026-09-05,London A-Z trade/service sitemap.,London
Checkatrade,monocouche render suppliers,monocouche render suppliers,"Painting, Decorating & Wall Finishes",Monocouche Rendering,kept_mapped_final,V2,https://www.checkatrade.com/sitemap/locations/London/M,london_trade_sitemap,2026-09-05,London A-Z trade/service sitemap.,London
Checkatrade,mural artist,mural artist,"Printing, Signage & Art Services",mural artist,kept_mapped_final,V2,https://www.checkatrade.com/sitemap/locations/London/M,london_trade_sitemap,2026-09-05,London A-Z trade/service sitemap.,London
Checkatrade,mural painter,mural painter,Painting & Decorating,General Painting & Decorating,kept_mapped,V2,https://www.checkatrade.com/sitemap/locations/London/M,london_trade_sitemap,2026-09-05,London A-Z trade/service sitemap.,London
Checkatrade,nest thermostat,nest thermostat,"Heating, Boiler & Gas Services",nest thermostat,kept_mapped_final,V2,https://www.checkatrade.com/sitemap/locations/London/N,london_trade_sitemap,2026-09-05,London A-Z trade/service sitemap.,London
Checkatrade,new roof,new roof,Roofing Services,Roof Installation,kept_mapped,V2,https://www.checkatrade.com/sitemap/locations/London/N,london_trade_sitemap,2026-09-05,London A-Z trade/service sitemap.,London
Checkatrade,oak furniture restoration,oak furniture restoration,"Furniture, Carpentry & Woodwork",Furniture Restoration,kept_mapped_final,V2,https://www.checkatrade.com/sitemap/locations/London/O,london_trade_sitemap,2026-09-05,London A-Z trade/service sitemap.,London
Checkatrade,paint stripping,paint stripping,Painting & Decorating,General Painting & Decorating,kept_mapped,V2,https://www.checkatrade.com/sitemap/locations/London/P,london_trade_sitemap,2026-09-05,London A-Z trade/service sitemap.,London
Checkatrade,painting and decorating companies,painting and decorating companies,Painting & Decorating,General Painting & Decorating,kept_mapped,V2,https://www.checkatrade.com/sitemap/locations/London/P,london_trade_sitemap,2026-09-05,London A-Z trade/service sitemap.,London
Checkatrade,pebble dash companies,pebble dash companies,"Painting, Decorating & Wall Finishes",pebble dash companies,kept_mapped_final,V2,https://www.checkatrade.com/sitemap/locations/London/P,london_trade_sitemap,2026-09-05,London A-Z trade/service sitemap.,London
Checkatrade,pebble dash render,pebble dash render,"Painting, Decorating & Wall Finishes",pebble dash render,kept_mapped_final,V2,https://www.checkatrade.com/sitemap/locations/London/P,london_trade_sitemap,2026-09-05,London A-Z trade/service sitemap.,London
Checkatrade,pebble dash repair,pebble dash repair,"Painting, Decorating & Wall Finishes",Pebble Dash Repair,kept_mapped_final,V2,https://www.checkatrade.com/sitemap/locations/London/P,london_trade_sitemap,2026-09-05,London A-Z trade/service sitemap.,London
Checkatrade,pebble dash suppliers,pebble dash suppliers,"Painting, Decorating & Wall Finishes",pebble dash suppliers,kept_mapped_final,V2,https://www.checkatrade.com/sitemap/locations/London/P,london_trade_sitemap,2026-09-05,London A-Z trade/service sitemap.,London
Checkatrade,pebble dashing,pebble dashing,Other Services / Unclassified,pebble dashing,kept_unclassified,V2,https://www.checkatrade.com/sitemap/locations/London/P,london_trade_sitemap,2026-09-05,London A-Z trade/service sitemap.,London
Checkatrade,pergola builders,pergola builders,Building & Construction,General Building,kept_mapped,V2,https://www.checkatrade.com/sitemap/locations/London/P,london_trade_sitemap,2026-09-05,London A-Z trade/service sitemap.,London
Checkatrade,pergolas installed,pergolas installed,Gardening & Landscaping,Pergola Installation,kept_mapped_final,V2,https://www.checkatrade.com/sitemap/locations/London/P,london_trade_sitemap,2026-09-05,London A-Z trade/service sitemap.,London
Checkatrade,pine furniture restoration,pine furniture restoration,"Furniture, Carpentry & Woodwork",Furniture Restoration,kept_mapped_final,V2,https://www.checkatrade.com/sitemap/locations/London/P,london_trade_sitemap,2026-09-05,London A-Z trade/service sitemap.,London
Checkatrade,pipework,pipework,Plumbing & Drainage Services,pipework,kept_mapped_final,V2,https://www.checkatrade.com/sitemap/locations/London/P,london_trade_sitemap,2026-09-05,London A-Z trade/service sitemap.,London
Checkatrade,pipework connect,pipework connect,Plumbing & Drainage Services,pipework connect,kept_mapped_final,V2,https://www.checkatrade.com/sitemap/locations/London/P,london_trade_sitemap,2026-09-05,London A-Z trade/service sitemap.,London
Checkatrade,pitched roofers,pitched roofers,Roofing Services,General Roofing,kept_mapped,V2,https://www.checkatrade.com/sitemap/locations/London/P,london_trade_sitemap,2026-09-05,London A-Z trade/service sitemap.,London
Checkatrade,plaster and painter,plaster and painter,Painting & Decorating,General Painting & Decorating,kept_mapped,V2,https://www.checkatrade.com/sitemap/locations/London/P,london_trade_sitemap,2026-09-05,London A-Z trade/service sitemap.,London
Checkatrade,plaster ceiling repair,plaster ceiling repair,Ceiling & Interior Finishes,Ceiling Repair,kept_mapped,V2,https://www.checkatrade.com/sitemap/locations/London/P,london_trade_sitemap,2026-09-05,London A-Z trade/service sitemap.,London
Checkatrade,plaster coving,plaster coving,"Painting, Decorating & Wall Finishes",plaster coving,kept_mapped_final,V2,https://www.checkatrade.com/sitemap/locations/London/P,london_trade_sitemap,2026-09-05,London A-Z trade/service sitemap.,London
Checkatrade,plaster repair,plaster repair,Plastering & Rendering,Plaster Repair,kept_mapped,V2,https://www.checkatrade.com/sitemap/locations/London/P,london_trade_sitemap,2026-09-05,London A-Z trade/service sitemap.,London
Checkatrade,plasterboard installers,plasterboard installers,"Painting, Decorating & Wall Finishes",plasterboard installers,kept_mapped_final,V2,https://www.checkatrade.com/sitemap/locations/London/P,london_trade_sitemap,2026-09-05,London A-Z trade/service sitemap.,London
Checkatrade,plastering firms,plastering firms,Plastering & Rendering,Plastering,kept_mapped,V2,https://www.checkatrade.com/sitemap/locations/London/P,london_trade_sitemap,2026-09-05,London A-Z trade/service sitemap.,London
Checkatrade,plastering services,plastering services,Plastering & Rendering,Plastering,kept_mapped,V2,https://www.checkatrade.com/sitemap/locations/London/P,london_trade_sitemap,2026-09-05,London A-Z trade/service sitemap.,London
Checkatrade,plumbers merchant,plumbers merchant,Plumbing Services,General Plumbing,kept_mapped,V2,https://www.checkatrade.com/sitemap/locations/London/P,london_trade_sitemap,2026-09-05,London A-Z trade/service sitemap.,London
Checkatrade,pole barn roof repair,pole barn roof repair,Roofing Services,Roof Repair,kept_mapped,V2,https://www.checkatrade.com/sitemap/locations/London/P,london_trade_sitemap,2026-09-05,London A-Z trade/service sitemap.,London
Checkatrade,polycarbonate conservatory roof repairs,polycarbonate conservatory roof repairs,Conservatory Services,Conservatory Roof Repair,kept_mapped,V2,https://www.checkatrade.com/sitemap/locations/London/P,london_trade_sitemap,2026-09-05,London A-Z trade/service sitemap.,London
Checkatrade,polycarbonate conservatory roof replacement,polycarbonate conservatory roof replacement,Conservatory Services,Conservatory Roofing,kept_mapped,V2,https://www.checkatrade.com/sitemap/locations/London/P,london_trade_sitemap,2026-09-05,London A-Z trade/service sitemap.,London
Checkatrade,popcorn ceiling spray,popcorn ceiling spray,Ceiling & Interior Finishes,General Ceiling Services,kept_mapped,V2,https://www.checkatrade.com/sitemap/locations/London/P,london_trade_sitemap,2026-09-05,London A-Z trade/service sitemap.,London
Checkatrade,porch roof repair,porch roof repair,Roofing Services,Roof Repair,kept_mapped,V2,https://www.checkatrade.com/sitemap/locations/London/P,london_trade_sitemap,2026-09-05,London A-Z trade/service sitemap.,London
Checkatrade,power flush companies,power flush companies,Other Services / Unclassified,power flush companies,kept_unclassified,V2,https://www.checkatrade.com/sitemap/locations/London/P,london_trade_sitemap,2026-09-05,London A-Z trade/service sitemap.,London
Checkatrade,radiator cleaning,radiator cleaning,Cleaning Services,General Cleaning,kept_mapped,V2,https://www.checkatrade.com/sitemap/locations/London/R,london_trade_sitemap,2026-09-05,London A-Z trade/service sitemap.,London
Checkatrade,radiator fitters,radiator fitters,"Heating, Boiler & Gas Services",radiator fitters,kept_mapped_final,V2,https://www.checkatrade.com/sitemap/locations/London/R,london_trade_sitemap,2026-09-05,London A-Z trade/service sitemap.,London
Checkatrade,radiator replacement,radiator replacement,"Heating, Boiler & Gas Services",radiator replacement,kept_mapped_final,V2,https://www.checkatrade.com/sitemap/locations/London/R,london_trade_sitemap,2026-09-05,London A-Z trade/service sitemap.,London
Checkatrade,radiator restoration,radiator restoration,"Heating, Boiler & Gas Services",radiator restoration,kept_mapped_final,V2,https://www.checkatrade.com/sitemap/locations/London/R,london_trade_sitemap,2026-09-05,London A-Z trade/service sitemap.,London
Checkatrade,radiator service,radiator service,"Heating, Boiler & Gas Services",radiator service,kept_mapped_final,V2,https://www.checkatrade.com/sitemap/locations/London/R,london_trade_sitemap,2026-09-05,London A-Z trade/service sitemap.,London
Checkatrade,radiator specialist,radiator specialist,"Heating, Boiler & Gas Services",radiator specialist,kept_mapped_final,V2,https://www.checkatrade.com/sitemap/locations/London/R,london_trade_sitemap,2026-09-05,London A-Z trade/service sitemap.,London
Checkatrade,radiator supply and fit,radiator supply and fit,"Heating, Boiler & Gas Services",radiator supply and fit,kept_mapped_final,V2,https://www.checkatrade.com/sitemap/locations/London/R,london_trade_sitemap,2026-09-05,London A-Z trade/service sitemap.,London
Checkatrade,radiators suppliers,radiators suppliers,Other Services / Unclassified,radiators suppliers,kept_unclassified,V2,https://www.checkatrade.com/sitemap/locations/London/R,london_trade_sitemap,2026-09-05,London A-Z trade/service sitemap.,London
Checkatrade,render specialist,render specialist,"Painting, Decorating & Wall Finishes",render specialist,kept_mapped_final,V2,https://www.checkatrade.com/sitemap/locations/London/R,london_trade_sitemap,2026-09-05,London A-Z trade/service sitemap.,London
Checkatrade,render supplier,render supplier,"Painting, Decorating & Wall Finishes",render supplier,kept_mapped_final,V2,https://www.checkatrade.com/sitemap/locations/London/R,london_trade_sitemap,2026-09-05,London A-Z trade/service sitemap.,London
Checkatrade,rendering companies,rendering companies,Plastering & Rendering,Rendering,kept_mapped,V2,https://www.checkatrade.com/sitemap/locations/London/R,london_trade_sitemap,2026-09-05,London A-Z trade/service sitemap.,London
Checkatrade,rendering repair,rendering repair,Plastering & Rendering,Rendering,kept_mapped,V2,https://www.checkatrade.com/sitemap/locations/London/R,london_trade_sitemap,2026-09-05,London A-Z trade/service sitemap.,London
Checkatrade,rendering services,rendering services,Plastering & Rendering,Rendering,kept_mapped,V2,https://www.checkatrade.com/sitemap/locations/London/R,london_trade_sitemap,2026-09-05,London A-Z trade/service sitemap.,London
Checkatrade,replace toilet,replace toilet,Plumbing & Drainage Services,replace toilet,kept_mapped_final,V2,https://www.checkatrade.com/sitemap/locations/London/R,london_trade_sitemap,2026-09-05,London A-Z trade/service sitemap.,London
Checkatrade,replacement polycarbonate conservatory roof,replacement polycarbonate conservatory roof,Conservatory Services,Conservatory Roofing,kept_mapped,V2,https://www.checkatrade.com/sitemap/locations/London/R,london_trade_sitemap,2026-09-05,London A-Z trade/service sitemap.,London
Checkatrade,ridge tile repairs,ridge tile repairs,Roofing Services,ridge tile repairs,kept_mapped_final,V2,https://www.checkatrade.com/sitemap/locations/London/R,london_trade_sitemap,2026-09-05,London A-Z trade/service sitemap.,London
Checkatrade,rolled steel joist installation,rolled steel joist installation,Other Services / Unclassified,rolled steel joist installation,kept_unclassified,V2,https://www.checkatrade.com/sitemap/locations/London/R,london_trade_sitemap,2026-09-05,London A-Z trade/service sitemap.,London
Checkatrade,roof and gutter repairs,roof and gutter repairs,Roofing Services,roof and gutter repairs,kept_mapped_final,V2,https://www.checkatrade.com/sitemap/locations/London/R,london_trade_sitemap,2026-09-05,London A-Z trade/service sitemap.,London
Checkatrade,roof inspection and repair,roof inspection and repair,Roofing Services,roof inspection and repair,kept_mapped_final,V2,https://www.checkatrade.com/sitemap/locations/London/R,london_trade_sitemap,2026-09-05,London A-Z trade/service sitemap.,London
Checkatrade,roof leak detection,roof leak detection,Plumbing Services,Leak Detection,kept_mapped,V2,https://www.checkatrade.com/sitemap/locations/London/R,london_trade_sitemap,2026-09-05,London A-Z trade/service sitemap.,London
Checkatrade,roof maintenance,roof maintenance,Roofing Services,roof maintenance,kept_mapped_final,V2,https://www.checkatrade.com/sitemap/locations/London/R,london_trade_sitemap,2026-09-05,London A-Z trade/service sitemap.,London
Checkatrade,roof moss removal,roof moss removal,Removals & Moving,General Removals,kept_mapped,V2,https://www.checkatrade.com/sitemap/locations/London/R,london_trade_sitemap,2026-09-05,London A-Z trade/service sitemap.,London
Checkatrade,roof moss removal companies,roof moss removal companies,Removals & Moving,General Removals,kept_mapped,V2,https://www.checkatrade.com/sitemap/locations/London/R,london_trade_sitemap,2026-09-05,London A-Z trade/service sitemap.,London
Checkatrade,roof moss treatment,roof moss treatment,Roofing Services,roof moss treatment,kept_mapped_final,V2,https://www.checkatrade.com/sitemap/locations/London/R,london_trade_sitemap,2026-09-05,London A-Z trade/service sitemap.,London
Checkatrade,roof repair companies,roof repair companies,Roofing Services,Roof Repair,kept_mapped,V2,https://www.checkatrade.com/sitemap/locations/London/R,london_trade_sitemap,2026-09-05,London A-Z trade/service sitemap.,London
Checkatrade,roof repair services,roof repair services,Roofing Services,Roof Repair,kept_mapped,V2,https://www.checkatrade.com/sitemap/locations/London/R,london_trade_sitemap,2026-09-05,London A-Z trade/service sitemap.,London
Checkatrade,roof replacement companies,roof replacement companies,Roofing Services,Roof Replacement,kept_mapped,V2,https://www.checkatrade.com/sitemap/locations/London/R,london_trade_sitemap,2026-09-05,London A-Z trade/service sitemap.,London
Checkatrade,roof slate suppliers,roof slate suppliers,Roofing Services,roof slate suppliers,kept_mapped_final,V2,https://www.checkatrade.com/sitemap/locations/London/R,london_trade_sitemap,2026-09-05,London A-Z trade/service sitemap.,London
Checkatrade,roof tile replacement,roof tile replacement,Roofing Services,roof tile replacement,kept_mapped_final,V2,https://www.checkatrade.com/sitemap/locations/London/R,london_trade_sitemap,2026-09-05,London A-Z trade/service sitemap.,London
Checkatrade,roof trusses,roof trusses,Roofing Services,roof trusses,kept_mapped_final,V2,https://www.checkatrade.com/sitemap/locations/London/R,london_trade_sitemap,2026-09-05,London A-Z trade/service sitemap.,London
Checkatrade,roof window installer,roof window installer,Windows & Glazing,Window Installation,kept_mapped,V2,https://www.checkatrade.com/sitemap/locations/London/R,london_trade_sitemap,2026-09-05,London A-Z trade/service sitemap.,London
Checkatrade,roof window repair,roof window repair,Windows & Glazing,Window Repair,kept_mapped,V2,https://www.checkatrade.com/sitemap/locations/London/R,london_trade_sitemap,2026-09-05,London A-Z trade/service sitemap.,London
Checkatrade,roofing and chimney repair,roofing and chimney repair,Chimney Services,Chimney Repair,kept_mapped,V2,https://www.checkatrade.com/sitemap/locations/London/R,london_trade_sitemap,2026-09-05,London A-Z trade/service sitemap.,London
Checkatrade,roofing material suppliers,roofing material suppliers,Roofing Services,General Roofing,kept_mapped,V2,https://www.checkatrade.com/sitemap/locations/London/R,london_trade_sitemap,2026-09-05,London A-Z trade/service sitemap.,London
Checkatrade,rsj installation,rsj installation,Building & Construction,rsj installation,kept_mapped_final,V2,https://www.checkatrade.com/sitemap/locations/London/R,london_trade_sitemap,2026-09-05,London A-Z trade/service sitemap.,London
Checkatrade,rubber roof installers,rubber roof installers,Roofing Services,Roof Installation,kept_mapped,V2,https://www.checkatrade.com/sitemap/locations/London/R,london_trade_sitemap,2026-09-05,London A-Z trade/service sitemap.,London
Checkatrade,rubber roof repair,rubber roof repair,Roofing Services,Roof Repair,kept_mapped,V2,https://www.checkatrade.com/sitemap/locations/London/R,london_trade_sitemap,2026-09-05,London A-Z trade/service sitemap.,London
Checkatrade,rubber roofing contractors,rubber roofing contractors,Roofing Services,General Roofing,kept_mapped,V2,https://www.checkatrade.com/sitemap/locations/London/R,london_trade_sitemap,2026-09-05,London A-Z trade/service sitemap.,London
Checkatrade,rubber roofing suppliers,rubber roofing suppliers,Roofing Services,General Roofing,kept_mapped,V2,https://www.checkatrade.com/sitemap/locations/London/R,london_trade_sitemap,2026-09-05,London A-Z trade/service sitemap.,London
Checkatrade,sagging roof repair,sagging roof repair,Roofing Services,Roof Repair,kept_mapped,V2,https://www.checkatrade.com/sitemap/locations/London/S,london_trade_sitemap,2026-09-05,London A-Z trade/service sitemap.,London
Checkatrade,screeding companies,screeding companies,Flooring & Tiling Services,screeding companies,kept_mapped_final,V2,https://www.checkatrade.com/sitemap/locations/London/S,london_trade_sitemap,2026-09-05,London A-Z trade/service sitemap.,London
Checkatrade,sewer repair,sewer repair,Plumbing Services,Drain Repair,kept_mapped,V2,https://www.checkatrade.com/sitemap/locations/London/S,london_trade_sitemap,2026-09-05,London A-Z trade/service sitemap.,London
Checkatrade,shed builders,shed builders,Building & Construction,General Building,kept_mapped,V2,https://www.checkatrade.com/sitemap/locations/London/S,london_trade_sitemap,2026-09-05,London A-Z trade/service sitemap.,London
Checkatrade,shed fitter,shed fitter,Gardening & Landscaping,shed fitter,kept_mapped_final,V2,https://www.checkatrade.com/sitemap/locations/London/S,london_trade_sitemap,2026-09-05,London A-Z trade/service sitemap.,London
Checkatrade,shed makers,shed makers,Gardening & Landscaping,shed makers,kept_mapped_final,V2,https://www.checkatrade.com/sitemap/locations/London/S,london_trade_sitemap,2026-09-05,London A-Z trade/service sitemap.,London
Checkatrade,shed roof refelting,shed roof refelting,Roofing Services,shed roof refelting,kept_mapped_final,V2,https://www.checkatrade.com/sitemap/locations/London/S,london_trade_sitemap,2026-09-05,London A-Z trade/service sitemap.,London
Checkatrade,shed roof repairs,shed roof repairs,Roofing Services,Roof Repair,kept_mapped,V2,https://www.checkatrade.com/sitemap/locations/London/S,london_trade_sitemap,2026-09-05,London A-Z trade/service sitemap.,London
Checkatrade,sheetrock contractors,sheetrock contractors,Other Services / Unclassified,sheetrock contractors,kept_unclassified,V2,https://www.checkatrade.com/sitemap/locations/London/S,london_trade_sitemap,2026-09-05,London A-Z trade/service sitemap.,London
Checkatrade,sheetrock installers,sheetrock installers,Other Services / Unclassified,sheetrock installers,kept_unclassified,V2,https://www.checkatrade.com/sitemap/locations/London/S,london_trade_sitemap,2026-09-05,London A-Z trade/service sitemap.,London
Checkatrade,shower plumbers,shower plumbers,Plumbing Services,General Plumbing,kept_mapped,V2,https://www.checkatrade.com/sitemap/locations/London/S,london_trade_sitemap,2026-09-05,London A-Z trade/service sitemap.,London
Checkatrade,shower replacement,shower replacement,Plumbing & Drainage Services,shower replacement,kept_mapped_final,V2,https://www.checkatrade.com/sitemap/locations/London/S,london_trade_sitemap,2026-09-05,London A-Z trade/service sitemap.,London
Checkatrade,silicone rendering,silicone rendering,Plastering & Rendering,Rendering,kept_mapped,V2,https://www.checkatrade.com/sitemap/locations/London/S,london_trade_sitemap,2026-09-05,London A-Z trade/service sitemap.,London
Checkatrade,silicone sealing,silicone sealing,Home Improvement & General Maintenance,silicone sealing,kept_mapped_final,V2,https://www.checkatrade.com/sitemap/locations/London/S,london_trade_sitemap,2026-09-05,London A-Z trade/service sitemap.,London
Checkatrade,sink crack,sink crack,Plumbing & Drainage Services,Sink Repair,kept_mapped_final,V2,https://www.checkatrade.com/sitemap/locations/London/S,london_trade_sitemap,2026-09-05,London A-Z trade/service sitemap.,London
Checkatrade,sink draining,sink draining,Plumbing & Drainage Services,Sink Drainage,kept_mapped_final,V2,https://www.checkatrade.com/sitemap/locations/London/S,london_trade_sitemap,2026-09-05,London A-Z trade/service sitemap.,London
Checkatrade,skim coating contractor,skim coating contractor,"Painting, Decorating & Wall Finishes",Skim Coating,kept_mapped_final,V2,https://www.checkatrade.com/sitemap/locations/London/S,london_trade_sitemap,2026-09-05,London A-Z trade/service sitemap.,London
Checkatrade,skirting boards,skirting boards,"Furniture, Carpentry & Woodwork",Skirting Boards,kept_mapped_final,V2,https://www.checkatrade.com/sitemap/locations/London/S,london_trade_sitemap,2026-09-05,London A-Z trade/service sitemap.,London
Checkatrade,skirting installers,skirting installers,"Furniture, Carpentry & Woodwork",skirting installers,kept_mapped_final,V2,https://www.checkatrade.com/sitemap/locations/London/S,london_trade_sitemap,2026-09-05,London A-Z trade/service sitemap.,London
Checkatrade,skylight install,skylight install,Roofing Services,Skylight Installation,kept_mapped_final,V2,https://www.checkatrade.com/sitemap/locations/London/S,london_trade_sitemap,2026-09-05,London A-Z trade/service sitemap.,London
Checkatrade,skylights for flat roofs,skylights for flat roofs,Other Services / Unclassified,skylights for flat roofs,kept_unclassified,V2,https://www.checkatrade.com/sitemap/locations/London/S,london_trade_sitemap,2026-09-05,London A-Z trade/service sitemap.,London
Checkatrade,slate roof repair,slate roof repair,Roofing Services,Roof Repair,kept_mapped,V2,https://www.checkatrade.com/sitemap/locations/London/S,london_trade_sitemap,2026-09-05,London A-Z trade/service sitemap.,London
Checkatrade,slate roofing contractors,slate roofing contractors,Roofing Services,General Roofing,kept_mapped,V2,https://www.checkatrade.com/sitemap/locations/London/S,london_trade_sitemap,2026-09-05,London A-Z trade/service sitemap.,London
Checkatrade,small roof repairs,small roof repairs,Roofing Services,Roof Repair,kept_mapped,V2,https://www.checkatrade.com/sitemap/locations/London/S,london_trade_sitemap,2026-09-05,London A-Z trade/service sitemap.,London
Checkatrade,soil stack replacement,soil stack replacement,Plumbing & Drainage Services,Soil Stack Replacement,kept_mapped_final,V2,https://www.checkatrade.com/sitemap/locations/London/S,london_trade_sitemap,2026-09-05,London A-Z trade/service sitemap.,London
Checkatrade,spalling brick repair,spalling brick repair,Building & Construction,Brickwork Repair,kept_mapped,V2,https://www.checkatrade.com/sitemap/locations/London/S,london_trade_sitemap,2026-09-05,London A-Z trade/service sitemap.,London
Checkatrade,spray render companies,spray render companies,"Painting, Decorating & Wall Finishes",spray render companies,kept_mapped_final,V2,https://www.checkatrade.com/sitemap/locations/London/S,london_trade_sitemap,2026-09-05,London A-Z trade/service sitemap.,London
Checkatrade,staircase fitters,staircase fitters,Carpentry & Joinery,Staircase Services,kept_mapped,V2,https://www.checkatrade.com/sitemap/locations/London/S,london_trade_sitemap,2026-09-05,London A-Z trade/service sitemap.,London
Checkatrade,staircase joinery,staircase joinery,Carpentry & Joinery,Staircase Services,kept_mapped,V2,https://www.checkatrade.com/sitemap/locations/London/S,london_trade_sitemap,2026-09-05,London A-Z trade/service sitemap.,London
Checkatrade,staircase refurbishment,staircase refurbishment,Carpentry & Joinery,Staircase Services,kept_mapped,V2,https://www.checkatrade.com/sitemap/locations/London/S,london_trade_sitemap,2026-09-05,London A-Z trade/service sitemap.,London
Checkatrade,staircase repair,staircase repair,Carpentry & Joinery,Staircase Services,kept_mapped,V2,https://www.checkatrade.com/sitemap/locations/London/S,london_trade_sitemap,2026-09-05,London A-Z trade/service sitemap.,London
Checkatrade,stairs made to measure,stairs made to measure,Other Services / Unclassified,stairs made to measure,kept_unclassified,V2,https://www.checkatrade.com/sitemap/locations/London/S,london_trade_sitemap,2026-09-05,London A-Z trade/service sitemap.,London
Checkatrade,stove pipe installers,stove pipe installers,Plumbing Services,Pipe Installation,kept_mapped,V2,https://www.checkatrade.com/sitemap/locations/London/S,london_trade_sitemap,2026-09-05,London A-Z trade/service sitemap.,London
Checkatrade,stud partition,stud partition,"Painting, Decorating & Wall Finishes",Stud Partition,kept_mapped_final,V2,https://www.checkatrade.com/sitemap/locations/London/S,london_trade_sitemap,2026-09-05,London A-Z trade/service sitemap.,London
Checkatrade,stud wall,stud wall,"Painting, Decorating & Wall Finishes",Stud Wall,kept_mapped_final,V2,https://www.checkatrade.com/sitemap/locations/London/S,london_trade_sitemap,2026-09-05,London A-Z trade/service sitemap.,London
Checkatrade,subsidence builder,subsidence builder,Building & Construction,General Building,kept_mapped,V2,https://www.checkatrade.com/sitemap/locations/London/S,london_trade_sitemap,2026-09-05,London A-Z trade/service sitemap.,London
Checkatrade,subsidence repair,subsidence repair,Building & Construction,Subsidence Repair,kept_mapped_final,V2,https://www.checkatrade.com/sitemap/locations/London/S,london_trade_sitemap,2026-09-05,London A-Z trade/service sitemap.,London
Checkatrade,subsidence specialist,subsidence specialist,Building & Construction,subsidence specialist,kept_mapped_final,V2,https://www.checkatrade.com/sitemap/locations/London/S,london_trade_sitemap,2026-09-05,London A-Z trade/service sitemap.,London
Checkatrade,subsidence surveys,subsidence surveys,Building & Construction,Subsidence Survey,kept_mapped_final,V2,https://www.checkatrade.com/sitemap/locations/London/S,london_trade_sitemap,2026-09-05,London A-Z trade/service sitemap.,London
Checkatrade,summer house,summer house,Landscaping Structures & Outdoor Buildings,summer house,kept_mapped_final,V2,https://www.checkatrade.com/sitemap/locations/London/S,london_trade_sitemap,2026-09-05,London A-Z trade/service sitemap.,London
Checkatrade,table restoration,table restoration,"Damp, Waterproofing & Restoration",table restoration,kept_mapped_final,V2,https://www.checkatrade.com/sitemap/locations/London/T,london_trade_sitemap,2026-09-05,London A-Z trade/service sitemap.,London
Checkatrade,tap drip,tap drip,Plumbing & Drainage Services,tap drip,kept_mapped_final,V2,https://www.checkatrade.com/sitemap/locations/London/T,london_trade_sitemap,2026-09-05,London A-Z trade/service sitemap.,London
Checkatrade,thatch roof repairs,thatch roof repairs,Roofing Services,Roof Repair,kept_mapped,V2,https://www.checkatrade.com/sitemap/locations/London/T,london_trade_sitemap,2026-09-05,London A-Z trade/service sitemap.,London
Checkatrade,tile roof repair,tile roof repair,Roofing Services,Roof Repair,kept_mapped,V2,https://www.checkatrade.com/sitemap/locations/London/T,london_trade_sitemap,2026-09-05,London A-Z trade/service sitemap.,London
Checkatrade,tin roof installers,tin roof installers,Roofing Services,Roof Installation,kept_mapped,V2,https://www.checkatrade.com/sitemap/locations/London/T,london_trade_sitemap,2026-09-05,London A-Z trade/service sitemap.,London
Checkatrade,toilet fitting,toilet fitting,Plumbing & Drainage Services,toilet fitting,kept_mapped_final,V2,https://www.checkatrade.com/sitemap/locations/London/T,london_trade_sitemap,2026-09-05,London A-Z trade/service sitemap.,London
Checkatrade,toilet flush repair,toilet flush repair,Plumbing & Drainage Services,toilet flush repair,kept_mapped_final,V2,https://www.checkatrade.com/sitemap/locations/London/T,london_trade_sitemap,2026-09-05,London A-Z trade/service sitemap.,London
Checkatrade,toilet installation,toilet installation,Plumbing Services,Toilet Installation,kept_mapped,V2,https://www.checkatrade.com/sitemap/locations/London/T,london_trade_sitemap,2026-09-05,London A-Z trade/service sitemap.,London
Checkatrade,toilet plumber,toilet plumber,Plumbing Services,General Plumbing,kept_mapped,V2,https://www.checkatrade.com/sitemap/locations/London/T,london_trade_sitemap,2026-09-05,London A-Z trade/service sitemap.,London
Checkatrade,toilet repair,toilet repair,Plumbing Services,Toilet Repair,kept_mapped,V2,https://www.checkatrade.com/sitemap/locations/London/T,london_trade_sitemap,2026-09-05,London A-Z trade/service sitemap.,London
Checkatrade,trv,trv,Other Services / Unclassified,trv,kept_unclassified,V2,https://www.checkatrade.com/sitemap/locations/London/T,london_trade_sitemap,2026-09-05,London A-Z trade/service sitemap.,London
Checkatrade,tv cabinet makers,tv cabinet makers,Carpentry & Joinery,Cabinet Making & Installation,kept_mapped,V2,https://www.checkatrade.com/sitemap/locations/London/T,london_trade_sitemap,2026-09-05,London A-Z trade/service sitemap.,London
Checkatrade,ufh installation,ufh installation,"Heating, Boiler & Gas Services",Underfloor Heating Installation,kept_mapped_final,V2,https://www.checkatrade.com/sitemap/locations/London/U,london_trade_sitemap,2026-09-05,London A-Z trade/service sitemap.,London
Checkatrade,ufh repair,ufh repair,"Heating, Boiler & Gas Services",Underfloor Heating Repair,kept_mapped_final,V2,https://www.checkatrade.com/sitemap/locations/London/U,london_trade_sitemap,2026-09-05,London A-Z trade/service sitemap.,London
Checkatrade,under stairs storage fitters,under stairs storage fitters,"Furniture, Carpentry & Woodwork",Under-Stairs Storage Fitting,kept_mapped_final,V2,https://www.checkatrade.com/sitemap/locations/London/U,london_trade_sitemap,2026-09-05,London A-Z trade/service sitemap.,London
Checkatrade,underfloor heating installers,underfloor heating installers,"Heating, Boiler & Gas Services",underfloor heating installers,kept_mapped_final,V2,https://www.checkatrade.com/sitemap/locations/London/U,london_trade_sitemap,2026-09-05,London A-Z trade/service sitemap.,London
Checkatrade,underfloor heating maintenance,underfloor heating maintenance,"Heating, Boiler & Gas Services",Underfloor Heating Maintenance,kept_mapped_final,V2,https://www.checkatrade.com/sitemap/locations/London/U,london_trade_sitemap,2026-09-05,London A-Z trade/service sitemap.,London
Checkatrade,underfloor heating plumber,underfloor heating plumber,Plumbing Services,General Plumbing,kept_mapped,V2,https://www.checkatrade.com/sitemap/locations/London/U,london_trade_sitemap,2026-09-05,London A-Z trade/service sitemap.,London
Checkatrade,underfloor heating servicing,underfloor heating servicing,"Heating, Boiler & Gas Services",Underfloor Heating Servicing,kept_mapped_final,V2,https://www.checkatrade.com/sitemap/locations/London/U,london_trade_sitemap,2026-09-05,London A-Z trade/service sitemap.,London
Checkatrade,underfloor heating specialist,underfloor heating specialist,"Heating, Boiler & Gas Services",underfloor heating specialist,kept_mapped_final,V2,https://www.checkatrade.com/sitemap/locations/London/U,london_trade_sitemap,2026-09-05,London A-Z trade/service sitemap.,London
Checkatrade,underfloor heating suppliers,underfloor heating suppliers,"Heating, Boiler & Gas Services",Underfloor Heating Supply,kept_mapped_final,V2,https://www.checkatrade.com/sitemap/locations/London/U,london_trade_sitemap,2026-09-05,London A-Z trade/service sitemap.,London
Checkatrade,underground pipework,underground pipework,Plumbing & Drainage Services,underground pipework,kept_mapped_final,V2,https://www.checkatrade.com/sitemap/locations/London/U,london_trade_sitemap,2026-09-05,London A-Z trade/service sitemap.,London
Checkatrade,upvc conservatory roof repairs,upvc conservatory roof repairs,Conservatory Services,Conservatory Roof Repair,kept_mapped,V2,https://www.checkatrade.com/sitemap/locations/London/U,london_trade_sitemap,2026-09-05,London A-Z trade/service sitemap.,London
Checkatrade,upvc painters,upvc painters,Painting & Decorating,General Painting & Decorating,kept_mapped,V2,https://www.checkatrade.com/sitemap/locations/London/U,london_trade_sitemap,2026-09-05,London A-Z trade/service sitemap.,London
Checkatrade,velux window installer,velux window installer,Windows & Glazing,Window Installation,kept_mapped,V2,https://www.checkatrade.com/sitemap/locations/London/V,london_trade_sitemap,2026-09-05,London A-Z trade/service sitemap.,London
Checkatrade,velux window repairs,velux window repairs,Windows & Glazing,Window Repair,kept_mapped,V2,https://www.checkatrade.com/sitemap/locations/London/V,london_trade_sitemap,2026-09-05,London A-Z trade/service sitemap.,London
Checkatrade,venetian plastering,venetian plastering,Plastering & Rendering,Plastering,kept_mapped,V2,https://www.checkatrade.com/sitemap/locations/London/V,london_trade_sitemap,2026-09-05,London A-Z trade/service sitemap.,London
Checkatrade,wall crack,wall crack,"Damp, Waterproofing & Restoration",Wall Crack Repair,kept_mapped_final,V2,https://www.checkatrade.com/sitemap/locations/London/W,london_trade_sitemap,2026-09-05,London A-Z trade/service sitemap.,London
Checkatrade,wallpaper install,wallpaper install,Painting & Decorating,Wallpapering,kept_mapped,V2,https://www.checkatrade.com/sitemap/locations/London/W,london_trade_sitemap,2026-09-05,London A-Z trade/service sitemap.,London
Checkatrade,wardrobe doors made to measure,wardrobe doors made to measure,"Furniture, Carpentry & Woodwork",wardrobe doors made to measure,kept_mapped_final,V2,https://www.checkatrade.com/sitemap/locations/London/W,london_trade_sitemap,2026-09-05,London A-Z trade/service sitemap.,London
Checkatrade,wardrobe repair,wardrobe repair,"Furniture, Carpentry & Woodwork",wardrobe repair,kept_mapped_final,V2,https://www.checkatrade.com/sitemap/locations/London/W,london_trade_sitemap,2026-09-05,London A-Z trade/service sitemap.,London
Checkatrade,wardrobe repairs,wardrobe repairs,"Furniture, Carpentry & Woodwork",wardrobe repairs,kept_mapped_final,V2,https://www.checkatrade.com/sitemap/locations/London/W,london_trade_sitemap,2026-09-05,London A-Z trade/service sitemap.,London
Checkatrade,warm roof installers,warm roof installers,Roofing Services,Roof Installation,kept_mapped,V2,https://www.checkatrade.com/sitemap/locations/London/W,london_trade_sitemap,2026-09-05,London A-Z trade/service sitemap.,London
Checkatrade,washing machine plumbers,washing machine plumbers,Plumbing Services,General Plumbing,kept_mapped,V2,https://www.checkatrade.com/sitemap/locations/London/W,london_trade_sitemap,2026-09-05,London A-Z trade/service sitemap.,London
Checkatrade,water damage,water damage,"Damp, Waterproofing & Restoration",water damage,kept_mapped_final,V2,https://www.checkatrade.com/sitemap/locations/London/W,london_trade_sitemap,2026-09-05,London A-Z trade/service sitemap.,London
Checkatrade,water leakage repair,water leakage repair,Plumbing & Drainage Services,Water Leak Repair,kept_mapped_final,V2,https://www.checkatrade.com/sitemap/locations/London/W,london_trade_sitemap,2026-09-05,London A-Z trade/service sitemap.,London
Checkatrade,water main replacement,water main replacement,Plumbing & Drainage Services,water main replacement,kept_mapped_final,V2,https://www.checkatrade.com/sitemap/locations/London/W,london_trade_sitemap,2026-09-05,London A-Z trade/service sitemap.,London
Checkatrade,water meter,water meter,"Water Treatment, Tanks & Pumps",water meter,kept_mapped_final,V2,https://www.checkatrade.com/sitemap/locations/London/W,london_trade_sitemap,2026-09-05,London A-Z trade/service sitemap.,London
Checkatrade,water pipe repair,water pipe repair,Plumbing Services,Pipe Repair,kept_mapped,V2,https://www.checkatrade.com/sitemap/locations/London/W,london_trade_sitemap,2026-09-05,London A-Z trade/service sitemap.,London
Checkatrade,water pipe replacement,water pipe replacement,Plumbing & Drainage Services,Water Pipe Replacement,kept_mapped_final,V2,https://www.checkatrade.com/sitemap/locations/London/W,london_trade_sitemap,2026-09-05,London A-Z trade/service sitemap.,London
Checkatrade,water pressure,water pressure,Plumbing & Drainage Services,Water Pressure Services,kept_mapped_final,V2,https://www.checkatrade.com/sitemap/locations/London/W,london_trade_sitemap,2026-09-05,London A-Z trade/service sitemap.,London
Checkatrade,water pump servicing,water pump servicing,"Water Treatment, Tanks & Pumps",Water Pump Services,kept_mapped_final,V2,https://www.checkatrade.com/sitemap/locations/London/W,london_trade_sitemap,2026-09-05,London A-Z trade/service sitemap.,London
Checkatrade,water pump specialist,water pump specialist,"Water Treatment, Tanks & Pumps",Water Pump Services,kept_mapped_final,V2,https://www.checkatrade.com/sitemap/locations/London/W,london_trade_sitemap,2026-09-05,London A-Z trade/service sitemap.,London
Checkatrade,water tank cleaning,water tank cleaning,Cleaning Services,General Cleaning,kept_mapped,V2,https://www.checkatrade.com/sitemap/locations/London/W,london_trade_sitemap,2026-09-05,London A-Z trade/service sitemap.,London
Checkatrade,water tank installation,water tank installation,"Water Treatment, Tanks & Pumps",Water Tank Services,kept_mapped_final,V2,https://www.checkatrade.com/sitemap/locations/London/W,london_trade_sitemap,2026-09-05,London A-Z trade/service sitemap.,London
Checkatrade,well pump repair,well pump repair,"Water Treatment, Tanks & Pumps",Well Pump Repair,kept_mapped_final,V2,https://www.checkatrade.com/sitemap/locations/London/W,london_trade_sitemap,2026-09-05,London A-Z trade/service sitemap.,London
Checkatrade,window joinery,window joinery,Carpentry & Joinery,General Carpentry & Joinery,kept_mapped,V2,https://www.checkatrade.com/sitemap/locations/London/W,london_trade_sitemap,2026-09-05,London A-Z trade/service sitemap.,London
Checkatrade,wood burner flue installers,wood burner flue installers,"Heating, Boiler & Gas Services",Wood Burner Flue Installation,kept_mapped_final,V2,https://www.checkatrade.com/sitemap/locations/London/W,london_trade_sitemap,2026-09-05,London A-Z trade/service sitemap.,London
Checkatrade,wood furniture repair,wood furniture repair,Furniture Services,Furniture Repair,kept_mapped,V2,https://www.checkatrade.com/sitemap/locations/London/W,london_trade_sitemap,2026-09-05,London A-Z trade/service sitemap.,London
Checkatrade,wood furniture restoration,wood furniture restoration,"Furniture, Carpentry & Woodwork",Furniture Restoration,kept_mapped_final,V2,https://www.checkatrade.com/sitemap/locations/London/W,london_trade_sitemap,2026-09-05,London A-Z trade/service sitemap.,London
Checkatrade,wood gazebo installation,wood gazebo installation,Gardening & Landscaping,wood gazebo installation,kept_mapped_final,V2,https://www.checkatrade.com/sitemap/locations/London/W,london_trade_sitemap,2026-09-05,London A-Z trade/service sitemap.,London
Checkatrade,wood joinery,wood joinery,Carpentry & Joinery,General Carpentry & Joinery,kept_mapped,V2,https://www.checkatrade.com/sitemap/locations/London/W,london_trade_sitemap,2026-09-05,London A-Z trade/service sitemap.,London
Checkatrade,wood stripper,wood stripper,Other Services / Unclassified,wood stripper,kept_unclassified,V2,https://www.checkatrade.com/sitemap/locations/London/W,london_trade_sitemap,2026-09-05,London A-Z trade/service sitemap.,London
Checkatrade,wood turning,wood turning,"Furniture, Carpentry & Woodwork",Wood Turning,kept_mapped_final,V2,https://www.checkatrade.com/sitemap/locations/London/W,london_trade_sitemap,2026-09-05,London A-Z trade/service sitemap.,London
Checkatrade,wooden chair repair,wooden chair repair,"Furniture, Carpentry & Woodwork",wooden chair repair,kept_mapped_final,V2,https://www.checkatrade.com/sitemap/locations/London/W,london_trade_sitemap,2026-09-05,London A-Z trade/service sitemap.,London
Checkatrade,zinc roof installers,zinc roof installers,Roofing Services,Roof Installation,kept_mapped,V2,https://www.checkatrade.com/sitemap/locations/London/Z,london_trade_sitemap,2026-09-05,London A-Z trade/service sitemap.,London
Fresha,Barber,Barber,Hair & Barber Services,Barber Services,kept_mapped,V2,https://www.fresha.com/en-GB/pricing,uk_service_verticals,2026-09-05,UK public service/business verticals; broad coverage only.,London
Fresha,Eyebrow Bar,Eyebrow Bar,Beauty & Skincare,Eyebrow Services,kept_mapped,V2,https://www.fresha.com/en-GB/pricing,uk_service_verticals,2026-09-05,UK public service/business verticals; broad coverage only.,London
Fresha,Fitness,Fitness,Fitness & Sports Coaching,Fitness,kept_mapped_final,V2,https://www.fresha.com/en-GB/pricing,uk_service_verticals,2026-09-05,UK public service/business verticals; broad coverage only.,London
Fresha,Hair Salon,Hair Salon,Hair & Barber Services,Hairdressing,kept_mapped,V2,https://www.fresha.com/en-GB/pricing,uk_service_verticals,2026-09-05,UK public service/business verticals; broad coverage only.,London
Fresha,Massage Salon,Massage Salon,Massage Services,General Massage,kept_mapped,V2,https://www.fresha.com/en-GB/pricing,uk_service_verticals,2026-09-05,UK public service/business verticals; broad coverage only.,London
Fresha,Medspa,Medspa,Beauty & Wellness,Aesthetic Treatments,kept_mapped,V2,https://www.fresha.com/en-GB/pricing,uk_service_verticals,2026-09-05,UK public service/business verticals; broad coverage only.,London
Fresha,Nail Salon,Nail Salon,Nail Services,General Nail Services,kept_mapped,V2,https://www.fresha.com/en-GB/pricing,uk_service_verticals,2026-09-05,UK public service/business verticals; broad coverage only.,London
Fresha,Personal Trainer,Personal Trainer,Health & Fitness,Personal Training,kept_mapped,V2,https://www.fresha.com/en-GB/pricing,uk_service_verticals,2026-09-05,UK public service/business verticals; broad coverage only.,London
Fresha,Pet Grooming,Pet Grooming,Pet Services,Pet Grooming,kept_mapped,V2,https://www.fresha.com/en-GB/pricing,uk_service_verticals,2026-09-05,UK public service/business verticals; broad coverage only.,London
Fresha,Physical Therapy,Physical Therapy,Health & Fitness,Physiotherapy,kept_mapped,V2,https://www.fresha.com/en-GB/pricing,uk_service_verticals,2026-09-05,UK public service/business verticals; broad coverage only.,London
Fresha,Salon,Salon,Beauty & Personal Care,General Salon Services,kept_mapped_final,V1,https://www.fresha.com/en-GB/pricing,public_service_verticals,2026-08-22,Fresha public UK service/business verticals. Detailed treatments will be added later for shortlisted verticals.,
Fresha,Spa,Spa,Beauty & Personal Care,Spa Services,kept_mapped_final,V2,https://www.fresha.com/en-GB/pricing,uk_service_verticals,2026-09-05,UK public service/business verticals; broad coverage only.,London
Fresha,Tanning Studio,Tanning Studio,Beauty & Wellness,Tanning,kept_mapped,V2,https://www.fresha.com/en-GB/pricing,uk_service_verticals,2026-09-05,UK public service/business verticals; broad coverage only.,London
Fresha,Tattooing & Piercing,Tattooing & Piercing,Tattoo & Piercing,Piercing Services,kept_mapped,V2,https://www.fresha.com/en-GB/pricing,uk_service_verticals,2026-09-05,UK public service/business verticals; broad coverage only.,London
Fresha,Therapy Centre,Therapy Centre,Therapy & Counselling,Therapy,kept_mapped,V2,https://www.fresha.com/en-GB/pricing,uk_service_verticals,2026-09-05,UK public service/business verticals; broad coverage only.,London
Fresha,Waxing Salon,Waxing Salon,Hair Removal,Waxing,kept_mapped,V2,https://www.fresha.com/en-GB/pricing,uk_service_verticals,2026-09-05,UK public service/business verticals; broad coverage only.,London
MyBuilder,Milton Keynes,Milton Keynes,Excluded,Milton Keynes,excluded,V2,https://www.mybuilder.com/trades,trade_directory,2026-09-05,Public trades/professions page.,London
MyBuilder,Newcastle Upon Tyne,Newcastle Upon Tyne,Excluded,Newcastle Upon Tyne,excluded,V2,https://www.mybuilder.com/trades,trade_directory,2026-09-05,Public trades/professions page.,London
MyBuilder,Northampton,Northampton,Excluded,Northampton,excluded,V2,https://www.mybuilder.com/trades,trade_directory,2026-09-05,Public trades/professions page.,London
MyBuilder,Norwich,Norwich,Excluded,Norwich,excluded,V2,https://www.mybuilder.com/trades,trade_directory,2026-09-05,Public trades/professions page.,London
MyBuilder,Reading,Reading,Excluded,Reading,excluded,V2,https://www.mybuilder.com/trades,trade_directory,2026-09-05,Public trades/professions page.,London
MyBuilder,Southampton,Southampton,Excluded,Southampton,excluded,V2,https://www.mybuilder.com/trades,trade_directory,2026-09-05,Public trades/professions page.,London
MyBuilder,Stockport,Stockport,Excluded,Stockport,excluded,V2,https://www.mybuilder.com/trades,trade_directory,2026-09-05,Public trades/professions page.,London
MyBuilder,Stoke On Trent,Stoke On Trent,Excluded,Stoke On Trent,excluded,V2,https://www.mybuilder.com/trades,trade_directory,2026-09-05,Public trades/professions page.,London
MyJobQuote,Aberdeen,Aberdeen,Excluded,Aberdeen,excluded,V2,https://www.myjobquote.co.uk/sitemap,public_trade_sitemap,2026-09-05,Public trade/service taxonomy from MyJobQuote.,London
MyJobQuote,Birkenhead,Birkenhead,Excluded,Birkenhead,excluded,V2,https://www.myjobquote.co.uk/sitemap,public_trade_sitemap,2026-09-05,Public trade/service taxonomy from MyJobQuote.,London
MyJobQuote,Bolton,Bolton,Excluded,Bolton,excluded,V2,https://www.myjobquote.co.uk/sitemap,public_trade_sitemap,2026-09-05,Public trade/service taxonomy from MyJobQuote.,London
MyJobQuote,Bournemouth,Bournemouth,Excluded,Bournemouth,excluded,V2,https://www.myjobquote.co.uk/sitemap,public_trade_sitemap,2026-09-05,Public trade/service taxonomy from MyJobQuote.,London
MyJobQuote,Chelmsford,Chelmsford,Excluded,Chelmsford,excluded,V2,https://www.myjobquote.co.uk/sitemap,public_trade_sitemap,2026-09-05,Public trade/service taxonomy from MyJobQuote.,London
MyJobQuote,Exeter,Exeter,Excluded,Exeter,excluded,V2,https://www.myjobquote.co.uk/sitemap,public_trade_sitemap,2026-09-05,Public trade/service taxonomy from MyJobQuote.,London
MyJobQuote,Gateshead,Gateshead,Excluded,Gateshead,excluded,V2,https://www.myjobquote.co.uk/sitemap,public_trade_sitemap,2026-09-05,Public trade/service taxonomy from MyJobQuote.,London
MyJobQuote,Gloucester,Gloucester,Excluded,Gloucester,excluded,V2,https://www.myjobquote.co.uk/sitemap,public_trade_sitemap,2026-09-05,Public trade/service taxonomy from MyJobQuote.,London
MyJobQuote,How to Get Started,How to Get Started,Excluded,How to Get Started,excluded,V2,https://www.myjobquote.co.uk/sitemap,public_trade_sitemap,2026-09-05,Public trade/service taxonomy from MyJobQuote.,London
MyJobQuote,Huddersfield,Huddersfield,Excluded,Huddersfield,excluded,V2,https://www.myjobquote.co.uk/sitemap,public_trade_sitemap,2026-09-05,Public trade/service taxonomy from MyJobQuote.,London
MyJobQuote,Ipswich,Ipswich,Excluded,Ipswich,excluded,V2,https://www.myjobquote.co.uk/sitemap,public_trade_sitemap,2026-09-05,Public trade/service taxonomy from MyJobQuote.,London
MyJobQuote,Maidstone,Maidstone,Excluded,Maidstone,excluded,V2,https://www.myjobquote.co.uk/sitemap,public_trade_sitemap,2026-09-05,Public trade/service taxonomy from MyJobQuote.,London
MyJobQuote,Middlesbrough,Middlesbrough,Excluded,Middlesbrough,excluded,V2,https://www.myjobquote.co.uk/sitemap,public_trade_sitemap,2026-09-05,Public trade/service taxonomy from MyJobQuote.,London
MyJobQuote,Milton Keynes,Milton Keynes,Excluded,Milton Keynes,excluded,V2,https://www.myjobquote.co.uk/sitemap,public_trade_sitemap,2026-09-05,Public trade/service taxonomy from MyJobQuote.,London
MyJobQuote,Newcastle upon Tyne,Newcastle upon Tyne,Excluded,Newcastle upon Tyne,excluded,V2,https://www.myjobquote.co.uk/sitemap,public_trade_sitemap,2026-09-05,Public trade/service taxonomy from MyJobQuote.,London
MyJobQuote,Norwich,Norwich,Excluded,Norwich,excluded,V2,https://www.myjobquote.co.uk/sitemap,public_trade_sitemap,2026-09-05,Public trade/service taxonomy from MyJobQuote.,London
MyJobQuote,Oxford,Oxford,Excluded,Oxford,excluded,V2,https://www.myjobquote.co.uk/sitemap,public_trade_sitemap,2026-09-05,Public trade/service taxonomy from MyJobQuote.,London
MyJobQuote,Peterborough,Peterborough,Excluded,Peterborough,excluded,V2,https://www.myjobquote.co.uk/sitemap,public_trade_sitemap,2026-09-05,Public trade/service taxonomy from MyJobQuote.,London
MyJobQuote,Plymouth,Plymouth,Excluded,Plymouth,excluded,V2,https://www.myjobquote.co.uk/sitemap,public_trade_sitemap,2026-09-05,Public trade/service taxonomy from MyJobQuote.,London
MyJobQuote,Poole,Poole,Excluded,Poole,excluded,V2,https://www.myjobquote.co.uk/sitemap,public_trade_sitemap,2026-09-05,Public trade/service taxonomy from MyJobQuote.,London
MyJobQuote,Reading,Reading,Excluded,Reading,excluded,V2,https://www.myjobquote.co.uk/sitemap,public_trade_sitemap,2026-09-05,Public trade/service taxonomy from MyJobQuote.,London
MyJobQuote,Sale,Sale,Excluded,Sale,excluded,V2,https://www.myjobquote.co.uk/sitemap,public_trade_sitemap,2026-09-05,Public trade/service taxonomy from MyJobQuote.,London
MyJobQuote,Slough,Slough,Excluded,Slough,excluded,V2,https://www.myjobquote.co.uk/sitemap,public_trade_sitemap,2026-09-05,Public trade/service taxonomy from MyJobQuote.,London
MyJobQuote,Solihull,Solihull,Excluded,Solihull,excluded,V2,https://www.myjobquote.co.uk/sitemap,public_trade_sitemap,2026-09-05,Public trade/service taxonomy from MyJobQuote.,London
MyJobQuote,Southampton,Southampton,Excluded,Southampton,excluded,V2,https://www.myjobquote.co.uk/sitemap,public_trade_sitemap,2026-09-05,Public trade/service taxonomy from MyJobQuote.,London
MyJobQuote,Stoke-on-Trent,Stoke-on-Trent,Excluded,Stoke-on-Trent,excluded,V2,https://www.myjobquote.co.uk/sitemap,public_trade_sitemap,2026-09-05,Public trade/service taxonomy from MyJobQuote.,London
MyJobQuote,Sunderland,Sunderland,Excluded,Sunderland,excluded,V2,https://www.myjobquote.co.uk/sitemap,public_trade_sitemap,2026-09-05,Public trade/service taxonomy from MyJobQuote.,London
MyJobQuote,Watford,Watford,Excluded,Watford,excluded,V2,https://www.myjobquote.co.uk/sitemap,public_trade_sitemap,2026-09-05,Public trade/service taxonomy from MyJobQuote.,London
MyJobQuote,Wolverhampton,Wolverhampton,Excluded,Wolverhampton,excluded,V2,https://www.myjobquote.co.uk/sitemap,public_trade_sitemap,2026-09-05,Public trade/service taxonomy from MyJobQuote.,London
MyJobQuote,York,York,Excluded,York,excluded,V2,https://www.myjobquote.co.uk/sitemap,public_trade_sitemap,2026-09-05,Public trade/service taxonomy from MyJobQuote.,London
Rated People,Access Control / Door Entry,Access Control / Door Entry,Security Systems,Access Control Systems,kept_mapped,V2,https://www.ratedpeople.com/sitemap/trades/a,alphabetical_trade_sitemap,2026-09-05,Public A-Z trade and skill sitemap.,London
Rated People,Aerial & Satellite Dish Installation,Aerial & Satellite Dish Installation,"TV, Aerial & Audio Visual Services",Satellite Installation,kept_mapped_final,V2,https://www.ratedpeople.com/sitemap/trades/a,alphabetical_trade_sitemap,2026-09-05,Public A-Z trade and skill sitemap.,London
Rated People,Aerial Installation,Aerial Installation,"TV, Aerial & Audio Visual Services",Aerial Installation,kept_mapped_final,V2,https://www.ratedpeople.com/sitemap/trades/a,alphabetical_trade_sitemap,2026-09-05,Public A-Z trade and skill sitemap.,London
Rated People,Affiliates,Affiliates,Excluded,Affiliates,excluded,V2,https://www.ratedpeople.com/sitemap/trades/a,alphabetical_trade_sitemap,2026-09-05,Public A-Z trade and skill sitemap.,London
Rated People,Air Conditioning / Refrigeration,Air Conditioning / Refrigeration,Air Conditioning & Ventilation,General Air Conditioning,kept_mapped,V2,https://www.ratedpeople.com/sitemap/trades/a,alphabetical_trade_sitemap,2026-09-05,Public A-Z trade and skill sitemap.,London
Rated People,Angus,Angus,Excluded,Angus,excluded,V2,https://www.ratedpeople.com/sitemap/trades/a,alphabetical_trade_sitemap,2026-09-05,Public A-Z trade and skill sitemap.,London
Rated People,Antrim,Antrim,Excluded,Antrim,excluded,V2,https://www.ratedpeople.com/sitemap/trades/a,alphabetical_trade_sitemap,2026-09-05,Public A-Z trade and skill sitemap.,London
Rated People,Argyll and Bute,Argyll and Bute,Excluded,Argyll and Bute,excluded,V2,https://www.ratedpeople.com/sitemap/trades/a,alphabetical_trade_sitemap,2026-09-05,Public A-Z trade and skill sitemap.,London
Rated People,Armagh,Armagh,Excluded,Armagh,excluded,V2,https://www.ratedpeople.com/sitemap/trades/a,alphabetical_trade_sitemap,2026-09-05,Public A-Z trade and skill sitemap.,London
Rated People,Artifical Grass / Astro Turf,Artifical Grass / Astro Turf,Gardening & Landscaping,Artifical Grass / Astro Turf,kept_mapped_final,V2,https://www.ratedpeople.com/sitemap/trades/a,alphabetical_trade_sitemap,2026-09-05,Public A-Z trade and skill sitemap.,London
Rated People,Ask a tradesperson,Ask a tradesperson,Excluded,Ask a tradesperson,excluded,V2,https://www.ratedpeople.com/sitemap/trades/a,alphabetical_trade_sitemap,2026-09-05,Public A-Z trade and skill sitemap.,London
Rated People,Ayrshire and Arran,Ayrshire and Arran,Excluded,Ayrshire and Arran,excluded,V2,https://www.ratedpeople.com/sitemap/trades/a,alphabetical_trade_sitemap,2026-09-05,Public A-Z trade and skill sitemap.,London
Rated People,Banffshire,Banffshire,Excluded,Banffshire,excluded,V2,https://www.ratedpeople.com/sitemap/trades/a,alphabetical_trade_sitemap,2026-09-05,Public A-Z trade and skill sitemap.,London
Rated People,Bath Resurfacing,Bath Resurfacing,Bathroom Services,Bath Resurfacing,kept_mapped_final,V2,https://www.ratedpeople.com/sitemap/trades/a,alphabetical_trade_sitemap,2026-09-05,Public A-Z trade and skill sitemap.,London
Rated People,Bathroom Design,Bathroom Design,Bathroom Services,Bathroom Design,kept_mapped_final,V2,https://www.ratedpeople.com/sitemap/trades/a,alphabetical_trade_sitemap,2026-09-05,Public A-Z trade and skill sitemap.,London
Rated People,Bathroom Installation,Bathroom Installation,Bathroom Services,Bathroom Installation,kept_mapped,V2,https://www.ratedpeople.com/sitemap/trades/a,alphabetical_trade_sitemap,2026-09-05,Public A-Z trade and skill sitemap.,London
Rated People,Bathroom Repair,Bathroom Repair,Bathroom Services,Bathroom Repair,kept_mapped,V2,https://www.ratedpeople.com/sitemap/trades/a,alphabetical_trade_sitemap,2026-09-05,Public A-Z trade and skill sitemap.,London
Rated People,Bathroom Tiling,Bathroom Tiling,Tiling,Wall & Bathroom Tiling,kept_mapped,V2,https://www.ratedpeople.com/sitemap/trades/a,alphabetical_trade_sitemap,2026-09-05,Public A-Z trade and skill sitemap.,London
Rated People,Bathroom fitter,Bathroom fitter,Bathroom Services,Bathroom fitter,kept_mapped_final,V1,https://www.ratedpeople.com/sitemap/trades/b,alphabetical_trade_sitemap,2026-08-22,Rated People public trade-and-skill sitemap.,
Rated People,All Bathroom fitters,Bathroom fitters,Bathroom Services,Bathroom fitters,kept_mapped_final,V2,https://www.ratedpeople.com/sitemap/trades/a,alphabetical_trade_sitemap,2026-09-05,Public A-Z trade and skill sitemap.,London
Rated People,"Bathroom, Kitchen and WC Plumbing","Bathroom, Kitchen and WC Plumbing",Plumbing Services,General Plumbing,kept_mapped,V2,https://www.ratedpeople.com/sitemap/trades/a,alphabetical_trade_sitemap,2026-09-05,Public A-Z trade and skill sitemap.,London
Rated People,Bedfordshire,Bedfordshire,Excluded,Bedfordshire,excluded,V2,https://www.ratedpeople.com/sitemap/trades/a,alphabetical_trade_sitemap,2026-09-05,Public A-Z trade and skill sitemap.,London
Rated People,Berkshire,Berkshire,Excluded,Berkshire,excluded,V2,https://www.ratedpeople.com/sitemap/trades/a,alphabetical_trade_sitemap,2026-09-05,Public A-Z trade and skill sitemap.,London
Rated People,Berwickshire,Berwickshire,Excluded,Berwickshire,excluded,V2,https://www.ratedpeople.com/sitemap/trades/a,alphabetical_trade_sitemap,2026-09-05,Public A-Z trade and skill sitemap.,London
Rated People,Bespoke Furniture,Bespoke Furniture,"Furniture, Carpentry & Woodwork",Bespoke Furniture,kept_mapped_final,V2,https://www.ratedpeople.com/sitemap/trades/a,alphabetical_trade_sitemap,2026-09-05,Public A-Z trade and skill sitemap.,London
Rated People,Bespoke Kitchens,Bespoke Kitchens,Kitchen Services,Bespoke Kitchens,kept_mapped_final,V2,https://www.ratedpeople.com/sitemap/trades/a,alphabetical_trade_sitemap,2026-09-05,Public A-Z trade and skill sitemap.,London
Rated People,Blacksmith / Metal worker,Blacksmith / Metal worker,Metalwork & Fabrication,Blacksmith / Metal worker,kept_mapped_final,V1,https://www.ratedpeople.com/sitemap/trades/b,alphabetical_trade_sitemap,2026-08-22,Rated People public trade-and-skill sitemap.,
Rated People,All Blacksmith / Metal workers,Blacksmith / Metal workers,Metalwork & Fabrication,Blacksmith / Metal workers,kept_mapped_final,V2,https://www.ratedpeople.com/sitemap/trades/a,alphabetical_trade_sitemap,2026-09-05,Public A-Z trade and skill sitemap.,London
Rated People,Blind / Curtain / Shutter - Installation,Blind / Curtain / Shutter - Installation,Blinds & Shutters,Blind Installation,kept_mapped,V2,https://www.ratedpeople.com/sitemap/trades/a,alphabetical_trade_sitemap,2026-09-05,Public A-Z trade and skill sitemap.,London
Rated People,Brick & Stone Cleaning,Brick & Stone Cleaning,Cleaning Services,General Cleaning,kept_mapped,V2,https://www.ratedpeople.com/sitemap/trades/a,alphabetical_trade_sitemap,2026-09-05,Public A-Z trade and skill sitemap.,London
Rated People,Brick / Block Paving,Brick / Block Paving,Driveways & Paving,Paving,kept_mapped,V2,https://www.ratedpeople.com/sitemap/trades/a,alphabetical_trade_sitemap,2026-09-05,Public A-Z trade and skill sitemap.,London
Rated People,Bricklayer,Bricklayer,Building & Construction,Bricklaying,kept_mapped,V1,https://www.ratedpeople.com/sitemap/trades/b,alphabetical_trade_sitemap,2026-08-22,Rated People public trade-and-skill sitemap.,
Rated People,All Bricklayers,Bricklayers,Building & Construction,Bricklaying,kept_mapped,V2,https://www.ratedpeople.com/sitemap/trades/a,alphabetical_trade_sitemap,2026-09-05,Public A-Z trade and skill sitemap.,London
Rated People,Buckinghamshire,Buckinghamshire,Excluded,Buckinghamshire,excluded,V2,https://www.ratedpeople.com/sitemap/trades/a,alphabetical_trade_sitemap,2026-09-05,Public A-Z trade and skill sitemap.,London
Rated People,Builder,Builder,Building & Construction,General Building,kept_mapped,V1,https://www.ratedpeople.com/sitemap/trades/b,alphabetical_trade_sitemap,2026-08-22,Rated People public trade-and-skill sitemap.,
Rated People,All Builders,Builders,Building & Construction,General Building,kept_mapped,V2,https://www.ratedpeople.com/sitemap/trades/a,alphabetical_trade_sitemap,2026-09-05,Public A-Z trade and skill sitemap.,London
Rated People,Built-In Furniture,Built-In Furniture,"Furniture, Carpentry & Woodwork",Built-In Furniture,kept_mapped_final,V2,https://www.ratedpeople.com/sitemap/trades/a,alphabetical_trade_sitemap,2026-09-05,Public A-Z trade and skill sitemap.,London
Rated People,Burglar Repairs,Burglar Repairs,Security & Alarm Services,Burglar Alarm Repair,kept_mapped_final,V2,https://www.ratedpeople.com/sitemap/trades/a,alphabetical_trade_sitemap,2026-09-05,Public A-Z trade and skill sitemap.,London
Rated People,"Burglar, Security & Intruder Alarm Installation","Burglar, Security & Intruder Alarm Installation",Security & Alarm Services,"Burglar, Security & Intruder Alarm Installation",kept_mapped_final,V2,https://www.ratedpeople.com/sitemap/trades/a,alphabetical_trade_sitemap,2026-09-05,Public A-Z trade and skill sitemap.,London
Rated People,All CCTV / Satellites / Alarms,CCTV / Satellites / Alarms,Security & Alarm Services,CCTV / Satellites / Alarms,kept_mapped_final,V2,https://www.ratedpeople.com/sitemap/trades/a,alphabetical_trade_sitemap,2026-09-05,Public A-Z trade and skill sitemap.,London
Rated People,CCTV Installation,CCTV Installation,Security & Alarm Services,CCTV Installation,kept_mapped_final,V2,https://www.ratedpeople.com/sitemap/trades/a,alphabetical_trade_sitemap,2026-09-05,Public A-Z trade and skill sitemap.,London
Rated People,Caithness,Caithness,Excluded,Caithness,excluded,V2,https://www.ratedpeople.com/sitemap/trades/a,alphabetical_trade_sitemap,2026-09-05,Public A-Z trade and skill sitemap.,London
Rated People,Cambridgeshire,Cambridgeshire,Excluded,Cambridgeshire,excluded,V2,https://www.ratedpeople.com/sitemap/trades/a,alphabetical_trade_sitemap,2026-09-05,Public A-Z trade and skill sitemap.,London
Rated People,Carbon Monoxide Alarms - Installation,Carbon Monoxide Alarms - Installation,Other Services / Unclassified,Carbon Monoxide Alarms - Installation,kept_unclassified,V2,https://www.ratedpeople.com/sitemap/trades/a,alphabetical_trade_sitemap,2026-09-05,Public A-Z trade and skill sitemap.,London
Rated People,Carpenter / Joiner,Carpenter / Joiner,Carpentry & Joinery,General Carpentry & Joinery,kept_mapped,V1,https://www.ratedpeople.com/sitemap/trades/c,alphabetical_trade_sitemap,2026-08-22,Rated People public trade-and-skill sitemap.,
Rated People,All Carpenter / Joiners,Carpenter / Joiners,Carpentry & Joinery,General Carpentry & Joinery,kept_mapped,V2,https://www.ratedpeople.com/sitemap/trades/a,alphabetical_trade_sitemap,2026-09-05,Public A-Z trade and skill sitemap.,London
Rated People,Carpet Cleaning,Carpet Cleaning,Cleaning Services,General Cleaning,kept_mapped,V2,https://www.ratedpeople.com/sitemap/trades/a,alphabetical_trade_sitemap,2026-09-05,Public A-Z trade and skill sitemap.,London
Rated People,Carpet Fitters,Carpet Fitters,Flooring & Tiling Services,Carpet Fitting,kept_mapped_final,V2,https://www.ratedpeople.com/sitemap/trades/a,alphabetical_trade_sitemap,2026-09-05,Public A-Z trade and skill sitemap.,London
Rated People,Cat Flap - Installation,Cat Flap - Installation,Pet & Animal Services,Cat Flap - Installation,kept_mapped_final,V2,https://www.ratedpeople.com/sitemap/trades/a,alphabetical_trade_sitemap,2026-09-05,Public A-Z trade and skill sitemap.,London
Rated People,Cavity Wall Insulation,Cavity Wall Insulation,Insulation Services,Cavity Wall Insulation,kept_mapped,V2,https://www.ratedpeople.com/sitemap/trades/a,alphabetical_trade_sitemap,2026-09-05,Public A-Z trade and skill sitemap.,London
Rated People,Cellar & Basement Conversion,Cellar & Basement Conversion,Building & Construction,Cellar & Basement Conversion,kept_mapped_final,V2,https://www.ratedpeople.com/sitemap/trades/a,alphabetical_trade_sitemap,2026-09-05,Public A-Z trade and skill sitemap.,London
Rated People,Cheshire,Cheshire,Excluded,Cheshire,excluded,V2,https://www.ratedpeople.com/sitemap/trades/a,alphabetical_trade_sitemap,2026-09-05,Public A-Z trade and skill sitemap.,London
Rated People,Chimney Building / Repair,Chimney Building / Repair,Chimney Services,General Chimney Services,kept_mapped,V2,https://www.ratedpeople.com/sitemap/trades/a,alphabetical_trade_sitemap,2026-09-05,Public A-Z trade and skill sitemap.,London
Rated People,City of Aberdeen,City of Aberdeen,Excluded,City of Aberdeen,excluded,V2,https://www.ratedpeople.com/sitemap/trades/a,alphabetical_trade_sitemap,2026-09-05,Public A-Z trade and skill sitemap.,London
Rated People,City of Dundee,City of Dundee,Excluded,City of Dundee,excluded,V2,https://www.ratedpeople.com/sitemap/trades/a,alphabetical_trade_sitemap,2026-09-05,Public A-Z trade and skill sitemap.,London
Rated People,City of Edinburgh,City of Edinburgh,Excluded,City of Edinburgh,excluded,V2,https://www.ratedpeople.com/sitemap/trades/a,alphabetical_trade_sitemap,2026-09-05,Public A-Z trade and skill sitemap.,London
Rated People,City of Glasgow,City of Glasgow,Excluded,City of Glasgow,excluded,V2,https://www.ratedpeople.com/sitemap/trades/a,alphabetical_trade_sitemap,2026-09-05,Public A-Z trade and skill sitemap.,London
Rated People,Clackmannan,Clackmannan,Excluded,Clackmannan,excluded,V2,https://www.ratedpeople.com/sitemap/trades/a,alphabetical_trade_sitemap,2026-09-05,Public A-Z trade and skill sitemap.,London
Rated People,Cladding,Cladding,Cladding & Exterior Finishes,Cladding,kept_mapped_final,V2,https://www.ratedpeople.com/sitemap/trades/a,alphabetical_trade_sitemap,2026-09-05,Public A-Z trade and skill sitemap.,London
Rated People,Cleaner,Cleaner,Cleaning Services,General Cleaning,kept_mapped,V1,https://www.ratedpeople.com/sitemap/trades/c,alphabetical_trade_sitemap,2026-08-22,Rated People public trade-and-skill sitemap.,
Rated People,All Cleaners,Cleaners,Cleaning Services,General Cleaning,kept_mapped,V2,https://www.ratedpeople.com/sitemap/trades/a,alphabetical_trade_sitemap,2026-09-05,Public A-Z trade and skill sitemap.,London
Rated People,Clwyd,Clwyd,Excluded,Clwyd,excluded,V2,https://www.ratedpeople.com/sitemap/trades/a,alphabetical_trade_sitemap,2026-09-05,Public A-Z trade and skill sitemap.,London
Rated People,Commercial Pest Control,Commercial Pest Control,Pest Control Services,General Pest Control,kept_mapped,V2,https://www.ratedpeople.com/sitemap/trades/a,alphabetical_trade_sitemap,2026-09-05,Public A-Z trade and skill sitemap.,London
Rated People,Commercial Window Cleaning,Commercial Window Cleaning,Cleaning Services,General Cleaning,kept_mapped,V2,https://www.ratedpeople.com/sitemap/trades/a,alphabetical_trade_sitemap,2026-09-05,Public A-Z trade and skill sitemap.,London
Rated People,Complete Bathroom Refurbishment,Complete Bathroom Refurbishment,Building & Construction,Complete Bathroom Refurbishment,kept_mapped_final,V2,https://www.ratedpeople.com/sitemap/trades/a,alphabetical_trade_sitemap,2026-09-05,Public A-Z trade and skill sitemap.,London
Rated People,Complete Kitchen Refurbishment,Complete Kitchen Refurbishment,Building & Construction,Complete Kitchen Refurbishment,kept_mapped_final,V2,https://www.ratedpeople.com/sitemap/trades/a,alphabetical_trade_sitemap,2026-09-05,Public A-Z trade and skill sitemap.,London
Rated People,Concrete Driveway,Concrete Driveway,Concrete & Aggregate Services,Concrete Driveways,kept_mapped_final,V2,https://www.ratedpeople.com/sitemap/trades/a,alphabetical_trade_sitemap,2026-09-05,Public A-Z trade and skill sitemap.,London
Rated People,Conservatory,Conservatory,Conservatory Services,General Conservatory Services,kept_mapped,V2,https://www.ratedpeople.com/sitemap/trades/a,alphabetical_trade_sitemap,2026-09-05,Public A-Z trade and skill sitemap.,London
Rated People,Conservatory Cleaning / Maintenance,Conservatory Cleaning / Maintenance,Conservatory Services,General Conservatory Services,kept_mapped,V2,https://www.ratedpeople.com/sitemap/trades/a,alphabetical_trade_sitemap,2026-09-05,Public A-Z trade and skill sitemap.,London
Rated People,Cornwall,Cornwall,Excluded,Cornwall,excluded,V2,https://www.ratedpeople.com/sitemap/trades/a,alphabetical_trade_sitemap,2026-09-05,Public A-Z trade and skill sitemap.,London
Rated People,Cost guides,Cost guides,Excluded,Cost guides,excluded,V2,https://www.ratedpeople.com/sitemap/trades/a,alphabetical_trade_sitemap,2026-09-05,Public A-Z trade and skill sitemap.,London
Rated People,Create a job,Create a job,Excluded,Create a job,excluded,V2,https://www.ratedpeople.com/sitemap/trades/a,alphabetical_trade_sitemap,2026-09-05,Public A-Z trade and skill sitemap.,London
Rated People,Crown Reduction,Crown Reduction,Tree & Grounds Services,Crown Reduction,kept_mapped_final,V2,https://www.ratedpeople.com/sitemap/trades/a,alphabetical_trade_sitemap,2026-09-05,Public A-Z trade and skill sitemap.,London
Rated People,Crown Thinning,Crown Thinning,Tree & Grounds Services,Crown Thinning,kept_mapped_final,V2,https://www.ratedpeople.com/sitemap/trades/a,alphabetical_trade_sitemap,2026-09-05,Public A-Z trade and skill sitemap.,London
Rated People,Cumbria,Cumbria,Excluded,Cumbria,excluded,V2,https://www.ratedpeople.com/sitemap/trades/a,alphabetical_trade_sitemap,2026-09-05,Public A-Z trade and skill sitemap.,London
Rated People,Damp Proofing,Damp Proofing,Roofing Services,General Roofing,kept_mapped,V2,https://www.ratedpeople.com/sitemap/trades/a,alphabetical_trade_sitemap,2026-09-05,Public A-Z trade and skill sitemap.,London
Rated People,Decorative Cornicing / Plasterwork,Decorative Cornicing / Plasterwork,Other Services / Unclassified,Decorative Cornicing / Plasterwork,kept_unclassified,V2,https://www.ratedpeople.com/sitemap/trades/a,alphabetical_trade_sitemap,2026-09-05,Public A-Z trade and skill sitemap.,London
Rated People,Decorative Glazing,Decorative Glazing,"Doors, Windows & Glazing",Decorative Glazing,kept_mapped_final,V2,https://www.ratedpeople.com/sitemap/trades/a,alphabetical_trade_sitemap,2026-09-05,Public A-Z trade and skill sitemap.,London
Rated People,Decorative Ironmongery and Metalwork,Decorative Ironmongery and Metalwork,Metalwork & Fabrication,Decorative Metalwork,kept_mapped_final,V2,https://www.ratedpeople.com/sitemap/trades/a,alphabetical_trade_sitemap,2026-09-05,Public A-Z trade and skill sitemap.,London
Rated People,Deep Cleaning - Commercial,Deep Cleaning - Commercial,Cleaning Services,General Cleaning,kept_mapped,V2,https://www.ratedpeople.com/sitemap/trades/a,alphabetical_trade_sitemap,2026-09-05,Public A-Z trade and skill sitemap.,London
Rated People,Deep Cleaning - Domestic,Deep Cleaning - Domestic,Cleaning Services,General Cleaning,kept_mapped,V2,https://www.ratedpeople.com/sitemap/trades/a,alphabetical_trade_sitemap,2026-09-05,Public A-Z trade and skill sitemap.,London
Rated People,Demolition,Demolition,Building & Construction,Demolition,kept_mapped,V2,https://www.ratedpeople.com/sitemap/trades/a,alphabetical_trade_sitemap,2026-09-05,Public A-Z trade and skill sitemap.,London
Rated People,Derbyshire,Derbyshire,Excluded,Derbyshire,excluded,V2,https://www.ratedpeople.com/sitemap/trades/a,alphabetical_trade_sitemap,2026-09-05,Public A-Z trade and skill sitemap.,London
Rated People,Devon,Devon,Excluded,Devon,excluded,V2,https://www.ratedpeople.com/sitemap/trades/a,alphabetical_trade_sitemap,2026-09-05,Public A-Z trade and skill sitemap.,London
Rated People,Digital Home Network,Digital Home Network,"Smart Home, Network & Cabling",Home Network Setup,kept_mapped_final,V2,https://www.ratedpeople.com/sitemap/trades/a,alphabetical_trade_sitemap,2026-09-05,Public A-Z trade and skill sitemap.,London
Rated People,Disability Access Installation,Disability Access Installation,Accessibility & Mobility Services,Accessibility Installation,kept_mapped_final,V2,https://www.ratedpeople.com/sitemap/trades/a,alphabetical_trade_sitemap,2026-09-05,Public A-Z trade and skill sitemap.,London
Rated People,Disabled Access / Mobility Service,Disabled Access / Mobility Service,Accessibility & Mobility Services,Disabled Access / Mobility Service,kept_mapped_final,V2,https://www.ratedpeople.com/sitemap/trades/a,alphabetical_trade_sitemap,2026-09-05,Public A-Z trade and skill sitemap.,London
Rated People,Domestic Appliance Repair,Domestic Appliance Repair,Appliance Repair,General Appliance Repair,kept_mapped,V2,https://www.ratedpeople.com/sitemap/trades/a,alphabetical_trade_sitemap,2026-09-05,Public A-Z trade and skill sitemap.,London
Rated People,Domestic House Cleaning: One Off,Domestic House Cleaning: One Off,Cleaning Services,Domestic Cleaning,kept_mapped,V2,https://www.ratedpeople.com/sitemap/trades/a,alphabetical_trade_sitemap,2026-09-05,Public A-Z trade and skill sitemap.,London
Rated People,Domestic House Cleaning: Regular,Domestic House Cleaning: Regular,Cleaning Services,Domestic Cleaning,kept_mapped,V2,https://www.ratedpeople.com/sitemap/trades/a,alphabetical_trade_sitemap,2026-09-05,Public A-Z trade and skill sitemap.,London
Rated People,Door / Window Painting,Door / Window Painting,Painting & Decorating,General Painting & Decorating,kept_mapped,V2,https://www.ratedpeople.com/sitemap/trades/a,alphabetical_trade_sitemap,2026-09-05,Public A-Z trade and skill sitemap.,London
Rated People,Door Opening,Door Opening,"Doors, Windows & Glazing",Door Opening,kept_mapped_final,V2,https://www.ratedpeople.com/sitemap/trades/a,alphabetical_trade_sitemap,2026-09-05,Public A-Z trade and skill sitemap.,London
Rated People,Door Replacement,Door Replacement,Doors & Door Services,Door Replacement,kept_mapped,V2,https://www.ratedpeople.com/sitemap/trades/a,alphabetical_trade_sitemap,2026-09-05,Public A-Z trade and skill sitemap.,London
Rated People,Dorset,Dorset,Excluded,Dorset,excluded,V2,https://www.ratedpeople.com/sitemap/trades/a,alphabetical_trade_sitemap,2026-09-05,Public A-Z trade and skill sitemap.,London
Rated People,Down,Down,Excluded,Down,excluded,V2,https://www.ratedpeople.com/sitemap/trades/a,alphabetical_trade_sitemap,2026-09-05,Public A-Z trade and skill sitemap.,London
Rated People,Download on the App Store,Download on the App Store,Excluded,Download on the App Store,excluded,V2,https://www.ratedpeople.com/sitemap/trades/a,alphabetical_trade_sitemap,2026-09-05,Public A-Z trade and skill sitemap.,London
Rated People,Drainage Specialist,Drainage Specialist,Other Services / Unclassified,Drainage Specialist,kept_unclassified,V1,https://www.ratedpeople.com/sitemap/trades/d,alphabetical_trade_sitemap,2026-08-22,Rated People public trade-and-skill sitemap.,
Rated People,All Drainage Specialists,Drainage Specialists,Other Services / Unclassified,Drainage Specialists,kept_unclassified,V2,https://www.ratedpeople.com/sitemap/trades/a,alphabetical_trade_sitemap,2026-09-05,Public A-Z trade and skill sitemap.,London
Rated People,Drains - Installation / Unblocking / Cleaning,Drains - Installation / Unblocking / Cleaning,Cleaning Services,General Cleaning,kept_mapped,V2,https://www.ratedpeople.com/sitemap/trades/a,alphabetical_trade_sitemap,2026-09-05,Public A-Z trade and skill sitemap.,London
Rated People,All Driveway pavers,Driveway pavers,"Driveways, Paving & Surfacing",Driveway pavers,kept_mapped_final,V2,https://www.ratedpeople.com/sitemap/trades/a,alphabetical_trade_sitemap,2026-09-05,Public A-Z trade and skill sitemap.,London
Rated People,Dry Lining & Plasterboard - Installation,Dry Lining & Plasterboard - Installation,Ceiling & Interior Finishes,Dry Lining,kept_mapped,V2,https://www.ratedpeople.com/sitemap/trades/a,alphabetical_trade_sitemap,2026-09-05,Public A-Z trade and skill sitemap.,London
Rated People,Dry Lining & Plasterboard - Repair,Dry Lining & Plasterboard - Repair,Ceiling & Interior Finishes,Dry Lining,kept_mapped,V2,https://www.ratedpeople.com/sitemap/trades/a,alphabetical_trade_sitemap,2026-09-05,Public A-Z trade and skill sitemap.,London
Rated People,Dumfries,Dumfries,Excluded,Dumfries,excluded,V2,https://www.ratedpeople.com/sitemap/trades/a,alphabetical_trade_sitemap,2026-09-05,Public A-Z trade and skill sitemap.,London
Rated People,Dunbartonshire,Dunbartonshire,Excluded,Dunbartonshire,excluded,V2,https://www.ratedpeople.com/sitemap/trades/a,alphabetical_trade_sitemap,2026-09-05,Public A-Z trade and skill sitemap.,London
Rated People,Durham,Durham,Excluded,Durham,excluded,V2,https://www.ratedpeople.com/sitemap/trades/a,alphabetical_trade_sitemap,2026-09-05,Public A-Z trade and skill sitemap.,London
Rated People,Dyfed,Dyfed,Excluded,Dyfed,excluded,V2,https://www.ratedpeople.com/sitemap/trades/a,alphabetical_trade_sitemap,2026-09-05,Public A-Z trade and skill sitemap.,London
Rated People,East Lothian,East Lothian,Excluded,East Lothian,excluded,V2,https://www.ratedpeople.com/sitemap/trades/a,alphabetical_trade_sitemap,2026-09-05,Public A-Z trade and skill sitemap.,London
Rated People,East Riding of Yorkshire,East Riding of Yorkshire,Excluded,East Riding of Yorkshire,excluded,V2,https://www.ratedpeople.com/sitemap/trades/a,alphabetical_trade_sitemap,2026-09-05,Public A-Z trade and skill sitemap.,London
Rated People,East Sussex,East Sussex,Excluded,East Sussex,excluded,V2,https://www.ratedpeople.com/sitemap/trades/a,alphabetical_trade_sitemap,2026-09-05,Public A-Z trade and skill sitemap.,London
Rated People,Electric Boiler - Installation,Electric Boiler - Installation,Heating & Boiler Services,Boiler Installation,kept_mapped,V2,https://www.ratedpeople.com/sitemap/trades/a,alphabetical_trade_sitemap,2026-09-05,Public A-Z trade and skill sitemap.,London
Rated People,Electric Boiler - Repair,Electric Boiler - Repair,Heating & Boiler Services,Boiler Repair,kept_mapped,V2,https://www.ratedpeople.com/sitemap/trades/a,alphabetical_trade_sitemap,2026-09-05,Public A-Z trade and skill sitemap.,London
Rated People,Electric Boiler - Service,Electric Boiler - Service,Heating & Boiler Services,Boiler Servicing,kept_mapped,V2,https://www.ratedpeople.com/sitemap/trades/a,alphabetical_trade_sitemap,2026-09-05,Public A-Z trade and skill sitemap.,London
Rated People,Electric Car Charging Point Installation,Electric Car Charging Point Installation,Electrical Services,Electric Car Charging Point Installation,kept_mapped_final,V2,https://www.ratedpeople.com/sitemap/trades/a,alphabetical_trade_sitemap,2026-09-05,Public A-Z trade and skill sitemap.,London
Rated People,Electric Oven / Hob - Installation,Electric Oven / Hob - Installation,Electrical Services,Electric Oven / Hob - Installation,kept_mapped_final,V2,https://www.ratedpeople.com/sitemap/trades/a,alphabetical_trade_sitemap,2026-09-05,Public A-Z trade and skill sitemap.,London
Rated People,Electric Underfloor Heating,Electric Underfloor Heating,"Heating, Boiler & Gas Services",Electric Underfloor Heating,kept_mapped_final,V2,https://www.ratedpeople.com/sitemap/trades/a,alphabetical_trade_sitemap,2026-09-05,Public A-Z trade and skill sitemap.,London
Rated People,Electrical Inspection Condition Report,Electrical Inspection Condition Report,Electrical Services,Electrical Inspection & EICR,kept_mapped,V2,https://www.ratedpeople.com/sitemap/trades/a,alphabetical_trade_sitemap,2026-09-05,Public A-Z trade and skill sitemap.,London
Rated People,Electrical Installation / Testing,Electrical Installation / Testing,Electrical Services,Electrical Installation / Testing,kept_mapped_final,V2,https://www.ratedpeople.com/sitemap/trades/a,alphabetical_trade_sitemap,2026-09-05,Public A-Z trade and skill sitemap.,London
Rated People,Electrician,Electrician,Electrical Services,General Electrical Services,kept_mapped,V1,https://www.ratedpeople.com/sitemap/trades/e,alphabetical_trade_sitemap,2026-08-22,Rated People public trade-and-skill sitemap.,
Rated People,All Electricians,Electricians,Electrical Services,General Electrical Services,kept_mapped,V2,https://www.ratedpeople.com/sitemap/trades/a,alphabetical_trade_sitemap,2026-09-05,Public A-Z trade and skill sitemap.,London
Rated People,Emergency / 24 Hour Locksmith,Emergency / 24 Hour Locksmith,Locksmith Services,General Locksmith,kept_mapped,V2,https://www.ratedpeople.com/sitemap/trades/a,alphabetical_trade_sitemap,2026-09-05,Public A-Z trade and skill sitemap.,London
Rated People,Emergency / 24 Hour Plumber,Emergency / 24 Hour Plumber,Plumbing Services,General Plumbing,kept_mapped,V2,https://www.ratedpeople.com/sitemap/trades/a,alphabetical_trade_sitemap,2026-09-05,Public A-Z trade and skill sitemap.,London
Rated People,Emergency Electrician,Emergency Electrician,Electrical Services,Emergency Electrical,kept_mapped,V2,https://www.ratedpeople.com/sitemap/trades/a,alphabetical_trade_sitemap,2026-09-05,Public A-Z trade and skill sitemap.,London
Rated People,End of Tenancy Cleaning,End of Tenancy Cleaning,Cleaning Services,General Cleaning,kept_mapped,V2,https://www.ratedpeople.com/sitemap/trades/a,alphabetical_trade_sitemap,2026-09-05,Public A-Z trade and skill sitemap.,London
Rated People,Essex,Essex,Excluded,Essex,excluded,V2,https://www.ratedpeople.com/sitemap/trades/a,alphabetical_trade_sitemap,2026-09-05,Public A-Z trade and skill sitemap.,London
Rated People,External Lighting,External Lighting,Electrical Services,External Lighting,kept_mapped_final,V2,https://www.ratedpeople.com/sitemap/trades/a,alphabetical_trade_sitemap,2026-09-05,Public A-Z trade and skill sitemap.,London
Rated People,External Rendering,External Rendering,Plastering & Rendering,Rendering,kept_mapped,V2,https://www.ratedpeople.com/sitemap/trades/a,alphabetical_trade_sitemap,2026-09-05,Public A-Z trade and skill sitemap.,London
Rated People,External Tiling,External Tiling,Tiling,General Tiling,kept_mapped,V2,https://www.ratedpeople.com/sitemap/trades/a,alphabetical_trade_sitemap,2026-09-05,Public A-Z trade and skill sitemap.,London
Rated People,External Wall Insulation,External Wall Insulation,Insulation Services,Wall Insulation,kept_mapped,V2,https://www.ratedpeople.com/sitemap/trades/a,alphabetical_trade_sitemap,2026-09-05,Public A-Z trade and skill sitemap.,London
Rated People,External Wall Painting,External Wall Painting,Painting & Decorating,General Painting & Decorating,kept_mapped,V2,https://www.ratedpeople.com/sitemap/trades/a,alphabetical_trade_sitemap,2026-09-05,Public A-Z trade and skill sitemap.,London
Rated People,Fermanagh,Fermanagh,Excluded,Fermanagh,excluded,V2,https://www.ratedpeople.com/sitemap/trades/a,alphabetical_trade_sitemap,2026-09-05,Public A-Z trade and skill sitemap.,London
Rated People,Fife,Fife,Excluded,Fife,excluded,V2,https://www.ratedpeople.com/sitemap/trades/a,alphabetical_trade_sitemap,2026-09-05,Public A-Z trade and skill sitemap.,London
Rated People,Find a tradesperson,Find a tradesperson,Excluded,Find a tradesperson,excluded,V2,https://www.ratedpeople.com/sitemap/trades/a,alphabetical_trade_sitemap,2026-09-05,Public A-Z trade and skill sitemap.,London
Rated People,Fire Alarm Installation,Fire Alarm Installation,Fire & Safety Systems,Fire Alarm Installation,kept_mapped,V2,https://www.ratedpeople.com/sitemap/trades/a,alphabetical_trade_sitemap,2026-09-05,Public A-Z trade and skill sitemap.,London
Rated People,Fireplace,Fireplace,Chimney & Fireplace Services,Fireplace,kept_mapped_final,V2,https://www.ratedpeople.com/sitemap/trades/a,alphabetical_trade_sitemap,2026-09-05,Public A-Z trade and skill sitemap.,London
Rated People,Fitted Bedrooms / Wardrobes,Fitted Bedrooms / Wardrobes,Interior Design & Fit-Out,Fitted Bedrooms,kept_mapped_final,V2,https://www.ratedpeople.com/sitemap/trades/a,alphabetical_trade_sitemap,2026-09-05,Public A-Z trade and skill sitemap.,London
Rated People,Fitted Kitchens,Fitted Kitchens,Other Services / Unclassified,Fitted Kitchens,kept_unclassified,V2,https://www.ratedpeople.com/sitemap/trades/a,alphabetical_trade_sitemap,2026-09-05,Public A-Z trade and skill sitemap.,London
Rated People,Flat Pack Furniture Assembly,Flat Pack Furniture Assembly,Furniture Services,Furniture Assembly,kept_mapped,V2,https://www.ratedpeople.com/sitemap/trades/a,alphabetical_trade_sitemap,2026-09-05,Public A-Z trade and skill sitemap.,London
Rated People,Flat Roof - Installation / Repair,Flat Roof - Installation / Repair,Roofing Services,Roof Installation,kept_mapped,V2,https://www.ratedpeople.com/sitemap/trades/a,alphabetical_trade_sitemap,2026-09-05,Public A-Z trade and skill sitemap.,London
Rated People,Floor Sanding & Finishing,Floor Sanding & Finishing,Flooring & Tiling Services,Floor Sanding & Finishing,kept_mapped_final,V2,https://www.ratedpeople.com/sitemap/trades/a,alphabetical_trade_sitemap,2026-09-05,Public A-Z trade and skill sitemap.,London
Rated People,Floor Tiling,Floor Tiling,Tiling,General Tiling,kept_mapped,V2,https://www.ratedpeople.com/sitemap/trades/a,alphabetical_trade_sitemap,2026-09-05,Public A-Z trade and skill sitemap.,London
Rated People,All Floor fitters,Floor fitters,Flooring & Tiling Services,Floor fitters,kept_mapped_final,V2,https://www.ratedpeople.com/sitemap/trades/a,alphabetical_trade_sitemap,2026-09-05,Public A-Z trade and skill sitemap.,London
Rated People,For tradespeople,For tradespeople,Excluded,For tradespeople,excluded,V2,https://www.ratedpeople.com/sitemap/trades/a,alphabetical_trade_sitemap,2026-09-05,Public A-Z trade and skill sitemap.,London
Rated People,Garage Conversion,Garage Conversion,Building & Construction,Garage Conversion,kept_mapped,V2,https://www.ratedpeople.com/sitemap/trades/a,alphabetical_trade_sitemap,2026-09-05,Public A-Z trade and skill sitemap.,London
Rated People,Garage Doors - Installation / Repair,Garage Doors - Installation / Repair,Doors & Door Services,Garage Door Installation,kept_mapped,V2,https://www.ratedpeople.com/sitemap/trades/a,alphabetical_trade_sitemap,2026-09-05,Public A-Z trade and skill sitemap.,London
Rated People,Garden Clearance,Garden Clearance,Gardening & Landscaping,Garden Clearance,kept_mapped,V2,https://www.ratedpeople.com/sitemap/trades/a,alphabetical_trade_sitemap,2026-09-05,Public A-Z trade and skill sitemap.,London
Rated People,Garden Design,Garden Design,Gardening & Landscaping,Garden Design,kept_mapped,V2,https://www.ratedpeople.com/sitemap/trades/a,alphabetical_trade_sitemap,2026-09-05,Public A-Z trade and skill sitemap.,London
Rated People,Garden Maintenance,Garden Maintenance,Gardening & Landscaping,Garden Maintenance,kept_mapped,V2,https://www.ratedpeople.com/sitemap/trades/a,alphabetical_trade_sitemap,2026-09-05,Public A-Z trade and skill sitemap.,London
Rated People,Garden Office / Studio Construction,Garden Office / Studio Construction,Building & Construction,Garden Office / Studio Construction,kept_mapped_final,V2,https://www.ratedpeople.com/sitemap/trades/a,alphabetical_trade_sitemap,2026-09-05,Public A-Z trade and skill sitemap.,London
Rated People,Garden Shed / Playhouse,Garden Shed / Playhouse,Gardening & Landscaping,Garden Shed / Playhouse,kept_mapped_final,V2,https://www.ratedpeople.com/sitemap/trades/a,alphabetical_trade_sitemap,2026-09-05,Public A-Z trade and skill sitemap.,London
Rated People,Garden Wall,Garden Wall,Gardening & Landscaping,Garden Wall,kept_mapped_final,V2,https://www.ratedpeople.com/sitemap/trades/a,alphabetical_trade_sitemap,2026-09-05,Public A-Z trade and skill sitemap.,London
Rated People,All Gardener / Landscape gardeners,Gardener / Landscape gardeners,Gardening & Landscaping,General Gardening,kept_mapped,V2,https://www.ratedpeople.com/sitemap/trades/a,alphabetical_trade_sitemap,2026-09-05,Public A-Z trade and skill sitemap.,London
Rated People,Gas / Heating engineer,Gas / Heating engineer,Heating & Boiler Services,General Heating Services,kept_mapped,V1,https://www.ratedpeople.com/sitemap/trades/g,alphabetical_trade_sitemap,2026-08-22,Rated People public trade-and-skill sitemap.,
Rated People,All Gas / Heating engineers,Gas / Heating engineers,Heating & Boiler Services,General Heating Services,kept_mapped,V2,https://www.ratedpeople.com/sitemap/trades/a,alphabetical_trade_sitemap,2026-09-05,Public A-Z trade and skill sitemap.,London
Rated People,Gas Boiler - Installation,Gas Boiler - Installation,Heating & Boiler Services,Boiler Installation,kept_mapped,V2,https://www.ratedpeople.com/sitemap/trades/a,alphabetical_trade_sitemap,2026-09-05,Public A-Z trade and skill sitemap.,London
Rated People,Gas Boiler - Repair,Gas Boiler - Repair,Heating & Boiler Services,Boiler Repair,kept_mapped,V2,https://www.ratedpeople.com/sitemap/trades/a,alphabetical_trade_sitemap,2026-09-05,Public A-Z trade and skill sitemap.,London
Rated People,Gas Boiler - Service,Gas Boiler - Service,Heating & Boiler Services,Boiler Servicing,kept_mapped,V2,https://www.ratedpeople.com/sitemap/trades/a,alphabetical_trade_sitemap,2026-09-05,Public A-Z trade and skill sitemap.,London
Rated People,Gas Cooker / Hob - Installation,Gas Cooker / Hob - Installation,"Heating, Boiler & Gas Services",Gas Cooker / Hob - Installation,kept_mapped_final,V2,https://www.ratedpeople.com/sitemap/trades/a,alphabetical_trade_sitemap,2026-09-05,Public A-Z trade and skill sitemap.,London
Rated People,Gas Cooker / Hob - Repair,Gas Cooker / Hob - Repair,"Heating, Boiler & Gas Services",Gas Cooker / Hob - Repair,kept_mapped_final,V2,https://www.ratedpeople.com/sitemap/trades/a,alphabetical_trade_sitemap,2026-09-05,Public A-Z trade and skill sitemap.,London
Rated People,Gas Fire,Gas Fire,"Heating, Boiler & Gas Services",Gas Fire,kept_mapped_final,V2,https://www.ratedpeople.com/sitemap/trades/a,alphabetical_trade_sitemap,2026-09-05,Public A-Z trade and skill sitemap.,London
Rated People,General Fitted Furniture,General Fitted Furniture,"Furniture, Carpentry & Woodwork",General Fitted Furniture,kept_mapped_final,V2,https://www.ratedpeople.com/sitemap/trades/a,alphabetical_trade_sitemap,2026-09-05,Public A-Z trade and skill sitemap.,London
Rated People,Get it on Google Play,Get it on Google Play,Excluded,Get it on Google Play,excluded,V2,https://www.ratedpeople.com/sitemap/trades/a,alphabetical_trade_sitemap,2026-09-05,Public A-Z trade and skill sitemap.,London
Rated People,Gloucestershire,Gloucestershire,Excluded,Gloucestershire,excluded,V2,https://www.ratedpeople.com/sitemap/trades/a,alphabetical_trade_sitemap,2026-09-05,Public A-Z trade and skill sitemap.,London
Rated People,Greater Manchester,Greater Manchester,Excluded,Greater Manchester,excluded,V2,https://www.ratedpeople.com/sitemap/trades/a,alphabetical_trade_sitemap,2026-09-05,Public A-Z trade and skill sitemap.,London
Rated People,Groundwork / Foundations,Groundwork / Foundations,"Groundworks, Excavation & Plant Hire",Groundworks,kept_mapped_final,V2,https://www.ratedpeople.com/sitemap/trades/a,alphabetical_trade_sitemap,2026-09-05,Public A-Z trade and skill sitemap.,London
Rated People,Guttering and Rainwater Pipe,Guttering and Rainwater Pipe,Roofing Services,Guttering and Rainwater Pipe,kept_mapped_final,V2,https://www.ratedpeople.com/sitemap/trades/a,alphabetical_trade_sitemap,2026-09-05,Public A-Z trade and skill sitemap.,London
Rated People,Gwent,Gwent,Excluded,Gwent,excluded,V2,https://www.ratedpeople.com/sitemap/trades/a,alphabetical_trade_sitemap,2026-09-05,Public A-Z trade and skill sitemap.,London
Rated People,Gwynedd,Gwynedd,Excluded,Gwynedd,excluded,V2,https://www.ratedpeople.com/sitemap/trades/a,alphabetical_trade_sitemap,2026-09-05,Public A-Z trade and skill sitemap.,London
Rated People,Hampshire,Hampshire,Excluded,Hampshire,excluded,V2,https://www.ratedpeople.com/sitemap/trades/a,alphabetical_trade_sitemap,2026-09-05,Public A-Z trade and skill sitemap.,London
Rated People,Handyperson,Handyperson,"Handyman, Assembly & Mounting",General Handyman,kept_mapped_final,V1,https://www.ratedpeople.com/sitemap/trades/h,alphabetical_trade_sitemap,2026-08-22,Rated People public trade-and-skill sitemap.,
Rated People,All Handypersons,Handypersons,"Handyman, Assembly & Mounting",General Handyman,kept_mapped_final,V2,https://www.ratedpeople.com/sitemap/trades/a,alphabetical_trade_sitemap,2026-09-05,Public A-Z trade and skill sitemap.,London
Rated People,Heat Pump (Air source/ Ground Source),Heat Pump (Air source/ Ground Source),Renewable Energy Services,Heat Pump Services,kept_mapped,V2,https://www.ratedpeople.com/sitemap/trades/a,alphabetical_trade_sitemap,2026-09-05,Public A-Z trade and skill sitemap.,London
Rated People,Help & FAQs,Help & FAQs,Excluded,Help & FAQs,excluded,V2,https://www.ratedpeople.com/sitemap/trades/a,alphabetical_trade_sitemap,2026-09-05,Public A-Z trade and skill sitemap.,London
Rated People,Herefordshire,Herefordshire,Excluded,Herefordshire,excluded,V2,https://www.ratedpeople.com/sitemap/trades/a,alphabetical_trade_sitemap,2026-09-05,Public A-Z trade and skill sitemap.,London
Rated People,Hertfordshire,Hertfordshire,Excluded,Hertfordshire,excluded,V2,https://www.ratedpeople.com/sitemap/trades/a,alphabetical_trade_sitemap,2026-09-05,Public A-Z trade and skill sitemap.,London
Rated People,Home Improvements,Home Improvements,Home Improvement & General Maintenance,Home Improvements,kept_mapped_final,V2,https://www.ratedpeople.com/sitemap/trades/a,alphabetical_trade_sitemap,2026-09-05,Public A-Z trade and skill sitemap.,London
Rated People,Home Maintenance / Repair,Home Maintenance / Repair,Home Improvement & General Maintenance,Home Maintenance / Repair,kept_mapped_final,V2,https://www.ratedpeople.com/sitemap/trades/a,alphabetical_trade_sitemap,2026-09-05,Public A-Z trade and skill sitemap.,London
Rated People,Homeowner advice centre,Homeowner advice centre,Excluded,Homeowner advice centre,excluded,V2,https://www.ratedpeople.com/sitemap/trades/a,alphabetical_trade_sitemap,2026-09-05,Public A-Z trade and skill sitemap.,London
Rated People,Hot Tub Installation / Repair,Hot Tub Installation / Repair,Pool & Hot Tub Services,Hot Tub Installation,kept_mapped,V2,https://www.ratedpeople.com/sitemap/trades/a,alphabetical_trade_sitemap,2026-09-05,Public A-Z trade and skill sitemap.,London
Rated People,Hot Water Tank/Appliance Tank Thermostats,Hot Water Tank/Appliance Tank Thermostats,"Water Treatment, Tanks & Pumps",Water Tank Services,kept_mapped_final,V2,https://www.ratedpeople.com/sitemap/trades/a,alphabetical_trade_sitemap,2026-09-05,Public A-Z trade and skill sitemap.,London
Rated People,House Clearance,House Clearance,Waste Services,House Clearance,kept_mapped,V2,https://www.ratedpeople.com/sitemap/trades/a,alphabetical_trade_sitemap,2026-09-05,Public A-Z trade and skill sitemap.,London
Rated People,House Extension,House Extension,Building & Construction,Home Extensions,kept_mapped,V2,https://www.ratedpeople.com/sitemap/trades/a,alphabetical_trade_sitemap,2026-09-05,Public A-Z trade and skill sitemap.,London
Rated People,House Removals,House Removals,Removals & Moving,House Removals,kept_mapped,V2,https://www.ratedpeople.com/sitemap/trades/a,alphabetical_trade_sitemap,2026-09-05,Public A-Z trade and skill sitemap.,London
Rated People,Inspiration centre,Inspiration centre,Excluded,Inspiration centre,excluded,V2,https://www.ratedpeople.com/sitemap/trades/a,alphabetical_trade_sitemap,2026-09-05,Public A-Z trade and skill sitemap.,London
Rated People,Internal Lighting,Internal Lighting,Electrical Services,Internal Lighting,kept_mapped_final,V2,https://www.ratedpeople.com/sitemap/trades/a,alphabetical_trade_sitemap,2026-09-05,Public A-Z trade and skill sitemap.,London
Rated People,Internal Painting & Decorating,Internal Painting & Decorating,Painting & Decorating,General Painting & Decorating,kept_mapped,V2,https://www.ratedpeople.com/sitemap/trades/a,alphabetical_trade_sitemap,2026-09-05,Public A-Z trade and skill sitemap.,London
Rated People,Internal Rendering,Internal Rendering,Plastering & Rendering,Rendering,kept_mapped,V2,https://www.ratedpeople.com/sitemap/trades/a,alphabetical_trade_sitemap,2026-09-05,Public A-Z trade and skill sitemap.,London
Rated People,Inverness,Inverness,Excluded,Inverness,excluded,V2,https://www.ratedpeople.com/sitemap/trades/a,alphabetical_trade_sitemap,2026-09-05,Public A-Z trade and skill sitemap.,London
Rated People,Isle of Wight,Isle of Wight,Excluded,Isle of Wight,excluded,V2,https://www.ratedpeople.com/sitemap/trades/a,alphabetical_trade_sitemap,2026-09-05,Public A-Z trade and skill sitemap.,London
Rated People,Jet / Power Washing,Jet / Power Washing,Other Services / Unclassified,Jet / Power Washing,kept_unclassified,V2,https://www.ratedpeople.com/sitemap/trades/a,alphabetical_trade_sitemap,2026-09-05,Public A-Z trade and skill sitemap.,London
Rated People,Kent,Kent,Excluded,Kent,excluded,V2,https://www.ratedpeople.com/sitemap/trades/a,alphabetical_trade_sitemap,2026-09-05,Public A-Z trade and skill sitemap.,London
Rated People,Kincardineshire,Kincardineshire,Excluded,Kincardineshire,excluded,V2,https://www.ratedpeople.com/sitemap/trades/a,alphabetical_trade_sitemap,2026-09-05,Public A-Z trade and skill sitemap.,London
Rated People,Kitchen Design / Installation,Kitchen Design / Installation,Kitchen Services,Kitchen Design / Installation,kept_mapped_final,V2,https://www.ratedpeople.com/sitemap/trades/a,alphabetical_trade_sitemap,2026-09-05,Public A-Z trade and skill sitemap.,London
Rated People,Kitchen Specialist,Kitchen Specialist,Kitchen Services,Kitchen Specialist,kept_mapped_final,V1,https://www.ratedpeople.com/sitemap/trades/k,alphabetical_trade_sitemap,2026-08-22,Rated People public trade-and-skill sitemap.,
Rated People,All Kitchen Specialists,Kitchen Specialists,Kitchen Services,Kitchen Specialists,kept_mapped_final,V2,https://www.ratedpeople.com/sitemap/trades/a,alphabetical_trade_sitemap,2026-09-05,Public A-Z trade and skill sitemap.,London
Rated People,Kitchen Tiling,Kitchen Tiling,Tiling,General Tiling,kept_mapped,V2,https://www.ratedpeople.com/sitemap/trades/a,alphabetical_trade_sitemap,2026-09-05,Public A-Z trade and skill sitemap.,London
Rated People,Kitchen Worktops - Stone,Kitchen Worktops - Stone,Kitchen Services,Kitchen Worktops - Stone,kept_mapped_final,V2,https://www.ratedpeople.com/sitemap/trades/a,alphabetical_trade_sitemap,2026-09-05,Public A-Z trade and skill sitemap.,London
Rated People,Laminate / Wooden Kitchen Worktops,Laminate / Wooden Kitchen Worktops,Kitchen Services,Laminate / Wooden Kitchen Worktops,kept_mapped_final,V2,https://www.ratedpeople.com/sitemap/trades/a,alphabetical_trade_sitemap,2026-09-05,Public A-Z trade and skill sitemap.,London
Rated People,Laminate Flooring,Laminate Flooring,Flooring,General Flooring,kept_mapped,V2,https://www.ratedpeople.com/sitemap/trades/a,alphabetical_trade_sitemap,2026-09-05,Public A-Z trade and skill sitemap.,London
Rated People,Lanarkshire,Lanarkshire,Excluded,Lanarkshire,excluded,V2,https://www.ratedpeople.com/sitemap/trades/a,alphabetical_trade_sitemap,2026-09-05,Public A-Z trade and skill sitemap.,London
Rated People,Lancashire,Lancashire,Excluded,Lancashire,excluded,V2,https://www.ratedpeople.com/sitemap/trades/a,alphabetical_trade_sitemap,2026-09-05,Public A-Z trade and skill sitemap.,London
Rated People,Landlord Reports / Safety Checks,Landlord Reports / Safety Checks,"Property, Landlord & Estate Services",Landlord Safety Checks,kept_mapped_final,V2,https://www.ratedpeople.com/sitemap/trades/a,alphabetical_trade_sitemap,2026-09-05,Public A-Z trade and skill sitemap.,London
Rated People,Landscaping,Landscaping,Gardening & Landscaping,Landscaping,kept_mapped,V2,https://www.ratedpeople.com/sitemap/trades/a,alphabetical_trade_sitemap,2026-09-05,Public A-Z trade and skill sitemap.,London
Rated People,Lawn Care Services - Grass Cutting / Turfing / Seeding,Lawn Care Services - Grass Cutting / Turfing / Seeding,Gardening & Landscaping,Lawn Mowing,kept_mapped,V2,https://www.ratedpeople.com/sitemap/trades/a,alphabetical_trade_sitemap,2026-09-05,Public A-Z trade and skill sitemap.,London
Rated People,Leadwork,Leadwork,Roofing Services,Leadwork,kept_mapped_final,V2,https://www.ratedpeople.com/sitemap/trades/a,alphabetical_trade_sitemap,2026-09-05,Public A-Z trade and skill sitemap.,London
Rated People,Leicestershire,Leicestershire,Excluded,Leicestershire,excluded,V2,https://www.ratedpeople.com/sitemap/trades/a,alphabetical_trade_sitemap,2026-09-05,Public A-Z trade and skill sitemap.,London
Rated People,Lincolnshire,Lincolnshire,Excluded,Lincolnshire,excluded,V2,https://www.ratedpeople.com/sitemap/trades/a,alphabetical_trade_sitemap,2026-09-05,Public A-Z trade and skill sitemap.,London
Rated People,Linoleum Flooring,Linoleum Flooring,Flooring,General Flooring,kept_mapped,V2,https://www.ratedpeople.com/sitemap/trades/a,alphabetical_trade_sitemap,2026-09-05,Public A-Z trade and skill sitemap.,London
Rated People,Lock Fitting / Repair,Lock Fitting / Repair,"Locksmith, Keys & Safes",Lock Fitting / Repair,kept_mapped_final,V2,https://www.ratedpeople.com/sitemap/trades/a,alphabetical_trade_sitemap,2026-09-05,Public A-Z trade and skill sitemap.,London
Rated People,Locksmith,Locksmith,Locksmith Services,General Locksmith,kept_mapped,V1,https://www.ratedpeople.com/sitemap/trades/l,alphabetical_trade_sitemap,2026-08-22,Rated People public trade-and-skill sitemap.,
Rated People,All Locksmiths,Locksmiths,"Locksmith, Keys & Safes",Locksmith Services,kept_mapped_final,V2,https://www.ratedpeople.com/sitemap/trades/a,alphabetical_trade_sitemap,2026-09-05,Public A-Z trade and skill sitemap.,London
Rated People,Loft Conversion,Loft Conversion,Building & Construction,Loft Conversion,kept_mapped,V2,https://www.ratedpeople.com/sitemap/trades/a,alphabetical_trade_sitemap,2026-09-05,Public A-Z trade and skill sitemap.,London
Rated People,Loft Conversion Specialist,Loft Conversion Specialist,Building & Construction,Loft Conversion,kept_mapped,V1,https://www.ratedpeople.com/sitemap/trades/l,alphabetical_trade_sitemap,2026-08-22,Rated People public trade-and-skill sitemap.,
Rated People,All Loft Conversion Specialists,Loft Conversion Specialists,Building & Construction,Loft Conversion,kept_mapped,V2,https://www.ratedpeople.com/sitemap/trades/a,alphabetical_trade_sitemap,2026-09-05,Public A-Z trade and skill sitemap.,London
Rated People,Log Cabins / Timber Framed Building,Log Cabins / Timber Framed Building,Other Services / Unclassified,Log Cabins / Timber Framed Building,kept_unclassified,V2,https://www.ratedpeople.com/sitemap/trades/a,alphabetical_trade_sitemap,2026-09-05,Public A-Z trade and skill sitemap.,London
Rated People,Londonderry,Londonderry,Excluded,Londonderry,excluded,V2,https://www.ratedpeople.com/sitemap/trades/a,alphabetical_trade_sitemap,2026-09-05,Public A-Z trade and skill sitemap.,London
Rated People,Man/Woman with a Van,Man/Woman with a Van,Other Services / Unclassified,Man/Woman with a Van,kept_unclassified,V2,https://www.ratedpeople.com/sitemap/trades/a,alphabetical_trade_sitemap,2026-09-05,Public A-Z trade and skill sitemap.,London
Rated People,Merseyside,Merseyside,Excluded,Merseyside,excluded,V2,https://www.ratedpeople.com/sitemap/trades/a,alphabetical_trade_sitemap,2026-09-05,Public A-Z trade and skill sitemap.,London
Rated People,Metal Kitchen Worktops,Metal Kitchen Worktops,Kitchen Services,Metal Kitchen Worktops,kept_mapped_final,V2,https://www.ratedpeople.com/sitemap/trades/a,alphabetical_trade_sitemap,2026-09-05,Public A-Z trade and skill sitemap.,London
Rated People,Metal Staircases,Metal Staircases,Carpentry & Joinery,Staircase Services,kept_mapped,V2,https://www.ratedpeople.com/sitemap/trades/a,alphabetical_trade_sitemap,2026-09-05,Public A-Z trade and skill sitemap.,London
Rated People,Mid Glamorgan,Mid Glamorgan,Excluded,Mid Glamorgan,excluded,V2,https://www.ratedpeople.com/sitemap/trades/a,alphabetical_trade_sitemap,2026-09-05,Public A-Z trade and skill sitemap.,London
Rated People,Midlothian,Midlothian,Excluded,Midlothian,excluded,V2,https://www.ratedpeople.com/sitemap/trades/a,alphabetical_trade_sitemap,2026-09-05,Public A-Z trade and skill sitemap.,London
Rated People,Moray,Moray,Excluded,Moray,excluded,V2,https://www.ratedpeople.com/sitemap/trades/a,alphabetical_trade_sitemap,2026-09-05,Public A-Z trade and skill sitemap.,London
Rated People,Mould / Damp Control,Mould / Damp Control,"Damp, Waterproofing & Restoration",Mould / Damp Control,kept_mapped_final,V2,https://www.ratedpeople.com/sitemap/trades/a,alphabetical_trade_sitemap,2026-09-05,Public A-Z trade and skill sitemap.,London
Rated People,Nairn,Nairn,Excluded,Nairn,excluded,V2,https://www.ratedpeople.com/sitemap/trades/a,alphabetical_trade_sitemap,2026-09-05,Public A-Z trade and skill sitemap.,London
Rated People,Norfolk,Norfolk,Excluded,Norfolk,excluded,V2,https://www.ratedpeople.com/sitemap/trades/a,alphabetical_trade_sitemap,2026-09-05,Public A-Z trade and skill sitemap.,London
Rated People,North Yorkshire,North Yorkshire,Excluded,North Yorkshire,excluded,V2,https://www.ratedpeople.com/sitemap/trades/a,alphabetical_trade_sitemap,2026-09-05,Public A-Z trade and skill sitemap.,London
Rated People,Northamptonshire,Northamptonshire,Excluded,Northamptonshire,excluded,V2,https://www.ratedpeople.com/sitemap/trades/a,alphabetical_trade_sitemap,2026-09-05,Public A-Z trade and skill sitemap.,London
Rated People,Northumberland,Northumberland,Excluded,Northumberland,excluded,V2,https://www.ratedpeople.com/sitemap/trades/a,alphabetical_trade_sitemap,2026-09-05,Public A-Z trade and skill sitemap.,London
Rated People,Nottinghamshire,Nottinghamshire,Excluded,Nottinghamshire,excluded,V2,https://www.ratedpeople.com/sitemap/trades/a,alphabetical_trade_sitemap,2026-09-05,Public A-Z trade and skill sitemap.,London
Rated People,Office / Commercial Cleaning,Office / Commercial Cleaning,Cleaning Services,General Cleaning,kept_mapped,V2,https://www.ratedpeople.com/sitemap/trades/a,alphabetical_trade_sitemap,2026-09-05,Public A-Z trade and skill sitemap.,London
Rated People,Oil-Fired Boiler,Oil-Fired Boiler,"Heating, Boiler & Gas Services",Oil-Fired Boiler,kept_mapped_final,V2,https://www.ratedpeople.com/sitemap/trades/a,alphabetical_trade_sitemap,2026-09-05,Public A-Z trade and skill sitemap.,London
Rated People,Orkney,Orkney,Excluded,Orkney,excluded,V2,https://www.ratedpeople.com/sitemap/trades/a,alphabetical_trade_sitemap,2026-09-05,Public A-Z trade and skill sitemap.,London
Rated People,Oven Cleaning,Oven Cleaning,Cleaning Services,General Cleaning,kept_mapped,V2,https://www.ratedpeople.com/sitemap/trades/a,alphabetical_trade_sitemap,2026-09-05,Public A-Z trade and skill sitemap.,London
Rated People,Oxfordshire,Oxfordshire,Excluded,Oxfordshire,excluded,V2,https://www.ratedpeople.com/sitemap/trades/a,alphabetical_trade_sitemap,2026-09-05,Public A-Z trade and skill sitemap.,London
Rated People,Painter and decorator,Painter and decorator,Painting & Decorating,General Painting & Decorating,kept_mapped,V1,https://www.ratedpeople.com/sitemap/trades/p,alphabetical_trade_sitemap,2026-08-22,Rated People public trade-and-skill sitemap.,
Rated People,All Painter and decorators,Painter and decorators,Painting & Decorating,General Painting & Decorating,kept_mapped,V2,https://www.ratedpeople.com/sitemap/trades/a,alphabetical_trade_sitemap,2026-09-05,Public A-Z trade and skill sitemap.,London
Rated People,Partition Wall,Partition Wall,Other Services / Unclassified,Partition Wall,kept_unclassified,V2,https://www.ratedpeople.com/sitemap/trades/a,alphabetical_trade_sitemap,2026-09-05,Public A-Z trade and skill sitemap.,London
Rated People,Pebble Dashing,Pebble Dashing,Other Services / Unclassified,Pebble Dashing,kept_unclassified,V2,https://www.ratedpeople.com/sitemap/trades/a,alphabetical_trade_sitemap,2026-09-05,Public A-Z trade and skill sitemap.,London
Rated People,Period / Listed Building Works,Period / Listed Building Works,Building & Construction,Period / Listed Building Works,kept_mapped_final,V2,https://www.ratedpeople.com/sitemap/trades/a,alphabetical_trade_sitemap,2026-09-05,Public A-Z trade and skill sitemap.,London
Rated People,Period Restoration,Period Restoration,"Damp, Waterproofing & Restoration",Period Restoration,kept_mapped_final,V2,https://www.ratedpeople.com/sitemap/trades/a,alphabetical_trade_sitemap,2026-09-05,Public A-Z trade and skill sitemap.,London
Rated People,Perspex / Protective Screens,Perspex / Protective Screens,"Doors, Windows & Glazing",Perspex / Protective Screens,kept_mapped_final,V2,https://www.ratedpeople.com/sitemap/trades/a,alphabetical_trade_sitemap,2026-09-05,Public A-Z trade and skill sitemap.,London
Rated People,Perth and Kinross,Perth and Kinross,Excluded,Perth and Kinross,excluded,V2,https://www.ratedpeople.com/sitemap/trades/a,alphabetical_trade_sitemap,2026-09-05,Public A-Z trade and skill sitemap.,London
Rated People,Pest Control,Pest Control,Pest Control Services,General Pest Control,kept_mapped,V1,https://www.ratedpeople.com/sitemap/trades/p,alphabetical_trade_sitemap,2026-08-22,Rated People public trade-and-skill sitemap.,
Rated People,All Pest Controlers,Pest Controlers,Pest Control Services,General Pest Control,kept_mapped,V2,https://www.ratedpeople.com/sitemap/trades/a,alphabetical_trade_sitemap,2026-09-05,Public A-Z trade and skill sitemap.,London
Rated People,Pizza Oven,Pizza Oven,"Food, Baking & Personal Chef Services",Pizza Oven,kept_mapped_final,V2,https://www.ratedpeople.com/sitemap/trades/a,alphabetical_trade_sitemap,2026-09-05,Public A-Z trade and skill sitemap.,London
Rated People,Planting,Planting,Gardening & Landscaping,Planting,kept_mapped_final,V2,https://www.ratedpeople.com/sitemap/trades/a,alphabetical_trade_sitemap,2026-09-05,Public A-Z trade and skill sitemap.,London
Rated People,Plaster Skimming,Plaster Skimming,"Painting, Decorating & Wall Finishes",Plaster Skimming,kept_mapped_final,V2,https://www.ratedpeople.com/sitemap/trades/a,alphabetical_trade_sitemap,2026-09-05,Public A-Z trade and skill sitemap.,London
Rated People,Plasterer / Renderer,Plasterer / Renderer,Other Services / Unclassified,Plasterer / Renderer,kept_unclassified,V1,https://www.ratedpeople.com/sitemap/trades/p,alphabetical_trade_sitemap,2026-08-22,Rated People public trade-and-skill sitemap.,
Rated People,All Plasterer / Renderers,Plasterer / Renderers,Other Services / Unclassified,Plasterer / Renderers,kept_unclassified,V2,https://www.ratedpeople.com/sitemap/trades/a,alphabetical_trade_sitemap,2026-09-05,Public A-Z trade and skill sitemap.,London
Rated People,Plastic / Rubber Flooring,Plastic / Rubber Flooring,Flooring,General Flooring,kept_mapped,V2,https://www.ratedpeople.com/sitemap/trades/a,alphabetical_trade_sitemap,2026-09-05,Public A-Z trade and skill sitemap.,London
Rated People,Plumber,Plumber,Plumbing Services,General Plumbing,kept_mapped,V1,https://www.ratedpeople.com/sitemap/trades/p,alphabetical_trade_sitemap,2026-08-22,Rated People public trade-and-skill sitemap.,
Rated People,All Plumbers,Plumbers,Plumbing Services,General Plumbing,kept_mapped,V2,https://www.ratedpeople.com/sitemap/trades/a,alphabetical_trade_sitemap,2026-09-05,Public A-Z trade and skill sitemap.,London
Rated People,Plumbing Repair & Maintenance,Plumbing Repair & Maintenance,Plumbing Services,Plumbing Repair,kept_mapped,V2,https://www.ratedpeople.com/sitemap/trades/a,alphabetical_trade_sitemap,2026-09-05,Public A-Z trade and skill sitemap.,London
Rated People,Pointing / Repointing,Pointing / Repointing,Building & Construction,Pointing / Repointing,kept_mapped_final,V2,https://www.ratedpeople.com/sitemap/trades/a,alphabetical_trade_sitemap,2026-09-05,Public A-Z trade and skill sitemap.,London
Rated People,Polished / Other Plaster Finish,Polished / Other Plaster Finish,"Painting, Decorating & Wall Finishes",Polished / Other Plaster Finish,kept_mapped_final,V2,https://www.ratedpeople.com/sitemap/trades/a,alphabetical_trade_sitemap,2026-09-05,Public A-Z trade and skill sitemap.,London
Rated People,Polished Concrete,Polished Concrete,Concrete & Aggregate Services,Polished Concrete,kept_mapped_final,V2,https://www.ratedpeople.com/sitemap/trades/a,alphabetical_trade_sitemap,2026-09-05,Public A-Z trade and skill sitemap.,London
Rated People,Pond & Water Feature,Pond & Water Feature,Gardening & Landscaping,Pond & Water Feature,kept_mapped_final,V2,https://www.ratedpeople.com/sitemap/trades/a,alphabetical_trade_sitemap,2026-09-05,Public A-Z trade and skill sitemap.,London
Rated People,Porch / Canopy,Porch / Canopy,"Curtains, Awnings & Window Dressings",Awnings & Canopies,kept_mapped_final,V2,https://www.ratedpeople.com/sitemap/trades/a,alphabetical_trade_sitemap,2026-09-05,Public A-Z trade and skill sitemap.,London
Rated People,Post Construction Cleaning,Post Construction Cleaning,Cleaning Services,General Cleaning,kept_mapped,V2,https://www.ratedpeople.com/sitemap/trades/a,alphabetical_trade_sitemap,2026-09-05,Public A-Z trade and skill sitemap.,London
Rated People,Post a job,Post a job,Excluded,Post a job,excluded,V2,https://www.ratedpeople.com/sitemap/trades/a,alphabetical_trade_sitemap,2026-09-05,Public A-Z trade and skill sitemap.,London
Rated People,Power Showers and Pump,Power Showers and Pump,Plumbing & Drainage Services,Power Shower & Pump Services,kept_mapped_final,V2,https://www.ratedpeople.com/sitemap/trades/a,alphabetical_trade_sitemap,2026-09-05,Public A-Z trade and skill sitemap.,London
Rated People,Powys,Powys,Excluded,Powys,excluded,V2,https://www.ratedpeople.com/sitemap/trades/a,alphabetical_trade_sitemap,2026-09-05,Public A-Z trade and skill sitemap.,London
Rated People,Radiator,Radiator,"Heating, Boiler & Gas Services",Radiator,kept_mapped_final,V2,https://www.ratedpeople.com/sitemap/trades/a,alphabetical_trade_sitemap,2026-09-05,Public A-Z trade and skill sitemap.,London
Rated People,Radiator Covers,Radiator Covers,"Heating, Boiler & Gas Services",Radiator Covers,kept_mapped_final,V2,https://www.ratedpeople.com/sitemap/trades/a,alphabetical_trade_sitemap,2026-09-05,Public A-Z trade and skill sitemap.,London
Rated People,Rated Group,Rated Group,Excluded,Rated Group,excluded,V2,https://www.ratedpeople.com/sitemap/trades/a,alphabetical_trade_sitemap,2026-09-05,Public A-Z trade and skill sitemap.,London
Rated People,All Removal Services,Removal Services,Removals & Moving,General Removals,kept_mapped,V2,https://www.ratedpeople.com/sitemap/trades/a,alphabetical_trade_sitemap,2026-09-05,Public A-Z trade and skill sitemap.,London
Rated People,Renewable Energy Specialist,Renewable Energy Specialist,Renewable Energy & Insulation,Renewable Energy Specialist,kept_mapped_final,V1,https://www.ratedpeople.com/sitemap/trades/r,alphabetical_trade_sitemap,2026-08-22,Rated People public trade-and-skill sitemap.,
Rated People,All Renewable Energy Specialists,Renewable Energy Specialists,Renewable Energy & Insulation,Renewable Energy Specialists,kept_mapped_final,V2,https://www.ratedpeople.com/sitemap/trades/a,alphabetical_trade_sitemap,2026-09-05,Public A-Z trade and skill sitemap.,London
Rated People,Renfrewshire,Renfrewshire,Excluded,Renfrewshire,excluded,V2,https://www.ratedpeople.com/sitemap/trades/a,alphabetical_trade_sitemap,2026-09-05,Public A-Z trade and skill sitemap.,London
Rated People,Repeat Garden Maintenance,Repeat Garden Maintenance,Gardening & Landscaping,Garden Maintenance,kept_mapped,V2,https://www.ratedpeople.com/sitemap/trades/a,alphabetical_trade_sitemap,2026-09-05,Public A-Z trade and skill sitemap.,London
Rated People,Repeat Wheelie Bin Clean,Repeat Wheelie Bin Clean,Cleaning Services,Wheelie Bin Cleaning,kept_mapped_final,V2,https://www.ratedpeople.com/sitemap/trades/a,alphabetical_trade_sitemap,2026-09-05,Public A-Z trade and skill sitemap.,London
Rated People,Residential Pest Control,Residential Pest Control,Pest Control Services,General Pest Control,kept_mapped,V2,https://www.ratedpeople.com/sitemap/trades/a,alphabetical_trade_sitemap,2026-09-05,Public A-Z trade and skill sitemap.,London
Rated People,Resin Driveway,Resin Driveway,"Driveways, Paving & Surfacing",Resin Driveway,kept_mapped_final,V2,https://www.ratedpeople.com/sitemap/trades/a,alphabetical_trade_sitemap,2026-09-05,Public A-Z trade and skill sitemap.,London
Rated People,Roller Shutters - Installation / Repair,Roller Shutters - Installation / Repair,Blinds & Shutters,Shutter Installation,kept_mapped,V2,https://www.ratedpeople.com/sitemap/trades/a,alphabetical_trade_sitemap,2026-09-05,Public A-Z trade and skill sitemap.,London
Rated People,Roof Cleaning,Roof Cleaning,Cleaning Services,General Cleaning,kept_mapped,V2,https://www.ratedpeople.com/sitemap/trades/a,alphabetical_trade_sitemap,2026-09-05,Public A-Z trade and skill sitemap.,London
Rated People,Roof Insulation,Roof Insulation,Insulation Services,Roof Insulation,kept_mapped,V2,https://www.ratedpeople.com/sitemap/trades/a,alphabetical_trade_sitemap,2026-09-05,Public A-Z trade and skill sitemap.,London
Rated People,Roofer,Roofer,Roofing Services,General Roofing,kept_mapped,V1,https://www.ratedpeople.com/sitemap/trades/r,alphabetical_trade_sitemap,2026-08-22,Rated People public trade-and-skill sitemap.,
Rated People,All Roofers,Roofers,Roofing Services,General Roofing,kept_mapped,V2,https://www.ratedpeople.com/sitemap/trades/a,alphabetical_trade_sitemap,2026-09-05,Public A-Z trade and skill sitemap.,London
Rated People,Ross and Cromarty,Ross and Cromarty,Excluded,Ross and Cromarty,excluded,V2,https://www.ratedpeople.com/sitemap/trades/a,alphabetical_trade_sitemap,2026-09-05,Public A-Z trade and skill sitemap.,London
Rated People,Roxburgh- Ettrick and Lauderdale,Roxburgh- Ettrick and Lauderdale,Excluded,Roxburgh- Ettrick and Lauderdale,excluded,V2,https://www.ratedpeople.com/sitemap/trades/a,alphabetical_trade_sitemap,2026-09-05,Public A-Z trade and skill sitemap.,London
Rated People,Rutland,Rutland,Excluded,Rutland,excluded,V2,https://www.ratedpeople.com/sitemap/trades/a,alphabetical_trade_sitemap,2026-09-05,Public A-Z trade and skill sitemap.,London
Rated People,Scaffolding,Scaffolding,Scaffolding Services,Scaffolding,kept_mapped_final,V2,https://www.ratedpeople.com/sitemap/trades/a,alphabetical_trade_sitemap,2026-09-05,Public A-Z trade and skill sitemap.,London
Rated People,Screeding,Screeding,Flooring & Tiling Services,Screeding,kept_mapped_final,V2,https://www.ratedpeople.com/sitemap/trades/a,alphabetical_trade_sitemap,2026-09-05,Public A-Z trade and skill sitemap.,London
Rated People,Security Fencing,Security Fencing,Fencing & Gates,General Fencing,kept_mapped,V2,https://www.ratedpeople.com/sitemap/trades/a,alphabetical_trade_sitemap,2026-09-05,Public A-Z trade and skill sitemap.,London
Rated People,Security Gates & Bollard,Security Gates & Bollard,"Fencing, Gates & Outdoor Structures",Security Gates & Bollard,kept_mapped_final,V2,https://www.ratedpeople.com/sitemap/trades/a,alphabetical_trade_sitemap,2026-09-05,Public A-Z trade and skill sitemap.,London
Rated People,Security Grill,Security Grill,Security & Alarm Services,Security Grill,kept_mapped_final,V2,https://www.ratedpeople.com/sitemap/trades/a,alphabetical_trade_sitemap,2026-09-05,Public A-Z trade and skill sitemap.,London
Rated People,All Security systems / Alarms,Security systems / Alarms,Security & Alarm Services,Security systems / Alarms,kept_mapped_final,V2,https://www.ratedpeople.com/sitemap/trades/a,alphabetical_trade_sitemap,2026-09-05,Public A-Z trade and skill sitemap.,London
Rated People,Septic Tanks - Installation / Emptying / Cleaning,Septic Tanks - Installation / Emptying / Cleaning,Cleaning Services,General Cleaning,kept_mapped,V2,https://www.ratedpeople.com/sitemap/trades/a,alphabetical_trade_sitemap,2026-09-05,Public A-Z trade and skill sitemap.,London
Rated People,Shetland,Shetland,Excluded,Shetland,excluded,V2,https://www.ratedpeople.com/sitemap/trades/a,alphabetical_trade_sitemap,2026-09-05,Public A-Z trade and skill sitemap.,London
Rated People,Shropshire,Shropshire,Excluded,Shropshire,excluded,V2,https://www.ratedpeople.com/sitemap/trades/a,alphabetical_trade_sitemap,2026-09-05,Public A-Z trade and skill sitemap.,London
Rated People,Single / Double Glazing,Single / Double Glazing,Windows & Glazing,Double Glazing,kept_mapped,V2,https://www.ratedpeople.com/sitemap/trades/a,alphabetical_trade_sitemap,2026-09-05,Public A-Z trade and skill sitemap.,London
Rated People,Skirting Board Installation,Skirting Board Installation,"Furniture, Carpentry & Woodwork",Skirting Board Installation,kept_mapped_final,V2,https://www.ratedpeople.com/sitemap/trades/a,alphabetical_trade_sitemap,2026-09-05,Public A-Z trade and skill sitemap.,London
Rated People,Slate & Tiled Roof,Slate & Tiled Roof,Roofing Services,Slate & Tiled Roof,kept_mapped_final,V2,https://www.ratedpeople.com/sitemap/trades/a,alphabetical_trade_sitemap,2026-09-05,Public A-Z trade and skill sitemap.,London
Rated People,Smoke Alarm - Installation,Smoke Alarm - Installation,Security & Alarm Services,Smoke Alarm - Installation,kept_mapped_final,V2,https://www.ratedpeople.com/sitemap/trades/a,alphabetical_trade_sitemap,2026-09-05,Public A-Z trade and skill sitemap.,London
Rated People,Soil Irrigation / Drainage,Soil Irrigation / Drainage,Agricultural & Rural Services,Soil Irrigation / Drainage,kept_mapped_final,V2,https://www.ratedpeople.com/sitemap/trades/a,alphabetical_trade_sitemap,2026-09-05,Public A-Z trade and skill sitemap.,London
Rated People,Solar Panel Cleaning & Repair,Solar Panel Cleaning & Repair,Renewable Energy Services,Solar Panel Repair,kept_mapped,V2,https://www.ratedpeople.com/sitemap/trades/a,alphabetical_trade_sitemap,2026-09-05,Public A-Z trade and skill sitemap.,London
Rated People,Solar Panel Installation,Solar Panel Installation,Renewable Energy Services,Solar Panel Installation,kept_mapped,V2,https://www.ratedpeople.com/sitemap/trades/a,alphabetical_trade_sitemap,2026-09-05,Public A-Z trade and skill sitemap.,London
Rated People,Solid Wood Flooring,Solid Wood Flooring,Flooring,Wood Flooring,kept_mapped,V2,https://www.ratedpeople.com/sitemap/trades/a,alphabetical_trade_sitemap,2026-09-05,Public A-Z trade and skill sitemap.,London
Rated People,Somerset,Somerset,Excluded,Somerset,excluded,V2,https://www.ratedpeople.com/sitemap/trades/a,alphabetical_trade_sitemap,2026-09-05,Public A-Z trade and skill sitemap.,London
Rated People,Sound & Audio Visual Installation,Sound & Audio Visual Installation,"TV, Aerial & Audio Visual Services",Sound & Audio Visual Installation,kept_mapped_final,V2,https://www.ratedpeople.com/sitemap/trades/a,alphabetical_trade_sitemap,2026-09-05,Public A-Z trade and skill sitemap.,London
Rated People,Sound Proofing,Sound Proofing,Roofing Services,General Roofing,kept_mapped,V2,https://www.ratedpeople.com/sitemap/trades/a,alphabetical_trade_sitemap,2026-09-05,Public A-Z trade and skill sitemap.,London
Rated People,South Glamorgan,South Glamorgan,Excluded,South Glamorgan,excluded,V2,https://www.ratedpeople.com/sitemap/trades/a,alphabetical_trade_sitemap,2026-09-05,Public A-Z trade and skill sitemap.,London
Rated People,South Yorkshire,South Yorkshire,Excluded,South Yorkshire,excluded,V2,https://www.ratedpeople.com/sitemap/trades/a,alphabetical_trade_sitemap,2026-09-05,Public A-Z trade and skill sitemap.,London
Rated People,Specialist Removals,Specialist Removals,Removals & Moving,General Removals,kept_mapped,V2,https://www.ratedpeople.com/sitemap/trades/a,alphabetical_trade_sitemap,2026-09-05,Public A-Z trade and skill sitemap.,London
Rated People,Specialist Tradesperson,Specialist Tradesperson,Excluded,Specialist Tradesperson,excluded,V1,https://www.ratedpeople.com/sitemap/trades/s,alphabetical_trade_sitemap,2026-08-22,Rated People public trade-and-skill sitemap.,
Rated People,All Specialist Tradespersons,Specialist Tradespersons,Excluded,Specialist Tradespersons,excluded,V2,https://www.ratedpeople.com/sitemap/trades/a,alphabetical_trade_sitemap,2026-09-05,Public A-Z trade and skill sitemap.,London
Rated People,Sprinkler System,Sprinkler System,Fire & Safety Services,Sprinkler System Services,kept_mapped_final,V2,https://www.ratedpeople.com/sitemap/trades/a,alphabetical_trade_sitemap,2026-09-05,Public A-Z trade and skill sitemap.,London
Rated People,Staffordshire,Staffordshire,Excluded,Staffordshire,excluded,V2,https://www.ratedpeople.com/sitemap/trades/a,alphabetical_trade_sitemap,2026-09-05,Public A-Z trade and skill sitemap.,London
Rated People,Standard Coving,Standard Coving,"Painting, Decorating & Wall Finishes",Coving,kept_mapped_final,V2,https://www.ratedpeople.com/sitemap/trades/a,alphabetical_trade_sitemap,2026-09-05,Public A-Z trade and skill sitemap.,London
Rated People,Steel Fabrication / Structural steelwork,Steel Fabrication / Structural steelwork,Metalwork & Fabrication,Steel Fabrication / Structural steelwork,kept_mapped_final,V2,https://www.ratedpeople.com/sitemap/trades/a,alphabetical_trade_sitemap,2026-09-05,Public A-Z trade and skill sitemap.,London
Rated People,Stirling and Falkirk,Stirling and Falkirk,Excluded,Stirling and Falkirk,excluded,V2,https://www.ratedpeople.com/sitemap/trades/a,alphabetical_trade_sitemap,2026-09-05,Public A-Z trade and skill sitemap.,London
Rated People,Stone / Concrete Paving,Stone / Concrete Paving,Driveways & Paving,Paving,kept_mapped,V2,https://www.ratedpeople.com/sitemap/trades/a,alphabetical_trade_sitemap,2026-09-05,Public A-Z trade and skill sitemap.,London
Rated People,Stonework / Stone Cladding,Stonework / Stone Cladding,Stone & Masonry Services,Stone Cladding,kept_mapped_final,V2,https://www.ratedpeople.com/sitemap/trades/a,alphabetical_trade_sitemap,2026-09-05,Public A-Z trade and skill sitemap.,London
Rated People,Stoneworker / Stonemason,Stoneworker / Stonemason,Stone & Masonry Services,Stonemasonry,kept_mapped_final,V1,https://www.ratedpeople.com/sitemap/trades/s,alphabetical_trade_sitemap,2026-08-22,Rated People public trade-and-skill sitemap.,
Rated People,All Stoneworker / Stonemasons,Stoneworker / Stonemasons,Stone & Masonry Services,Stonemasonry,kept_mapped_final,V2,https://www.ratedpeople.com/sitemap/trades/a,alphabetical_trade_sitemap,2026-09-05,Public A-Z trade and skill sitemap.,London
Rated People,Storage,Storage,Other Services / Unclassified,Storage,kept_unclassified,V2,https://www.ratedpeople.com/sitemap/trades/a,alphabetical_trade_sitemap,2026-09-05,Public A-Z trade and skill sitemap.,London
Rated People,Stored Gas,Stored Gas,"Heating, Boiler & Gas Services",Stored Gas Services,kept_mapped_final,V2,https://www.ratedpeople.com/sitemap/trades/a,alphabetical_trade_sitemap,2026-09-05,Public A-Z trade and skill sitemap.,London
Rated People,Stored Oil,Stored Oil,"Heating, Boiler & Gas Services",Stored Oil Services,kept_mapped_final,V2,https://www.ratedpeople.com/sitemap/trades/a,alphabetical_trade_sitemap,2026-09-05,Public A-Z trade and skill sitemap.,London
Rated People,Stump Grinding,Stump Grinding,Gardening & Landscaping,Stump Grinding,kept_mapped_final,V2,https://www.ratedpeople.com/sitemap/trades/a,alphabetical_trade_sitemap,2026-09-05,Public A-Z trade and skill sitemap.,London
Rated People,Suffolk,Suffolk,Excluded,Suffolk,excluded,V2,https://www.ratedpeople.com/sitemap/trades/a,alphabetical_trade_sitemap,2026-09-05,Public A-Z trade and skill sitemap.,London
Rated People,Surrey,Surrey,Excluded,Surrey,excluded,V2,https://www.ratedpeople.com/sitemap/trades/a,alphabetical_trade_sitemap,2026-09-05,Public A-Z trade and skill sitemap.,London
Rated People,Suspended Ceiling,Suspended Ceiling,Ceiling & Interior Finishes,Suspended Ceilings,kept_mapped,V2,https://www.ratedpeople.com/sitemap/trades/a,alphabetical_trade_sitemap,2026-09-05,Public A-Z trade and skill sitemap.,London
Rated People,Sutherland,Sutherland,Excluded,Sutherland,excluded,V2,https://www.ratedpeople.com/sitemap/trades/a,alphabetical_trade_sitemap,2026-09-05,Public A-Z trade and skill sitemap.,London
Rated People,Swimming Pool Design,Swimming Pool Design,Pool & Hot Tub Services,Swimming Pool Services,kept_mapped,V2,https://www.ratedpeople.com/sitemap/trades/a,alphabetical_trade_sitemap,2026-09-05,Public A-Z trade and skill sitemap.,London
Rated People,Swimming Pool Installation,Swimming Pool Installation,Pool & Hot Tub Services,Swimming Pool Installation,kept_mapped,V2,https://www.ratedpeople.com/sitemap/trades/a,alphabetical_trade_sitemap,2026-09-05,Public A-Z trade and skill sitemap.,London
Rated People,Swimming Pool Maintenance,Swimming Pool Maintenance,Pool & Hot Tub Services,Swimming Pool Services,kept_mapped,V2,https://www.ratedpeople.com/sitemap/trades/a,alphabetical_trade_sitemap,2026-09-05,Public A-Z trade and skill sitemap.,London
Rated People,Swimming Pool Specialist,Swimming Pool Specialist,Pool & Hot Tub Services,Swimming Pool Services,kept_mapped,V1,https://www.ratedpeople.com/sitemap/trades/s,alphabetical_trade_sitemap,2026-08-22,Rated People public trade-and-skill sitemap.,
Rated People,All Swimming Pool Specialists,Swimming Pool Specialists,Pool & Hot Tub Services,Swimming Pool Services,kept_mapped,V2,https://www.ratedpeople.com/sitemap/trades/a,alphabetical_trade_sitemap,2026-09-05,Public A-Z trade and skill sitemap.,London
Rated People,Tarmac Driveway,Tarmac Driveway,"Driveways, Paving & Surfacing",Tarmac Driveway,kept_mapped_final,V2,https://www.ratedpeople.com/sitemap/trades/a,alphabetical_trade_sitemap,2026-09-05,Public A-Z trade and skill sitemap.,London
Rated People,Terms of Use,Terms of Use,Excluded,Terms of Use,excluded,V2,https://www.ratedpeople.com/sitemap/trades/a,alphabetical_trade_sitemap,2026-09-05,Public A-Z trade and skill sitemap.,London
Rated People,Testimonials,Testimonials,Excluded,Testimonials,excluded,V2,https://www.ratedpeople.com/sitemap/trades/a,alphabetical_trade_sitemap,2026-09-05,Public A-Z trade and skill sitemap.,London
Rated People,Thatched Roof,Thatched Roof,Roofing Services,Thatched Roof,kept_mapped_final,V2,https://www.ratedpeople.com/sitemap/trades/a,alphabetical_trade_sitemap,2026-09-05,Public A-Z trade and skill sitemap.,London
Rated People,The Stewartry of Kirkcudbright,The Stewartry of Kirkcudbright,Excluded,The Stewartry of Kirkcudbright,excluded,V2,https://www.ratedpeople.com/sitemap/trades/a,alphabetical_trade_sitemap,2026-09-05,Public A-Z trade and skill sitemap.,London
Rated People,Thermal Insulation,Thermal Insulation,Insulation Services,General Insulation,kept_mapped,V2,https://www.ratedpeople.com/sitemap/trades/a,alphabetical_trade_sitemap,2026-09-05,Public A-Z trade and skill sitemap.,London
Rated People,Tiler,Tiler,Tiling,General Tiling,kept_mapped,V1,https://www.ratedpeople.com/sitemap/trades/t,alphabetical_trade_sitemap,2026-08-22,Rated People public trade-and-skill sitemap.,
Rated People,All Tilers,Tilers,Tiling,General Tiling,kept_mapped,V2,https://www.ratedpeople.com/sitemap/trades/a,alphabetical_trade_sitemap,2026-09-05,Public A-Z trade and skill sitemap.,London
Rated People,"Timber Preservation, Woodworm & Rot","Timber Preservation, Woodworm & Rot","Damp, Waterproofing & Restoration",Timber Preservation,kept_mapped_final,V2,https://www.ratedpeople.com/sitemap/trades/a,alphabetical_trade_sitemap,2026-09-05,Public A-Z trade and skill sitemap.,London
Rated People,Trade advice centre,Trade advice centre,Excluded,Trade advice centre,excluded,V2,https://www.ratedpeople.com/sitemap/trades/a,alphabetical_trade_sitemap,2026-09-05,Public A-Z trade and skill sitemap.,London
Rated People,Tradesperson sign up,Tradesperson sign up,Excluded,Tradesperson sign up,excluded,V2,https://www.ratedpeople.com/sitemap/trades/a,alphabetical_trade_sitemap,2026-09-05,Public A-Z trade and skill sitemap.,London
Rated People,Traditional Craftsperson,Traditional Craftsperson,"Printing, Signage & Art Services",Traditional Craft Services,kept_mapped_final,V1,https://www.ratedpeople.com/sitemap/trades/t,alphabetical_trade_sitemap,2026-08-22,Rated People public trade-and-skill sitemap.,
Rated People,All Traditional Craftspersons,Traditional Craftspersons,Other Services / Unclassified,Traditional Craftspersons,kept_unclassified,V2,https://www.ratedpeople.com/sitemap/trades/a,alphabetical_trade_sitemap,2026-09-05,Public A-Z trade and skill sitemap.,London
Rated People,Tree Felling,Tree Felling,Tree & Grounds Services,Tree Felling,kept_mapped_final,V2,https://www.ratedpeople.com/sitemap/trades/a,alphabetical_trade_sitemap,2026-09-05,Public A-Z trade and skill sitemap.,London
Rated People,Tree Surgeon,Tree Surgeon,Gardening & Landscaping,Tree Surgery,kept_mapped,V1,https://www.ratedpeople.com/sitemap/trades/t,alphabetical_trade_sitemap,2026-08-22,Rated People public trade-and-skill sitemap.,
Rated People,All Tree Surgeons,Tree Surgeons,Tree & Grounds Services,Tree Surgeons,kept_mapped_final,V2,https://www.ratedpeople.com/sitemap/trades/a,alphabetical_trade_sitemap,2026-09-05,Public A-Z trade and skill sitemap.,London
Rated People,Tree Surgery / Consultancy,Tree Surgery / Consultancy,Tree & Grounds Services,Tree Surgery / Consultancy,kept_mapped_final,V2,https://www.ratedpeople.com/sitemap/trades/a,alphabetical_trade_sitemap,2026-09-05,Public A-Z trade and skill sitemap.,London
Rated People,Trends report,Trends report,Excluded,Trends report,excluded,V2,https://www.ratedpeople.com/sitemap/trades/a,alphabetical_trade_sitemap,2026-09-05,Public A-Z trade and skill sitemap.,London
Rated People,Tweeddale,Tweeddale,Excluded,Tweeddale,excluded,V2,https://www.ratedpeople.com/sitemap/trades/a,alphabetical_trade_sitemap,2026-09-05,Public A-Z trade and skill sitemap.,London
Rated People,Tyne & Wear,Tyne & Wear,Excluded,Tyne & Wear,excluded,V2,https://www.ratedpeople.com/sitemap/trades/a,alphabetical_trade_sitemap,2026-09-05,Public A-Z trade and skill sitemap.,London
Rated People,Tyrone,Tyrone,Excluded,Tyrone,excluded,V2,https://www.ratedpeople.com/sitemap/trades/a,alphabetical_trade_sitemap,2026-09-05,Public A-Z trade and skill sitemap.,London
Rated People,Underfloor Insulation,Underfloor Insulation,Insulation Services,General Insulation,kept_mapped,V2,https://www.ratedpeople.com/sitemap/trades/a,alphabetical_trade_sitemap,2026-09-05,Public A-Z trade and skill sitemap.,London
Rated People,Underpinning / Piling / Foundations,Underpinning / Piling / Foundations,Building & Construction,Foundation Work,kept_mapped_final,V2,https://www.ratedpeople.com/sitemap/trades/a,alphabetical_trade_sitemap,2026-09-05,Public A-Z trade and skill sitemap.,London
Rated People,User agreement,User agreement,Excluded,User agreement,excluded,V2,https://www.ratedpeople.com/sitemap/trades/a,alphabetical_trade_sitemap,2026-09-05,Public A-Z trade and skill sitemap.,London
Rated People,Velux / Skylight Window,Velux / Skylight Window,"Doors, Windows & Glazing",Velux / Skylight Window,kept_mapped_final,V2,https://www.ratedpeople.com/sitemap/trades/a,alphabetical_trade_sitemap,2026-09-05,Public A-Z trade and skill sitemap.,London
Rated People,Vinyl Flooring,Vinyl Flooring,Flooring,General Flooring,kept_mapped,V2,https://www.ratedpeople.com/sitemap/trades/a,alphabetical_trade_sitemap,2026-09-05,Public A-Z trade and skill sitemap.,London
Rated People,Wall Murals / Paint Effects,Wall Murals / Paint Effects,Painting & Decorating,General Painting & Decorating,kept_mapped,V2,https://www.ratedpeople.com/sitemap/trades/a,alphabetical_trade_sitemap,2026-09-05,Public A-Z trade and skill sitemap.,London
Rated People,Wall Tiling,Wall Tiling,Tiling,General Tiling,kept_mapped,V2,https://www.ratedpeople.com/sitemap/trades/a,alphabetical_trade_sitemap,2026-09-05,Public A-Z trade and skill sitemap.,London
Rated People,Warwickshire,Warwickshire,Excluded,Warwickshire,excluded,V2,https://www.ratedpeople.com/sitemap/trades/a,alphabetical_trade_sitemap,2026-09-05,Public A-Z trade and skill sitemap.,London
Rated People,Waste Removal,Waste Removal,Waste Services,Waste Removal,kept_mapped,V2,https://www.ratedpeople.com/sitemap/trades/a,alphabetical_trade_sitemap,2026-09-05,Public A-Z trade and skill sitemap.,London
Rated People,Water Tanks and Immersion Heater,Water Tanks and Immersion Heater,"Water Treatment, Tanks & Pumps",Water Tanks and Immersion Heater,kept_mapped_final,V2,https://www.ratedpeople.com/sitemap/trades/a,alphabetical_trade_sitemap,2026-09-05,Public A-Z trade and skill sitemap.,London
Rated People,Water Underfloor Heating,Water Underfloor Heating,"Heating, Boiler & Gas Services",Water Underfloor Heating,kept_mapped_final,V2,https://www.ratedpeople.com/sitemap/trades/a,alphabetical_trade_sitemap,2026-09-05,Public A-Z trade and skill sitemap.,London
Rated People,West Glamorgan,West Glamorgan,Excluded,West Glamorgan,excluded,V2,https://www.ratedpeople.com/sitemap/trades/a,alphabetical_trade_sitemap,2026-09-05,Public A-Z trade and skill sitemap.,London
Rated People,West Lothian,West Lothian,Excluded,West Lothian,excluded,V2,https://www.ratedpeople.com/sitemap/trades/a,alphabetical_trade_sitemap,2026-09-05,Public A-Z trade and skill sitemap.,London
Rated People,West Midlands,West Midlands,Excluded,West Midlands,excluded,V2,https://www.ratedpeople.com/sitemap/trades/a,alphabetical_trade_sitemap,2026-09-05,Public A-Z trade and skill sitemap.,London
Rated People,West Sussex,West Sussex,Excluded,West Sussex,excluded,V2,https://www.ratedpeople.com/sitemap/trades/a,alphabetical_trade_sitemap,2026-09-05,Public A-Z trade and skill sitemap.,London
Rated People,West Yorkshire,West Yorkshire,Excluded,West Yorkshire,excluded,V2,https://www.ratedpeople.com/sitemap/trades/a,alphabetical_trade_sitemap,2026-09-05,Public A-Z trade and skill sitemap.,London
Rated People,Western Isles,Western Isles,Excluded,Western Isles,excluded,V2,https://www.ratedpeople.com/sitemap/trades/a,alphabetical_trade_sitemap,2026-09-05,Public A-Z trade and skill sitemap.,London
Rated People,Wet Room Installation,Wet Room Installation,Bathroom Services,Wet Room Installation,kept_mapped_final,V2,https://www.ratedpeople.com/sitemap/trades/a,alphabetical_trade_sitemap,2026-09-05,Public A-Z trade and skill sitemap.,London
Rated People,Whole Internal Refurbishment,Whole Internal Refurbishment,Building & Construction,Whole Internal Refurbishment,kept_mapped_final,V2,https://www.ratedpeople.com/sitemap/trades/a,alphabetical_trade_sitemap,2026-09-05,Public A-Z trade and skill sitemap.,London
Rated People,Wigtown,Wigtown,Excluded,Wigtown,excluded,V2,https://www.ratedpeople.com/sitemap/trades/a,alphabetical_trade_sitemap,2026-09-05,Public A-Z trade and skill sitemap.,London
Rated People,Wiltshire,Wiltshire,Excluded,Wiltshire,excluded,V2,https://www.ratedpeople.com/sitemap/trades/a,alphabetical_trade_sitemap,2026-09-05,Public A-Z trade and skill sitemap.,London
Rated People,Window Cleaning,Window Cleaning,Cleaning Services,General Cleaning,kept_mapped,V2,https://www.ratedpeople.com/sitemap/trades/a,alphabetical_trade_sitemap,2026-09-05,Public A-Z trade and skill sitemap.,London
Rated People,Window fitter / Conservatory installer,Window fitter / Conservatory installer,Conservatory Services,Conservatory Installation,kept_mapped,V1,https://www.ratedpeople.com/sitemap/trades/w,alphabetical_trade_sitemap,2026-08-22,Rated People public trade-and-skill sitemap.,
Rated People,All Window fitter / Conservatory installers,Window fitter / Conservatory installers,Conservatory Services,Conservatory Installation,kept_mapped,V2,https://www.ratedpeople.com/sitemap/trades/a,alphabetical_trade_sitemap,2026-09-05,Public A-Z trade and skill sitemap.,London
Rated People,Wood Floor Sanding / Staining,Wood Floor Sanding / Staining,Flooring,Wood Flooring,kept_mapped,V2,https://www.ratedpeople.com/sitemap/trades/a,alphabetical_trade_sitemap,2026-09-05,Public A-Z trade and skill sitemap.,London
Rated People,Wooden / Metal / Wire Fences,Wooden / Metal / Wire Fences,Other Services / Unclassified,Wooden / Metal / Wire Fences,kept_unclassified,V2,https://www.ratedpeople.com/sitemap/trades/a,alphabetical_trade_sitemap,2026-09-05,Public A-Z trade and skill sitemap.,London
Rated People,Wooden / Metal Gates,Wooden / Metal Gates,Metalwork & Fabrication,Metal Gates,kept_mapped_final,V2,https://www.ratedpeople.com/sitemap/trades/a,alphabetical_trade_sitemap,2026-09-05,Public A-Z trade and skill sitemap.,London
Rated People,Wooden Casement Window,Wooden Casement Window,"Doors, Windows & Glazing",Wooden Casement Window,kept_mapped_final,V2,https://www.ratedpeople.com/sitemap/trades/a,alphabetical_trade_sitemap,2026-09-05,Public A-Z trade and skill sitemap.,London
Rated People,Wooden Cladding /Fascias/ Soffits,Wooden Cladding /Fascias/ Soffits,Roofing Services,Fascia & Soffit Services,kept_mapped,V2,https://www.ratedpeople.com/sitemap/trades/a,alphabetical_trade_sitemap,2026-09-05,Public A-Z trade and skill sitemap.,London
Rated People,Wooden Decking,Wooden Decking,Decking Services,Wooden Decking,kept_mapped_final,V2,https://www.ratedpeople.com/sitemap/trades/a,alphabetical_trade_sitemap,2026-09-05,Public A-Z trade and skill sitemap.,London
Rated People,Wooden Doors - External,Wooden Doors - External,"Doors, Windows & Glazing",Wooden Doors - External,kept_mapped_final,V2,https://www.ratedpeople.com/sitemap/trades/a,alphabetical_trade_sitemap,2026-09-05,Public A-Z trade and skill sitemap.,London
Rated People,Wooden Doors - Internal,Wooden Doors - Internal,"Doors, Windows & Glazing",Wooden Doors - Internal,kept_mapped_final,V2,https://www.ratedpeople.com/sitemap/trades/a,alphabetical_trade_sitemap,2026-09-05,Public A-Z trade and skill sitemap.,London
Rated People,Wooden Sash Window,Wooden Sash Window,"Doors, Windows & Glazing",Wooden Sash Window,kept_mapped_final,V2,https://www.ratedpeople.com/sitemap/trades/a,alphabetical_trade_sitemap,2026-09-05,Public A-Z trade and skill sitemap.,London
Rated People,Wooden Shutter,Wooden Shutter,Blinds & Shutters,General Blinds & Shutters,kept_mapped,V2,https://www.ratedpeople.com/sitemap/trades/a,alphabetical_trade_sitemap,2026-09-05,Public A-Z trade and skill sitemap.,London
Rated People,Wooden Staircases,Wooden Staircases,Carpentry & Joinery,Staircase Services,kept_mapped,V2,https://www.ratedpeople.com/sitemap/trades/a,alphabetical_trade_sitemap,2026-09-05,Public A-Z trade and skill sitemap.,London
Rated People,Worcestershire,Worcestershire,Excluded,Worcestershire,excluded,V2,https://www.ratedpeople.com/sitemap/trades/a,alphabetical_trade_sitemap,2026-09-05,Public A-Z trade and skill sitemap.,London
Rated People,Zinc / Metal Roof,Zinc / Metal Roof,Roofing Services,Zinc / Metal Roof,kept_mapped_final,V2,https://www.ratedpeople.com/sitemap/trades/a,alphabetical_trade_sitemap,2026-09-05,Public A-Z trade and skill sitemap.,London
Rated People,uPVC Fascias / Soffits / Cladding,uPVC Fascias / Soffits / Cladding,Roofing Services,Fascia & Soffit Services,kept_mapped,V2,https://www.ratedpeople.com/sitemap/trades/a,alphabetical_trade_sitemap,2026-09-05,Public A-Z trade and skill sitemap.,London
Rated People,uPVC Windows & Door,uPVC Windows & Door,"Doors, Windows & Glazing",Windows & Doors,kept_mapped_final,V2,https://www.ratedpeople.com/sitemap/trades/a,alphabetical_trade_sitemap,2026-09-05,Public A-Z trade and skill sitemap.,London
Treatwell,Body exfoliation,Body exfoliation,Beauty & Personal Care,Body Exfoliation,kept_mapped_final,V2,https://www.treatwell.co.uk/,treatment_taxonomy,2026-09-05,Public treatment-category links from UK marketplace.,London
Treatwell,Fade buzz,Fade buzz,Hair & Barber Services,Fade / Buzz Cuts,kept_mapped_final,V2,https://www.treatwell.co.uk/,treatment_taxonomy,2026-09-05,Public treatment-category links from UK marketplace.,London
Treatwell,Glasgow Area,Glasgow Area,Excluded,Glasgow Area,excluded,V1,https://www.treatwell.co.uk/,public_treatment_taxonomy,2026-08-22,Treatwell public treatment-family and treatment-menu links.,
Treatwell,Greater Manchester,Greater Manchester,Excluded,Greater Manchester,excluded,V1,https://www.treatwell.co.uk/,public_treatment_taxonomy,2026-08-22,Treatwell public treatment-family and treatment-menu links.,
Treatwell,Hairdressers,Hairdressers,Hair & Barber Services,Hairdressing,kept_mapped,V2,https://www.treatwell.co.uk/,treatment_taxonomy,2026-09-05,Public treatment-category links from UK marketplace.,London
Treatwell,Heart layers,Heart layers,Other Services / Unclassified,Heart layers,kept_unclassified,V2,https://www.treatwell.co.uk/,treatment_taxonomy,2026-09-05,Public treatment-category links from UK marketplace.,London
Treatwell,Hydrating Facial,Hydrating Facial,Beauty & Skincare,Facials,kept_mapped,V2,https://www.treatwell.co.uk/,treatment_taxonomy,2026-09-05,Public treatment-category links from UK marketplace.,London
Treatwell,Jelly pedi,Jelly pedi,Beauty & Personal Care,Jelly Pedicure,kept_mapped_final,V2,https://www.treatwell.co.uk/,treatment_taxonomy,2026-09-05,Public treatment-category links from UK marketplace.,London
Treatwell,Lived-in blonde,Lived-in blonde,Beauty & Personal Care,Lived-In Blonde Colouring,kept_mapped_final,V2,https://www.treatwell.co.uk/,treatment_taxonomy,2026-09-05,Public treatment-category links from UK marketplace.,London
Treatwell,Lothians,Lothians,Excluded,Lothians,excluded,V1,https://www.treatwell.co.uk/,public_treatment_taxonomy,2026-08-22,Treatwell public treatment-family and treatment-menu links.,
Treatwell,Men's,Men's,Other Services / Unclassified,Men's,kept_unclassified,V2,https://www.treatwell.co.uk/,treatment_taxonomy,2026-09-05,Public treatment-category links from UK marketplace.,London
Treatwell,Nail Salons,Nail Salons,Nail Services,General Nail Services,kept_mapped,V2,https://www.treatwell.co.uk/,treatment_taxonomy,2026-09-05,Public treatment-category links from UK marketplace.,London
Treatwell,North West,North West,Excluded,North West,excluded,V1,https://www.treatwell.co.uk/,public_treatment_taxonomy,2026-08-22,Treatwell public treatment-family and treatment-menu links.,
Treatwell,Strathclyde,Strathclyde,Excluded,Strathclyde,excluded,V1,https://www.treatwell.co.uk/,public_treatment_taxonomy,2026-08-22,Treatwell public treatment-family and treatment-menu links.,
Treatwell,Stripey nails,Stripey nails,Beauty & Personal Care,Nail Art,kept_mapped_final,V2,https://www.treatwell.co.uk/,treatment_taxonomy,2026-09-05,Public treatment-category links from UK marketplace.,London
Treatwell,United Kingdom,United Kingdom,Excluded,United Kingdom,excluded,V1,https://www.treatwell.co.uk/,public_treatment_taxonomy,2026-08-22,Treatwell public treatment-family and treatment-menu links.,
Yell,Accountants,Accountants,Accounting & Finance Services,Accounting,kept_mapped_final,V1,https://www.yell.com/,public_category_taxonomy,2026-08-22,Public Yell category labels available from its pages. Not claimed to represent Yell's complete internal classification.,
Yell,Architects,Architects,"Architecture, Surveying & Planning",Architectural Services,kept_mapped_final,V1,https://www.yell.com/,public_category_taxonomy,2026-08-22,Public Yell category labels available from its pages. Not claimed to represent Yell's complete internal classification.,
Yell,Barbers,Barbers,Hair & Barber Services,General Barbering,kept_mapped_final,V1,https://www.yell.com/,public_category_taxonomy,2026-08-22,Public Yell category labels available from its pages. Not claimed to represent Yell's complete internal classification.,
Yell,Beauty salons,Beauty salons,Beauty & Personal Care,Beauty Salon Services,kept_mapped_final,V1,https://www.yell.com/,public_category_taxonomy,2026-08-22,Public Yell category labels available from its pages. Not claimed to represent Yell's complete internal classification.,
Yell,Body massage,Body massage,Massage Services,General Massage,kept_mapped,V1,https://www.yell.com/,public_category_taxonomy,2026-08-22,Public Yell category labels available from its pages. Not claimed to represent Yell's complete internal classification.,
Yell,Builders,Builders,Building & Construction,General Building,kept_mapped,V1,https://www.yell.com/,public_category_taxonomy,2026-08-22,Public Yell category labels available from its pages. Not claimed to represent Yell's complete internal classification.,
Yell,Building surveyors,Building surveyors,Building & Construction,Building surveyors,kept_mapped_final,V1,https://www.yell.com/,public_category_taxonomy,2026-08-22,Public Yell category labels available from its pages. Not claimed to represent Yell's complete internal classification.,
Yell,Cafes & Coffee Shops,Cafes & Coffee Shops,"Food, Baking & Personal Chef Services",Cafes & Coffee Shops,kept_mapped_final,V1,https://www.yell.com/,public_category_taxonomy,2026-08-22,Public Yell category labels available from its pages. Not claimed to represent Yell's complete internal classification.,
Yell,Car Body Repairs,Car Body Repairs,Vehicle Services,Car Body Repair,kept_mapped,V1,https://www.yell.com/,public_category_taxonomy,2026-08-22,Public Yell category labels available from its pages. Not claimed to represent Yell's complete internal classification.,
Yell,Carpenters & Joiners,Carpenters & Joiners,Carpentry & Joinery,General Carpentry & Joinery,kept_mapped,V1,https://www.yell.com/,public_category_taxonomy,2026-08-22,Public Yell category labels available from its pages. Not claimed to represent Yell's complete internal classification.,
Yell,Charity Shops,Charity Shops,Excluded,Charity Shops,excluded,V1,https://www.yell.com/,public_category_taxonomy,2026-08-22,Public Yell category labels available from its pages. Not claimed to represent Yell's complete internal classification.,
Yell,Chinese Takeaways,Chinese Takeaways,Other Services / Unclassified,Chinese Takeaways,kept_unclassified,V1,https://www.yell.com/,public_category_taxonomy,2026-08-22,Public Yell category labels available from its pages. Not claimed to represent Yell's complete internal classification.,
Yell,Chiropodists and podiatrists,Chiropodists and podiatrists,Other Services / Unclassified,Chiropodists and podiatrists,kept_unclassified,V1,https://www.yell.com/,public_category_taxonomy,2026-08-22,Public Yell category labels available from its pages. Not claimed to represent Yell's complete internal classification.,
Yell,Day Nurseries,Day Nurseries,Childcare & Care Services,Day Nursery,kept_mapped_final,V1,https://www.yell.com/,public_category_taxonomy,2026-08-22,Public Yell category labels available from its pages. Not claimed to represent Yell's complete internal classification.,
Yell,Dentists,Dentists,"Health, Therapy & Wellness",Dentistry,kept_mapped_final,V1,https://www.yell.com/,public_category_taxonomy,2026-08-22,Public Yell category labels available from its pages. Not claimed to represent Yell's complete internal classification.,
Yell,Discover,Discover,Excluded,Discover,excluded,V1,https://www.yell.com/,public_category_taxonomy,2026-08-22,Public Yell category labels available from its pages. Not claimed to represent Yell's complete internal classification.,
Yell,Doctors (medical Practitioners),Doctors (medical Practitioners),"Health, Therapy & Wellness",Doctors (medical Practitioners),kept_mapped_final,V1,https://www.yell.com/,public_category_taxonomy,2026-08-22,Public Yell category labels available from its pages. Not claimed to represent Yell's complete internal classification.,
Yell,Dog Boarding,Dog Boarding,Pet & Animal Services,Dog Boarding,kept_mapped_final,V1,https://www.yell.com/,public_category_taxonomy,2026-08-22,Public Yell category labels available from its pages. Not claimed to represent Yell's complete internal classification.,
Yell,Domestic cleaners,Domestic cleaners,Cleaning Services,Domestic Cleaning,kept_mapped,V1,https://www.yell.com/,public_category_taxonomy,2026-08-22,Public Yell category labels available from its pages. Not claimed to represent Yell's complete internal classification.,
Yell,Driving instructors,Driving instructors,Tutoring & Lessons,Driving Lessons,kept_mapped_final,V1,https://www.yell.com/,public_category_taxonomy,2026-08-22,Public Yell category labels available from its pages. Not claimed to represent Yell's complete internal classification.,
Yell,Dry Cleaners,Dry Cleaners,Cleaning Services,General Cleaning,kept_mapped,V1,https://www.yell.com/,public_category_taxonomy,2026-08-22,Public Yell category labels available from its pages. Not claimed to represent Yell's complete internal classification.,
Yell,Electricians,Electricians,Electrical Services,General Electrical Services,kept_mapped,V1,https://www.yell.com/,public_category_taxonomy,2026-08-22,Public Yell category labels available from its pages. Not claimed to represent Yell's complete internal classification.,
Yell,Estate agents,Estate agents,Commercial & Business Property Services,Estate Agency,kept_mapped_final,V1,https://www.yell.com/,public_category_taxonomy,2026-08-22,Public Yell category labels available from its pages. Not claimed to represent Yell's complete internal classification.,
Yell,Farmers,Farmers,Other Services / Unclassified,Farmers,kept_unclassified,V1,https://www.yell.com/,public_category_taxonomy,2026-08-22,Public Yell category labels available from its pages. Not claimed to represent Yell's complete internal classification.,
Yell,Fencing contractors,Fencing contractors,Fencing & Gates,General Fencing,kept_mapped,V1,https://www.yell.com/,public_category_taxonomy,2026-08-22,Public Yell category labels available from its pages. Not claimed to represent Yell's complete internal classification.,
Yell,Financial advisers,Financial advisers,Accounting & Finance Services,Financial Advice,kept_mapped_final,V1,https://www.yell.com/,public_category_taxonomy,2026-08-22,Public Yell category labels available from its pages. Not claimed to represent Yell's complete internal classification.,
Yell,Florists,Florists,Other Services / Unclassified,Florists,kept_unclassified,V1,https://www.yell.com/,public_category_taxonomy,2026-08-22,Public Yell category labels available from its pages. Not claimed to represent Yell's complete internal classification.,
Yell,Furniture Shops,Furniture Shops,"Furniture, Carpentry & Woodwork",Furniture Shops,kept_mapped_final,V1,https://www.yell.com/,public_category_taxonomy,2026-08-22,Public Yell category labels available from its pages. Not claimed to represent Yell's complete internal classification.,
Yell,Garage services,Garage services,Vehicle Services,Garage Services,kept_mapped_final,V1,https://www.yell.com/,public_category_taxonomy,2026-08-22,Public Yell category labels available from its pages. Not claimed to represent Yell's complete internal classification.,
Yell,Gardeners,Gardeners,Gardening & Landscaping,General Gardening,kept_mapped,V1,https://www.yell.com/,public_category_taxonomy,2026-08-22,Public Yell category labels available from its pages. Not claimed to represent Yell's complete internal classification.,
Yell,Gas Engineers,Gas Engineers,"Heating, Boiler & Gas Services",Gas Engineering,kept_mapped_final,V1,https://www.yell.com/,public_category_taxonomy,2026-08-22,Public Yell category labels available from its pages. Not claimed to represent Yell's complete internal classification.,
Yell,Hairdressers,Hairdressers,Hair & Barber Services,Hairdressing,kept_mapped,V1,https://www.yell.com/,public_category_taxonomy,2026-08-22,Public Yell category labels available from its pages. Not claimed to represent Yell's complete internal classification.,
Yell,Handyman services,Handyman services,"Handyman, Assembly & Mounting",General Handyman,kept_mapped_final,V1,https://www.yell.com/,public_category_taxonomy,2026-08-22,Public Yell category labels available from its pages. Not claimed to represent Yell's complete internal classification.,
Yell,Hotels,Hotels,Commercial & Business Property Services,Hotel Services,kept_mapped_final,V1,https://www.yell.com/,public_category_taxonomy,2026-08-22,Public Yell category labels available from its pages. Not claimed to represent Yell's complete internal classification.,
Yell,Indian Restaurants,Indian Restaurants,Other Services / Unclassified,Indian Restaurants,kept_unclassified,V1,https://www.yell.com/,public_category_taxonomy,2026-08-22,Public Yell category labels available from its pages. Not claimed to represent Yell's complete internal classification.,
Yell,Locksmiths,Locksmiths,"Locksmith, Keys & Safes",Locksmith Services,kept_mapped_final,V1,https://www.yell.com/,public_category_taxonomy,2026-08-22,Public Yell category labels available from its pages. Not claimed to represent Yell's complete internal classification.,
Yell,Mobile Hairdressers,Mobile Hairdressers,Hair & Barber Services,Hairdressing,kept_mapped,V1,https://www.yell.com/,public_category_taxonomy,2026-08-22,Public Yell category labels available from its pages. Not claimed to represent Yell's complete internal classification.,
Yell,Mobile car valeting,Mobile car valeting,Vehicle Services,Car Valeting,kept_mapped,V1,https://www.yell.com/,public_category_taxonomy,2026-08-22,Public Yell category labels available from its pages. Not claimed to represent Yell's complete internal classification.,
Yell,Mobile mechanics,Mobile mechanics,Other Services / Unclassified,Mobile mechanics,kept_unclassified,V1,https://www.yell.com/,public_category_taxonomy,2026-08-22,Public Yell category labels available from its pages. Not claimed to represent Yell's complete internal classification.,
Yell,Mortgages,Mortgages,Accounting & Finance Services,Mortgage Services,kept_mapped_final,V1,https://www.yell.com/,public_category_taxonomy,2026-08-22,Public Yell category labels available from its pages. Not claimed to represent Yell's complete internal classification.,
Yell,Mot Testing,Mot Testing,Vehicle Services,MOT Testing,kept_mapped_final,V1,https://www.yell.com/,public_category_taxonomy,2026-08-22,Public Yell category labels available from its pages. Not claimed to represent Yell's complete internal classification.,
Yell,Newsagents,Newsagents,Excluded,Newsagents,excluded,V1,https://www.yell.com/,public_category_taxonomy,2026-08-22,Public Yell category labels available from its pages. Not claimed to represent Yell's complete internal classification.,
Yell,Painters & Decorators,Painters & Decorators,Painting & Decorating,General Painting & Decorating,kept_mapped,V1,https://www.yell.com/,public_category_taxonomy,2026-08-22,Public Yell category labels available from its pages. Not claimed to represent Yell's complete internal classification.,
Yell,Painters and decorators,Painters and decorators,Painting & Decorating,General Painting & Decorating,kept_mapped,V1,https://www.yell.com/,public_category_taxonomy,2026-08-22,Public Yell category labels available from its pages. Not claimed to represent Yell's complete internal classification.,
Yell,Pet grooming,Pet grooming,Pet Services,Pet Grooming,kept_mapped,V1,https://www.yell.com/,public_category_taxonomy,2026-08-22,Public Yell category labels available from its pages. Not claimed to represent Yell's complete internal classification.,
Yell,Pharmacies,Pharmacies,"Health, Therapy & Wellness",Pharmacy Services,kept_mapped_final,V1,https://www.yell.com/,public_category_taxonomy,2026-08-22,Public Yell category labels available from its pages. Not claimed to represent Yell's complete internal classification.,
Yell,Plumbers,Plumbers,Plumbing Services,General Plumbing,kept_mapped,V1,https://www.yell.com/,public_category_taxonomy,2026-08-22,Public Yell category labels available from its pages. Not claimed to represent Yell's complete internal classification.,
Yell,Popular Locations,Popular Locations,Excluded,Popular Locations,excluded,V1,https://www.yell.com/,public_category_taxonomy,2026-08-22,Public Yell category labels available from its pages. Not claimed to represent Yell's complete internal classification.,
Yell,Pubs,Pubs,Other Services / Unclassified,Pubs,kept_unclassified,V1,https://www.yell.com/,public_category_taxonomy,2026-08-22,Public Yell category labels available from its pages. Not claimed to represent Yell's complete internal classification.,
Yell,Roofers,Roofers,Roofing Services,General Roofing,kept_mapped,V1,https://www.yell.com/,public_category_taxonomy,2026-08-22,Public Yell category labels available from its pages. Not claimed to represent Yell's complete internal classification.,
Yell,Skip Hire,Skip Hire,Waste Services,Skip Hire,kept_mapped,V1,https://www.yell.com/,public_category_taxonomy,2026-08-22,Public Yell category labels available from its pages. Not claimed to represent Yell's complete internal classification.,
Yell,Solicitors,Solicitors,Legal Services,Solicitor Services,kept_mapped_final,V1,https://www.yell.com/,public_category_taxonomy,2026-08-22,Public Yell category labels available from its pages. Not claimed to represent Yell's complete internal classification.,
Yell,Supermarkets,Supermarkets,Excluded,Supermarkets,excluded,V1,https://www.yell.com/,public_category_taxonomy,2026-08-22,Public Yell category labels available from its pages. Not claimed to represent Yell's complete internal classification.,
Yell,Takeaway Food,Takeaway Food,"Food, Baking & Personal Chef Services",Takeaway Food Services,kept_mapped_final,V1,https://www.yell.com/,public_category_taxonomy,2026-08-22,Public Yell category labels available from its pages. Not claimed to represent Yell's complete internal classification.,
Yell,Taxis & Private Hire Vehicles,Taxis & Private Hire Vehicles,"Removals, Delivery & Courier Services",Taxis & Private Hire Vehicles,kept_mapped_final,V1,https://www.yell.com/,public_category_taxonomy,2026-08-22,Public Yell category labels available from its pages. Not claimed to represent Yell's complete internal classification.,
Yell,Taxis and private hire vehicles,Taxis and private hire vehicles,"Removals, Delivery & Courier Services",Taxis and private hire vehicles,kept_mapped_final,V1,https://www.yell.com/,public_category_taxonomy,2026-08-22,Public Yell category labels available from its pages. Not claimed to represent Yell's complete internal classification.,
Yell,Tyres,Tyres,Vehicle Services,Tyre Services,kept_mapped_final,V1,https://www.yell.com/,public_category_taxonomy,2026-08-22,Public Yell category labels available from its pages. Not claimed to represent Yell's complete internal classification.,
Yell,Vets,Vets,Pet & Animal Services,Veterinary Services,kept_mapped_final,V1,https://www.yell.com/,public_category_taxonomy,2026-08-22,Public Yell category labels available from its pages. Not claimed to represent Yell's complete internal classification.,
Yell,Washing machine repairs,Washing machine repairs,Appliance & Equipment Services,Washing machine repairs,kept_mapped_final,V1,https://www.yell.com/,public_category_taxonomy,2026-08-22,Public Yell category labels available from its pages. Not claimed to represent Yell's complete internal classification.,
Yell,Window cleaners,Window cleaners,Cleaning Services,General Cleaning,kept_mapped,V1,https://www.yell.com/,public_category_taxonomy,2026-08-22,Public Yell category labels available from its pages. Not claimed to represent Yell's complete internal classification.,
